ISO-10303-21;
HEADER;
/* Generated by software containing ST-Developer
 * from STEP Tools, Inc. (www.steptools.com) 
 */
/* OPTION: using custom renumber hook */

FILE_DESCRIPTION(
/* description */ (
  'STEP AP242 Edition 2',
  'License: MIT License, (c) 2025 Allan Juhl Kristensen',
  'CAx-IF Rec.Pracs.---Representation and Presentation of Product Manufacturing Information (PMI)---4.0---2014-10-13',
  'CAx-IF Rec.Pracs.---3D Tessellated Geometry---0.4---2014-09-14',
  'CAx-IF Rec.Pracs.---User Defined Attributes---1.5---2016-08-15'
),
/* implementation_level */ '2;1');

FILE_NAME(
/* name */ 'Mounting_bracket',
/* time_stamp */ '2025-11-30T14:25:17Z',
/* author */ ('Allan Juhl Kristensen'),
/* organization */ (''),
/* preprocessor_version */ 'ST-DEVELOPER v20',
/* originating_system */ 'ONSHAPE BY PTC INC, 1.207',
/* authorisation */ 'Open-source release under MIT License');

FILE_SCHEMA (('AP242_MANAGED_MODEL_BASED_3D_ENGINEERING_MIM_LF { 1 0 10303 442 3 1 4 }'));
ENDSEC;

DATA;
#10=SHAPE_REPRESENTATION_RELATIONSHIP('','',#6578,#12);
#11=SHAPE_REPRESENTATION_RELATIONSHIP('','',#6579,#13);
#12=ADVANCED_BREP_SHAPE_REPRESENTATION('',(#6574),#12743);
#13=ADVANCED_BREP_SHAPE_REPRESENTATION('',(#6575),#12744);
#14=(
BOUNDED_SURFACE()
B_SPLINE_SURFACE(3,2,((#10200,#10201,#10202),(#10203,#10204,#10205),(#10206,
#10207,#10208),(#10209,#10210,#10211)),.UNSPECIFIED.,.F.,.F.,.F.)
B_SPLINE_SURFACE_WITH_KNOTS((4,4),(3,3),(0.00476888903505223,0.00632190277132975),
(0.,1.),.PIECEWISE_BEZIER_KNOTS.)
GEOMETRIC_REPRESENTATION_ITEM()
RATIONAL_B_SPLINE_SURFACE(((1.,0.383582753245419,1.),(1.,0.377075404012274,
1.),(1.,0.411796732049392,1.),(1.,0.442201917702541,1.)))
REPRESENTATION_ITEM('')
SURFACE()
);
#15=(
BOUNDED_SURFACE()
B_SPLINE_SURFACE(3,2,((#10216,#10217,#10218),(#10219,#10220,#10221),(#10222,
#10223,#10224),(#10225,#10226,#10227)),.UNSPECIFIED.,.F.,.F.,.F.)
B_SPLINE_SURFACE_WITH_KNOTS((4,4),(3,3),(0.0195573540592622,0.0211140631891678),
(0.,1.),.PIECEWISE_BEZIER_KNOTS.)
GEOMETRIC_REPRESENTATION_ITEM()
RATIONAL_B_SPLINE_SURFACE(((1.,0.442193849147243,1.),(1.,0.41193538564977,
1.),(1.,0.377137793107021,1.),(1.,0.383571972705082,1.)))
REPRESENTATION_ITEM('')
SURFACE()
);
#16=(
BOUNDED_SURFACE()
B_SPLINE_SURFACE(3,2,((#10261,#10262,#10263),(#10264,#10265,#10266),(#10267,
#10268,#10269),(#10270,#10271,#10272)),.UNSPECIFIED.,.F.,.F.,.F.)
B_SPLINE_SURFACE_WITH_KNOTS((4,4),(3,3),(0.00476869523306206,0.00632170897959727),
(0.,1.),.PIECEWISE_BEZIER_KNOTS.)
GEOMETRIC_REPRESENTATION_ITEM()
RATIONAL_B_SPLINE_SURFACE(((1.,0.383582753245419,1.),(1.,0.377075417630075,
1.),(1.,0.411796690635053,1.),(1.,0.442201917702541,1.)))
REPRESENTATION_ITEM('')
SURFACE()
);
#17=(
BOUNDED_SURFACE()
B_SPLINE_SURFACE(3,2,((#10274,#10275,#10276),(#10277,#10278,#10279),(#10280,
#10281,#10282),(#10283,#10284,#10285)),.UNSPECIFIED.,.F.,.F.,.F.)
B_SPLINE_SURFACE_WITH_KNOTS((4,4),(3,3),(0.01949189803741,0.0210495858900185),
(0.,1.),.PIECEWISE_BEZIER_KNOTS.)
GEOMETRIC_REPRESENTATION_ITEM()
RATIONAL_B_SPLINE_SURFACE(((1.,0.442201917702493,1.),(1.,0.411923818399917,
1.),(1.,0.377106221425564,1.),(1.,0.383582753245419,1.)))
REPRESENTATION_ITEM('')
SURFACE()
);
#18=(
BOUNDED_SURFACE()
B_SPLINE_SURFACE(3,2,((#10290,#10291,#10292),(#10293,#10294,#10295),(#10296,
#10297,#10298),(#10299,#10300,#10301)),.UNSPECIFIED.,.F.,.F.,.F.)
B_SPLINE_SURFACE_WITH_KNOTS((4,4),(3,3),(0.00477321998598317,0.00632527247310433),
(0.,1.),.PIECEWISE_BEZIER_KNOTS.)
GEOMETRIC_REPRESENTATION_ITEM()
RATIONAL_B_SPLINE_SURFACE(((1.,0.383571972705082,1.),(1.,0.377106685725548,
1.),(1.,0.411808411512297,1.),(1.,0.442193849147293,1.)))
REPRESENTATION_ITEM('')
SURFACE()
);
#19=(
BOUNDED_SURFACE()
B_SPLINE_SURFACE(3,2,((#10303,#10304,#10305),(#10306,#10307,#10308),(#10309,
#10310,#10311),(#10312,#10313,#10314)),.UNSPECIFIED.,.F.,.F.,.F.)
B_SPLINE_SURFACE_WITH_KNOTS((4,4),(3,3),(0.00477321998598315,0.00632527247310432),
(0.,1.),.PIECEWISE_BEZIER_KNOTS.)
GEOMETRIC_REPRESENTATION_ITEM()
RATIONAL_B_SPLINE_SURFACE(((1.,0.383571972705085,1.),(1.,0.377106685723856,
1.),(1.,0.411808411515396,1.),(1.,0.442193849147293,1.)))
REPRESENTATION_ITEM('')
SURFACE()
);
#20=(
BOUNDED_SURFACE()
B_SPLINE_SURFACE(3,2,((#10417,#10418,#10419),(#10420,#10421,#10422),(#10423,
#10424,#10425),(#10426,#10427,#10428)),.UNSPECIFIED.,.F.,.F.,.F.)
B_SPLINE_SURFACE_WITH_KNOTS((4,4),(3,3),(0.00476888903505221,0.00632190277132973),
(0.,1.),.PIECEWISE_BEZIER_KNOTS.)
GEOMETRIC_REPRESENTATION_ITEM()
RATIONAL_B_SPLINE_SURFACE(((1.,0.383582753245419,1.),(1.,0.377075404012274,
1.),(1.,0.411796732085973,1.),(1.,0.442201917702494,1.)))
REPRESENTATION_ITEM('')
SURFACE()
);
#21=(
BOUNDED_SURFACE()
B_SPLINE_SURFACE(3,2,((#10451,#10452,#10453),(#10454,#10455,#10456),(#10457,
#10458,#10459),(#10460,#10461,#10462)),.UNSPECIFIED.,.F.,.F.,.F.)
B_SPLINE_SURFACE_WITH_KNOTS((4,4),(3,3),(0.0195573540592623,0.0211140631891678),
(0.,1.),.PIECEWISE_BEZIER_KNOTS.)
GEOMETRIC_REPRESENTATION_ITEM()
RATIONAL_B_SPLINE_SURFACE(((1.,0.442193849147244,1.),(1.,0.411935385649154,
1.),(1.,0.377137793107065,1.),(1.,0.383571972705082,1.)))
REPRESENTATION_ITEM('')
SURFACE()
);
#22=(
BOUNDED_SURFACE()
B_SPLINE_SURFACE(3,2,((#10491,#10492,#10493),(#10494,#10495,#10496),(#10497,
#10498,#10499),(#10500,#10501,#10502)),.UNSPECIFIED.,.F.,.F.,.F.)
B_SPLINE_SURFACE_WITH_KNOTS((4,4),(3,3),(0.00476888903505225,0.00632190277132979),
(0.,1.),.PIECEWISE_BEZIER_KNOTS.)
GEOMETRIC_REPRESENTATION_ITEM()
RATIONAL_B_SPLINE_SURFACE(((1.,0.383582753245419,1.),(1.,0.377075404012448,
1.),(1.,0.411796732049508,1.),(1.,0.442201917702541,1.)))
REPRESENTATION_ITEM('')
SURFACE()
);
#23=(
BOUNDED_SURFACE()
B_SPLINE_SURFACE(3,2,((#10507,#10508,#10509),(#10510,#10511,#10512),(#10513,
#10514,#10515),(#10516,#10517,#10518)),.UNSPECIFIED.,.F.,.F.,.F.)
B_SPLINE_SURFACE_WITH_KNOTS((4,4),(3,3),(0.00475934217585948,0.00631139552394676),
(0.,1.),.PIECEWISE_BEZIER_KNOTS.)
GEOMETRIC_REPRESENTATION_ITEM()
RATIONAL_B_SPLINE_SURFACE(((1.,0.383571972705085,1.),(1.,0.377107655545279,
1.),(1.,0.41180544156078,1.),(1.,0.442193849147287,1.)))
REPRESENTATION_ITEM('')
SURFACE()
);
#24=(
BOUNDED_SURFACE()
B_SPLINE_SURFACE(3,2,((#10630,#10631,#10632),(#10633,#10634,#10635),(#10636,
#10637,#10638),(#10639,#10640,#10641)),.UNSPECIFIED.,.F.,.F.,.F.)
B_SPLINE_SURFACE_WITH_KNOTS((4,4),(3,3),(0.0194918980374102,0.0210495858900187),
(0.,1.),.PIECEWISE_BEZIER_KNOTS.)
GEOMETRIC_REPRESENTATION_ITEM()
RATIONAL_B_SPLINE_SURFACE(((1.,0.442201917702493,1.),(1.,0.411923818400261,
1.),(1.,0.377106221425463,1.),(1.,0.38358275324542,1.)))
REPRESENTATION_ITEM('')
SURFACE()
);
#25=(
BOUNDED_SURFACE()
B_SPLINE_SURFACE(3,2,((#10660,#10661,#10662),(#10663,#10664,#10665),(#10666,
#10667,#10668),(#10669,#10670,#10671)),.UNSPECIFIED.,.F.,.F.,.F.)
B_SPLINE_SURFACE_WITH_KNOTS((4,4),(3,3),(0.00477321998598243,0.00632527247310432),
(0.,1.),.PIECEWISE_BEZIER_KNOTS.)
GEOMETRIC_REPRESENTATION_ITEM()
RATIONAL_B_SPLINE_SURFACE(((1.,0.383571972705082,1.),(1.,0.37710668573269,
1.),(1.,0.411808411512442,1.),(1.,0.442193849147293,1.)))
REPRESENTATION_ITEM('')
SURFACE()
);
#26=SPHERICAL_SURFACE('',#6706,0.0002);
#27=SPHERICAL_SURFACE('',#6709,0.0002);
#28=SPHERICAL_SURFACE('',#6723,0.0002);
#29=SPHERICAL_SURFACE('',#6725,0.0002);
#30=SPHERICAL_SURFACE('',#6743,0.0002);
#31=SPHERICAL_SURFACE('',#6745,0.0002);
#32=SPHERICAL_SURFACE('',#6747,0.0002);
#33=SPHERICAL_SURFACE('',#6749,0.0002);
#34=SPHERICAL_SURFACE('',#6761,0.0002);
#35=SPHERICAL_SURFACE('',#6763,0.0002);
#36=SPHERICAL_SURFACE('',#6765,0.0002);
#37=SPHERICAL_SURFACE('',#6767,0.0002);
#38=SPHERICAL_SURFACE('',#6780,0.0002);
#39=SPHERICAL_SURFACE('',#6786,0.0002);
#40=SPHERICAL_SURFACE('',#6800,0.0002);
#41=SPHERICAL_SURFACE('',#6802,0.0002);
#42=SPHERICAL_SURFACE('',#6804,0.0002);
#43=SPHERICAL_SURFACE('',#6806,0.0002);
#44=SPHERICAL_SURFACE('',#6822,0.0002);
#45=SPHERICAL_SURFACE('',#6824,0.0002);
#46=SPHERICAL_SURFACE('',#6830,0.0002);
#47=SPHERICAL_SURFACE('',#6839,0.0002);
#48=SPHERICAL_SURFACE('',#6843,0.0002);
#49=SPHERICAL_SURFACE('',#6845,0.0002);
#50=SPHERICAL_SURFACE('',#6852,0.0002);
#51=SPHERICAL_SURFACE('',#6863,0.0002);
#52=SPHERICAL_SURFACE('',#6865,0.0002);
#53=SPHERICAL_SURFACE('',#6872,0.0002);
#54=SPHERICAL_SURFACE('',#6888,0.0002);
#55=SPHERICAL_SURFACE('',#6890,0.0002);
#56=TOROIDAL_SURFACE('',#6703,0.00266568542494924,0.0002);
#57=TOROIDAL_SURFACE('',#6715,0.0023,0.0002);
#58=TOROIDAL_SURFACE('',#6733,0.0023,0.0002);
#59=TOROIDAL_SURFACE('',#6740,0.00266568542494924,0.0002);
#60=TOROIDAL_SURFACE('',#6753,0.00266568542494924,0.0002);
#61=TOROIDAL_SURFACE('',#6758,0.0023,0.0002);
#62=TOROIDAL_SURFACE('',#6777,0.0023,0.0002);
#63=TOROIDAL_SURFACE('',#6791,0.00266568542494924,0.0002);
#64=TOROIDAL_SURFACE('',#6797,0.00266568542494924,0.0002);
#65=TOROIDAL_SURFACE('',#6811,0.0023,0.0002);
#66=TOROIDAL_SURFACE('',#6817,0.0029,0.0002);
#67=TOROIDAL_SURFACE('',#6834,0.0023,0.0002);
#68=TOROIDAL_SURFACE('',#6849,0.0008,0.0002);
#69=TOROIDAL_SURFACE('',#6855,0.00266568542494924,0.0002);
#70=TOROIDAL_SURFACE('',#6859,0.0004,0.0002);
#71=TOROIDAL_SURFACE('',#6869,0.0008,0.0002);
#72=TOROIDAL_SURFACE('',#6878,0.0004,0.0002);
#73=TOROIDAL_SURFACE('',#6892,0.0029,0.0002);
#74=TOROIDAL_SURFACE('',#6895,0.00106568542494924,0.0002);
#75=TOROIDAL_SURFACE('',#6896,0.00106568542494924,0.0002);
#76=TOROIDAL_SURFACE('',#6897,0.00106568542494924,0.0002);
#77=ELLIPSE('',#6670,0.000267405913469913,0.0002);
#78=ELLIPSE('',#6672,0.000267405913469913,0.0002);
#79=ELLIPSE('',#6673,0.000267405913469913,0.0002);
#80=ELLIPSE('',#6677,0.000267405913469913,0.0002);
#81=ELLIPSE('',#6678,0.000267405913469913,0.0002);
#82=ELLIPSE('',#6680,0.000267405913469913,0.0002);
#83=ELLIPSE('',#6713,0.000282842712474619,0.0002);
#84=ELLIPSE('',#6720,0.000282842712474619,0.0002);
#85=ELLIPSE('',#6722,0.000282842712474619,0.0002);
#86=ELLIPSE('',#6728,0.000282842712474619,0.0002);
#87=ELLIPSE('',#6772,0.000282842712474619,0.0002);
#88=ELLIPSE('',#6774,0.000282842712474619,0.0002);
#89=ELLIPSE('',#6783,0.000282842712474619,0.0002);
#90=ELLIPSE('',#6785,0.000282842712474619,0.0002);
#91=ELLIPSE('',#6809,0.000282842712474619,0.0002);
#92=ELLIPSE('',#6816,0.000282842712474619,0.0002);
#93=ELLIPSE('',#6875,0.000282842712474619,0.0002);
#94=ELLIPSE('',#6877,0.000282842712474619,0.0002);
#95=ELLIPSE('',#6901,0.00253715684978808,0.00035);
#96=ELLIPSE('',#6903,0.00253715684978808,0.00035);
#97=ELLIPSE('',#6906,0.00253715684978809,0.00035);
#98=ELLIPSE('',#6910,0.00253715684978807,0.00035);
#99=ELLIPSE('',#6912,0.00253715684978807,0.00035);
#100=ELLIPSE('',#6917,0.00253715684978808,0.00035);
#101=ELLIPSE('',#6921,0.00253715684978808,0.00035);
#102=ELLIPSE('',#6923,0.00253715684978808,0.00035);
#103=ELLIPSE('',#6926,0.00253715684978807,0.00035);
#104=ELLIPSE('',#6933,0.00253715684978809,0.00035);
#105=ELLIPSE('',#6937,0.00253715684978809,0.00035);
#106=ELLIPSE('',#6941,0.00253715684978808,0.00035);
#107=ELLIPSE('',#6950,0.00253715684978808,0.00035);
#108=ELLIPSE('',#6951,0.00253715684978808,0.00035);
#109=ELLIPSE('',#6956,0.00253715684978809,0.00035);
#110=ELLIPSE('',#6959,0.00253715684978807,0.00035);
#111=ELLIPSE('',#6961,0.00253715684978807,0.00035);
#112=ELLIPSE('',#6967,0.00253715684978808,0.00035);
#113=ELLIPSE('',#6970,0.00253715684978808,0.00035);
#114=ELLIPSE('',#6971,0.00253715684978808,0.00035);
#115=ELLIPSE('',#6976,0.00253715684978807,0.00035);
#116=ELLIPSE('',#6983,0.00253715684978809,0.00035);
#117=ELLIPSE('',#6987,0.00253715684978809,0.00035);
#118=ELLIPSE('',#6991,0.00253715684978808,0.00035);
#119=ELLIPSE('',#7001,0.00253715684978807,0.00035);
#120=ELLIPSE('',#7007,0.00253715684978807,0.00035);
#121=ELLIPSE('',#7013,0.00253715684978807,0.00035);
#122=ELLIPSE('',#7019,0.00253715684978809,0.00035);
#123=ELLIPSE('',#7030,0.00253715684978807,0.00035);
#124=ELLIPSE('',#7036,0.00253715684978807,0.00035);
#125=ELLIPSE('',#7042,0.00253715684978807,0.00035);
#126=ELLIPSE('',#7048,0.00253715684978809,0.00035);
#127=ELLIPSE('',#7057,0.000923879532511288,0.00025);
#128=ELLIPSE('',#7059,0.000923879532511288,0.00025);
#129=ELLIPSE('',#7067,0.00311769145362398,0.0027);
#130=ELLIPSE('',#7068,0.00311769145362397,0.0027);
#131=ELLIPSE('',#7076,0.00346410161513775,0.003);
#132=ELLIPSE('',#7077,0.00346410161513775,0.003);
#133=ELLIPSE('',#7078,0.00346410161513776,0.003);
#134=ELLIPSE('',#7079,0.00346410161513775,0.003);
#135=ELLIPSE('',#7091,0.00181225489270578,0.00025);
#136=ELLIPSE('',#7093,0.00181225489270578,0.00025);
#137=ELLIPSE('',#7113,0.00311769145362397,0.0027);
#138=ELLIPSE('',#7114,0.00311769145362397,0.0027);
#139=ELLIPSE('',#7148,0.00440525588832577,0.00311498631149712);
#140=ELLIPSE('',#7154,0.00440525588832577,0.00311498631149712);
#141=ELLIPSE('',#7158,0.00181225489270578,0.00025);
#142=ELLIPSE('',#7160,0.00181225489270578,0.00025);
#143=ELLIPSE('',#7166,0.00181225489270578,0.00025);
#144=ELLIPSE('',#7171,0.0005,0.00025);
#145=ELLIPSE('',#7178,0.00181225489270577,0.00025);
#146=ELLIPSE('',#7185,0.00181225489270578,0.00025);
#147=ELLIPSE('',#7190,0.00181225489270578,0.00025);
#148=ELLIPSE('',#7196,0.00181225489270577,0.00025);
#149=ELLIPSE('',#7202,0.00181225489270577,0.00025);
#150=ELLIPSE('',#7209,0.00181225489270577,0.00025);
#151=ELLIPSE('',#7214,0.00181225489270577,0.00025);
#152=ELLIPSE('',#7220,0.00181225489270577,0.00025);
#153=ELLIPSE('',#7226,0.00181225489270577,0.00025);
#154=ELLIPSE('',#7233,0.00181225489270577,0.00025);
#155=ELLIPSE('',#7239,0.00181225489270577,0.00025);
#156=ELLIPSE('',#7249,0.00181225489270578,0.00025);
#157=ELLIPSE('',#7251,0.00181225489270578,0.00025);
#158=ELLIPSE('',#7258,0.00181225489270578,0.00025);
#159=ELLIPSE('',#7262,0.0005,0.00025);
#160=ELLIPSE('',#7265,0.00181225489270578,0.00025);
#161=ELLIPSE('',#7270,0.00181225489270578,0.00025);
#162=ELLIPSE('',#7275,0.00181225489270577,0.00025);
#163=ELLIPSE('',#7283,0.00181225489270578,0.00025);
#164=ELLIPSE('',#7287,0.00181225489270578,0.00025);
#165=ELLIPSE('',#7293,0.00181225489270577,0.00025);
#166=ELLIPSE('',#7299,0.00181225489270577,0.00025);
#167=ELLIPSE('',#7307,0.00181225489270577,0.00025);
#168=ELLIPSE('',#7311,0.00181225489270577,0.00025);
#169=ELLIPSE('',#7317,0.00181225489270577,0.00025);
#170=ELLIPSE('',#7323,0.00181225489270577,0.00025);
#171=ELLIPSE('',#7331,0.00181225489270577,0.00025);
#172=ELLIPSE('',#7337,0.00181225489270577,0.00025);
#173=ELLIPSE('',#7347,0.000461880215351701,0.0004);
#174=ELLIPSE('',#7349,0.000461880215351701,0.0004);
#175=ELLIPSE('',#7353,0.000461880215351701,0.0004);
#176=ELLIPSE('',#7355,0.000461880215351701,0.0004);
#177=CYLINDRICAL_SURFACE('',#6651,0.0025);
#178=CYLINDRICAL_SURFACE('',#6658,0.0025);
#179=CYLINDRICAL_SURFACE('',#6661,0.0025);
#180=CYLINDRICAL_SURFACE('',#6664,0.001);
#181=CYLINDRICAL_SURFACE('',#6667,0.0027);
#182=CYLINDRICAL_SURFACE('',#6674,0.0027);
#183=CYLINDRICAL_SURFACE('',#6675,0.0027);
#184=CYLINDRICAL_SURFACE('',#6681,0.0027);
#185=CYLINDRICAL_SURFACE('',#6712,0.0002);
#186=CYLINDRICAL_SURFACE('',#6719,0.0002);
#187=CYLINDRICAL_SURFACE('',#6721,0.0002);
#188=CYLINDRICAL_SURFACE('',#6727,0.0002);
#189=CYLINDRICAL_SURFACE('',#6729,0.0002);
#190=CYLINDRICAL_SURFACE('',#6731,0.0002);
#191=CYLINDRICAL_SURFACE('',#6736,0.0002);
#192=CYLINDRICAL_SURFACE('',#6738,0.0002);
#193=CYLINDRICAL_SURFACE('',#6769,0.0002);
#194=CYLINDRICAL_SURFACE('',#6771,0.0002);
#195=CYLINDRICAL_SURFACE('',#6773,0.0002);
#196=CYLINDRICAL_SURFACE('',#6775,0.0002);
#197=CYLINDRICAL_SURFACE('',#6782,0.0002);
#198=CYLINDRICAL_SURFACE('',#6784,0.0002);
#199=CYLINDRICAL_SURFACE('',#6789,0.0002);
#200=CYLINDRICAL_SURFACE('',#6794,0.0002);
#201=CYLINDRICAL_SURFACE('',#6808,0.0002);
#202=CYLINDRICAL_SURFACE('',#6815,0.0002);
#203=CYLINDRICAL_SURFACE('',#6820,0.0002);
#204=CYLINDRICAL_SURFACE('',#6826,0.0002);
#205=CYLINDRICAL_SURFACE('',#6828,0.0002);
#206=CYLINDRICAL_SURFACE('',#6832,0.0002);
#207=CYLINDRICAL_SURFACE('',#6837,0.0002);
#208=CYLINDRICAL_SURFACE('',#6841,0.0002);
#209=CYLINDRICAL_SURFACE('',#6847,0.0002);
#210=CYLINDRICAL_SURFACE('',#6861,0.0002);
#211=CYLINDRICAL_SURFACE('',#6867,0.0002);
#212=CYLINDRICAL_SURFACE('',#6874,0.0002);
#213=CYLINDRICAL_SURFACE('',#6876,0.0002);
#214=CYLINDRICAL_SURFACE('',#6880,0.0002);
#215=CYLINDRICAL_SURFACE('',#6882,0.0002);
#216=CYLINDRICAL_SURFACE('',#6884,0.0002);
#217=CYLINDRICAL_SURFACE('',#6886,0.0002);
#218=CYLINDRICAL_SURFACE('',#6894,0.0002);
#219=CYLINDRICAL_SURFACE('',#6900,0.00035);
#220=CYLINDRICAL_SURFACE('',#6905,0.00035);
#221=CYLINDRICAL_SURFACE('',#6909,0.00035);
#222=CYLINDRICAL_SURFACE('',#6916,0.00035);
#223=CYLINDRICAL_SURFACE('',#6920,0.00035);
#224=CYLINDRICAL_SURFACE('',#6925,0.00035);
#225=CYLINDRICAL_SURFACE('',#6929,0.00035);
#226=CYLINDRICAL_SURFACE('',#6932,0.00035);
#227=CYLINDRICAL_SURFACE('',#6936,0.00035);
#228=CYLINDRICAL_SURFACE('',#6940,0.00035);
#229=CYLINDRICAL_SURFACE('',#6944,0.00035);
#230=CYLINDRICAL_SURFACE('',#6949,0.00035);
#231=CYLINDRICAL_SURFACE('',#6954,0.00035);
#232=CYLINDRICAL_SURFACE('',#6958,0.00035);
#233=CYLINDRICAL_SURFACE('',#6965,0.00035);
#234=CYLINDRICAL_SURFACE('',#6969,0.00035);
#235=CYLINDRICAL_SURFACE('',#6974,0.00035);
#236=CYLINDRICAL_SURFACE('',#6978,0.00035);
#237=CYLINDRICAL_SURFACE('',#6981,0.00035);
#238=CYLINDRICAL_SURFACE('',#6985,0.00035);
#239=CYLINDRICAL_SURFACE('',#6989,0.00035);
#240=CYLINDRICAL_SURFACE('',#6993,0.00035);
#241=CYLINDRICAL_SURFACE('',#7000,0.00035);
#242=CYLINDRICAL_SURFACE('',#7006,0.00035);
#243=CYLINDRICAL_SURFACE('',#7012,0.00035);
#244=CYLINDRICAL_SURFACE('',#7018,0.00035);
#245=CYLINDRICAL_SURFACE('',#7024,0.00035);
#246=CYLINDRICAL_SURFACE('',#7029,0.00035);
#247=CYLINDRICAL_SURFACE('',#7035,0.00035);
#248=CYLINDRICAL_SURFACE('',#7041,0.00035);
#249=CYLINDRICAL_SURFACE('',#7047,0.00035);
#250=CYLINDRICAL_SURFACE('',#7049,0.00035);
#251=CYLINDRICAL_SURFACE('',#7066,0.0027);
#252=CYLINDRICAL_SURFACE('',#7074,0.003);
#253=CYLINDRICAL_SURFACE('',#7089,0.00025);
#254=CYLINDRICAL_SURFACE('',#7105,0.0025);
#255=CYLINDRICAL_SURFACE('',#7109,0.0025);
#256=CYLINDRICAL_SURFACE('',#7112,0.0027);
#257=CYLINDRICAL_SURFACE('',#7117,0.0025);
#258=CYLINDRICAL_SURFACE('',#7121,0.001);
#259=CYLINDRICAL_SURFACE('',#7125,0.001);
#260=CYLINDRICAL_SURFACE('',#7129,0.0025);
#261=CYLINDRICAL_SURFACE('',#7133,0.0027);
#262=CYLINDRICAL_SURFACE('',#7157,0.00025);
#263=CYLINDRICAL_SURFACE('',#7164,0.00025);
#264=CYLINDRICAL_SURFACE('',#7170,0.00025);
#265=CYLINDRICAL_SURFACE('',#7177,0.00025);
#266=CYLINDRICAL_SURFACE('',#7183,0.00025);
#267=CYLINDRICAL_SURFACE('',#7189,0.00025);
#268=CYLINDRICAL_SURFACE('',#7195,0.00025);
#269=CYLINDRICAL_SURFACE('',#7201,0.00025);
#270=CYLINDRICAL_SURFACE('',#7207,0.00025);
#271=CYLINDRICAL_SURFACE('',#7213,0.00025);
#272=CYLINDRICAL_SURFACE('',#7219,0.00025);
#273=CYLINDRICAL_SURFACE('',#7225,0.00025);
#274=CYLINDRICAL_SURFACE('',#7231,0.00025);
#275=CYLINDRICAL_SURFACE('',#7237,0.00025);
#276=CYLINDRICAL_SURFACE('',#7243,0.00025);
#277=CYLINDRICAL_SURFACE('',#7248,0.00025);
#278=CYLINDRICAL_SURFACE('',#7255,0.00025);
#279=CYLINDRICAL_SURFACE('',#7261,0.00025);
#280=CYLINDRICAL_SURFACE('',#7268,0.00025);
#281=CYLINDRICAL_SURFACE('',#7274,0.00025);
#282=CYLINDRICAL_SURFACE('',#7280,0.00025);
#283=CYLINDRICAL_SURFACE('',#7286,0.00025);
#284=CYLINDRICAL_SURFACE('',#7292,0.00025);
#285=CYLINDRICAL_SURFACE('',#7298,0.00025);
#286=CYLINDRICAL_SURFACE('',#7304,0.00025);
#287=CYLINDRICAL_SURFACE('',#7310,0.00025);
#288=CYLINDRICAL_SURFACE('',#7316,0.00025);
#289=CYLINDRICAL_SURFACE('',#7322,0.00025);
#290=CYLINDRICAL_SURFACE('',#7328,0.00025);
#291=CYLINDRICAL_SURFACE('',#7334,0.00025);
#292=CYLINDRICAL_SURFACE('',#7340,0.00025);
#293=CYLINDRICAL_SURFACE('',#7363,0.0004);
#294=CYLINDRICAL_SURFACE('',#7364,0.0004);
#295=LINE('',#9605,#476);
#296=LINE('',#9607,#477);
#297=LINE('',#9611,#478);
#298=LINE('',#9621,#479);
#299=LINE('',#9628,#480);
#300=LINE('',#9630,#481);
#301=LINE('',#9632,#482);
#302=LINE('',#9639,#483);
#303=LINE('',#9646,#484);
#304=LINE('',#9648,#485);
#305=LINE('',#9650,#486);
#306=LINE('',#9652,#487);
#307=LINE('',#9654,#488);
#308=LINE('',#9656,#489);
#309=LINE('',#9658,#490);
#310=LINE('',#9665,#491);
#311=LINE('',#9672,#492);
#312=LINE('',#9674,#493);
#313=LINE('',#9676,#494);
#314=LINE('',#9684,#495);
#315=LINE('',#9691,#496);
#316=LINE('',#9693,#497);
#317=LINE('',#9695,#498);
#318=LINE('',#9702,#499);
#319=LINE('',#9709,#500);
#320=LINE('',#9711,#501);
#321=LINE('',#9713,#502);
#322=LINE('',#9720,#503);
#323=LINE('',#9727,#504);
#324=LINE('',#9729,#505);
#325=LINE('',#9731,#506);
#326=LINE('',#9733,#507);
#327=LINE('',#9735,#508);
#328=LINE('',#9737,#509);
#329=LINE('',#9739,#510);
#330=LINE('',#9741,#511);
#331=LINE('',#9744,#512);
#332=LINE('',#9748,#513);
#333=LINE('',#9754,#514);
#334=LINE('',#9757,#515);
#335=LINE('',#9761,#516);
#336=LINE('',#9770,#517);
#337=LINE('',#9772,#518);
#338=LINE('',#9778,#519);
#339=LINE('',#9783,#520);
#340=LINE('',#9785,#521);
#341=LINE('',#9791,#522);
#342=LINE('',#9793,#523);
#343=LINE('',#9796,#524);
#344=LINE('',#9800,#525);
#345=LINE('',#9809,#526);
#346=LINE('',#9811,#527);
#347=LINE('',#9817,#528);
#348=LINE('',#9822,#529);
#349=LINE('',#9826,#530);
#350=LINE('',#9828,#531);
#351=LINE('',#9831,#532);
#352=LINE('',#9837,#533);
#353=LINE('',#9844,#534);
#354=LINE('',#9848,#535);
#355=LINE('',#9853,#536);
#356=LINE('',#9857,#537);
#357=LINE('',#9862,#538);
#358=LINE('',#9866,#539);
#359=LINE('',#9868,#540);
#360=LINE('',#9872,#541);
#361=LINE('',#9874,#542);
#362=LINE('',#9876,#543);
#363=LINE('',#9882,#544);
#364=LINE('',#9885,#545);
#365=LINE('',#9887,#546);
#366=LINE('',#9889,#547);
#367=LINE('',#9890,#548);
#368=LINE('',#9894,#549);
#369=LINE('',#9898,#550);
#370=LINE('',#9901,#551);
#371=LINE('',#9903,#552);
#372=LINE('',#9908,#553);
#373=LINE('',#11044,#554);
#374=LINE('',#11047,#555);
#375=LINE('',#11049,#556);
#376=LINE('',#11051,#557);
#377=LINE('',#11053,#558);
#378=LINE('',#11056,#559);
#379=LINE('',#11058,#560);
#380=LINE('',#11077,#561);
#381=LINE('',#11079,#562);
#382=LINE('',#11081,#563);
#383=LINE('',#11083,#564);
#384=LINE('',#11086,#565);
#385=LINE('',#11088,#566);
#386=LINE('',#11090,#567);
#387=LINE('',#11092,#568);
#388=LINE('',#11111,#569);
#389=LINE('',#11113,#570);
#390=LINE('',#11116,#571);
#391=LINE('',#11118,#572);
#392=LINE('',#11120,#573);
#393=LINE('',#11125,#574);
#394=LINE('',#11127,#575);
#395=LINE('',#11131,#576);
#396=LINE('',#11135,#577);
#397=LINE('',#11137,#578);
#398=LINE('',#11139,#579);
#399=LINE('',#11144,#580);
#400=LINE('',#11147,#581);
#401=LINE('',#11151,#582);
#402=LINE('',#11152,#583);
#403=LINE('',#11154,#584);
#404=LINE('',#11159,#585);
#405=LINE('',#11161,#586);
#406=LINE('',#11165,#587);
#407=LINE('',#11167,#588);
#408=LINE('',#11172,#589);
#409=LINE('',#11177,#590);
#410=LINE('',#11182,#591);
#411=LINE('',#11186,#592);
#412=LINE('',#11188,#593);
#413=LINE('',#11190,#594);
#414=LINE('',#11192,#595);
#415=LINE('',#11193,#596);
#416=LINE('',#11195,#597);
#417=LINE('',#11197,#598);
#418=LINE('',#11198,#599);
#419=LINE('',#11200,#600);
#420=LINE('',#11201,#601);
#421=LINE('',#11203,#602);
#422=LINE('',#11205,#603);
#423=LINE('',#11207,#604);
#424=LINE('',#11209,#605);
#425=LINE('',#11211,#606);
#426=LINE('',#11213,#607);
#427=LINE('',#11215,#608);
#428=LINE('',#11216,#609);
#429=LINE('',#12189,#610);
#430=LINE('',#12191,#611);
#431=LINE('',#12197,#612);
#432=LINE('',#12199,#613);
#433=LINE('',#12201,#614);
#434=LINE('',#12207,#615);
#435=LINE('',#12211,#616);
#436=LINE('',#12217,#617);
#437=LINE('',#12221,#618);
#438=LINE('',#12223,#619);
#439=LINE('',#12224,#620);
#440=LINE('',#12226,#621);
#441=LINE('',#12228,#622);
#442=LINE('',#12232,#623);
#443=LINE('',#12236,#624);
#444=LINE('',#12238,#625);
#445=LINE('',#12240,#626);
#446=LINE('',#12244,#627);
#447=LINE('',#12248,#628);
#448=LINE('',#12250,#629);
#449=LINE('',#12252,#630);
#450=LINE('',#12256,#631);
#451=LINE('',#12260,#632);
#452=LINE('',#12261,#633);
#453=LINE('',#12263,#634);
#454=LINE('',#12265,#635);
#455=LINE('',#12266,#636);
#456=LINE('',#12267,#637);
#457=LINE('',#12268,#638);
#458=LINE('',#12270,#639);
#459=LINE('',#12271,#640);
#460=LINE('',#12272,#641);
#461=LINE('',#12273,#642);
#462=LINE('',#12281,#643);
#463=LINE('',#12283,#644);
#464=LINE('',#12708,#645);
#465=LINE('',#12711,#646);
#466=LINE('',#12714,#647);
#467=LINE('',#12717,#648);
#468=LINE('',#12720,#649);
#469=LINE('',#12723,#650);
#470=LINE('',#12726,#651);
#471=LINE('',#12728,#652);
#472=LINE('',#12730,#653);
#473=LINE('',#12733,#654);
#474=LINE('',#12735,#655);
#475=LINE('',#12737,#656);
#476=VECTOR('',#7451,1.);
#477=VECTOR('',#7452,1.);
#478=VECTOR('',#7455,1.);
#479=VECTOR('',#7460,1.);
#480=VECTOR('',#7461,1.);
#481=VECTOR('',#7462,1.);
#482=VECTOR('',#7463,1.);
#483=VECTOR('',#7464,1.);
#484=VECTOR('',#7465,1.);
#485=VECTOR('',#7466,1.);
#486=VECTOR('',#7467,1.);
#487=VECTOR('',#7468,1.);
#488=VECTOR('',#7469,1.);
#489=VECTOR('',#7470,1.);
#490=VECTOR('',#7471,1.);
#491=VECTOR('',#7472,1.);
#492=VECTOR('',#7473,1.);
#493=VECTOR('',#7474,1.);
#494=VECTOR('',#7475,1.);
#495=VECTOR('',#7478,1.);
#496=VECTOR('',#7479,1.);
#497=VECTOR('',#7480,1.);
#498=VECTOR('',#7481,1.);
#499=VECTOR('',#7482,1.);
#500=VECTOR('',#7483,1.);
#501=VECTOR('',#7484,1.);
#502=VECTOR('',#7485,1.);
#503=VECTOR('',#7486,1.);
#504=VECTOR('',#7487,1.);
#505=VECTOR('',#7488,1.);
#506=VECTOR('',#7489,1.);
#507=VECTOR('',#7490,1.);
#508=VECTOR('',#7491,1.);
#509=VECTOR('',#7492,1.);
#510=VECTOR('',#7493,1.);
#511=VECTOR('',#7496,1.);
#512=VECTOR('',#7497,1.);
#513=VECTOR('',#7500,1.);
#514=VECTOR('',#7507,1.);
#515=VECTOR('',#7508,1.);
#516=VECTOR('',#7511,1.);
#517=VECTOR('',#7520,1.);
#518=VECTOR('',#7521,1.);
#519=VECTOR('',#7526,1.);
#520=VECTOR('',#7531,1.);
#521=VECTOR('',#7532,1.);
#522=VECTOR('',#7537,1.);
#523=VECTOR('',#7540,1.);
#524=VECTOR('',#7541,1.);
#525=VECTOR('',#7544,1.);
#526=VECTOR('',#7553,1.);
#527=VECTOR('',#7554,1.);
#528=VECTOR('',#7559,1.);
#529=VECTOR('',#7564,1.);
#530=VECTOR('',#7567,1.);
#531=VECTOR('',#7570,1.);
#532=VECTOR('',#7571,1.);
#533=VECTOR('',#7576,1.);
#534=VECTOR('',#7583,1.);
#535=VECTOR('',#7586,1.);
#536=VECTOR('',#7591,1.);
#537=VECTOR('',#7594,1.);
#538=VECTOR('',#7599,1.);
#539=VECTOR('',#7602,1.);
#540=VECTOR('',#7605,1.);
#541=VECTOR('',#7608,1.);
#542=VECTOR('',#7611,1.);
#543=VECTOR('',#7612,1.);
#544=VECTOR('',#7619,1.);
#545=VECTOR('',#7622,1.);
#546=VECTOR('',#7625,1.);
#547=VECTOR('',#7628,1.);
#548=VECTOR('',#7629,1.);
#549=VECTOR('',#7634,1.);
#550=VECTOR('',#7639,1.);
#551=VECTOR('',#7640,1.);
#552=VECTOR('',#7641,1.);
#553=VECTOR('',#7648,1.);
#554=VECTOR('',#8395,1.);
#555=VECTOR('',#8396,1.);
#556=VECTOR('',#8397,1.);
#557=VECTOR('',#8398,1.);
#558=VECTOR('',#8401,1.);
#559=VECTOR('',#8402,1.);
#560=VECTOR('',#8403,1.);
#561=VECTOR('',#8406,1.);
#562=VECTOR('',#8407,1.);
#563=VECTOR('',#8408,1.);
#564=VECTOR('',#8411,1.);
#565=VECTOR('',#8412,1.);
#566=VECTOR('',#8413,1.);
#567=VECTOR('',#8414,1.);
#568=VECTOR('',#8415,1.);
#569=VECTOR('',#8418,1.);
#570=VECTOR('',#8421,1.);
#571=VECTOR('',#8422,1.);
#572=VECTOR('',#8423,1.);
#573=VECTOR('',#8424,1.);
#574=VECTOR('',#8429,1.);
#575=VECTOR('',#8430,1.);
#576=VECTOR('',#8433,1.);
#577=VECTOR('',#8438,1.);
#578=VECTOR('',#8439,1.);
#579=VECTOR('',#8442,1.);
#580=VECTOR('',#8445,1.);
#581=VECTOR('',#8448,1.);
#582=VECTOR('',#8453,1.);
#583=VECTOR('',#8454,1.);
#584=VECTOR('',#8455,1.);
#585=VECTOR('',#8460,1.);
#586=VECTOR('',#8461,1.);
#587=VECTOR('',#8464,1.);
#588=VECTOR('',#8467,1.);
#589=VECTOR('',#8470,1.);
#590=VECTOR('',#8475,1.);
#591=VECTOR('',#8480,1.);
#592=VECTOR('',#8485,1.);
#593=VECTOR('',#8486,1.);
#594=VECTOR('',#8487,1.);
#595=VECTOR('',#8488,1.);
#596=VECTOR('',#8489,1.);
#597=VECTOR('',#8490,1.);
#598=VECTOR('',#8491,1.);
#599=VECTOR('',#8492,1.);
#600=VECTOR('',#8493,1.);
#601=VECTOR('',#8494,1.);
#602=VECTOR('',#8495,1.);
#603=VECTOR('',#8496,1.);
#604=VECTOR('',#8497,1.);
#605=VECTOR('',#8498,1.);
#606=VECTOR('',#8499,1.);
#607=VECTOR('',#8500,1.);
#608=VECTOR('',#8501,1.);
#609=VECTOR('',#8502,1.);
#610=VECTOR('',#8543,1.);
#611=VECTOR('',#8544,1.);
#612=VECTOR('',#8551,1.);
#613=VECTOR('',#8552,1.);
#614=VECTOR('',#8555,1.);
#615=VECTOR('',#8562,1.);
#616=VECTOR('',#8567,1.);
#617=VECTOR('',#8574,1.);
#618=VECTOR('',#8577,1.);
#619=VECTOR('',#8580,1.);
#620=VECTOR('',#8581,1.);
#621=VECTOR('',#8582,1.);
#622=VECTOR('',#8585,1.);
#623=VECTOR('',#8590,1.);
#624=VECTOR('',#8595,1.);
#625=VECTOR('',#8596,1.);
#626=VECTOR('',#8597,1.);
#627=VECTOR('',#8602,1.);
#628=VECTOR('',#8607,1.);
#629=VECTOR('',#8608,1.);
#630=VECTOR('',#8609,1.);
#631=VECTOR('',#8614,1.);
#632=VECTOR('',#8619,1.);
#633=VECTOR('',#8620,1.);
#634=VECTOR('',#8621,1.);
#635=VECTOR('',#8622,1.);
#636=VECTOR('',#8623,1.);
#637=VECTOR('',#8624,1.);
#638=VECTOR('',#8625,1.);
#639=VECTOR('',#8626,1.);
#640=VECTOR('',#8627,1.);
#641=VECTOR('',#8628,1.);
#642=VECTOR('',#8629,1.);
#643=VECTOR('',#8642,1.);
#644=VECTOR('',#8645,1.);
#645=VECTOR('',#9066,1.);
#646=VECTOR('',#9071,1.);
#647=VECTOR('',#9076,1.);
#648=VECTOR('',#9081,1.);
#649=VECTOR('',#9086,1.);
#650=VECTOR('',#9091,1.);
#651=VECTOR('',#9096,1.);
#652=VECTOR('',#9097,1.);
#653=VECTOR('',#9100,1.);
#654=VECTOR('',#9105,1.);
#655=VECTOR('',#9106,1.);
#656=VECTOR('',#9109,1.);
#657=PLANE('',#6621);
#658=PLANE('',#6625);
#659=PLANE('',#6626);
#660=PLANE('',#6627);
#661=PLANE('',#6631);
#662=PLANE('',#6635);
#663=PLANE('',#6639);
#664=PLANE('',#6643);
#665=PLANE('',#6647);
#666=PLANE('',#6654);
#667=PLANE('',#6669);
#668=PLANE('',#6671);
#669=PLANE('',#6676);
#670=PLANE('',#6679);
#671=PLANE('',#7055);
#672=PLANE('',#7056);
#673=PLANE('',#7058);
#674=PLANE('',#7060);
#675=PLANE('',#7061);
#676=PLANE('',#7064);
#677=PLANE('',#7070);
#678=PLANE('',#7071);
#679=PLANE('',#7081);
#680=PLANE('',#7099);
#681=PLANE('',#7102);
#682=PLANE('',#7107);
#683=PLANE('',#7115);
#684=PLANE('',#7116);
#685=PLANE('',#7120);
#686=PLANE('',#7124);
#687=PLANE('',#7128);
#688=PLANE('',#7131);
#689=PLANE('',#7132);
#690=PLANE('',#7135);
#691=PLANE('',#7136);
#692=PLANE('',#7138);
#693=PLANE('',#7144);
#694=PLANE('',#7145);
#695=PLANE('',#7150);
#696=PLANE('',#7151);
#697=PLANE('',#7156);
#698=PLANE('',#7345);
#699=PLANE('',#7346);
#700=PLANE('',#7348);
#701=PLANE('',#7350);
#702=PLANE('',#7351);
#703=PLANE('',#7352);
#704=PLANE('',#7354);
#705=PLANE('',#7356);
#706=PLANE('',#7357);
#707=PLANE('',#7358);
#708=PLANE('',#7359);
#709=PLANE('',#7360);
#710=PLANE('',#7361);
#711=PLANE('',#7362);
#712=CIRCLE('',#6582,0.00215857864376269);
#713=CIRCLE('',#6584,0.00215857864376269);
#714=CIRCLE('',#6586,0.00215857864376269);
#715=CIRCLE('',#6588,0.00215857864376269);
#716=CIRCLE('',#6592,0.00215857864376269);
#717=CIRCLE('',#6594,0.00215857864376269);
#718=CIRCLE('',#6596,0.00215857864376269);
#719=CIRCLE('',#6598,0.00215857864376269);
#720=CIRCLE('',#6600,0.000924264068711929);
#721=CIRCLE('',#6602,0.00215857864376269);
#722=CIRCLE('',#6604,0.00215857864376269);
#723=CIRCLE('',#6606,0.00215857864376269);
#724=CIRCLE('',#6610,0.00215857864376269);
#725=CIRCLE('',#6612,0.00215857864376269);
#726=CIRCLE('',#6614,0.00215857864376269);
#727=CIRCLE('',#6616,0.00215857864376269);
#728=CIRCLE('',#6618,0.00215857864376269);
#729=CIRCLE('',#6620,0.00252426406871193);
#730=CIRCLE('',#6622,0.0004);
#731=CIRCLE('',#6623,0.0029);
#732=CIRCLE('',#6624,0.0008);
#733=CIRCLE('',#6628,0.00266568542494924);
#734=CIRCLE('',#6629,0.0002);
#735=CIRCLE('',#6630,0.0027);
#736=CIRCLE('',#6632,0.00266568542494924);
#737=CIRCLE('',#6633,0.0002);
#738=CIRCLE('',#6634,0.0027);
#739=CIRCLE('',#6636,0.00266568542494924);
#740=CIRCLE('',#6637,0.0027);
#741=CIRCLE('',#6638,0.0002);
#742=CIRCLE('',#6640,0.00266568542494924);
#743=CIRCLE('',#6641,0.0027);
#744=CIRCLE('',#6642,0.0002);
#745=CIRCLE('',#6644,0.00266568542494924);
#746=CIRCLE('',#6645,0.0002);
#747=CIRCLE('',#6646,0.0027);
#748=CIRCLE('',#6648,0.00266568542494924);
#749=CIRCLE('',#6649,0.0027);
#750=CIRCLE('',#6650,0.0002);
#751=CIRCLE('',#6652,0.0025);
#752=CIRCLE('',#6653,0.0025);
#753=CIRCLE('',#6655,0.0004);
#754=CIRCLE('',#6656,0.0008);
#755=CIRCLE('',#6657,0.0029);
#756=CIRCLE('',#6659,0.0025);
#757=CIRCLE('',#6660,0.0025);
#758=CIRCLE('',#6662,0.0025);
#759=CIRCLE('',#6663,0.0025);
#760=CIRCLE('',#6665,0.001);
#761=CIRCLE('',#6666,0.001);
#762=CIRCLE('',#6668,0.0027);
#763=CIRCLE('',#6682,0.0027);
#764=CIRCLE('',#6684,0.000924264068711929);
#765=CIRCLE('',#6686,0.000924264068711929);
#766=CIRCLE('',#6687,0.00215857864376269);
#767=CIRCLE('',#6688,0.00252426406871193);
#768=CIRCLE('',#6690,0.000924264068711929);
#769=CIRCLE('',#6691,0.00215857864376269);
#770=CIRCLE('',#6692,0.00252426406871193);
#771=CIRCLE('',#6694,0.000924264068711929);
#772=CIRCLE('',#6695,0.00215857864376269);
#773=CIRCLE('',#6696,0.00252426406871193);
#774=CIRCLE('',#6698,0.00252426406871193);
#775=CIRCLE('',#6700,0.000924264068711929);
#776=CIRCLE('',#6701,0.00215857864376269);
#777=CIRCLE('',#6702,0.00252426406871193);
#778=CIRCLE('',#6704,0.0002);
#779=CIRCLE('',#6705,0.0002);
#780=CIRCLE('',#6707,0.0002);
#781=CIRCLE('',#6708,0.0002);
#782=CIRCLE('',#6710,0.0002);
#783=CIRCLE('',#6711,0.0002);
#784=CIRCLE('',#6714,0.0002);
#785=CIRCLE('',#6716,0.0002);
#786=CIRCLE('',#6717,0.0002);
#787=CIRCLE('',#6718,0.0002);
#788=CIRCLE('',#6724,0.0002);
#789=CIRCLE('',#6726,0.0002);
#790=CIRCLE('',#6730,0.0002);
#791=CIRCLE('',#6732,0.0002);
#792=CIRCLE('',#6734,0.0002);
#793=CIRCLE('',#6735,0.0002);
#794=CIRCLE('',#6737,0.0002);
#795=CIRCLE('',#6739,0.0002);
#796=CIRCLE('',#6741,0.0002);
#797=CIRCLE('',#6742,0.0002);
#798=CIRCLE('',#6744,0.0002);
#799=CIRCLE('',#6746,0.0002);
#800=CIRCLE('',#6748,0.0002);
#801=CIRCLE('',#6750,0.0002);
#802=CIRCLE('',#6751,0.0002);
#803=CIRCLE('',#6752,0.0002);
#804=CIRCLE('',#6754,0.0002);
#805=CIRCLE('',#6755,0.0002);
#806=CIRCLE('',#6756,0.0002);
#807=CIRCLE('',#6757,0.0002);
#808=CIRCLE('',#6759,0.0002);
#809=CIRCLE('',#6760,0.0002);
#810=CIRCLE('',#6762,0.0002);
#811=CIRCLE('',#6764,0.0002);
#812=CIRCLE('',#6766,0.0002);
#813=CIRCLE('',#6768,0.0002);
#814=CIRCLE('',#6770,0.0002);
#815=CIRCLE('',#6776,0.0002);
#816=CIRCLE('',#6778,0.0002);
#817=CIRCLE('',#6779,0.0002);
#818=CIRCLE('',#6781,0.0002);
#819=CIRCLE('',#6787,0.0002);
#820=CIRCLE('',#6788,0.0002);
#821=CIRCLE('',#6790,0.0002);
#822=CIRCLE('',#6792,0.0002);
#823=CIRCLE('',#6793,0.0002);
#824=CIRCLE('',#6795,0.0002);
#825=CIRCLE('',#6796,0.0002);
#826=CIRCLE('',#6798,0.0002);
#827=CIRCLE('',#6799,0.0002);
#828=CIRCLE('',#6801,0.0002);
#829=CIRCLE('',#6803,0.0002);
#830=CIRCLE('',#6805,0.0002);
#831=CIRCLE('',#6807,0.0002);
#832=CIRCLE('',#6810,0.0002);
#833=CIRCLE('',#6812,0.0002);
#834=CIRCLE('',#6813,0.0002);
#835=CIRCLE('',#6814,0.0002);
#836=CIRCLE('',#6818,0.0002);
#837=CIRCLE('',#6819,0.0002);
#838=CIRCLE('',#6821,0.0002);
#839=CIRCLE('',#6823,0.0002);
#840=CIRCLE('',#6825,0.0002);
#841=CIRCLE('',#6827,0.0002);
#842=CIRCLE('',#6829,0.0002);
#843=CIRCLE('',#6831,0.0002);
#844=CIRCLE('',#6833,0.0002);
#845=CIRCLE('',#6835,0.0002);
#846=CIRCLE('',#6836,0.0002);
#847=CIRCLE('',#6838,0.0002);
#848=CIRCLE('',#6840,0.0002);
#849=CIRCLE('',#6842,0.0002);
#850=CIRCLE('',#6844,0.0002);
#851=CIRCLE('',#6846,0.0002);
#852=CIRCLE('',#6848,0.0002);
#853=CIRCLE('',#6850,0.0002);
#854=CIRCLE('',#6851,0.0002);
#855=CIRCLE('',#6853,0.0002);
#856=CIRCLE('',#6854,0.0002);
#857=CIRCLE('',#6856,0.0002);
#858=CIRCLE('',#6857,0.0002);
#859=CIRCLE('',#6858,0.0002);
#860=CIRCLE('',#6860,0.0002);
#861=CIRCLE('',#6862,0.0002);
#862=CIRCLE('',#6864,0.0002);
#863=CIRCLE('',#6866,0.0002);
#864=CIRCLE('',#6868,0.0002);
#865=CIRCLE('',#6870,0.0002);
#866=CIRCLE('',#6871,0.0002);
#867=CIRCLE('',#6873,0.0002);
#868=CIRCLE('',#6879,0.0002);
#869=CIRCLE('',#6881,0.0002);
#870=CIRCLE('',#6883,0.0002);
#871=CIRCLE('',#6885,0.0002);
#872=CIRCLE('',#6887,0.0002);
#873=CIRCLE('',#6889,0.0002);
#874=CIRCLE('',#6891,0.0002);
#875=CIRCLE('',#6893,0.0002);
#876=CIRCLE('',#6899,0.00035);
#877=CIRCLE('',#6902,0.00035);
#878=CIRCLE('',#6907,0.00035);
#879=CIRCLE('',#6911,0.00035);
#880=CIRCLE('',#6915,0.00035);
#881=CIRCLE('',#6918,0.00035);
#882=CIRCLE('',#6922,0.00035);
#883=CIRCLE('',#6927,0.00035);
#884=CIRCLE('',#6930,0.00035);
#885=CIRCLE('',#6934,0.00035);
#886=CIRCLE('',#6938,0.00035);
#887=CIRCLE('',#6942,0.00035);
#888=CIRCLE('',#6945,0.00035);
#889=CIRCLE('',#6948,0.00035);
#890=CIRCLE('',#6952,0.00035);
#891=CIRCLE('',#6955,0.00035);
#892=CIRCLE('',#6960,0.00035);
#893=CIRCLE('',#6964,0.00035);
#894=CIRCLE('',#6966,0.00035);
#895=CIRCLE('',#6972,0.00035);
#896=CIRCLE('',#6975,0.00035);
#897=CIRCLE('',#6979,0.00035);
#898=CIRCLE('',#6982,0.00035);
#899=CIRCLE('',#6986,0.00035);
#900=CIRCLE('',#6990,0.00035);
#901=CIRCLE('',#6994,0.00035);
#902=CIRCLE('',#6997,0.00035);
#903=CIRCLE('',#6999,0.00035);
#904=CIRCLE('',#7003,0.00035);
#905=CIRCLE('',#7005,0.00035);
#906=CIRCLE('',#7009,0.00035);
#907=CIRCLE('',#7011,0.00035);
#908=CIRCLE('',#7015,0.00035);
#909=CIRCLE('',#7017,0.00035);
#910=CIRCLE('',#7021,0.00035);
#911=CIRCLE('',#7023,0.00035);
#912=CIRCLE('',#7026,0.00035);
#913=CIRCLE('',#7028,0.00035);
#914=CIRCLE('',#7032,0.00035);
#915=CIRCLE('',#7034,0.00035);
#916=CIRCLE('',#7038,0.00035);
#917=CIRCLE('',#7040,0.00035);
#918=CIRCLE('',#7044,0.00035);
#919=CIRCLE('',#7046,0.00035);
#920=CIRCLE('',#7050,0.00035);
#921=CIRCLE('',#7051,0.00035);
#922=CIRCLE('',#7062,0.0027);
#923=CIRCLE('',#7063,0.0025);
#924=CIRCLE('',#7065,0.0025);
#925=CIRCLE('',#7069,0.0027);
#926=CIRCLE('',#7072,0.0025);
#927=CIRCLE('',#7073,0.0027);
#928=CIRCLE('',#7075,0.003);
#929=CIRCLE('',#7080,0.003);
#930=CIRCLE('',#7083,0.0025);
#931=CIRCLE('',#7084,0.0025);
#932=CIRCLE('',#7085,0.0025);
#933=CIRCLE('',#7087,0.0025);
#934=CIRCLE('',#7088,0.0025);
#935=CIRCLE('',#7090,0.00025);
#936=CIRCLE('',#7092,0.00025);
#937=CIRCLE('',#7096,0.0005);
#938=CIRCLE('',#7098,0.0005);
#939=CIRCLE('',#7100,0.0025);
#940=CIRCLE('',#7101,0.0027);
#941=CIRCLE('',#7103,0.0025);
#942=CIRCLE('',#7104,0.0027);
#943=CIRCLE('',#7106,0.0025);
#944=CIRCLE('',#7108,0.0025);
#945=CIRCLE('',#7110,0.0025);
#946=CIRCLE('',#7111,0.0025);
#947=CIRCLE('',#7118,0.0025);
#948=CIRCLE('',#7119,0.0025);
#949=CIRCLE('',#7122,0.001);
#950=CIRCLE('',#7123,0.001);
#951=CIRCLE('',#7126,0.001);
#952=CIRCLE('',#7127,0.001);
#953=CIRCLE('',#7130,0.0025);
#954=CIRCLE('',#7134,0.0027);
#955=CIRCLE('',#7137,0.0025);
#956=CIRCLE('',#7139,0.0025);
#957=CIRCLE('',#7141,0.0005);
#958=CIRCLE('',#7143,0.0025);
#959=CIRCLE('',#7146,0.0025);
#960=CIRCLE('',#7155,0.0025);
#961=CIRCLE('',#7159,0.00025);
#962=CIRCLE('',#7161,0.00025);
#963=CIRCLE('',#7165,0.00025);
#964=CIRCLE('',#7167,0.00025);
#965=CIRCLE('',#7172,0.00025);
#966=CIRCLE('',#7173,0.00025);
#967=CIRCLE('',#7179,0.00025);
#968=CIRCLE('',#7180,0.00025);
#969=CIRCLE('',#7184,0.00025);
#970=CIRCLE('',#7186,0.00025);
#971=CIRCLE('',#7191,0.00025);
#972=CIRCLE('',#7192,0.00025);
#973=CIRCLE('',#7197,0.00025);
#974=CIRCLE('',#7198,0.00025);
#975=CIRCLE('',#7203,0.00025);
#976=CIRCLE('',#7204,0.00025);
#977=CIRCLE('',#7208,0.00025);
#978=CIRCLE('',#7210,0.00025);
#979=CIRCLE('',#7215,0.00025);
#980=CIRCLE('',#7216,0.00025);
#981=CIRCLE('',#7221,0.00025);
#982=CIRCLE('',#7222,0.00025);
#983=CIRCLE('',#7227,0.00025);
#984=CIRCLE('',#7228,0.00025);
#985=CIRCLE('',#7232,0.00025);
#986=CIRCLE('',#7234,0.00025);
#987=CIRCLE('',#7238,0.00025);
#988=CIRCLE('',#7240,0.00025);
#989=CIRCLE('',#7244,0.00025);
#990=CIRCLE('',#7245,0.00025);
#991=CIRCLE('',#7250,0.00025);
#992=CIRCLE('',#7252,0.00025);
#993=CIRCLE('',#7256,0.00025);
#994=CIRCLE('',#7257,0.00025);
#995=CIRCLE('',#7263,0.00025);
#996=CIRCLE('',#7264,0.00025);
#997=CIRCLE('',#7269,0.00025);
#998=CIRCLE('',#7271,0.00025);
#999=CIRCLE('',#7276,0.00025);
#1000=CIRCLE('',#7277,0.00025);
#1001=CIRCLE('',#7281,0.00025);
#1002=CIRCLE('',#7282,0.00025);
#1003=CIRCLE('',#7288,0.00025);
#1004=CIRCLE('',#7289,0.00025);
#1005=CIRCLE('',#7294,0.00025);
#1006=CIRCLE('',#7295,0.00025);
#1007=CIRCLE('',#7300,0.00025);
#1008=CIRCLE('',#7301,0.00025);
#1009=CIRCLE('',#7305,0.00025);
#1010=CIRCLE('',#7306,0.00025);
#1011=CIRCLE('',#7312,0.00025);
#1012=CIRCLE('',#7313,0.00025);
#1013=CIRCLE('',#7318,0.00025);
#1014=CIRCLE('',#7319,0.00025);
#1015=CIRCLE('',#7324,0.00025);
#1016=CIRCLE('',#7325,0.00025);
#1017=CIRCLE('',#7329,0.00025);
#1018=CIRCLE('',#7330,0.00025);
#1019=CIRCLE('',#7335,0.00025);
#1020=CIRCLE('',#7336,0.00025);
#1021=CIRCLE('',#7341,0.00025);
#1022=CIRCLE('',#7342,0.00025);
#1023=ORIENTED_EDGE('',*,*,#3091,.F.);
#1024=ORIENTED_EDGE('',*,*,#3092,.F.);
#1025=ORIENTED_EDGE('',*,*,#3093,.T.);
#1026=ORIENTED_EDGE('',*,*,#3094,.F.);
#1027=ORIENTED_EDGE('',*,*,#3095,.F.);
#1028=ORIENTED_EDGE('',*,*,#3096,.T.);
#1029=ORIENTED_EDGE('',*,*,#3097,.F.);
#1030=ORIENTED_EDGE('',*,*,#3098,.F.);
#1031=ORIENTED_EDGE('',*,*,#3099,.T.);
#1032=ORIENTED_EDGE('',*,*,#3100,.F.);
#1033=ORIENTED_EDGE('',*,*,#3101,.F.);
#1034=ORIENTED_EDGE('',*,*,#3102,.T.);
#1035=ORIENTED_EDGE('',*,*,#3103,.F.);
#1036=ORIENTED_EDGE('',*,*,#3104,.F.);
#1037=ORIENTED_EDGE('',*,*,#3105,.T.);
#1038=ORIENTED_EDGE('',*,*,#3106,.F.);
#1039=ORIENTED_EDGE('',*,*,#3107,.F.);
#1040=ORIENTED_EDGE('',*,*,#3108,.T.);
#1041=ORIENTED_EDGE('',*,*,#3109,.F.);
#1042=ORIENTED_EDGE('',*,*,#3110,.F.);
#1043=ORIENTED_EDGE('',*,*,#3111,.T.);
#1044=ORIENTED_EDGE('',*,*,#3112,.F.);
#1045=ORIENTED_EDGE('',*,*,#3113,.F.);
#1046=ORIENTED_EDGE('',*,*,#3114,.T.);
#1047=ORIENTED_EDGE('',*,*,#3115,.F.);
#1048=ORIENTED_EDGE('',*,*,#3116,.F.);
#1049=ORIENTED_EDGE('',*,*,#3117,.T.);
#1050=ORIENTED_EDGE('',*,*,#3118,.F.);
#1051=ORIENTED_EDGE('',*,*,#3119,.F.);
#1052=ORIENTED_EDGE('',*,*,#3120,.T.);
#1053=ORIENTED_EDGE('',*,*,#3121,.T.);
#1054=ORIENTED_EDGE('',*,*,#3122,.F.);
#1055=ORIENTED_EDGE('',*,*,#3123,.F.);
#1056=ORIENTED_EDGE('',*,*,#3124,.F.);
#1057=ORIENTED_EDGE('',*,*,#3125,.F.);
#1058=ORIENTED_EDGE('',*,*,#3126,.F.);
#1059=ORIENTED_EDGE('',*,*,#3127,.F.);
#1060=ORIENTED_EDGE('',*,*,#3128,.F.);
#1061=ORIENTED_EDGE('',*,*,#3129,.F.);
#1062=ORIENTED_EDGE('',*,*,#3130,.F.);
#1063=ORIENTED_EDGE('',*,*,#3131,.F.);
#1064=ORIENTED_EDGE('',*,*,#3132,.F.);
#1065=ORIENTED_EDGE('',*,*,#3133,.F.);
#1066=ORIENTED_EDGE('',*,*,#3134,.F.);
#1067=ORIENTED_EDGE('',*,*,#3135,.F.);
#1068=ORIENTED_EDGE('',*,*,#3136,.F.);
#1069=ORIENTED_EDGE('',*,*,#3137,.F.);
#1070=ORIENTED_EDGE('',*,*,#3138,.T.);
#1071=ORIENTED_EDGE('',*,*,#3139,.T.);
#1072=ORIENTED_EDGE('',*,*,#3140,.T.);
#1073=ORIENTED_EDGE('',*,*,#3141,.T.);
#1074=ORIENTED_EDGE('',*,*,#3142,.T.);
#1075=ORIENTED_EDGE('',*,*,#3143,.T.);
#1076=ORIENTED_EDGE('',*,*,#3144,.T.);
#1077=ORIENTED_EDGE('',*,*,#3145,.T.);
#1078=ORIENTED_EDGE('',*,*,#3146,.T.);
#1079=ORIENTED_EDGE('',*,*,#3147,.T.);
#1080=ORIENTED_EDGE('',*,*,#3148,.T.);
#1081=ORIENTED_EDGE('',*,*,#3149,.T.);
#1082=ORIENTED_EDGE('',*,*,#3150,.T.);
#1083=ORIENTED_EDGE('',*,*,#3151,.T.);
#1084=ORIENTED_EDGE('',*,*,#3152,.T.);
#1085=ORIENTED_EDGE('',*,*,#3153,.T.);
#1086=ORIENTED_EDGE('',*,*,#3154,.T.);
#1087=ORIENTED_EDGE('',*,*,#3155,.T.);
#1088=ORIENTED_EDGE('',*,*,#3156,.T.);
#1089=ORIENTED_EDGE('',*,*,#3157,.T.);
#1090=ORIENTED_EDGE('',*,*,#3158,.T.);
#1091=ORIENTED_EDGE('',*,*,#3159,.T.);
#1092=ORIENTED_EDGE('',*,*,#3160,.T.);
#1093=ORIENTED_EDGE('',*,*,#3161,.T.);
#1094=ORIENTED_EDGE('',*,*,#3162,.T.);
#1095=ORIENTED_EDGE('',*,*,#3163,.T.);
#1096=ORIENTED_EDGE('',*,*,#3164,.T.);
#1097=ORIENTED_EDGE('',*,*,#3165,.T.);
#1098=ORIENTED_EDGE('',*,*,#3166,.T.);
#1099=ORIENTED_EDGE('',*,*,#3167,.T.);
#1100=ORIENTED_EDGE('',*,*,#3168,.T.);
#1101=ORIENTED_EDGE('',*,*,#3169,.T.);
#1102=ORIENTED_EDGE('',*,*,#3170,.T.);
#1103=ORIENTED_EDGE('',*,*,#3171,.T.);
#1104=ORIENTED_EDGE('',*,*,#3172,.T.);
#1105=ORIENTED_EDGE('',*,*,#3173,.T.);
#1106=ORIENTED_EDGE('',*,*,#3174,.T.);
#1107=ORIENTED_EDGE('',*,*,#3175,.T.);
#1108=ORIENTED_EDGE('',*,*,#3176,.T.);
#1109=ORIENTED_EDGE('',*,*,#3177,.T.);
#1110=ORIENTED_EDGE('',*,*,#3178,.T.);
#1111=ORIENTED_EDGE('',*,*,#3179,.T.);
#1112=ORIENTED_EDGE('',*,*,#3180,.T.);
#1113=ORIENTED_EDGE('',*,*,#3181,.T.);
#1114=ORIENTED_EDGE('',*,*,#3182,.T.);
#1115=ORIENTED_EDGE('',*,*,#3183,.T.);
#1116=ORIENTED_EDGE('',*,*,#3184,.T.);
#1117=ORIENTED_EDGE('',*,*,#3185,.T.);
#1118=ORIENTED_EDGE('',*,*,#3186,.T.);
#1119=ORIENTED_EDGE('',*,*,#3187,.T.);
#1120=ORIENTED_EDGE('',*,*,#3188,.T.);
#1121=ORIENTED_EDGE('',*,*,#3189,.T.);
#1122=ORIENTED_EDGE('',*,*,#3190,.F.);
#1123=ORIENTED_EDGE('',*,*,#3191,.T.);
#1124=ORIENTED_EDGE('',*,*,#3192,.T.);
#1125=ORIENTED_EDGE('',*,*,#3193,.T.);
#1126=ORIENTED_EDGE('',*,*,#3194,.T.);
#1127=ORIENTED_EDGE('',*,*,#3195,.T.);
#1128=ORIENTED_EDGE('',*,*,#3196,.T.);
#1129=ORIENTED_EDGE('',*,*,#3197,.T.);
#1130=ORIENTED_EDGE('',*,*,#3198,.T.);
#1131=ORIENTED_EDGE('',*,*,#3199,.T.);
#1132=ORIENTED_EDGE('',*,*,#3200,.T.);
#1133=ORIENTED_EDGE('',*,*,#3201,.T.);
#1134=ORIENTED_EDGE('',*,*,#3202,.T.);
#1135=ORIENTED_EDGE('',*,*,#3203,.T.);
#1136=ORIENTED_EDGE('',*,*,#3204,.T.);
#1137=ORIENTED_EDGE('',*,*,#3205,.T.);
#1138=ORIENTED_EDGE('',*,*,#3206,.T.);
#1139=ORIENTED_EDGE('',*,*,#3207,.T.);
#1140=ORIENTED_EDGE('',*,*,#3208,.T.);
#1141=ORIENTED_EDGE('',*,*,#3209,.T.);
#1142=ORIENTED_EDGE('',*,*,#3210,.T.);
#1143=ORIENTED_EDGE('',*,*,#3211,.T.);
#1144=ORIENTED_EDGE('',*,*,#3212,.T.);
#1145=ORIENTED_EDGE('',*,*,#3213,.T.);
#1146=ORIENTED_EDGE('',*,*,#3214,.T.);
#1147=ORIENTED_EDGE('',*,*,#3215,.T.);
#1148=ORIENTED_EDGE('',*,*,#3216,.T.);
#1149=ORIENTED_EDGE('',*,*,#3217,.T.);
#1150=ORIENTED_EDGE('',*,*,#3218,.T.);
#1151=ORIENTED_EDGE('',*,*,#3219,.T.);
#1152=ORIENTED_EDGE('',*,*,#3220,.T.);
#1153=ORIENTED_EDGE('',*,*,#3221,.T.);
#1154=ORIENTED_EDGE('',*,*,#3222,.T.);
#1155=ORIENTED_EDGE('',*,*,#3223,.T.);
#1156=ORIENTED_EDGE('',*,*,#3224,.T.);
#1157=ORIENTED_EDGE('',*,*,#3225,.T.);
#1158=ORIENTED_EDGE('',*,*,#3226,.T.);
#1159=ORIENTED_EDGE('',*,*,#3227,.T.);
#1160=ORIENTED_EDGE('',*,*,#3228,.T.);
#1161=ORIENTED_EDGE('',*,*,#3229,.T.);
#1162=ORIENTED_EDGE('',*,*,#3230,.T.);
#1163=ORIENTED_EDGE('',*,*,#3231,.T.);
#1164=ORIENTED_EDGE('',*,*,#3232,.T.);
#1165=ORIENTED_EDGE('',*,*,#3233,.T.);
#1166=ORIENTED_EDGE('',*,*,#3234,.T.);
#1167=ORIENTED_EDGE('',*,*,#3235,.T.);
#1168=ORIENTED_EDGE('',*,*,#3236,.T.);
#1169=ORIENTED_EDGE('',*,*,#3237,.T.);
#1170=ORIENTED_EDGE('',*,*,#3238,.T.);
#1171=ORIENTED_EDGE('',*,*,#3239,.T.);
#1172=ORIENTED_EDGE('',*,*,#3240,.T.);
#1173=ORIENTED_EDGE('',*,*,#3241,.T.);
#1174=ORIENTED_EDGE('',*,*,#3242,.T.);
#1175=ORIENTED_EDGE('',*,*,#3243,.T.);
#1176=ORIENTED_EDGE('',*,*,#3244,.T.);
#1177=ORIENTED_EDGE('',*,*,#3245,.F.);
#1178=ORIENTED_EDGE('',*,*,#3246,.T.);
#1179=ORIENTED_EDGE('',*,*,#3247,.T.);
#1180=ORIENTED_EDGE('',*,*,#3248,.T.);
#1181=ORIENTED_EDGE('',*,*,#3249,.T.);
#1182=ORIENTED_EDGE('',*,*,#3250,.T.);
#1183=ORIENTED_EDGE('',*,*,#3251,.F.);
#1184=ORIENTED_EDGE('',*,*,#3252,.T.);
#1185=ORIENTED_EDGE('',*,*,#3253,.T.);
#1186=ORIENTED_EDGE('',*,*,#3254,.F.);
#1187=ORIENTED_EDGE('',*,*,#3255,.T.);
#1188=ORIENTED_EDGE('',*,*,#3256,.T.);
#1189=ORIENTED_EDGE('',*,*,#3257,.T.);
#1190=ORIENTED_EDGE('',*,*,#3258,.T.);
#1191=ORIENTED_EDGE('',*,*,#3259,.T.);
#1192=ORIENTED_EDGE('',*,*,#3260,.T.);
#1193=ORIENTED_EDGE('',*,*,#3261,.T.);
#1194=ORIENTED_EDGE('',*,*,#3262,.T.);
#1195=ORIENTED_EDGE('',*,*,#3263,.T.);
#1196=ORIENTED_EDGE('',*,*,#3264,.T.);
#1197=ORIENTED_EDGE('',*,*,#3265,.T.);
#1198=ORIENTED_EDGE('',*,*,#3266,.T.);
#1199=ORIENTED_EDGE('',*,*,#3267,.T.);
#1200=ORIENTED_EDGE('',*,*,#3268,.T.);
#1201=ORIENTED_EDGE('',*,*,#3269,.F.);
#1202=ORIENTED_EDGE('',*,*,#3270,.T.);
#1203=ORIENTED_EDGE('',*,*,#3271,.T.);
#1204=ORIENTED_EDGE('',*,*,#3272,.F.);
#1205=ORIENTED_EDGE('',*,*,#3273,.T.);
#1206=ORIENTED_EDGE('',*,*,#3274,.T.);
#1207=ORIENTED_EDGE('',*,*,#3275,.T.);
#1208=ORIENTED_EDGE('',*,*,#3276,.T.);
#1209=ORIENTED_EDGE('',*,*,#3277,.T.);
#1210=ORIENTED_EDGE('',*,*,#3278,.T.);
#1211=ORIENTED_EDGE('',*,*,#3279,.T.);
#1212=ORIENTED_EDGE('',*,*,#3280,.T.);
#1213=ORIENTED_EDGE('',*,*,#3281,.T.);
#1214=ORIENTED_EDGE('',*,*,#3282,.F.);
#1215=ORIENTED_EDGE('',*,*,#3283,.T.);
#1216=ORIENTED_EDGE('',*,*,#3284,.T.);
#1217=ORIENTED_EDGE('',*,*,#3285,.T.);
#1218=ORIENTED_EDGE('',*,*,#3286,.T.);
#1219=ORIENTED_EDGE('',*,*,#3287,.T.);
#1220=ORIENTED_EDGE('',*,*,#3288,.T.);
#1221=ORIENTED_EDGE('',*,*,#3289,.T.);
#1222=ORIENTED_EDGE('',*,*,#3290,.T.);
#1223=ORIENTED_EDGE('',*,*,#3291,.T.);
#1224=ORIENTED_EDGE('',*,*,#3292,.T.);
#1225=ORIENTED_EDGE('',*,*,#3293,.T.);
#1226=ORIENTED_EDGE('',*,*,#3294,.T.);
#1227=ORIENTED_EDGE('',*,*,#3295,.T.);
#1228=ORIENTED_EDGE('',*,*,#3296,.T.);
#1229=ORIENTED_EDGE('',*,*,#3297,.T.);
#1230=ORIENTED_EDGE('',*,*,#3298,.T.);
#1231=ORIENTED_EDGE('',*,*,#3299,.T.);
#1232=ORIENTED_EDGE('',*,*,#3300,.T.);
#1233=ORIENTED_EDGE('',*,*,#3245,.T.);
#1234=ORIENTED_EDGE('',*,*,#3300,.F.);
#1235=ORIENTED_EDGE('',*,*,#3301,.T.);
#1236=ORIENTED_EDGE('',*,*,#3302,.T.);
#1237=ORIENTED_EDGE('',*,*,#3303,.T.);
#1238=ORIENTED_EDGE('',*,*,#3240,.F.);
#1239=ORIENTED_EDGE('',*,*,#3304,.T.);
#1240=ORIENTED_EDGE('',*,*,#3305,.T.);
#1241=ORIENTED_EDGE('',*,*,#3306,.T.);
#1242=ORIENTED_EDGE('',*,*,#3246,.F.);
#1243=ORIENTED_EDGE('',*,*,#3307,.T.);
#1244=ORIENTED_EDGE('',*,*,#3254,.T.);
#1245=ORIENTED_EDGE('',*,*,#3251,.T.);
#1246=ORIENTED_EDGE('',*,*,#3308,.T.);
#1247=ORIENTED_EDGE('',*,*,#3255,.F.);
#1248=ORIENTED_EDGE('',*,*,#3307,.F.);
#1249=ORIENTED_EDGE('',*,*,#3269,.T.);
#1250=ORIENTED_EDGE('',*,*,#3309,.T.);
#1251=ORIENTED_EDGE('',*,*,#3261,.F.);
#1252=ORIENTED_EDGE('',*,*,#3310,.T.);
#1253=ORIENTED_EDGE('',*,*,#3311,.T.);
#1254=ORIENTED_EDGE('',*,*,#3312,.T.);
#1255=ORIENTED_EDGE('',*,*,#3313,.T.);
#1256=ORIENTED_EDGE('',*,*,#3264,.F.);
#1257=ORIENTED_EDGE('',*,*,#3310,.F.);
#1258=ORIENTED_EDGE('',*,*,#3260,.F.);
#1259=ORIENTED_EDGE('',*,*,#3314,.T.);
#1260=ORIENTED_EDGE('',*,*,#3315,.T.);
#1261=ORIENTED_EDGE('',*,*,#3316,.T.);
#1262=ORIENTED_EDGE('',*,*,#3272,.T.);
#1263=ORIENTED_EDGE('',*,*,#3317,.T.);
#1264=ORIENTED_EDGE('',*,*,#3316,.F.);
#1265=ORIENTED_EDGE('',*,*,#3318,.T.);
#1266=ORIENTED_EDGE('',*,*,#3319,.T.);
#1267=ORIENTED_EDGE('',*,*,#3273,.F.);
#1268=ORIENTED_EDGE('',*,*,#3320,.T.);
#1269=ORIENTED_EDGE('',*,*,#3321,.T.);
#1270=ORIENTED_EDGE('',*,*,#3322,.T.);
#1271=ORIENTED_EDGE('',*,*,#3323,.T.);
#1272=ORIENTED_EDGE('',*,*,#3324,.T.);
#1273=ORIENTED_EDGE('',*,*,#3325,.T.);
#1274=ORIENTED_EDGE('',*,*,#3326,.T.);
#1275=ORIENTED_EDGE('',*,*,#3327,.T.);
#1276=ORIENTED_EDGE('',*,*,#3328,.T.);
#1277=ORIENTED_EDGE('',*,*,#3329,.T.);
#1278=ORIENTED_EDGE('',*,*,#3330,.T.);
#1279=ORIENTED_EDGE('',*,*,#3331,.T.);
#1280=ORIENTED_EDGE('',*,*,#3332,.T.);
#1281=ORIENTED_EDGE('',*,*,#3333,.T.);
#1282=ORIENTED_EDGE('',*,*,#3334,.T.);
#1283=ORIENTED_EDGE('',*,*,#3335,.T.);
#1284=ORIENTED_EDGE('',*,*,#3336,.T.);
#1285=ORIENTED_EDGE('',*,*,#3337,.T.);
#1286=ORIENTED_EDGE('',*,*,#3338,.T.);
#1287=ORIENTED_EDGE('',*,*,#3339,.T.);
#1288=ORIENTED_EDGE('',*,*,#3340,.T.);
#1289=ORIENTED_EDGE('',*,*,#3341,.T.);
#1290=ORIENTED_EDGE('',*,*,#3342,.T.);
#1291=ORIENTED_EDGE('',*,*,#3343,.T.);
#1292=ORIENTED_EDGE('',*,*,#3344,.T.);
#1293=ORIENTED_EDGE('',*,*,#3345,.T.);
#1294=ORIENTED_EDGE('',*,*,#3346,.T.);
#1295=ORIENTED_EDGE('',*,*,#3347,.T.);
#1296=ORIENTED_EDGE('',*,*,#3348,.T.);
#1297=ORIENTED_EDGE('',*,*,#3349,.T.);
#1298=ORIENTED_EDGE('',*,*,#3350,.T.);
#1299=ORIENTED_EDGE('',*,*,#3351,.T.);
#1300=ORIENTED_EDGE('',*,*,#3352,.F.);
#1301=ORIENTED_EDGE('',*,*,#3353,.F.);
#1302=ORIENTED_EDGE('',*,*,#3354,.F.);
#1303=ORIENTED_EDGE('',*,*,#3355,.F.);
#1304=ORIENTED_EDGE('',*,*,#3356,.F.);
#1305=ORIENTED_EDGE('',*,*,#3357,.F.);
#1306=ORIENTED_EDGE('',*,*,#3358,.F.);
#1307=ORIENTED_EDGE('',*,*,#3359,.F.);
#1308=ORIENTED_EDGE('',*,*,#3360,.F.);
#1309=ORIENTED_EDGE('',*,*,#3361,.T.);
#1310=ORIENTED_EDGE('',*,*,#3362,.T.);
#1311=ORIENTED_EDGE('',*,*,#3363,.T.);
#1312=ORIENTED_EDGE('',*,*,#3364,.F.);
#1313=ORIENTED_EDGE('',*,*,#3365,.F.);
#1314=ORIENTED_EDGE('',*,*,#3366,.F.);
#1315=ORIENTED_EDGE('',*,*,#3367,.F.);
#1316=ORIENTED_EDGE('',*,*,#3368,.F.);
#1317=ORIENTED_EDGE('',*,*,#3369,.F.);
#1318=ORIENTED_EDGE('',*,*,#3370,.F.);
#1319=ORIENTED_EDGE('',*,*,#3371,.F.);
#1320=ORIENTED_EDGE('',*,*,#3372,.F.);
#1321=ORIENTED_EDGE('',*,*,#3373,.F.);
#1322=ORIENTED_EDGE('',*,*,#3374,.T.);
#1323=ORIENTED_EDGE('',*,*,#3375,.T.);
#1324=ORIENTED_EDGE('',*,*,#3376,.T.);
#1325=ORIENTED_EDGE('',*,*,#3377,.T.);
#1326=ORIENTED_EDGE('',*,*,#3378,.T.);
#1327=ORIENTED_EDGE('',*,*,#3379,.F.);
#1328=ORIENTED_EDGE('',*,*,#3351,.F.);
#1329=ORIENTED_EDGE('',*,*,#3380,.F.);
#1330=ORIENTED_EDGE('',*,*,#3252,.F.);
#1331=ORIENTED_EDGE('',*,*,#3381,.F.);
#1332=ORIENTED_EDGE('',*,*,#3379,.T.);
#1333=ORIENTED_EDGE('',*,*,#3382,.F.);
#1334=ORIENTED_EDGE('',*,*,#3383,.F.);
#1335=ORIENTED_EDGE('',*,*,#3380,.T.);
#1336=ORIENTED_EDGE('',*,*,#3384,.F.);
#1337=ORIENTED_EDGE('',*,*,#3257,.F.);
#1338=ORIENTED_EDGE('',*,*,#3385,.F.);
#1339=ORIENTED_EDGE('',*,*,#3199,.F.);
#1340=ORIENTED_EDGE('',*,*,#3382,.T.);
#1341=ORIENTED_EDGE('',*,*,#3381,.T.);
#1342=ORIENTED_EDGE('',*,*,#3198,.F.);
#1343=ORIENTED_EDGE('',*,*,#3386,.F.);
#1344=ORIENTED_EDGE('',*,*,#3348,.F.);
#1345=ORIENTED_EDGE('',*,*,#3387,.F.);
#1346=ORIENTED_EDGE('',*,*,#3349,.F.);
#1347=ORIENTED_EDGE('',*,*,#3388,.F.);
#1348=ORIENTED_EDGE('',*,*,#3292,.F.);
#1349=ORIENTED_EDGE('',*,*,#3384,.T.);
#1350=ORIENTED_EDGE('',*,*,#3350,.F.);
#1351=ORIENTED_EDGE('',*,*,#3389,.F.);
#1352=ORIENTED_EDGE('',*,*,#3224,.F.);
#1353=ORIENTED_EDGE('',*,*,#3383,.T.);
#1354=ORIENTED_EDGE('',*,*,#3223,.F.);
#1355=ORIENTED_EDGE('',*,*,#3390,.F.);
#1356=ORIENTED_EDGE('',*,*,#3304,.F.);
#1357=ORIENTED_EDGE('',*,*,#3253,.F.);
#1358=ORIENTED_EDGE('',*,*,#3308,.F.);
#1359=ORIENTED_EDGE('',*,*,#3250,.F.);
#1360=ORIENTED_EDGE('',*,*,#3391,.F.);
#1361=ORIENTED_EDGE('',*,*,#3200,.F.);
#1362=ORIENTED_EDGE('',*,*,#3385,.T.);
#1363=ORIENTED_EDGE('',*,*,#3256,.F.);
#1364=ORIENTED_EDGE('',*,*,#3388,.T.);
#1365=ORIENTED_EDGE('',*,*,#3386,.T.);
#1366=ORIENTED_EDGE('',*,*,#3392,.F.);
#1367=ORIENTED_EDGE('',*,*,#3389,.T.);
#1368=ORIENTED_EDGE('',*,*,#3387,.T.);
#1369=ORIENTED_EDGE('',*,*,#3393,.F.);
#1370=ORIENTED_EDGE('',*,*,#3390,.T.);
#1371=ORIENTED_EDGE('',*,*,#3222,.F.);
#1372=ORIENTED_EDGE('',*,*,#3394,.F.);
#1373=ORIENTED_EDGE('',*,*,#3305,.F.);
#1374=ORIENTED_EDGE('',*,*,#3391,.T.);
#1375=ORIENTED_EDGE('',*,*,#3249,.F.);
#1376=ORIENTED_EDGE('',*,*,#3395,.F.);
#1377=ORIENTED_EDGE('',*,*,#3201,.F.);
#1378=ORIENTED_EDGE('',*,*,#3392,.T.);
#1379=ORIENTED_EDGE('',*,*,#3197,.F.);
#1380=ORIENTED_EDGE('',*,*,#3396,.F.);
#1381=ORIENTED_EDGE('',*,*,#3293,.F.);
#1382=ORIENTED_EDGE('',*,*,#3397,.F.);
#1383=ORIENTED_EDGE('',*,*,#3290,.F.);
#1384=ORIENTED_EDGE('',*,*,#3398,.F.);
#1385=ORIENTED_EDGE('',*,*,#3344,.F.);
#1386=ORIENTED_EDGE('',*,*,#3393,.T.);
#1387=ORIENTED_EDGE('',*,*,#3291,.F.);
#1388=ORIENTED_EDGE('',*,*,#3399,.F.);
#1389=ORIENTED_EDGE('',*,*,#3225,.F.);
#1390=ORIENTED_EDGE('',*,*,#3394,.T.);
#1391=ORIENTED_EDGE('',*,*,#3221,.F.);
#1392=ORIENTED_EDGE('',*,*,#3400,.F.);
#1393=ORIENTED_EDGE('',*,*,#3247,.F.);
#1394=ORIENTED_EDGE('',*,*,#3306,.F.);
#1395=ORIENTED_EDGE('',*,*,#3401,.F.);
#1396=ORIENTED_EDGE('',*,*,#3248,.F.);
#1397=ORIENTED_EDGE('',*,*,#3402,.F.);
#1398=ORIENTED_EDGE('',*,*,#3341,.F.);
#1399=ORIENTED_EDGE('',*,*,#3395,.T.);
#1400=ORIENTED_EDGE('',*,*,#3401,.T.);
#1401=ORIENTED_EDGE('',*,*,#3403,.F.);
#1402=ORIENTED_EDGE('',*,*,#3398,.T.);
#1403=ORIENTED_EDGE('',*,*,#3396,.T.);
#1404=ORIENTED_EDGE('',*,*,#3404,.F.);
#1405=ORIENTED_EDGE('',*,*,#3399,.T.);
#1406=ORIENTED_EDGE('',*,*,#3397,.T.);
#1407=ORIENTED_EDGE('',*,*,#3405,.F.);
#1408=ORIENTED_EDGE('',*,*,#3402,.T.);
#1409=ORIENTED_EDGE('',*,*,#3400,.T.);
#1410=ORIENTED_EDGE('',*,*,#3406,.F.);
#1411=ORIENTED_EDGE('',*,*,#3403,.T.);
#1412=ORIENTED_EDGE('',*,*,#3340,.F.);
#1413=ORIENTED_EDGE('',*,*,#3407,.F.);
#1414=ORIENTED_EDGE('',*,*,#3202,.F.);
#1415=ORIENTED_EDGE('',*,*,#3404,.T.);
#1416=ORIENTED_EDGE('',*,*,#3196,.F.);
#1417=ORIENTED_EDGE('',*,*,#3408,.F.);
#1418=ORIENTED_EDGE('',*,*,#3345,.F.);
#1419=ORIENTED_EDGE('',*,*,#3409,.F.);
#1420=ORIENTED_EDGE('',*,*,#3346,.F.);
#1421=ORIENTED_EDGE('',*,*,#3410,.F.);
#1422=ORIENTED_EDGE('',*,*,#3266,.F.);
#1423=ORIENTED_EDGE('',*,*,#3405,.T.);
#1424=ORIENTED_EDGE('',*,*,#3343,.F.);
#1425=ORIENTED_EDGE('',*,*,#3411,.F.);
#1426=ORIENTED_EDGE('',*,*,#3226,.F.);
#1427=ORIENTED_EDGE('',*,*,#3406,.T.);
#1428=ORIENTED_EDGE('',*,*,#3220,.F.);
#1429=ORIENTED_EDGE('',*,*,#3412,.F.);
#1430=ORIENTED_EDGE('',*,*,#3338,.F.);
#1431=ORIENTED_EDGE('',*,*,#3413,.F.);
#1432=ORIENTED_EDGE('',*,*,#3339,.F.);
#1433=ORIENTED_EDGE('',*,*,#3414,.F.);
#1434=ORIENTED_EDGE('',*,*,#3276,.F.);
#1435=ORIENTED_EDGE('',*,*,#3407,.T.);
#1436=ORIENTED_EDGE('',*,*,#3413,.T.);
#1437=ORIENTED_EDGE('',*,*,#3415,.F.);
#1438=ORIENTED_EDGE('',*,*,#3410,.T.);
#1439=ORIENTED_EDGE('',*,*,#3408,.T.);
#1440=ORIENTED_EDGE('',*,*,#3416,.F.);
#1441=ORIENTED_EDGE('',*,*,#3411,.T.);
#1442=ORIENTED_EDGE('',*,*,#3409,.T.);
#1443=ORIENTED_EDGE('',*,*,#3417,.F.);
#1444=ORIENTED_EDGE('',*,*,#3414,.T.);
#1445=ORIENTED_EDGE('',*,*,#3412,.T.);
#1446=ORIENTED_EDGE('',*,*,#3418,.F.);
#1447=ORIENTED_EDGE('',*,*,#3415,.T.);
#1448=ORIENTED_EDGE('',*,*,#3279,.F.);
#1449=ORIENTED_EDGE('',*,*,#3419,.F.);
#1450=ORIENTED_EDGE('',*,*,#3203,.F.);
#1451=ORIENTED_EDGE('',*,*,#3416,.T.);
#1452=ORIENTED_EDGE('',*,*,#3217,.F.);
#1453=ORIENTED_EDGE('',*,*,#3420,.F.);
#1454=ORIENTED_EDGE('',*,*,#3267,.F.);
#1455=ORIENTED_EDGE('',*,*,#3265,.F.);
#1456=ORIENTED_EDGE('',*,*,#3313,.F.);
#1457=ORIENTED_EDGE('',*,*,#3421,.F.);
#1458=ORIENTED_EDGE('',*,*,#3227,.F.);
#1459=ORIENTED_EDGE('',*,*,#3417,.T.);
#1460=ORIENTED_EDGE('',*,*,#3418,.T.);
#1461=ORIENTED_EDGE('',*,*,#3219,.F.);
#1462=ORIENTED_EDGE('',*,*,#3422,.F.);
#1463=ORIENTED_EDGE('',*,*,#3277,.F.);
#1464=ORIENTED_EDGE('',*,*,#3423,.F.);
#1465=ORIENTED_EDGE('',*,*,#3167,.F.);
#1466=ORIENTED_EDGE('',*,*,#3424,.F.);
#1467=ORIENTED_EDGE('',*,*,#3140,.F.);
#1468=ORIENTED_EDGE('',*,*,#3425,.F.);
#1469=ORIENTED_EDGE('',*,*,#3143,.F.);
#1470=ORIENTED_EDGE('',*,*,#3426,.F.);
#1471=ORIENTED_EDGE('',*,*,#3146,.F.);
#1472=ORIENTED_EDGE('',*,*,#3427,.F.);
#1473=ORIENTED_EDGE('',*,*,#3428,.F.);
#1474=ORIENTED_EDGE('',*,*,#3278,.F.);
#1475=ORIENTED_EDGE('',*,*,#3429,.F.);
#1476=ORIENTED_EDGE('',*,*,#3430,.F.);
#1477=ORIENTED_EDGE('',*,*,#3155,.F.);
#1478=ORIENTED_EDGE('',*,*,#3431,.F.);
#1479=ORIENTED_EDGE('',*,*,#3158,.F.);
#1480=ORIENTED_EDGE('',*,*,#3432,.F.);
#1481=ORIENTED_EDGE('',*,*,#3161,.F.);
#1482=ORIENTED_EDGE('',*,*,#3433,.F.);
#1483=ORIENTED_EDGE('',*,*,#3164,.F.);
#1484=ORIENTED_EDGE('',*,*,#3434,.F.);
#1485=ORIENTED_EDGE('',*,*,#3435,.F.);
#1486=ORIENTED_EDGE('',*,*,#3419,.T.);
#1487=ORIENTED_EDGE('',*,*,#3428,.T.);
#1488=ORIENTED_EDGE('',*,*,#3420,.T.);
#1489=ORIENTED_EDGE('',*,*,#3216,.F.);
#1490=ORIENTED_EDGE('',*,*,#3436,.F.);
#1491=ORIENTED_EDGE('',*,*,#3262,.F.);
#1492=ORIENTED_EDGE('',*,*,#3309,.F.);
#1493=ORIENTED_EDGE('',*,*,#3268,.F.);
#1494=ORIENTED_EDGE('',*,*,#3312,.F.);
#1495=ORIENTED_EDGE('',*,*,#3437,.F.);
#1496=ORIENTED_EDGE('',*,*,#3228,.F.);
#1497=ORIENTED_EDGE('',*,*,#3421,.T.);
#1498=ORIENTED_EDGE('',*,*,#3438,.F.);
#1499=ORIENTED_EDGE('',*,*,#3429,.T.);
#1500=ORIENTED_EDGE('',*,*,#3422,.T.);
#1501=ORIENTED_EDGE('',*,*,#3439,.F.);
#1502=ORIENTED_EDGE('',*,*,#3440,.F.);
#1503=ORIENTED_EDGE('',*,*,#3441,.F.);
#1504=ORIENTED_EDGE('',*,*,#3182,.F.);
#1505=ORIENTED_EDGE('',*,*,#3442,.F.);
#1506=ORIENTED_EDGE('',*,*,#3204,.F.);
#1507=ORIENTED_EDGE('',*,*,#3435,.T.);
#1508=ORIENTED_EDGE('',*,*,#3443,.F.);
#1509=ORIENTED_EDGE('',*,*,#3149,.F.);
#1510=ORIENTED_EDGE('',*,*,#3436,.T.);
#1511=ORIENTED_EDGE('',*,*,#3215,.F.);
#1512=ORIENTED_EDGE('',*,*,#3444,.F.);
#1513=ORIENTED_EDGE('',*,*,#3263,.F.);
#1514=ORIENTED_EDGE('',*,*,#3445,.F.);
#1515=ORIENTED_EDGE('',*,*,#3258,.F.);
#1516=ORIENTED_EDGE('',*,*,#3446,.F.);
#1517=ORIENTED_EDGE('',*,*,#3378,.F.);
#1518=ORIENTED_EDGE('',*,*,#3311,.F.);
#1519=ORIENTED_EDGE('',*,*,#3259,.F.);
#1520=ORIENTED_EDGE('',*,*,#3447,.F.);
#1521=ORIENTED_EDGE('',*,*,#3229,.F.);
#1522=ORIENTED_EDGE('',*,*,#3437,.T.);
#1523=ORIENTED_EDGE('',*,*,#3448,.F.);
#1524=ORIENTED_EDGE('',*,*,#3439,.T.);
#1525=ORIENTED_EDGE('',*,*,#3218,.F.);
#1526=ORIENTED_EDGE('',*,*,#3449,.F.);
#1527=ORIENTED_EDGE('',*,*,#3180,.F.);
#1528=ORIENTED_EDGE('',*,*,#3450,.F.);
#1529=ORIENTED_EDGE('',*,*,#3451,.F.);
#1530=ORIENTED_EDGE('',*,*,#3152,.F.);
#1531=ORIENTED_EDGE('',*,*,#3452,.F.);
#1532=ORIENTED_EDGE('',*,*,#3181,.F.);
#1533=ORIENTED_EDGE('',*,*,#3453,.F.);
#1534=ORIENTED_EDGE('',*,*,#3270,.F.);
#1535=ORIENTED_EDGE('',*,*,#3442,.T.);
#1536=ORIENTED_EDGE('',*,*,#3452,.T.);
#1537=ORIENTED_EDGE('',*,*,#3454,.F.);
#1538=ORIENTED_EDGE('',*,*,#3446,.T.);
#1539=ORIENTED_EDGE('',*,*,#3444,.T.);
#1540=ORIENTED_EDGE('',*,*,#3455,.F.);
#1541=ORIENTED_EDGE('',*,*,#3447,.T.);
#1542=ORIENTED_EDGE('',*,*,#3445,.T.);
#1543=ORIENTED_EDGE('',*,*,#3456,.F.);
#1544=ORIENTED_EDGE('',*,*,#3453,.T.);
#1545=ORIENTED_EDGE('',*,*,#3449,.T.);
#1546=ORIENTED_EDGE('',*,*,#3457,.F.);
#1547=ORIENTED_EDGE('',*,*,#3275,.F.);
#1548=ORIENTED_EDGE('',*,*,#3458,.F.);
#1549=ORIENTED_EDGE('',*,*,#3205,.F.);
#1550=ORIENTED_EDGE('',*,*,#3454,.T.);
#1551=ORIENTED_EDGE('',*,*,#3455,.T.);
#1552=ORIENTED_EDGE('',*,*,#3214,.F.);
#1553=ORIENTED_EDGE('',*,*,#3459,.F.);
#1554=ORIENTED_EDGE('',*,*,#3375,.F.);
#1555=ORIENTED_EDGE('',*,*,#3460,.F.);
#1556=ORIENTED_EDGE('',*,*,#3376,.F.);
#1557=ORIENTED_EDGE('',*,*,#3461,.F.);
#1558=ORIENTED_EDGE('',*,*,#3288,.F.);
#1559=ORIENTED_EDGE('',*,*,#3456,.T.);
#1560=ORIENTED_EDGE('',*,*,#3377,.F.);
#1561=ORIENTED_EDGE('',*,*,#3462,.F.);
#1562=ORIENTED_EDGE('',*,*,#3230,.F.);
#1563=ORIENTED_EDGE('',*,*,#3457,.T.);
#1564=ORIENTED_EDGE('',*,*,#3239,.F.);
#1565=ORIENTED_EDGE('',*,*,#3463,.F.);
#1566=ORIENTED_EDGE('',*,*,#3317,.F.);
#1567=ORIENTED_EDGE('',*,*,#3271,.F.);
#1568=ORIENTED_EDGE('',*,*,#3464,.F.);
#1569=ORIENTED_EDGE('',*,*,#3318,.F.);
#1570=ORIENTED_EDGE('',*,*,#3465,.F.);
#1571=ORIENTED_EDGE('',*,*,#3285,.F.);
#1572=ORIENTED_EDGE('',*,*,#3274,.F.);
#1573=ORIENTED_EDGE('',*,*,#3319,.F.);
#1574=ORIENTED_EDGE('',*,*,#3466,.F.);
#1575=ORIENTED_EDGE('',*,*,#3206,.F.);
#1576=ORIENTED_EDGE('',*,*,#3458,.T.);
#1577=ORIENTED_EDGE('',*,*,#3461,.T.);
#1578=ORIENTED_EDGE('',*,*,#3459,.T.);
#1579=ORIENTED_EDGE('',*,*,#3467,.F.);
#1580=ORIENTED_EDGE('',*,*,#3462,.T.);
#1581=ORIENTED_EDGE('',*,*,#3460,.T.);
#1582=ORIENTED_EDGE('',*,*,#3468,.F.);
#1583=ORIENTED_EDGE('',*,*,#3463,.T.);
#1584=ORIENTED_EDGE('',*,*,#3238,.F.);
#1585=ORIENTED_EDGE('',*,*,#3469,.F.);
#1586=ORIENTED_EDGE('',*,*,#3314,.F.);
#1587=ORIENTED_EDGE('',*,*,#3465,.T.);
#1588=ORIENTED_EDGE('',*,*,#3315,.F.);
#1589=ORIENTED_EDGE('',*,*,#3470,.F.);
#1590=ORIENTED_EDGE('',*,*,#3280,.F.);
#1591=ORIENTED_EDGE('',*,*,#3466,.T.);
#1592=ORIENTED_EDGE('',*,*,#3464,.T.);
#1593=ORIENTED_EDGE('',*,*,#3471,.F.);
#1594=ORIENTED_EDGE('',*,*,#3467,.T.);
#1595=ORIENTED_EDGE('',*,*,#3213,.F.);
#1596=ORIENTED_EDGE('',*,*,#3472,.F.);
#1597=ORIENTED_EDGE('',*,*,#3289,.F.);
#1598=ORIENTED_EDGE('',*,*,#3473,.F.);
#1599=ORIENTED_EDGE('',*,*,#3093,.F.);
#1600=ORIENTED_EDGE('',*,*,#3474,.F.);
#1601=ORIENTED_EDGE('',*,*,#3096,.F.);
#1602=ORIENTED_EDGE('',*,*,#3475,.F.);
#1603=ORIENTED_EDGE('',*,*,#3099,.F.);
#1604=ORIENTED_EDGE('',*,*,#3476,.F.);
#1605=ORIENTED_EDGE('',*,*,#3102,.F.);
#1606=ORIENTED_EDGE('',*,*,#3477,.F.);
#1607=ORIENTED_EDGE('',*,*,#3478,.F.);
#1608=ORIENTED_EDGE('',*,*,#3286,.F.);
#1609=ORIENTED_EDGE('',*,*,#3479,.F.);
#1610=ORIENTED_EDGE('',*,*,#3480,.F.);
#1611=ORIENTED_EDGE('',*,*,#3111,.F.);
#1612=ORIENTED_EDGE('',*,*,#3481,.F.);
#1613=ORIENTED_EDGE('',*,*,#3114,.F.);
#1614=ORIENTED_EDGE('',*,*,#3482,.F.);
#1615=ORIENTED_EDGE('',*,*,#3117,.F.);
#1616=ORIENTED_EDGE('',*,*,#3483,.F.);
#1617=ORIENTED_EDGE('',*,*,#3120,.F.);
#1618=ORIENTED_EDGE('',*,*,#3468,.T.);
#1619=ORIENTED_EDGE('',*,*,#3287,.F.);
#1620=ORIENTED_EDGE('',*,*,#3484,.F.);
#1621=ORIENTED_EDGE('',*,*,#3231,.F.);
#1622=ORIENTED_EDGE('',*,*,#3470,.T.);
#1623=ORIENTED_EDGE('',*,*,#3469,.T.);
#1624=ORIENTED_EDGE('',*,*,#3485,.F.);
#1625=ORIENTED_EDGE('',*,*,#3471,.T.);
#1626=ORIENTED_EDGE('',*,*,#3284,.F.);
#1627=ORIENTED_EDGE('',*,*,#3486,.F.);
#1628=ORIENTED_EDGE('',*,*,#3207,.F.);
#1629=ORIENTED_EDGE('',*,*,#3487,.F.);
#1630=ORIENTED_EDGE('',*,*,#3479,.T.);
#1631=ORIENTED_EDGE('',*,*,#3472,.T.);
#1632=ORIENTED_EDGE('',*,*,#3488,.F.);
#1633=ORIENTED_EDGE('',*,*,#3489,.F.);
#1634=ORIENTED_EDGE('',*,*,#3490,.F.);
#1635=ORIENTED_EDGE('',*,*,#3484,.T.);
#1636=ORIENTED_EDGE('',*,*,#3478,.T.);
#1637=ORIENTED_EDGE('',*,*,#3485,.T.);
#1638=ORIENTED_EDGE('',*,*,#3237,.F.);
#1639=ORIENTED_EDGE('',*,*,#3491,.F.);
#1640=ORIENTED_EDGE('',*,*,#3281,.F.);
#1641=ORIENTED_EDGE('',*,*,#3492,.F.);
#1642=ORIENTED_EDGE('',*,*,#3283,.F.);
#1643=ORIENTED_EDGE('',*,*,#3493,.F.);
#1644=ORIENTED_EDGE('',*,*,#3294,.F.);
#1645=ORIENTED_EDGE('',*,*,#3486,.T.);
#1646=ORIENTED_EDGE('',*,*,#3492,.T.);
#1647=ORIENTED_EDGE('',*,*,#3494,.F.);
#1648=ORIENTED_EDGE('',*,*,#3495,.F.);
#1649=ORIENTED_EDGE('',*,*,#3108,.F.);
#1650=ORIENTED_EDGE('',*,*,#3496,.F.);
#1651=ORIENTED_EDGE('',*,*,#3488,.T.);
#1652=ORIENTED_EDGE('',*,*,#3212,.F.);
#1653=ORIENTED_EDGE('',*,*,#3497,.F.);
#1654=ORIENTED_EDGE('',*,*,#3361,.F.);
#1655=ORIENTED_EDGE('',*,*,#3498,.F.);
#1656=ORIENTED_EDGE('',*,*,#3499,.F.);
#1657=ORIENTED_EDGE('',*,*,#3362,.F.);
#1658=ORIENTED_EDGE('',*,*,#3500,.F.);
#1659=ORIENTED_EDGE('',*,*,#3242,.F.);
#1660=ORIENTED_EDGE('',*,*,#3501,.F.);
#1661=ORIENTED_EDGE('',*,*,#3105,.F.);
#1662=ORIENTED_EDGE('',*,*,#3502,.F.);
#1663=ORIENTED_EDGE('',*,*,#3503,.F.);
#1664=ORIENTED_EDGE('',*,*,#3363,.F.);
#1665=ORIENTED_EDGE('',*,*,#3504,.F.);
#1666=ORIENTED_EDGE('',*,*,#3232,.F.);
#1667=ORIENTED_EDGE('',*,*,#3490,.T.);
#1668=ORIENTED_EDGE('',*,*,#3282,.T.);
#1669=ORIENTED_EDGE('',*,*,#3491,.T.);
#1670=ORIENTED_EDGE('',*,*,#3505,.F.);
#1671=ORIENTED_EDGE('',*,*,#3493,.T.);
#1672=ORIENTED_EDGE('',*,*,#3494,.T.);
#1673=ORIENTED_EDGE('',*,*,#3297,.F.);
#1674=ORIENTED_EDGE('',*,*,#3506,.F.);
#1675=ORIENTED_EDGE('',*,*,#3208,.F.);
#1676=ORIENTED_EDGE('',*,*,#3500,.T.);
#1677=ORIENTED_EDGE('',*,*,#3497,.T.);
#1678=ORIENTED_EDGE('',*,*,#3507,.F.);
#1679=ORIENTED_EDGE('',*,*,#3504,.T.);
#1680=ORIENTED_EDGE('',*,*,#3499,.T.);
#1681=ORIENTED_EDGE('',*,*,#3508,.F.);
#1682=ORIENTED_EDGE('',*,*,#3505,.T.);
#1683=ORIENTED_EDGE('',*,*,#3236,.F.);
#1684=ORIENTED_EDGE('',*,*,#3509,.F.);
#1685=ORIENTED_EDGE('',*,*,#3295,.F.);
#1686=ORIENTED_EDGE('',*,*,#3510,.F.);
#1687=ORIENTED_EDGE('',*,*,#3296,.F.);
#1688=ORIENTED_EDGE('',*,*,#3511,.F.);
#1689=ORIENTED_EDGE('',*,*,#3195,.F.);
#1690=ORIENTED_EDGE('',*,*,#3506,.T.);
#1691=ORIENTED_EDGE('',*,*,#3510,.T.);
#1692=ORIENTED_EDGE('',*,*,#3512,.F.);
#1693=ORIENTED_EDGE('',*,*,#3507,.T.);
#1694=ORIENTED_EDGE('',*,*,#3211,.F.);
#1695=ORIENTED_EDGE('',*,*,#3513,.F.);
#1696=ORIENTED_EDGE('',*,*,#3243,.F.);
#1697=ORIENTED_EDGE('',*,*,#3241,.F.);
#1698=ORIENTED_EDGE('',*,*,#3303,.F.);
#1699=ORIENTED_EDGE('',*,*,#3514,.F.);
#1700=ORIENTED_EDGE('',*,*,#3233,.F.);
#1701=ORIENTED_EDGE('',*,*,#3508,.T.);
#1702=ORIENTED_EDGE('',*,*,#3511,.T.);
#1703=ORIENTED_EDGE('',*,*,#3509,.T.);
#1704=ORIENTED_EDGE('',*,*,#3515,.F.);
#1705=ORIENTED_EDGE('',*,*,#3190,.T.);
#1706=ORIENTED_EDGE('',*,*,#3512,.T.);
#1707=ORIENTED_EDGE('',*,*,#3194,.F.);
#1708=ORIENTED_EDGE('',*,*,#3516,.F.);
#1709=ORIENTED_EDGE('',*,*,#3209,.F.);
#1710=ORIENTED_EDGE('',*,*,#3513,.T.);
#1711=ORIENTED_EDGE('',*,*,#3210,.F.);
#1712=ORIENTED_EDGE('',*,*,#3517,.F.);
#1713=ORIENTED_EDGE('',*,*,#3298,.F.);
#1714=ORIENTED_EDGE('',*,*,#3244,.F.);
#1715=ORIENTED_EDGE('',*,*,#3514,.T.);
#1716=ORIENTED_EDGE('',*,*,#3302,.F.);
#1717=ORIENTED_EDGE('',*,*,#3518,.F.);
#1718=ORIENTED_EDGE('',*,*,#3234,.F.);
#1719=ORIENTED_EDGE('',*,*,#3515,.T.);
#1720=ORIENTED_EDGE('',*,*,#3235,.F.);
#1721=ORIENTED_EDGE('',*,*,#3519,.F.);
#1722=ORIENTED_EDGE('',*,*,#3191,.F.);
#1723=ORIENTED_EDGE('',*,*,#3517,.T.);
#1724=ORIENTED_EDGE('',*,*,#3516,.T.);
#1725=ORIENTED_EDGE('',*,*,#3520,.F.);
#1726=ORIENTED_EDGE('',*,*,#3519,.T.);
#1727=ORIENTED_EDGE('',*,*,#3518,.T.);
#1728=ORIENTED_EDGE('',*,*,#3521,.F.);
#1729=ORIENTED_EDGE('',*,*,#3520,.T.);
#1730=ORIENTED_EDGE('',*,*,#3193,.F.);
#1731=ORIENTED_EDGE('',*,*,#3522,.F.);
#1732=ORIENTED_EDGE('',*,*,#3299,.F.);
#1733=ORIENTED_EDGE('',*,*,#3521,.T.);
#1734=ORIENTED_EDGE('',*,*,#3301,.F.);
#1735=ORIENTED_EDGE('',*,*,#3522,.T.);
#1736=ORIENTED_EDGE('',*,*,#3192,.F.);
#1737=ORIENTED_EDGE('',*,*,#3337,.F.);
#1738=ORIENTED_EDGE('',*,*,#3336,.F.);
#1739=ORIENTED_EDGE('',*,*,#3342,.F.);
#1740=ORIENTED_EDGE('',*,*,#3347,.F.);
#1741=ORIENTED_EDGE('',*,*,#3121,.F.);
#1742=ORIENTED_EDGE('',*,*,#3374,.F.);
#1743=ORIENTED_EDGE('',*,*,#3364,.T.);
#1744=ORIENTED_EDGE('',*,*,#3503,.T.);
#1745=ORIENTED_EDGE('',*,*,#3523,.T.);
#1746=ORIENTED_EDGE('',*,*,#3104,.T.);
#1747=ORIENTED_EDGE('',*,*,#3524,.T.);
#1748=ORIENTED_EDGE('',*,*,#3525,.F.);
#1749=ORIENTED_EDGE('',*,*,#3526,.F.);
#1750=ORIENTED_EDGE('',*,*,#3365,.T.);
#1751=ORIENTED_EDGE('',*,*,#3523,.F.);
#1752=ORIENTED_EDGE('',*,*,#3502,.T.);
#1753=ORIENTED_EDGE('',*,*,#3527,.F.);
#1754=ORIENTED_EDGE('',*,*,#3126,.T.);
#1755=ORIENTED_EDGE('',*,*,#3528,.T.);
#1756=ORIENTED_EDGE('',*,*,#3525,.T.);
#1757=ORIENTED_EDGE('',*,*,#3101,.T.);
#1758=ORIENTED_EDGE('',*,*,#3529,.T.);
#1759=ORIENTED_EDGE('',*,*,#3530,.F.);
#1760=ORIENTED_EDGE('',*,*,#3524,.F.);
#1761=ORIENTED_EDGE('',*,*,#3103,.T.);
#1762=ORIENTED_EDGE('',*,*,#3501,.T.);
#1763=ORIENTED_EDGE('',*,*,#3489,.T.);
#1764=ORIENTED_EDGE('',*,*,#3477,.T.);
#1765=ORIENTED_EDGE('',*,*,#3531,.F.);
#1766=ORIENTED_EDGE('',*,*,#3127,.T.);
#1767=ORIENTED_EDGE('',*,*,#3527,.T.);
#1768=ORIENTED_EDGE('',*,*,#3530,.T.);
#1769=ORIENTED_EDGE('',*,*,#3107,.T.);
#1770=ORIENTED_EDGE('',*,*,#3532,.T.);
#1771=ORIENTED_EDGE('',*,*,#3533,.F.);
#1772=ORIENTED_EDGE('',*,*,#3534,.F.);
#1773=ORIENTED_EDGE('',*,*,#3109,.T.);
#1774=ORIENTED_EDGE('',*,*,#3480,.T.);
#1775=ORIENTED_EDGE('',*,*,#3487,.T.);
#1776=ORIENTED_EDGE('',*,*,#3496,.T.);
#1777=ORIENTED_EDGE('',*,*,#3535,.F.);
#1778=ORIENTED_EDGE('',*,*,#3135,.T.);
#1779=ORIENTED_EDGE('',*,*,#3536,.T.);
#1780=ORIENTED_EDGE('',*,*,#3533,.T.);
#1781=ORIENTED_EDGE('',*,*,#3360,.T.);
#1782=ORIENTED_EDGE('',*,*,#3537,.T.);
#1783=ORIENTED_EDGE('',*,*,#3498,.T.);
#1784=ORIENTED_EDGE('',*,*,#3532,.F.);
#1785=ORIENTED_EDGE('',*,*,#3106,.T.);
#1786=ORIENTED_EDGE('',*,*,#3495,.T.);
#1787=ORIENTED_EDGE('',*,*,#3537,.F.);
#1788=ORIENTED_EDGE('',*,*,#3359,.T.);
#1789=ORIENTED_EDGE('',*,*,#3538,.T.);
#1790=ORIENTED_EDGE('',*,*,#3539,.F.);
#1791=ORIENTED_EDGE('',*,*,#3136,.T.);
#1792=ORIENTED_EDGE('',*,*,#3535,.T.);
#1793=ORIENTED_EDGE('',*,*,#3539,.T.);
#1794=ORIENTED_EDGE('',*,*,#3540,.F.);
#1795=ORIENTED_EDGE('',*,*,#3116,.T.);
#1796=ORIENTED_EDGE('',*,*,#3541,.T.);
#1797=ORIENTED_EDGE('',*,*,#3542,.F.);
#1798=ORIENTED_EDGE('',*,*,#3543,.F.);
#1799=ORIENTED_EDGE('',*,*,#3118,.T.);
#1800=ORIENTED_EDGE('',*,*,#3483,.T.);
#1801=ORIENTED_EDGE('',*,*,#3132,.T.);
#1802=ORIENTED_EDGE('',*,*,#3544,.T.);
#1803=ORIENTED_EDGE('',*,*,#3542,.T.);
#1804=ORIENTED_EDGE('',*,*,#3545,.F.);
#1805=ORIENTED_EDGE('',*,*,#3113,.T.);
#1806=ORIENTED_EDGE('',*,*,#3546,.T.);
#1807=ORIENTED_EDGE('',*,*,#3547,.F.);
#1808=ORIENTED_EDGE('',*,*,#3541,.F.);
#1809=ORIENTED_EDGE('',*,*,#3115,.T.);
#1810=ORIENTED_EDGE('',*,*,#3482,.T.);
#1811=ORIENTED_EDGE('',*,*,#3548,.F.);
#1812=ORIENTED_EDGE('',*,*,#3133,.T.);
#1813=ORIENTED_EDGE('',*,*,#3545,.T.);
#1814=ORIENTED_EDGE('',*,*,#3547,.T.);
#1815=ORIENTED_EDGE('',*,*,#3110,.T.);
#1816=ORIENTED_EDGE('',*,*,#3534,.T.);
#1817=ORIENTED_EDGE('',*,*,#3549,.F.);
#1818=ORIENTED_EDGE('',*,*,#3546,.F.);
#1819=ORIENTED_EDGE('',*,*,#3112,.T.);
#1820=ORIENTED_EDGE('',*,*,#3481,.T.);
#1821=ORIENTED_EDGE('',*,*,#3536,.F.);
#1822=ORIENTED_EDGE('',*,*,#3134,.T.);
#1823=ORIENTED_EDGE('',*,*,#3548,.T.);
#1824=ORIENTED_EDGE('',*,*,#3549,.T.);
#1825=ORIENTED_EDGE('',*,*,#3098,.T.);
#1826=ORIENTED_EDGE('',*,*,#3550,.T.);
#1827=ORIENTED_EDGE('',*,*,#3551,.F.);
#1828=ORIENTED_EDGE('',*,*,#3529,.F.);
#1829=ORIENTED_EDGE('',*,*,#3100,.T.);
#1830=ORIENTED_EDGE('',*,*,#3476,.T.);
#1831=ORIENTED_EDGE('',*,*,#3552,.F.);
#1832=ORIENTED_EDGE('',*,*,#3128,.T.);
#1833=ORIENTED_EDGE('',*,*,#3531,.T.);
#1834=ORIENTED_EDGE('',*,*,#3551,.T.);
#1835=ORIENTED_EDGE('',*,*,#3095,.T.);
#1836=ORIENTED_EDGE('',*,*,#3553,.T.);
#1837=ORIENTED_EDGE('',*,*,#3554,.F.);
#1838=ORIENTED_EDGE('',*,*,#3550,.F.);
#1839=ORIENTED_EDGE('',*,*,#3097,.T.);
#1840=ORIENTED_EDGE('',*,*,#3475,.T.);
#1841=ORIENTED_EDGE('',*,*,#3555,.F.);
#1842=ORIENTED_EDGE('',*,*,#3129,.T.);
#1843=ORIENTED_EDGE('',*,*,#3552,.T.);
#1844=ORIENTED_EDGE('',*,*,#3554,.T.);
#1845=ORIENTED_EDGE('',*,*,#3092,.T.);
#1846=ORIENTED_EDGE('',*,*,#3556,.T.);
#1847=ORIENTED_EDGE('',*,*,#3557,.F.);
#1848=ORIENTED_EDGE('',*,*,#3553,.F.);
#1849=ORIENTED_EDGE('',*,*,#3094,.T.);
#1850=ORIENTED_EDGE('',*,*,#3474,.T.);
#1851=ORIENTED_EDGE('',*,*,#3558,.F.);
#1852=ORIENTED_EDGE('',*,*,#3130,.T.);
#1853=ORIENTED_EDGE('',*,*,#3555,.T.);
#1854=ORIENTED_EDGE('',*,*,#3557,.T.);
#1855=ORIENTED_EDGE('',*,*,#3556,.F.);
#1856=ORIENTED_EDGE('',*,*,#3091,.T.);
#1857=ORIENTED_EDGE('',*,*,#3473,.T.);
#1858=ORIENTED_EDGE('',*,*,#3119,.T.);
#1859=ORIENTED_EDGE('',*,*,#3543,.T.);
#1860=ORIENTED_EDGE('',*,*,#3559,.F.);
#1861=ORIENTED_EDGE('',*,*,#3131,.T.);
#1862=ORIENTED_EDGE('',*,*,#3558,.T.);
#1863=ORIENTED_EDGE('',*,*,#3559,.T.);
#1864=ORIENTED_EDGE('',*,*,#3544,.F.);
#1865=ORIENTED_EDGE('',*,*,#3560,.F.);
#1866=ORIENTED_EDGE('',*,*,#3450,.T.);
#1867=ORIENTED_EDGE('',*,*,#3179,.F.);
#1868=ORIENTED_EDGE('',*,*,#3561,.F.);
#1869=ORIENTED_EDGE('',*,*,#3150,.F.);
#1870=ORIENTED_EDGE('',*,*,#3451,.T.);
#1871=ORIENTED_EDGE('',*,*,#3560,.T.);
#1872=ORIENTED_EDGE('',*,*,#3178,.F.);
#1873=ORIENTED_EDGE('',*,*,#3562,.T.);
#1874=ORIENTED_EDGE('',*,*,#3563,.T.);
#1875=ORIENTED_EDGE('',*,*,#3333,.F.);
#1876=ORIENTED_EDGE('',*,*,#3564,.T.);
#1877=ORIENTED_EDGE('',*,*,#3563,.F.);
#1878=ORIENTED_EDGE('',*,*,#3565,.F.);
#1879=ORIENTED_EDGE('',*,*,#3151,.F.);
#1880=ORIENTED_EDGE('',*,*,#3561,.T.);
#1881=ORIENTED_EDGE('',*,*,#3566,.T.);
#1882=ORIENTED_EDGE('',*,*,#3567,.F.);
#1883=ORIENTED_EDGE('',*,*,#3153,.F.);
#1884=ORIENTED_EDGE('',*,*,#3430,.T.);
#1885=ORIENTED_EDGE('',*,*,#3438,.T.);
#1886=ORIENTED_EDGE('',*,*,#3448,.T.);
#1887=ORIENTED_EDGE('',*,*,#3564,.F.);
#1888=ORIENTED_EDGE('',*,*,#3332,.F.);
#1889=ORIENTED_EDGE('',*,*,#3568,.T.);
#1890=ORIENTED_EDGE('',*,*,#3566,.F.);
#1891=ORIENTED_EDGE('',*,*,#3145,.F.);
#1892=ORIENTED_EDGE('',*,*,#3569,.T.);
#1893=ORIENTED_EDGE('',*,*,#3570,.T.);
#1894=ORIENTED_EDGE('',*,*,#3571,.F.);
#1895=ORIENTED_EDGE('',*,*,#3147,.F.);
#1896=ORIENTED_EDGE('',*,*,#3443,.T.);
#1897=ORIENTED_EDGE('',*,*,#3434,.T.);
#1898=ORIENTED_EDGE('',*,*,#3427,.T.);
#1899=ORIENTED_EDGE('',*,*,#3572,.F.);
#1900=ORIENTED_EDGE('',*,*,#3324,.F.);
#1901=ORIENTED_EDGE('',*,*,#3573,.T.);
#1902=ORIENTED_EDGE('',*,*,#3570,.F.);
#1903=ORIENTED_EDGE('',*,*,#3441,.T.);
#1904=ORIENTED_EDGE('',*,*,#3574,.F.);
#1905=ORIENTED_EDGE('',*,*,#3183,.F.);
#1906=ORIENTED_EDGE('',*,*,#3148,.F.);
#1907=ORIENTED_EDGE('',*,*,#3571,.T.);
#1908=ORIENTED_EDGE('',*,*,#3575,.T.);
#1909=ORIENTED_EDGE('',*,*,#3576,.F.);
#1910=ORIENTED_EDGE('',*,*,#3184,.F.);
#1911=ORIENTED_EDGE('',*,*,#3574,.T.);
#1912=ORIENTED_EDGE('',*,*,#3440,.T.);
#1913=ORIENTED_EDGE('',*,*,#3573,.F.);
#1914=ORIENTED_EDGE('',*,*,#3323,.F.);
#1915=ORIENTED_EDGE('',*,*,#3577,.T.);
#1916=ORIENTED_EDGE('',*,*,#3575,.F.);
#1917=ORIENTED_EDGE('',*,*,#3578,.F.);
#1918=ORIENTED_EDGE('',*,*,#3138,.F.);
#1919=ORIENTED_EDGE('',*,*,#3424,.T.);
#1920=ORIENTED_EDGE('',*,*,#3166,.F.);
#1921=ORIENTED_EDGE('',*,*,#3579,.T.);
#1922=ORIENTED_EDGE('',*,*,#3580,.T.);
#1923=ORIENTED_EDGE('',*,*,#3327,.F.);
#1924=ORIENTED_EDGE('',*,*,#3581,.T.);
#1925=ORIENTED_EDGE('',*,*,#3580,.F.);
#1926=ORIENTED_EDGE('',*,*,#3582,.F.);
#1927=ORIENTED_EDGE('',*,*,#3139,.F.);
#1928=ORIENTED_EDGE('',*,*,#3578,.T.);
#1929=ORIENTED_EDGE('',*,*,#3583,.T.);
#1930=ORIENTED_EDGE('',*,*,#3584,.F.);
#1931=ORIENTED_EDGE('',*,*,#3141,.F.);
#1932=ORIENTED_EDGE('',*,*,#3425,.T.);
#1933=ORIENTED_EDGE('',*,*,#3581,.F.);
#1934=ORIENTED_EDGE('',*,*,#3326,.F.);
#1935=ORIENTED_EDGE('',*,*,#3585,.T.);
#1936=ORIENTED_EDGE('',*,*,#3583,.F.);
#1937=ORIENTED_EDGE('',*,*,#3142,.F.);
#1938=ORIENTED_EDGE('',*,*,#3584,.T.);
#1939=ORIENTED_EDGE('',*,*,#3586,.T.);
#1940=ORIENTED_EDGE('',*,*,#3569,.F.);
#1941=ORIENTED_EDGE('',*,*,#3144,.F.);
#1942=ORIENTED_EDGE('',*,*,#3426,.T.);
#1943=ORIENTED_EDGE('',*,*,#3585,.F.);
#1944=ORIENTED_EDGE('',*,*,#3325,.F.);
#1945=ORIENTED_EDGE('',*,*,#3572,.T.);
#1946=ORIENTED_EDGE('',*,*,#3586,.F.);
#1947=ORIENTED_EDGE('',*,*,#3154,.F.);
#1948=ORIENTED_EDGE('',*,*,#3567,.T.);
#1949=ORIENTED_EDGE('',*,*,#3587,.T.);
#1950=ORIENTED_EDGE('',*,*,#3588,.F.);
#1951=ORIENTED_EDGE('',*,*,#3156,.F.);
#1952=ORIENTED_EDGE('',*,*,#3431,.T.);
#1953=ORIENTED_EDGE('',*,*,#3568,.F.);
#1954=ORIENTED_EDGE('',*,*,#3331,.F.);
#1955=ORIENTED_EDGE('',*,*,#3589,.T.);
#1956=ORIENTED_EDGE('',*,*,#3587,.F.);
#1957=ORIENTED_EDGE('',*,*,#3157,.F.);
#1958=ORIENTED_EDGE('',*,*,#3588,.T.);
#1959=ORIENTED_EDGE('',*,*,#3590,.T.);
#1960=ORIENTED_EDGE('',*,*,#3591,.F.);
#1961=ORIENTED_EDGE('',*,*,#3159,.F.);
#1962=ORIENTED_EDGE('',*,*,#3432,.T.);
#1963=ORIENTED_EDGE('',*,*,#3589,.F.);
#1964=ORIENTED_EDGE('',*,*,#3330,.F.);
#1965=ORIENTED_EDGE('',*,*,#3592,.T.);
#1966=ORIENTED_EDGE('',*,*,#3590,.F.);
#1967=ORIENTED_EDGE('',*,*,#3160,.F.);
#1968=ORIENTED_EDGE('',*,*,#3591,.T.);
#1969=ORIENTED_EDGE('',*,*,#3593,.T.);
#1970=ORIENTED_EDGE('',*,*,#3594,.F.);
#1971=ORIENTED_EDGE('',*,*,#3162,.F.);
#1972=ORIENTED_EDGE('',*,*,#3433,.T.);
#1973=ORIENTED_EDGE('',*,*,#3592,.F.);
#1974=ORIENTED_EDGE('',*,*,#3329,.F.);
#1975=ORIENTED_EDGE('',*,*,#3595,.T.);
#1976=ORIENTED_EDGE('',*,*,#3593,.F.);
#1977=ORIENTED_EDGE('',*,*,#3163,.F.);
#1978=ORIENTED_EDGE('',*,*,#3594,.T.);
#1979=ORIENTED_EDGE('',*,*,#3596,.T.);
#1980=ORIENTED_EDGE('',*,*,#3579,.F.);
#1981=ORIENTED_EDGE('',*,*,#3165,.F.);
#1982=ORIENTED_EDGE('',*,*,#3423,.T.);
#1983=ORIENTED_EDGE('',*,*,#3328,.F.);
#1984=ORIENTED_EDGE('',*,*,#3582,.T.);
#1985=ORIENTED_EDGE('',*,*,#3596,.F.);
#1986=ORIENTED_EDGE('',*,*,#3595,.F.);
#1987=ORIENTED_EDGE('',*,*,#3597,.F.);
#1988=ORIENTED_EDGE('',*,*,#3137,.T.);
#1989=ORIENTED_EDGE('',*,*,#3540,.T.);
#1990=ORIENTED_EDGE('',*,*,#3598,.T.);
#1991=ORIENTED_EDGE('',*,*,#3357,.T.);
#1992=ORIENTED_EDGE('',*,*,#3599,.T.);
#1993=ORIENTED_EDGE('',*,*,#3356,.T.);
#1994=ORIENTED_EDGE('',*,*,#3600,.T.);
#1995=ORIENTED_EDGE('',*,*,#3598,.F.);
#1996=ORIENTED_EDGE('',*,*,#3538,.F.);
#1997=ORIENTED_EDGE('',*,*,#3358,.T.);
#1998=ORIENTED_EDGE('',*,*,#3599,.F.);
#1999=ORIENTED_EDGE('',*,*,#3354,.T.);
#2000=ORIENTED_EDGE('',*,*,#3601,.T.);
#2001=ORIENTED_EDGE('',*,*,#3122,.T.);
#2002=ORIENTED_EDGE('',*,*,#3597,.T.);
#2003=ORIENTED_EDGE('',*,*,#3602,.T.);
#2004=ORIENTED_EDGE('',*,*,#3603,.F.);
#2005=ORIENTED_EDGE('',*,*,#3600,.F.);
#2006=ORIENTED_EDGE('',*,*,#3355,.T.);
#2007=ORIENTED_EDGE('',*,*,#3601,.F.);
#2008=ORIENTED_EDGE('',*,*,#3353,.T.);
#2009=ORIENTED_EDGE('',*,*,#3604,.T.);
#2010=ORIENTED_EDGE('',*,*,#3602,.F.);
#2011=ORIENTED_EDGE('',*,*,#3373,.T.);
#2012=ORIENTED_EDGE('',*,*,#3605,.T.);
#2013=ORIENTED_EDGE('',*,*,#3606,.F.);
#2014=ORIENTED_EDGE('',*,*,#3123,.T.);
#2015=ORIENTED_EDGE('',*,*,#3603,.T.);
#2016=ORIENTED_EDGE('',*,*,#3607,.T.);
#2017=ORIENTED_EDGE('',*,*,#3372,.T.);
#2018=ORIENTED_EDGE('',*,*,#3608,.T.);
#2019=ORIENTED_EDGE('',*,*,#3607,.F.);
#2020=ORIENTED_EDGE('',*,*,#3604,.F.);
#2021=ORIENTED_EDGE('',*,*,#3352,.T.);
#2022=ORIENTED_EDGE('',*,*,#3605,.F.);
#2023=ORIENTED_EDGE('',*,*,#3124,.T.);
#2024=ORIENTED_EDGE('',*,*,#3606,.T.);
#2025=ORIENTED_EDGE('',*,*,#3609,.T.);
#2026=ORIENTED_EDGE('',*,*,#3610,.F.);
#2027=ORIENTED_EDGE('',*,*,#3370,.T.);
#2028=ORIENTED_EDGE('',*,*,#3611,.T.);
#2029=ORIENTED_EDGE('',*,*,#3608,.F.);
#2030=ORIENTED_EDGE('',*,*,#3371,.T.);
#2031=ORIENTED_EDGE('',*,*,#3611,.F.);
#2032=ORIENTED_EDGE('',*,*,#3369,.T.);
#2033=ORIENTED_EDGE('',*,*,#3612,.T.);
#2034=ORIENTED_EDGE('',*,*,#3609,.F.);
#2035=ORIENTED_EDGE('',*,*,#3528,.F.);
#2036=ORIENTED_EDGE('',*,*,#3125,.T.);
#2037=ORIENTED_EDGE('',*,*,#3610,.T.);
#2038=ORIENTED_EDGE('',*,*,#3613,.T.);
#2039=ORIENTED_EDGE('',*,*,#3367,.T.);
#2040=ORIENTED_EDGE('',*,*,#3614,.T.);
#2041=ORIENTED_EDGE('',*,*,#3366,.T.);
#2042=ORIENTED_EDGE('',*,*,#3526,.T.);
#2043=ORIENTED_EDGE('',*,*,#3613,.F.);
#2044=ORIENTED_EDGE('',*,*,#3612,.F.);
#2045=ORIENTED_EDGE('',*,*,#3368,.T.);
#2046=ORIENTED_EDGE('',*,*,#3614,.F.);
#2047=ORIENTED_EDGE('',*,*,#3322,.F.);
#2048=ORIENTED_EDGE('',*,*,#3615,.T.);
#2049=ORIENTED_EDGE('',*,*,#3616,.F.);
#2050=ORIENTED_EDGE('',*,*,#3577,.F.);
#2051=ORIENTED_EDGE('',*,*,#3617,.F.);
#2052=ORIENTED_EDGE('',*,*,#3186,.F.);
#2053=ORIENTED_EDGE('',*,*,#3618,.F.);
#2054=ORIENTED_EDGE('',*,*,#3187,.F.);
#2055=ORIENTED_EDGE('',*,*,#3617,.T.);
#2056=ORIENTED_EDGE('',*,*,#3185,.F.);
#2057=ORIENTED_EDGE('',*,*,#3576,.T.);
#2058=ORIENTED_EDGE('',*,*,#3616,.T.);
#2059=ORIENTED_EDGE('',*,*,#3619,.F.);
#2060=ORIENTED_EDGE('',*,*,#3189,.F.);
#2061=ORIENTED_EDGE('',*,*,#3615,.F.);
#2062=ORIENTED_EDGE('',*,*,#3321,.F.);
#2063=ORIENTED_EDGE('',*,*,#3620,.T.);
#2064=ORIENTED_EDGE('',*,*,#3621,.F.);
#2065=ORIENTED_EDGE('',*,*,#3188,.F.);
#2066=ORIENTED_EDGE('',*,*,#3618,.T.);
#2067=ORIENTED_EDGE('',*,*,#3621,.T.);
#2068=ORIENTED_EDGE('',*,*,#3622,.F.);
#2069=ORIENTED_EDGE('',*,*,#3168,.F.);
#2070=ORIENTED_EDGE('',*,*,#3619,.T.);
#2071=ORIENTED_EDGE('',*,*,#3623,.F.);
#2072=ORIENTED_EDGE('',*,*,#3170,.F.);
#2073=ORIENTED_EDGE('',*,*,#3320,.F.);
#2074=ORIENTED_EDGE('',*,*,#3624,.T.);
#2075=ORIENTED_EDGE('',*,*,#3625,.F.);
#2076=ORIENTED_EDGE('',*,*,#3620,.F.);
#2077=ORIENTED_EDGE('',*,*,#3626,.F.);
#2078=ORIENTED_EDGE('',*,*,#3171,.F.);
#2079=ORIENTED_EDGE('',*,*,#3623,.T.);
#2080=ORIENTED_EDGE('',*,*,#3169,.F.);
#2081=ORIENTED_EDGE('',*,*,#3622,.T.);
#2082=ORIENTED_EDGE('',*,*,#3625,.T.);
#2083=ORIENTED_EDGE('',*,*,#3624,.F.);
#2084=ORIENTED_EDGE('',*,*,#3335,.F.);
#2085=ORIENTED_EDGE('',*,*,#3627,.T.);
#2086=ORIENTED_EDGE('',*,*,#3628,.F.);
#2087=ORIENTED_EDGE('',*,*,#3629,.F.);
#2088=ORIENTED_EDGE('',*,*,#3173,.F.);
#2089=ORIENTED_EDGE('',*,*,#3172,.F.);
#2090=ORIENTED_EDGE('',*,*,#3626,.T.);
#2091=ORIENTED_EDGE('',*,*,#3628,.T.);
#2092=ORIENTED_EDGE('',*,*,#3630,.F.);
#2093=ORIENTED_EDGE('',*,*,#3174,.F.);
#2094=ORIENTED_EDGE('',*,*,#3629,.T.);
#2095=ORIENTED_EDGE('',*,*,#3562,.F.);
#2096=ORIENTED_EDGE('',*,*,#3177,.F.);
#2097=ORIENTED_EDGE('',*,*,#3631,.T.);
#2098=ORIENTED_EDGE('',*,*,#3175,.F.);
#2099=ORIENTED_EDGE('',*,*,#3630,.T.);
#2100=ORIENTED_EDGE('',*,*,#3632,.T.);
#2101=ORIENTED_EDGE('',*,*,#3334,.F.);
#2102=ORIENTED_EDGE('',*,*,#3565,.T.);
#2103=ORIENTED_EDGE('',*,*,#3632,.F.);
#2104=ORIENTED_EDGE('',*,*,#3627,.F.);
#2105=ORIENTED_EDGE('',*,*,#3631,.F.);
#2106=ORIENTED_EDGE('',*,*,#3176,.F.);
#2107=ORIENTED_EDGE('',*,*,#3633,.F.);
#2108=ORIENTED_EDGE('',*,*,#3634,.F.);
#2109=ORIENTED_EDGE('',*,*,#3635,.F.);
#2110=ORIENTED_EDGE('',*,*,#3636,.T.);
#2111=ORIENTED_EDGE('',*,*,#3637,.F.);
#2112=ORIENTED_EDGE('',*,*,#3638,.T.);
#2113=ORIENTED_EDGE('',*,*,#3639,.T.);
#2114=ORIENTED_EDGE('',*,*,#3640,.T.);
#2115=ORIENTED_EDGE('',*,*,#3641,.T.);
#2116=ORIENTED_EDGE('',*,*,#3642,.T.);
#2117=ORIENTED_EDGE('',*,*,#3643,.T.);
#2118=ORIENTED_EDGE('',*,*,#3644,.F.);
#2119=ORIENTED_EDGE('',*,*,#3645,.T.);
#2120=ORIENTED_EDGE('',*,*,#3646,.F.);
#2121=ORIENTED_EDGE('',*,*,#3647,.F.);
#2122=ORIENTED_EDGE('',*,*,#3648,.T.);
#2123=ORIENTED_EDGE('',*,*,#3649,.T.);
#2124=ORIENTED_EDGE('',*,*,#3650,.F.);
#2125=ORIENTED_EDGE('',*,*,#3651,.F.);
#2126=ORIENTED_EDGE('',*,*,#3652,.T.);
#2127=ORIENTED_EDGE('',*,*,#3653,.F.);
#2128=ORIENTED_EDGE('',*,*,#3654,.F.);
#2129=ORIENTED_EDGE('',*,*,#3655,.T.);
#2130=ORIENTED_EDGE('',*,*,#3656,.F.);
#2131=ORIENTED_EDGE('',*,*,#3657,.T.);
#2132=ORIENTED_EDGE('',*,*,#3658,.T.);
#2133=ORIENTED_EDGE('',*,*,#3659,.F.);
#2134=ORIENTED_EDGE('',*,*,#3660,.T.);
#2135=ORIENTED_EDGE('',*,*,#3661,.T.);
#2136=ORIENTED_EDGE('',*,*,#3662,.T.);
#2137=ORIENTED_EDGE('',*,*,#3663,.F.);
#2138=ORIENTED_EDGE('',*,*,#3664,.F.);
#2139=ORIENTED_EDGE('',*,*,#3665,.T.);
#2140=ORIENTED_EDGE('',*,*,#3666,.F.);
#2141=ORIENTED_EDGE('',*,*,#3651,.T.);
#2142=ORIENTED_EDGE('',*,*,#3667,.T.);
#2143=ORIENTED_EDGE('',*,*,#3668,.F.);
#2144=ORIENTED_EDGE('',*,*,#3669,.T.);
#2145=ORIENTED_EDGE('',*,*,#3670,.T.);
#2146=ORIENTED_EDGE('',*,*,#3671,.F.);
#2147=ORIENTED_EDGE('',*,*,#3672,.T.);
#2148=ORIENTED_EDGE('',*,*,#3661,.F.);
#2149=ORIENTED_EDGE('',*,*,#3673,.F.);
#2150=ORIENTED_EDGE('',*,*,#3674,.T.);
#2151=ORIENTED_EDGE('',*,*,#3650,.T.);
#2152=ORIENTED_EDGE('',*,*,#3675,.T.);
#2153=ORIENTED_EDGE('',*,*,#3669,.F.);
#2154=ORIENTED_EDGE('',*,*,#3676,.T.);
#2155=ORIENTED_EDGE('',*,*,#3677,.T.);
#2156=ORIENTED_EDGE('',*,*,#3667,.F.);
#2157=ORIENTED_EDGE('',*,*,#3678,.T.);
#2158=ORIENTED_EDGE('',*,*,#3679,.T.);
#2159=ORIENTED_EDGE('',*,*,#3680,.T.);
#2160=ORIENTED_EDGE('',*,*,#3681,.F.);
#2161=ORIENTED_EDGE('',*,*,#3682,.F.);
#2162=ORIENTED_EDGE('',*,*,#3683,.F.);
#2163=ORIENTED_EDGE('',*,*,#3684,.F.);
#2164=ORIENTED_EDGE('',*,*,#3685,.T.);
#2165=ORIENTED_EDGE('',*,*,#3686,.T.);
#2166=ORIENTED_EDGE('',*,*,#3635,.T.);
#2167=ORIENTED_EDGE('',*,*,#3687,.T.);
#2168=ORIENTED_EDGE('',*,*,#3688,.T.);
#2169=ORIENTED_EDGE('',*,*,#3689,.F.);
#2170=ORIENTED_EDGE('',*,*,#3660,.F.);
#2171=ORIENTED_EDGE('',*,*,#3690,.F.);
#2172=ORIENTED_EDGE('',*,*,#3691,.T.);
#2173=ORIENTED_EDGE('',*,*,#3692,.T.);
#2174=ORIENTED_EDGE('',*,*,#3693,.T.);
#2175=ORIENTED_EDGE('',*,*,#3691,.F.);
#2176=ORIENTED_EDGE('',*,*,#3694,.T.);
#2177=ORIENTED_EDGE('',*,*,#3695,.T.);
#2178=ORIENTED_EDGE('',*,*,#3696,.F.);
#2179=ORIENTED_EDGE('',*,*,#3688,.F.);
#2180=ORIENTED_EDGE('',*,*,#3697,.T.);
#2181=ORIENTED_EDGE('',*,*,#3698,.T.);
#2182=ORIENTED_EDGE('',*,*,#3699,.F.);
#2183=ORIENTED_EDGE('',*,*,#3685,.F.);
#2184=ORIENTED_EDGE('',*,*,#3700,.F.);
#2185=ORIENTED_EDGE('',*,*,#3701,.T.);
#2186=ORIENTED_EDGE('',*,*,#3682,.T.);
#2187=ORIENTED_EDGE('',*,*,#3702,.T.);
#2188=ORIENTED_EDGE('',*,*,#3703,.F.);
#2189=ORIENTED_EDGE('',*,*,#3704,.T.);
#2190=ORIENTED_EDGE('',*,*,#3705,.T.);
#2191=ORIENTED_EDGE('',*,*,#3706,.T.);
#2192=ORIENTED_EDGE('',*,*,#3707,.F.);
#2193=ORIENTED_EDGE('',*,*,#3708,.T.);
#2194=ORIENTED_EDGE('',*,*,#3709,.T.);
#2195=ORIENTED_EDGE('',*,*,#3673,.T.);
#2196=ORIENTED_EDGE('',*,*,#3665,.F.);
#2197=ORIENTED_EDGE('',*,*,#3710,.T.);
#2198=ORIENTED_EDGE('',*,*,#3711,.F.);
#2199=ORIENTED_EDGE('',*,*,#3678,.F.);
#2200=ORIENTED_EDGE('',*,*,#3712,.F.);
#2201=ORIENTED_EDGE('',*,*,#3713,.F.);
#2202=ORIENTED_EDGE('',*,*,#3714,.F.);
#2203=ORIENTED_EDGE('',*,*,#3643,.F.);
#2204=ORIENTED_EDGE('',*,*,#3715,.F.);
#2205=ORIENTED_EDGE('',*,*,#3716,.F.);
#2206=ORIENTED_EDGE('',*,*,#3717,.F.);
#2207=ORIENTED_EDGE('',*,*,#3718,.F.);
#2208=ORIENTED_EDGE('',*,*,#3719,.F.);
#2209=ORIENTED_EDGE('',*,*,#3720,.F.);
#2210=ORIENTED_EDGE('',*,*,#3721,.F.);
#2211=ORIENTED_EDGE('',*,*,#3722,.F.);
#2212=ORIENTED_EDGE('',*,*,#3723,.F.);
#2213=ORIENTED_EDGE('',*,*,#3724,.F.);
#2214=ORIENTED_EDGE('',*,*,#3725,.F.);
#2215=ORIENTED_EDGE('',*,*,#3726,.F.);
#2216=ORIENTED_EDGE('',*,*,#3727,.F.);
#2217=ORIENTED_EDGE('',*,*,#3728,.F.);
#2218=ORIENTED_EDGE('',*,*,#3729,.F.);
#2219=ORIENTED_EDGE('',*,*,#3730,.F.);
#2220=ORIENTED_EDGE('',*,*,#3731,.F.);
#2221=ORIENTED_EDGE('',*,*,#3732,.F.);
#2222=ORIENTED_EDGE('',*,*,#3733,.F.);
#2223=ORIENTED_EDGE('',*,*,#3734,.F.);
#2224=ORIENTED_EDGE('',*,*,#3735,.F.);
#2225=ORIENTED_EDGE('',*,*,#3736,.F.);
#2226=ORIENTED_EDGE('',*,*,#3737,.F.);
#2227=ORIENTED_EDGE('',*,*,#3738,.F.);
#2228=ORIENTED_EDGE('',*,*,#3739,.F.);
#2229=ORIENTED_EDGE('',*,*,#3740,.F.);
#2230=ORIENTED_EDGE('',*,*,#3741,.F.);
#2231=ORIENTED_EDGE('',*,*,#3742,.F.);
#2232=ORIENTED_EDGE('',*,*,#3743,.F.);
#2233=ORIENTED_EDGE('',*,*,#3744,.F.);
#2234=ORIENTED_EDGE('',*,*,#3745,.F.);
#2235=ORIENTED_EDGE('',*,*,#3746,.F.);
#2236=ORIENTED_EDGE('',*,*,#3747,.F.);
#2237=ORIENTED_EDGE('',*,*,#3748,.F.);
#2238=ORIENTED_EDGE('',*,*,#3749,.F.);
#2239=ORIENTED_EDGE('',*,*,#3750,.F.);
#2240=ORIENTED_EDGE('',*,*,#3751,.F.);
#2241=ORIENTED_EDGE('',*,*,#3752,.F.);
#2242=ORIENTED_EDGE('',*,*,#3753,.F.);
#2243=ORIENTED_EDGE('',*,*,#3754,.F.);
#2244=ORIENTED_EDGE('',*,*,#3755,.F.);
#2245=ORIENTED_EDGE('',*,*,#3756,.F.);
#2246=ORIENTED_EDGE('',*,*,#3757,.F.);
#2247=ORIENTED_EDGE('',*,*,#3758,.F.);
#2248=ORIENTED_EDGE('',*,*,#3759,.F.);
#2249=ORIENTED_EDGE('',*,*,#3760,.F.);
#2250=ORIENTED_EDGE('',*,*,#3761,.F.);
#2251=ORIENTED_EDGE('',*,*,#3762,.F.);
#2252=ORIENTED_EDGE('',*,*,#3763,.F.);
#2253=ORIENTED_EDGE('',*,*,#3764,.F.);
#2254=ORIENTED_EDGE('',*,*,#3765,.F.);
#2255=ORIENTED_EDGE('',*,*,#3766,.F.);
#2256=ORIENTED_EDGE('',*,*,#3767,.F.);
#2257=ORIENTED_EDGE('',*,*,#3768,.F.);
#2258=ORIENTED_EDGE('',*,*,#3769,.F.);
#2259=ORIENTED_EDGE('',*,*,#3770,.F.);
#2260=ORIENTED_EDGE('',*,*,#3771,.F.);
#2261=ORIENTED_EDGE('',*,*,#3772,.F.);
#2262=ORIENTED_EDGE('',*,*,#3773,.F.);
#2263=ORIENTED_EDGE('',*,*,#3774,.F.);
#2264=ORIENTED_EDGE('',*,*,#3775,.F.);
#2265=ORIENTED_EDGE('',*,*,#3664,.T.);
#2266=ORIENTED_EDGE('',*,*,#3776,.T.);
#2267=ORIENTED_EDGE('',*,*,#3777,.T.);
#2268=ORIENTED_EDGE('',*,*,#3778,.T.);
#2269=ORIENTED_EDGE('',*,*,#3779,.T.);
#2270=ORIENTED_EDGE('',*,*,#3780,.T.);
#2271=ORIENTED_EDGE('',*,*,#3781,.T.);
#2272=ORIENTED_EDGE('',*,*,#3782,.T.);
#2273=ORIENTED_EDGE('',*,*,#3783,.T.);
#2274=ORIENTED_EDGE('',*,*,#3784,.T.);
#2275=ORIENTED_EDGE('',*,*,#3785,.T.);
#2276=ORIENTED_EDGE('',*,*,#3786,.T.);
#2277=ORIENTED_EDGE('',*,*,#3787,.T.);
#2278=ORIENTED_EDGE('',*,*,#3788,.T.);
#2279=ORIENTED_EDGE('',*,*,#3789,.T.);
#2280=ORIENTED_EDGE('',*,*,#3790,.T.);
#2281=ORIENTED_EDGE('',*,*,#3791,.T.);
#2282=ORIENTED_EDGE('',*,*,#3792,.T.);
#2283=ORIENTED_EDGE('',*,*,#3793,.T.);
#2284=ORIENTED_EDGE('',*,*,#3794,.T.);
#2285=ORIENTED_EDGE('',*,*,#3795,.T.);
#2286=ORIENTED_EDGE('',*,*,#3796,.T.);
#2287=ORIENTED_EDGE('',*,*,#3797,.T.);
#2288=ORIENTED_EDGE('',*,*,#3798,.T.);
#2289=ORIENTED_EDGE('',*,*,#3799,.T.);
#2290=ORIENTED_EDGE('',*,*,#3800,.T.);
#2291=ORIENTED_EDGE('',*,*,#3801,.T.);
#2292=ORIENTED_EDGE('',*,*,#3802,.T.);
#2293=ORIENTED_EDGE('',*,*,#3803,.T.);
#2294=ORIENTED_EDGE('',*,*,#3804,.T.);
#2295=ORIENTED_EDGE('',*,*,#3805,.T.);
#2296=ORIENTED_EDGE('',*,*,#3806,.T.);
#2297=ORIENTED_EDGE('',*,*,#3807,.T.);
#2298=ORIENTED_EDGE('',*,*,#3808,.T.);
#2299=ORIENTED_EDGE('',*,*,#3809,.T.);
#2300=ORIENTED_EDGE('',*,*,#3810,.T.);
#2301=ORIENTED_EDGE('',*,*,#3811,.T.);
#2302=ORIENTED_EDGE('',*,*,#3812,.T.);
#2303=ORIENTED_EDGE('',*,*,#3813,.T.);
#2304=ORIENTED_EDGE('',*,*,#3814,.T.);
#2305=ORIENTED_EDGE('',*,*,#3815,.T.);
#2306=ORIENTED_EDGE('',*,*,#3816,.T.);
#2307=ORIENTED_EDGE('',*,*,#3817,.T.);
#2308=ORIENTED_EDGE('',*,*,#3818,.T.);
#2309=ORIENTED_EDGE('',*,*,#3819,.T.);
#2310=ORIENTED_EDGE('',*,*,#3820,.T.);
#2311=ORIENTED_EDGE('',*,*,#3821,.T.);
#2312=ORIENTED_EDGE('',*,*,#3822,.T.);
#2313=ORIENTED_EDGE('',*,*,#3823,.T.);
#2314=ORIENTED_EDGE('',*,*,#3824,.T.);
#2315=ORIENTED_EDGE('',*,*,#3825,.T.);
#2316=ORIENTED_EDGE('',*,*,#3826,.T.);
#2317=ORIENTED_EDGE('',*,*,#3827,.T.);
#2318=ORIENTED_EDGE('',*,*,#3828,.T.);
#2319=ORIENTED_EDGE('',*,*,#3829,.T.);
#2320=ORIENTED_EDGE('',*,*,#3830,.T.);
#2321=ORIENTED_EDGE('',*,*,#3831,.T.);
#2322=ORIENTED_EDGE('',*,*,#3832,.T.);
#2323=ORIENTED_EDGE('',*,*,#3833,.T.);
#2324=ORIENTED_EDGE('',*,*,#3834,.T.);
#2325=ORIENTED_EDGE('',*,*,#3835,.T.);
#2326=ORIENTED_EDGE('',*,*,#3836,.T.);
#2327=ORIENTED_EDGE('',*,*,#3837,.T.);
#2328=ORIENTED_EDGE('',*,*,#3652,.F.);
#2329=ORIENTED_EDGE('',*,*,#3666,.T.);
#2330=ORIENTED_EDGE('',*,*,#3838,.T.);
#2331=ORIENTED_EDGE('',*,*,#3839,.T.);
#2332=ORIENTED_EDGE('',*,*,#3840,.F.);
#2333=ORIENTED_EDGE('',*,*,#3654,.T.);
#2334=ORIENTED_EDGE('',*,*,#3841,.T.);
#2335=ORIENTED_EDGE('',*,*,#3835,.F.);
#2336=ORIENTED_EDGE('',*,*,#3842,.F.);
#2337=ORIENTED_EDGE('',*,*,#3843,.T.);
#2338=ORIENTED_EDGE('',*,*,#3844,.T.);
#2339=ORIENTED_EDGE('',*,*,#3841,.F.);
#2340=ORIENTED_EDGE('',*,*,#3653,.T.);
#2341=ORIENTED_EDGE('',*,*,#3837,.F.);
#2342=ORIENTED_EDGE('',*,*,#3836,.F.);
#2343=ORIENTED_EDGE('',*,*,#3845,.F.);
#2344=ORIENTED_EDGE('',*,*,#3846,.F.);
#2345=ORIENTED_EDGE('',*,*,#3847,.F.);
#2346=ORIENTED_EDGE('',*,*,#3848,.F.);
#2347=ORIENTED_EDGE('',*,*,#3849,.F.);
#2348=ORIENTED_EDGE('',*,*,#3850,.F.);
#2349=ORIENTED_EDGE('',*,*,#3851,.F.);
#2350=ORIENTED_EDGE('',*,*,#3852,.F.);
#2351=ORIENTED_EDGE('',*,*,#3853,.F.);
#2352=ORIENTED_EDGE('',*,*,#3854,.F.);
#2353=ORIENTED_EDGE('',*,*,#3855,.F.);
#2354=ORIENTED_EDGE('',*,*,#3856,.F.);
#2355=ORIENTED_EDGE('',*,*,#3857,.F.);
#2356=ORIENTED_EDGE('',*,*,#3858,.F.);
#2357=ORIENTED_EDGE('',*,*,#3859,.F.);
#2358=ORIENTED_EDGE('',*,*,#3860,.F.);
#2359=ORIENTED_EDGE('',*,*,#3861,.F.);
#2360=ORIENTED_EDGE('',*,*,#3862,.F.);
#2361=ORIENTED_EDGE('',*,*,#3863,.F.);
#2362=ORIENTED_EDGE('',*,*,#3864,.F.);
#2363=ORIENTED_EDGE('',*,*,#3865,.F.);
#2364=ORIENTED_EDGE('',*,*,#3866,.F.);
#2365=ORIENTED_EDGE('',*,*,#3867,.F.);
#2366=ORIENTED_EDGE('',*,*,#3868,.F.);
#2367=ORIENTED_EDGE('',*,*,#3869,.F.);
#2368=ORIENTED_EDGE('',*,*,#3870,.F.);
#2369=ORIENTED_EDGE('',*,*,#3871,.F.);
#2370=ORIENTED_EDGE('',*,*,#3872,.F.);
#2371=ORIENTED_EDGE('',*,*,#3873,.F.);
#2372=ORIENTED_EDGE('',*,*,#3874,.F.);
#2373=ORIENTED_EDGE('',*,*,#3875,.F.);
#2374=ORIENTED_EDGE('',*,*,#3876,.F.);
#2375=ORIENTED_EDGE('',*,*,#3877,.F.);
#2376=ORIENTED_EDGE('',*,*,#3878,.T.);
#2377=ORIENTED_EDGE('',*,*,#3879,.T.);
#2378=ORIENTED_EDGE('',*,*,#3880,.T.);
#2379=ORIENTED_EDGE('',*,*,#3881,.T.);
#2380=ORIENTED_EDGE('',*,*,#3882,.T.);
#2381=ORIENTED_EDGE('',*,*,#3883,.T.);
#2382=ORIENTED_EDGE('',*,*,#3884,.T.);
#2383=ORIENTED_EDGE('',*,*,#3885,.T.);
#2384=ORIENTED_EDGE('',*,*,#3886,.T.);
#2385=ORIENTED_EDGE('',*,*,#3887,.T.);
#2386=ORIENTED_EDGE('',*,*,#3888,.T.);
#2387=ORIENTED_EDGE('',*,*,#3889,.T.);
#2388=ORIENTED_EDGE('',*,*,#3890,.T.);
#2389=ORIENTED_EDGE('',*,*,#3891,.T.);
#2390=ORIENTED_EDGE('',*,*,#3892,.T.);
#2391=ORIENTED_EDGE('',*,*,#3893,.T.);
#2392=ORIENTED_EDGE('',*,*,#3894,.T.);
#2393=ORIENTED_EDGE('',*,*,#3895,.T.);
#2394=ORIENTED_EDGE('',*,*,#3896,.T.);
#2395=ORIENTED_EDGE('',*,*,#3897,.T.);
#2396=ORIENTED_EDGE('',*,*,#3898,.T.);
#2397=ORIENTED_EDGE('',*,*,#3899,.T.);
#2398=ORIENTED_EDGE('',*,*,#3900,.T.);
#2399=ORIENTED_EDGE('',*,*,#3901,.T.);
#2400=ORIENTED_EDGE('',*,*,#3902,.T.);
#2401=ORIENTED_EDGE('',*,*,#3903,.T.);
#2402=ORIENTED_EDGE('',*,*,#3904,.T.);
#2403=ORIENTED_EDGE('',*,*,#3905,.T.);
#2404=ORIENTED_EDGE('',*,*,#3906,.T.);
#2405=ORIENTED_EDGE('',*,*,#3907,.T.);
#2406=ORIENTED_EDGE('',*,*,#3908,.T.);
#2407=ORIENTED_EDGE('',*,*,#3909,.T.);
#2408=ORIENTED_EDGE('',*,*,#3910,.T.);
#2409=ORIENTED_EDGE('',*,*,#3911,.F.);
#2410=ORIENTED_EDGE('',*,*,#3703,.T.);
#2411=ORIENTED_EDGE('',*,*,#3912,.T.);
#2412=ORIENTED_EDGE('',*,*,#3913,.T.);
#2413=ORIENTED_EDGE('',*,*,#3914,.F.);
#2414=ORIENTED_EDGE('',*,*,#3915,.F.);
#2415=ORIENTED_EDGE('',*,*,#3707,.T.);
#2416=ORIENTED_EDGE('',*,*,#3916,.T.);
#2417=ORIENTED_EDGE('',*,*,#3917,.T.);
#2418=ORIENTED_EDGE('',*,*,#3918,.F.);
#2419=ORIENTED_EDGE('',*,*,#3710,.F.);
#2420=ORIENTED_EDGE('',*,*,#3839,.F.);
#2421=ORIENTED_EDGE('',*,*,#3919,.T.);
#2422=ORIENTED_EDGE('',*,*,#3920,.T.);
#2423=ORIENTED_EDGE('',*,*,#3709,.F.);
#2424=ORIENTED_EDGE('',*,*,#3921,.T.);
#2425=ORIENTED_EDGE('',*,*,#3922,.T.);
#2426=ORIENTED_EDGE('',*,*,#3676,.F.);
#2427=ORIENTED_EDGE('',*,*,#3674,.F.);
#2428=ORIENTED_EDGE('',*,*,#3704,.F.);
#2429=ORIENTED_EDGE('',*,*,#3923,.F.);
#2430=ORIENTED_EDGE('',*,*,#3924,.T.);
#2431=ORIENTED_EDGE('',*,*,#3925,.T.);
#2432=ORIENTED_EDGE('',*,*,#3926,.F.);
#2433=ORIENTED_EDGE('',*,*,#3927,.F.);
#2434=ORIENTED_EDGE('',*,*,#3928,.F.);
#2435=ORIENTED_EDGE('',*,*,#3929,.T.);
#2436=ORIENTED_EDGE('',*,*,#3912,.F.);
#2437=ORIENTED_EDGE('',*,*,#3702,.F.);
#2438=ORIENTED_EDGE('',*,*,#3681,.T.);
#2439=ORIENTED_EDGE('',*,*,#3930,.F.);
#2440=ORIENTED_EDGE('',*,*,#3645,.F.);
#2441=ORIENTED_EDGE('',*,*,#3931,.T.);
#2442=ORIENTED_EDGE('',*,*,#3932,.T.);
#2443=ORIENTED_EDGE('',*,*,#3913,.F.);
#2444=ORIENTED_EDGE('',*,*,#3929,.F.);
#2445=ORIENTED_EDGE('',*,*,#3931,.F.);
#2446=ORIENTED_EDGE('',*,*,#3644,.T.);
#2447=ORIENTED_EDGE('',*,*,#3714,.T.);
#2448=ORIENTED_EDGE('',*,*,#3933,.T.);
#2449=ORIENTED_EDGE('',*,*,#3708,.F.);
#2450=ORIENTED_EDGE('',*,*,#3934,.F.);
#2451=ORIENTED_EDGE('',*,*,#3935,.T.);
#2452=ORIENTED_EDGE('',*,*,#3936,.T.);
#2453=ORIENTED_EDGE('',*,*,#3937,.T.);
#2454=ORIENTED_EDGE('',*,*,#3938,.F.);
#2455=ORIENTED_EDGE('',*,*,#3939,.F.);
#2456=ORIENTED_EDGE('',*,*,#3683,.T.);
#2457=ORIENTED_EDGE('',*,*,#3940,.T.);
#2458=ORIENTED_EDGE('',*,*,#3941,.F.);
#2459=ORIENTED_EDGE('',*,*,#3942,.F.);
#2460=ORIENTED_EDGE('',*,*,#3938,.T.);
#2461=ORIENTED_EDGE('',*,*,#3943,.F.);
#2462=ORIENTED_EDGE('',*,*,#3944,.F.);
#2463=ORIENTED_EDGE('',*,*,#3945,.T.);
#2464=ORIENTED_EDGE('',*,*,#3941,.T.);
#2465=ORIENTED_EDGE('',*,*,#3946,.F.);
#2466=ORIENTED_EDGE('',*,*,#3947,.F.);
#2467=ORIENTED_EDGE('',*,*,#3948,.T.);
#2468=ORIENTED_EDGE('',*,*,#3944,.T.);
#2469=ORIENTED_EDGE('',*,*,#3935,.F.);
#2470=ORIENTED_EDGE('',*,*,#3949,.T.);
#2471=ORIENTED_EDGE('',*,*,#3918,.T.);
#2472=ORIENTED_EDGE('',*,*,#3950,.F.);
#2473=ORIENTED_EDGE('',*,*,#3951,.F.);
#2474=ORIENTED_EDGE('',*,*,#3952,.F.);
#2475=ORIENTED_EDGE('',*,*,#3924,.F.);
#2476=ORIENTED_EDGE('',*,*,#3953,.T.);
#2477=ORIENTED_EDGE('',*,*,#3914,.T.);
#2478=ORIENTED_EDGE('',*,*,#3932,.F.);
#2479=ORIENTED_EDGE('',*,*,#3933,.F.);
#2480=ORIENTED_EDGE('',*,*,#3954,.F.);
#2481=ORIENTED_EDGE('',*,*,#3955,.F.);
#2482=ORIENTED_EDGE('',*,*,#3956,.T.);
#2483=ORIENTED_EDGE('',*,*,#3947,.T.);
#2484=ORIENTED_EDGE('',*,*,#3957,.F.);
#2485=ORIENTED_EDGE('',*,*,#3919,.F.);
#2486=ORIENTED_EDGE('',*,*,#3958,.T.);
#2487=ORIENTED_EDGE('',*,*,#3668,.T.);
#2488=ORIENTED_EDGE('',*,*,#3677,.F.);
#2489=ORIENTED_EDGE('',*,*,#3922,.F.);
#2490=ORIENTED_EDGE('',*,*,#3959,.F.);
#2491=ORIENTED_EDGE('',*,*,#3701,.F.);
#2492=ORIENTED_EDGE('',*,*,#3960,.F.);
#2493=ORIENTED_EDGE('',*,*,#3955,.T.);
#2494=ORIENTED_EDGE('',*,*,#3712,.T.);
#2495=ORIENTED_EDGE('',*,*,#3684,.T.);
#2496=ORIENTED_EDGE('',*,*,#3939,.T.);
#2497=ORIENTED_EDGE('',*,*,#3942,.T.);
#2498=ORIENTED_EDGE('',*,*,#3945,.F.);
#2499=ORIENTED_EDGE('',*,*,#3948,.F.);
#2500=ORIENTED_EDGE('',*,*,#3956,.F.);
#2501=ORIENTED_EDGE('',*,*,#3960,.T.);
#2502=ORIENTED_EDGE('',*,*,#3700,.T.);
#2503=ORIENTED_EDGE('',*,*,#3692,.F.);
#2504=ORIENTED_EDGE('',*,*,#3693,.F.);
#2505=ORIENTED_EDGE('',*,*,#3920,.F.);
#2506=ORIENTED_EDGE('',*,*,#3957,.T.);
#2507=ORIENTED_EDGE('',*,*,#3946,.T.);
#2508=ORIENTED_EDGE('',*,*,#3943,.T.);
#2509=ORIENTED_EDGE('',*,*,#3940,.F.);
#2510=ORIENTED_EDGE('',*,*,#3937,.F.);
#2511=ORIENTED_EDGE('',*,*,#3961,.T.);
#2512=ORIENTED_EDGE('',*,*,#3962,.T.);
#2513=ORIENTED_EDGE('',*,*,#3916,.F.);
#2514=ORIENTED_EDGE('',*,*,#3706,.F.);
#2515=ORIENTED_EDGE('',*,*,#3917,.F.);
#2516=ORIENTED_EDGE('',*,*,#3962,.F.);
#2517=ORIENTED_EDGE('',*,*,#3963,.T.);
#2518=ORIENTED_EDGE('',*,*,#3950,.T.);
#2519=ORIENTED_EDGE('',*,*,#3705,.F.);
#2520=ORIENTED_EDGE('',*,*,#3964,.T.);
#2521=ORIENTED_EDGE('',*,*,#3951,.T.);
#2522=ORIENTED_EDGE('',*,*,#3963,.F.);
#2523=ORIENTED_EDGE('',*,*,#3961,.F.);
#2524=ORIENTED_EDGE('',*,*,#3949,.F.);
#2525=ORIENTED_EDGE('',*,*,#3965,.F.);
#2526=ORIENTED_EDGE('',*,*,#3966,.T.);
#2527=ORIENTED_EDGE('',*,*,#3934,.T.);
#2528=ORIENTED_EDGE('',*,*,#3915,.T.);
#2529=ORIENTED_EDGE('',*,*,#3965,.T.);
#2530=ORIENTED_EDGE('',*,*,#3925,.F.);
#2531=ORIENTED_EDGE('',*,*,#3967,.F.);
#2532=ORIENTED_EDGE('',*,*,#3964,.F.);
#2533=ORIENTED_EDGE('',*,*,#3966,.F.);
#2534=ORIENTED_EDGE('',*,*,#3967,.T.);
#2535=ORIENTED_EDGE('',*,*,#3952,.T.);
#2536=ORIENTED_EDGE('',*,*,#3953,.F.);
#2537=ORIENTED_EDGE('',*,*,#3968,.F.);
#2538=ORIENTED_EDGE('',*,*,#3969,.T.);
#2539=ORIENTED_EDGE('',*,*,#3970,.T.);
#2540=ORIENTED_EDGE('',*,*,#3971,.T.);
#2541=ORIENTED_EDGE('',*,*,#3877,.T.);
#2542=ORIENTED_EDGE('',*,*,#3923,.T.);
#2543=ORIENTED_EDGE('',*,*,#3911,.T.);
#2544=ORIENTED_EDGE('',*,*,#3968,.T.);
#2545=ORIENTED_EDGE('',*,*,#3972,.F.);
#2546=ORIENTED_EDGE('',*,*,#3973,.F.);
#2547=ORIENTED_EDGE('',*,*,#3974,.F.);
#2548=ORIENTED_EDGE('',*,*,#3640,.F.);
#2549=ORIENTED_EDGE('',*,*,#3713,.T.);
#2550=ORIENTED_EDGE('',*,*,#3954,.T.);
#2551=ORIENTED_EDGE('',*,*,#3958,.F.);
#2552=ORIENTED_EDGE('',*,*,#3838,.F.);
#2553=ORIENTED_EDGE('',*,*,#3975,.T.);
#2554=ORIENTED_EDGE('',*,*,#3976,.T.);
#2555=ORIENTED_EDGE('',*,*,#3655,.F.);
#2556=ORIENTED_EDGE('',*,*,#3840,.T.);
#2557=ORIENTED_EDGE('',*,*,#3977,.F.);
#2558=ORIENTED_EDGE('',*,*,#3978,.T.);
#2559=ORIENTED_EDGE('',*,*,#3979,.T.);
#2560=ORIENTED_EDGE('',*,*,#3936,.F.);
#2561=ORIENTED_EDGE('',*,*,#3980,.F.);
#2562=ORIENTED_EDGE('',*,*,#3921,.F.);
#2563=ORIENTED_EDGE('',*,*,#3910,.F.);
#2564=ORIENTED_EDGE('',*,*,#3980,.T.);
#2565=ORIENTED_EDGE('',*,*,#3959,.T.);
#2566=ORIENTED_EDGE('',*,*,#3783,.F.);
#2567=ORIENTED_EDGE('',*,*,#3981,.F.);
#2568=ORIENTED_EDGE('',*,*,#3982,.T.);
#2569=ORIENTED_EDGE('',*,*,#3983,.F.);
#2570=ORIENTED_EDGE('',*,*,#3786,.F.);
#2571=ORIENTED_EDGE('',*,*,#3984,.T.);
#2572=ORIENTED_EDGE('',*,*,#3897,.F.);
#2573=ORIENTED_EDGE('',*,*,#3896,.F.);
#2574=ORIENTED_EDGE('',*,*,#3985,.F.);
#2575=ORIENTED_EDGE('',*,*,#3982,.F.);
#2576=ORIENTED_EDGE('',*,*,#3986,.F.);
#2577=ORIENTED_EDGE('',*,*,#3785,.F.);
#2578=ORIENTED_EDGE('',*,*,#3784,.F.);
#2579=ORIENTED_EDGE('',*,*,#3984,.F.);
#2580=ORIENTED_EDGE('',*,*,#3782,.F.);
#2581=ORIENTED_EDGE('',*,*,#3987,.T.);
#2582=ORIENTED_EDGE('',*,*,#3779,.F.);
#2583=ORIENTED_EDGE('',*,*,#3988,.F.);
#2584=ORIENTED_EDGE('',*,*,#3989,.T.);
#2585=ORIENTED_EDGE('',*,*,#3981,.T.);
#2586=ORIENTED_EDGE('',*,*,#3899,.F.);
#2587=ORIENTED_EDGE('',*,*,#3898,.F.);
#2588=ORIENTED_EDGE('',*,*,#3986,.T.);
#2589=ORIENTED_EDGE('',*,*,#3989,.F.);
#2590=ORIENTED_EDGE('',*,*,#3990,.F.);
#2591=ORIENTED_EDGE('',*,*,#3781,.F.);
#2592=ORIENTED_EDGE('',*,*,#3780,.F.);
#2593=ORIENTED_EDGE('',*,*,#3987,.F.);
#2594=ORIENTED_EDGE('',*,*,#3991,.F.);
#2595=ORIENTED_EDGE('',*,*,#3975,.F.);
#2596=ORIENTED_EDGE('',*,*,#3844,.F.);
#2597=ORIENTED_EDGE('',*,*,#3992,.T.);
#2598=ORIENTED_EDGE('',*,*,#3988,.T.);
#2599=ORIENTED_EDGE('',*,*,#3778,.F.);
#2600=ORIENTED_EDGE('',*,*,#3993,.T.);
#2601=ORIENTED_EDGE('',*,*,#3901,.F.);
#2602=ORIENTED_EDGE('',*,*,#3900,.F.);
#2603=ORIENTED_EDGE('',*,*,#3990,.T.);
#2604=ORIENTED_EDGE('',*,*,#3992,.F.);
#2605=ORIENTED_EDGE('',*,*,#3994,.F.);
#2606=ORIENTED_EDGE('',*,*,#3995,.F.);
#2607=ORIENTED_EDGE('',*,*,#3993,.F.);
#2608=ORIENTED_EDGE('',*,*,#3777,.F.);
#2609=ORIENTED_EDGE('',*,*,#3903,.F.);
#2610=ORIENTED_EDGE('',*,*,#3902,.F.);
#2611=ORIENTED_EDGE('',*,*,#3994,.T.);
#2612=ORIENTED_EDGE('',*,*,#3843,.F.);
#2613=ORIENTED_EDGE('',*,*,#3996,.F.);
#2614=ORIENTED_EDGE('',*,*,#3831,.F.);
#2615=ORIENTED_EDGE('',*,*,#3997,.F.);
#2616=ORIENTED_EDGE('',*,*,#3998,.T.);
#2617=ORIENTED_EDGE('',*,*,#3842,.T.);
#2618=ORIENTED_EDGE('',*,*,#3834,.F.);
#2619=ORIENTED_EDGE('',*,*,#3999,.T.);
#2620=ORIENTED_EDGE('',*,*,#3905,.F.);
#2621=ORIENTED_EDGE('',*,*,#3904,.F.);
#2622=ORIENTED_EDGE('',*,*,#3996,.T.);
#2623=ORIENTED_EDGE('',*,*,#3998,.F.);
#2624=ORIENTED_EDGE('',*,*,#4000,.F.);
#2625=ORIENTED_EDGE('',*,*,#3833,.F.);
#2626=ORIENTED_EDGE('',*,*,#3832,.F.);
#2627=ORIENTED_EDGE('',*,*,#3999,.F.);
#2628=ORIENTED_EDGE('',*,*,#3830,.F.);
#2629=ORIENTED_EDGE('',*,*,#4001,.T.);
#2630=ORIENTED_EDGE('',*,*,#3827,.F.);
#2631=ORIENTED_EDGE('',*,*,#4002,.F.);
#2632=ORIENTED_EDGE('',*,*,#4003,.T.);
#2633=ORIENTED_EDGE('',*,*,#3997,.T.);
#2634=ORIENTED_EDGE('',*,*,#3907,.F.);
#2635=ORIENTED_EDGE('',*,*,#3906,.F.);
#2636=ORIENTED_EDGE('',*,*,#4000,.T.);
#2637=ORIENTED_EDGE('',*,*,#4003,.F.);
#2638=ORIENTED_EDGE('',*,*,#4004,.F.);
#2639=ORIENTED_EDGE('',*,*,#3829,.F.);
#2640=ORIENTED_EDGE('',*,*,#3828,.F.);
#2641=ORIENTED_EDGE('',*,*,#4001,.F.);
#2642=ORIENTED_EDGE('',*,*,#3823,.F.);
#2643=ORIENTED_EDGE('',*,*,#4005,.F.);
#2644=ORIENTED_EDGE('',*,*,#4006,.T.);
#2645=ORIENTED_EDGE('',*,*,#4002,.T.);
#2646=ORIENTED_EDGE('',*,*,#3826,.F.);
#2647=ORIENTED_EDGE('',*,*,#4007,.T.);
#2648=ORIENTED_EDGE('',*,*,#3909,.F.);
#2649=ORIENTED_EDGE('',*,*,#3908,.F.);
#2650=ORIENTED_EDGE('',*,*,#4004,.T.);
#2651=ORIENTED_EDGE('',*,*,#4006,.F.);
#2652=ORIENTED_EDGE('',*,*,#4008,.F.);
#2653=ORIENTED_EDGE('',*,*,#3825,.F.);
#2654=ORIENTED_EDGE('',*,*,#3824,.F.);
#2655=ORIENTED_EDGE('',*,*,#4007,.F.);
#2656=ORIENTED_EDGE('',*,*,#3819,.F.);
#2657=ORIENTED_EDGE('',*,*,#4009,.F.);
#2658=ORIENTED_EDGE('',*,*,#4010,.T.);
#2659=ORIENTED_EDGE('',*,*,#4005,.T.);
#2660=ORIENTED_EDGE('',*,*,#3822,.F.);
#2661=ORIENTED_EDGE('',*,*,#4011,.T.);
#2662=ORIENTED_EDGE('',*,*,#3879,.F.);
#2663=ORIENTED_EDGE('',*,*,#3878,.F.);
#2664=ORIENTED_EDGE('',*,*,#4008,.T.);
#2665=ORIENTED_EDGE('',*,*,#4010,.F.);
#2666=ORIENTED_EDGE('',*,*,#4012,.F.);
#2667=ORIENTED_EDGE('',*,*,#3821,.F.);
#2668=ORIENTED_EDGE('',*,*,#3820,.F.);
#2669=ORIENTED_EDGE('',*,*,#4011,.F.);
#2670=ORIENTED_EDGE('',*,*,#3815,.F.);
#2671=ORIENTED_EDGE('',*,*,#4013,.F.);
#2672=ORIENTED_EDGE('',*,*,#4014,.T.);
#2673=ORIENTED_EDGE('',*,*,#4009,.T.);
#2674=ORIENTED_EDGE('',*,*,#3818,.F.);
#2675=ORIENTED_EDGE('',*,*,#4015,.T.);
#2676=ORIENTED_EDGE('',*,*,#3881,.F.);
#2677=ORIENTED_EDGE('',*,*,#3880,.F.);
#2678=ORIENTED_EDGE('',*,*,#4012,.T.);
#2679=ORIENTED_EDGE('',*,*,#4014,.F.);
#2680=ORIENTED_EDGE('',*,*,#4016,.F.);
#2681=ORIENTED_EDGE('',*,*,#3817,.F.);
#2682=ORIENTED_EDGE('',*,*,#3816,.F.);
#2683=ORIENTED_EDGE('',*,*,#4015,.F.);
#2684=ORIENTED_EDGE('',*,*,#3814,.F.);
#2685=ORIENTED_EDGE('',*,*,#4017,.T.);
#2686=ORIENTED_EDGE('',*,*,#3811,.F.);
#2687=ORIENTED_EDGE('',*,*,#4018,.F.);
#2688=ORIENTED_EDGE('',*,*,#4019,.T.);
#2689=ORIENTED_EDGE('',*,*,#4013,.T.);
#2690=ORIENTED_EDGE('',*,*,#3883,.F.);
#2691=ORIENTED_EDGE('',*,*,#3882,.F.);
#2692=ORIENTED_EDGE('',*,*,#4016,.T.);
#2693=ORIENTED_EDGE('',*,*,#4019,.F.);
#2694=ORIENTED_EDGE('',*,*,#4020,.F.);
#2695=ORIENTED_EDGE('',*,*,#3813,.F.);
#2696=ORIENTED_EDGE('',*,*,#3812,.F.);
#2697=ORIENTED_EDGE('',*,*,#4017,.F.);
#2698=ORIENTED_EDGE('',*,*,#3807,.F.);
#2699=ORIENTED_EDGE('',*,*,#4021,.F.);
#2700=ORIENTED_EDGE('',*,*,#4022,.T.);
#2701=ORIENTED_EDGE('',*,*,#4018,.T.);
#2702=ORIENTED_EDGE('',*,*,#3810,.F.);
#2703=ORIENTED_EDGE('',*,*,#4023,.T.);
#2704=ORIENTED_EDGE('',*,*,#3885,.F.);
#2705=ORIENTED_EDGE('',*,*,#3884,.F.);
#2706=ORIENTED_EDGE('',*,*,#4020,.T.);
#2707=ORIENTED_EDGE('',*,*,#4022,.F.);
#2708=ORIENTED_EDGE('',*,*,#4024,.F.);
#2709=ORIENTED_EDGE('',*,*,#3809,.F.);
#2710=ORIENTED_EDGE('',*,*,#3808,.F.);
#2711=ORIENTED_EDGE('',*,*,#4023,.F.);
#2712=ORIENTED_EDGE('',*,*,#3803,.F.);
#2713=ORIENTED_EDGE('',*,*,#4025,.F.);
#2714=ORIENTED_EDGE('',*,*,#4026,.T.);
#2715=ORIENTED_EDGE('',*,*,#4021,.T.);
#2716=ORIENTED_EDGE('',*,*,#3806,.F.);
#2717=ORIENTED_EDGE('',*,*,#4027,.T.);
#2718=ORIENTED_EDGE('',*,*,#3887,.F.);
#2719=ORIENTED_EDGE('',*,*,#3886,.F.);
#2720=ORIENTED_EDGE('',*,*,#4024,.T.);
#2721=ORIENTED_EDGE('',*,*,#4026,.F.);
#2722=ORIENTED_EDGE('',*,*,#4028,.F.);
#2723=ORIENTED_EDGE('',*,*,#3805,.F.);
#2724=ORIENTED_EDGE('',*,*,#3804,.F.);
#2725=ORIENTED_EDGE('',*,*,#4027,.F.);
#2726=ORIENTED_EDGE('',*,*,#3799,.F.);
#2727=ORIENTED_EDGE('',*,*,#4029,.F.);
#2728=ORIENTED_EDGE('',*,*,#4030,.T.);
#2729=ORIENTED_EDGE('',*,*,#4025,.T.);
#2730=ORIENTED_EDGE('',*,*,#3802,.F.);
#2731=ORIENTED_EDGE('',*,*,#4031,.T.);
#2732=ORIENTED_EDGE('',*,*,#3889,.F.);
#2733=ORIENTED_EDGE('',*,*,#3888,.F.);
#2734=ORIENTED_EDGE('',*,*,#4028,.T.);
#2735=ORIENTED_EDGE('',*,*,#4030,.F.);
#2736=ORIENTED_EDGE('',*,*,#4032,.F.);
#2737=ORIENTED_EDGE('',*,*,#3801,.F.);
#2738=ORIENTED_EDGE('',*,*,#3800,.F.);
#2739=ORIENTED_EDGE('',*,*,#4031,.F.);
#2740=ORIENTED_EDGE('',*,*,#3798,.F.);
#2741=ORIENTED_EDGE('',*,*,#4033,.T.);
#2742=ORIENTED_EDGE('',*,*,#3795,.F.);
#2743=ORIENTED_EDGE('',*,*,#4034,.F.);
#2744=ORIENTED_EDGE('',*,*,#4035,.T.);
#2745=ORIENTED_EDGE('',*,*,#4029,.T.);
#2746=ORIENTED_EDGE('',*,*,#3891,.F.);
#2747=ORIENTED_EDGE('',*,*,#3890,.F.);
#2748=ORIENTED_EDGE('',*,*,#4032,.T.);
#2749=ORIENTED_EDGE('',*,*,#4035,.F.);
#2750=ORIENTED_EDGE('',*,*,#4036,.F.);
#2751=ORIENTED_EDGE('',*,*,#3797,.F.);
#2752=ORIENTED_EDGE('',*,*,#3796,.F.);
#2753=ORIENTED_EDGE('',*,*,#4033,.F.);
#2754=ORIENTED_EDGE('',*,*,#3794,.F.);
#2755=ORIENTED_EDGE('',*,*,#4037,.T.);
#2756=ORIENTED_EDGE('',*,*,#3791,.F.);
#2757=ORIENTED_EDGE('',*,*,#4038,.F.);
#2758=ORIENTED_EDGE('',*,*,#4039,.T.);
#2759=ORIENTED_EDGE('',*,*,#4034,.T.);
#2760=ORIENTED_EDGE('',*,*,#3893,.F.);
#2761=ORIENTED_EDGE('',*,*,#3892,.F.);
#2762=ORIENTED_EDGE('',*,*,#4036,.T.);
#2763=ORIENTED_EDGE('',*,*,#4039,.F.);
#2764=ORIENTED_EDGE('',*,*,#4040,.F.);
#2765=ORIENTED_EDGE('',*,*,#3793,.F.);
#2766=ORIENTED_EDGE('',*,*,#3792,.F.);
#2767=ORIENTED_EDGE('',*,*,#4037,.F.);
#2768=ORIENTED_EDGE('',*,*,#3787,.F.);
#2769=ORIENTED_EDGE('',*,*,#3983,.T.);
#2770=ORIENTED_EDGE('',*,*,#4041,.T.);
#2771=ORIENTED_EDGE('',*,*,#4038,.T.);
#2772=ORIENTED_EDGE('',*,*,#3790,.F.);
#2773=ORIENTED_EDGE('',*,*,#4042,.T.);
#2774=ORIENTED_EDGE('',*,*,#3895,.F.);
#2775=ORIENTED_EDGE('',*,*,#3894,.F.);
#2776=ORIENTED_EDGE('',*,*,#4040,.T.);
#2777=ORIENTED_EDGE('',*,*,#4041,.F.);
#2778=ORIENTED_EDGE('',*,*,#3985,.T.);
#2779=ORIENTED_EDGE('',*,*,#3789,.F.);
#2780=ORIENTED_EDGE('',*,*,#3788,.F.);
#2781=ORIENTED_EDGE('',*,*,#4042,.F.);
#2782=ORIENTED_EDGE('',*,*,#4043,.F.);
#2783=ORIENTED_EDGE('',*,*,#3769,.T.);
#2784=ORIENTED_EDGE('',*,*,#4044,.F.);
#2785=ORIENTED_EDGE('',*,*,#3766,.T.);
#2786=ORIENTED_EDGE('',*,*,#4045,.F.);
#2787=ORIENTED_EDGE('',*,*,#4046,.F.);
#2788=ORIENTED_EDGE('',*,*,#3860,.T.);
#2789=ORIENTED_EDGE('',*,*,#3859,.T.);
#2790=ORIENTED_EDGE('',*,*,#4047,.F.);
#2791=ORIENTED_EDGE('',*,*,#4046,.T.);
#2792=ORIENTED_EDGE('',*,*,#4048,.F.);
#2793=ORIENTED_EDGE('',*,*,#3768,.T.);
#2794=ORIENTED_EDGE('',*,*,#3767,.T.);
#2795=ORIENTED_EDGE('',*,*,#4044,.T.);
#2796=ORIENTED_EDGE('',*,*,#4049,.F.);
#2797=ORIENTED_EDGE('',*,*,#3770,.T.);
#2798=ORIENTED_EDGE('',*,*,#4043,.T.);
#2799=ORIENTED_EDGE('',*,*,#4050,.F.);
#2800=ORIENTED_EDGE('',*,*,#4051,.F.);
#2801=ORIENTED_EDGE('',*,*,#3773,.T.);
#2802=ORIENTED_EDGE('',*,*,#3858,.T.);
#2803=ORIENTED_EDGE('',*,*,#3857,.T.);
#2804=ORIENTED_EDGE('',*,*,#4052,.F.);
#2805=ORIENTED_EDGE('',*,*,#4050,.T.);
#2806=ORIENTED_EDGE('',*,*,#4047,.T.);
#2807=ORIENTED_EDGE('',*,*,#3772,.T.);
#2808=ORIENTED_EDGE('',*,*,#3771,.T.);
#2809=ORIENTED_EDGE('',*,*,#4049,.T.);
#2810=ORIENTED_EDGE('',*,*,#4053,.F.);
#2811=ORIENTED_EDGE('',*,*,#4054,.F.);
#2812=ORIENTED_EDGE('',*,*,#3774,.T.);
#2813=ORIENTED_EDGE('',*,*,#4051,.T.);
#2814=ORIENTED_EDGE('',*,*,#4055,.F.);
#2815=ORIENTED_EDGE('',*,*,#4056,.F.);
#2816=ORIENTED_EDGE('',*,*,#3973,.T.);
#2817=ORIENTED_EDGE('',*,*,#3856,.T.);
#2818=ORIENTED_EDGE('',*,*,#3855,.T.);
#2819=ORIENTED_EDGE('',*,*,#4057,.F.);
#2820=ORIENTED_EDGE('',*,*,#4055,.T.);
#2821=ORIENTED_EDGE('',*,*,#4052,.T.);
#2822=ORIENTED_EDGE('',*,*,#4058,.F.);
#2823=ORIENTED_EDGE('',*,*,#3775,.T.);
#2824=ORIENTED_EDGE('',*,*,#4054,.T.);
#2825=ORIENTED_EDGE('',*,*,#3641,.F.);
#2826=ORIENTED_EDGE('',*,*,#3974,.T.);
#2827=ORIENTED_EDGE('',*,*,#4056,.T.);
#2828=ORIENTED_EDGE('',*,*,#4059,.F.);
#2829=ORIENTED_EDGE('',*,*,#4060,.F.);
#2830=ORIENTED_EDGE('',*,*,#3717,.T.);
#2831=ORIENTED_EDGE('',*,*,#4061,.F.);
#2832=ORIENTED_EDGE('',*,*,#3854,.T.);
#2833=ORIENTED_EDGE('',*,*,#3853,.T.);
#2834=ORIENTED_EDGE('',*,*,#4062,.F.);
#2835=ORIENTED_EDGE('',*,*,#4059,.T.);
#2836=ORIENTED_EDGE('',*,*,#4057,.T.);
#2837=ORIENTED_EDGE('',*,*,#3642,.F.);
#2838=ORIENTED_EDGE('',*,*,#4061,.T.);
#2839=ORIENTED_EDGE('',*,*,#3716,.T.);
#2840=ORIENTED_EDGE('',*,*,#3715,.T.);
#2841=ORIENTED_EDGE('',*,*,#4063,.F.);
#2842=ORIENTED_EDGE('',*,*,#3721,.T.);
#2843=ORIENTED_EDGE('',*,*,#4064,.F.);
#2844=ORIENTED_EDGE('',*,*,#3718,.T.);
#2845=ORIENTED_EDGE('',*,*,#4060,.T.);
#2846=ORIENTED_EDGE('',*,*,#4065,.F.);
#2847=ORIENTED_EDGE('',*,*,#3852,.T.);
#2848=ORIENTED_EDGE('',*,*,#3851,.T.);
#2849=ORIENTED_EDGE('',*,*,#4066,.F.);
#2850=ORIENTED_EDGE('',*,*,#4065,.T.);
#2851=ORIENTED_EDGE('',*,*,#4062,.T.);
#2852=ORIENTED_EDGE('',*,*,#3720,.T.);
#2853=ORIENTED_EDGE('',*,*,#3719,.T.);
#2854=ORIENTED_EDGE('',*,*,#4064,.T.);
#2855=ORIENTED_EDGE('',*,*,#4067,.F.);
#2856=ORIENTED_EDGE('',*,*,#3722,.T.);
#2857=ORIENTED_EDGE('',*,*,#4063,.T.);
#2858=ORIENTED_EDGE('',*,*,#4068,.F.);
#2859=ORIENTED_EDGE('',*,*,#4069,.F.);
#2860=ORIENTED_EDGE('',*,*,#3725,.T.);
#2861=ORIENTED_EDGE('',*,*,#3850,.T.);
#2862=ORIENTED_EDGE('',*,*,#3849,.T.);
#2863=ORIENTED_EDGE('',*,*,#4070,.F.);
#2864=ORIENTED_EDGE('',*,*,#4068,.T.);
#2865=ORIENTED_EDGE('',*,*,#4066,.T.);
#2866=ORIENTED_EDGE('',*,*,#3724,.T.);
#2867=ORIENTED_EDGE('',*,*,#3723,.T.);
#2868=ORIENTED_EDGE('',*,*,#4067,.T.);
#2869=ORIENTED_EDGE('',*,*,#4071,.F.);
#2870=ORIENTED_EDGE('',*,*,#3729,.T.);
#2871=ORIENTED_EDGE('',*,*,#4072,.F.);
#2872=ORIENTED_EDGE('',*,*,#3726,.T.);
#2873=ORIENTED_EDGE('',*,*,#4069,.T.);
#2874=ORIENTED_EDGE('',*,*,#4073,.F.);
#2875=ORIENTED_EDGE('',*,*,#3848,.T.);
#2876=ORIENTED_EDGE('',*,*,#3847,.T.);
#2877=ORIENTED_EDGE('',*,*,#4074,.F.);
#2878=ORIENTED_EDGE('',*,*,#4073,.T.);
#2879=ORIENTED_EDGE('',*,*,#4070,.T.);
#2880=ORIENTED_EDGE('',*,*,#3728,.T.);
#2881=ORIENTED_EDGE('',*,*,#3727,.T.);
#2882=ORIENTED_EDGE('',*,*,#4072,.T.);
#2883=ORIENTED_EDGE('',*,*,#4075,.F.);
#2884=ORIENTED_EDGE('',*,*,#3733,.T.);
#2885=ORIENTED_EDGE('',*,*,#4076,.F.);
#2886=ORIENTED_EDGE('',*,*,#3730,.T.);
#2887=ORIENTED_EDGE('',*,*,#4071,.T.);
#2888=ORIENTED_EDGE('',*,*,#4077,.F.);
#2889=ORIENTED_EDGE('',*,*,#3846,.T.);
#2890=ORIENTED_EDGE('',*,*,#3845,.T.);
#2891=ORIENTED_EDGE('',*,*,#4078,.F.);
#2892=ORIENTED_EDGE('',*,*,#4077,.T.);
#2893=ORIENTED_EDGE('',*,*,#4074,.T.);
#2894=ORIENTED_EDGE('',*,*,#3732,.T.);
#2895=ORIENTED_EDGE('',*,*,#3731,.T.);
#2896=ORIENTED_EDGE('',*,*,#4076,.T.);
#2897=ORIENTED_EDGE('',*,*,#4079,.F.);
#2898=ORIENTED_EDGE('',*,*,#3737,.T.);
#2899=ORIENTED_EDGE('',*,*,#4080,.F.);
#2900=ORIENTED_EDGE('',*,*,#3734,.T.);
#2901=ORIENTED_EDGE('',*,*,#4075,.T.);
#2902=ORIENTED_EDGE('',*,*,#4081,.F.);
#2903=ORIENTED_EDGE('',*,*,#3876,.T.);
#2904=ORIENTED_EDGE('',*,*,#3875,.T.);
#2905=ORIENTED_EDGE('',*,*,#4082,.F.);
#2906=ORIENTED_EDGE('',*,*,#4081,.T.);
#2907=ORIENTED_EDGE('',*,*,#4078,.T.);
#2908=ORIENTED_EDGE('',*,*,#3736,.T.);
#2909=ORIENTED_EDGE('',*,*,#3735,.T.);
#2910=ORIENTED_EDGE('',*,*,#4080,.T.);
#2911=ORIENTED_EDGE('',*,*,#4083,.F.);
#2912=ORIENTED_EDGE('',*,*,#3738,.T.);
#2913=ORIENTED_EDGE('',*,*,#4079,.T.);
#2914=ORIENTED_EDGE('',*,*,#4084,.F.);
#2915=ORIENTED_EDGE('',*,*,#4085,.F.);
#2916=ORIENTED_EDGE('',*,*,#3741,.T.);
#2917=ORIENTED_EDGE('',*,*,#3874,.T.);
#2918=ORIENTED_EDGE('',*,*,#3873,.T.);
#2919=ORIENTED_EDGE('',*,*,#4086,.F.);
#2920=ORIENTED_EDGE('',*,*,#4084,.T.);
#2921=ORIENTED_EDGE('',*,*,#4082,.T.);
#2922=ORIENTED_EDGE('',*,*,#3740,.T.);
#2923=ORIENTED_EDGE('',*,*,#3739,.T.);
#2924=ORIENTED_EDGE('',*,*,#4083,.T.);
#2925=ORIENTED_EDGE('',*,*,#4087,.F.);
#2926=ORIENTED_EDGE('',*,*,#3745,.T.);
#2927=ORIENTED_EDGE('',*,*,#4088,.F.);
#2928=ORIENTED_EDGE('',*,*,#3742,.T.);
#2929=ORIENTED_EDGE('',*,*,#4085,.T.);
#2930=ORIENTED_EDGE('',*,*,#4089,.F.);
#2931=ORIENTED_EDGE('',*,*,#3872,.T.);
#2932=ORIENTED_EDGE('',*,*,#3871,.T.);
#2933=ORIENTED_EDGE('',*,*,#4090,.F.);
#2934=ORIENTED_EDGE('',*,*,#4089,.T.);
#2935=ORIENTED_EDGE('',*,*,#4086,.T.);
#2936=ORIENTED_EDGE('',*,*,#3744,.T.);
#2937=ORIENTED_EDGE('',*,*,#3743,.T.);
#2938=ORIENTED_EDGE('',*,*,#4088,.T.);
#2939=ORIENTED_EDGE('',*,*,#4091,.F.);
#2940=ORIENTED_EDGE('',*,*,#3749,.T.);
#2941=ORIENTED_EDGE('',*,*,#4092,.F.);
#2942=ORIENTED_EDGE('',*,*,#3746,.T.);
#2943=ORIENTED_EDGE('',*,*,#4087,.T.);
#2944=ORIENTED_EDGE('',*,*,#4093,.F.);
#2945=ORIENTED_EDGE('',*,*,#3870,.T.);
#2946=ORIENTED_EDGE('',*,*,#3869,.T.);
#2947=ORIENTED_EDGE('',*,*,#4094,.F.);
#2948=ORIENTED_EDGE('',*,*,#4093,.T.);
#2949=ORIENTED_EDGE('',*,*,#4090,.T.);
#2950=ORIENTED_EDGE('',*,*,#3748,.T.);
#2951=ORIENTED_EDGE('',*,*,#3747,.T.);
#2952=ORIENTED_EDGE('',*,*,#4092,.T.);
#2953=ORIENTED_EDGE('',*,*,#4095,.F.);
#2954=ORIENTED_EDGE('',*,*,#3753,.T.);
#2955=ORIENTED_EDGE('',*,*,#4096,.F.);
#2956=ORIENTED_EDGE('',*,*,#3750,.T.);
#2957=ORIENTED_EDGE('',*,*,#4091,.T.);
#2958=ORIENTED_EDGE('',*,*,#4097,.F.);
#2959=ORIENTED_EDGE('',*,*,#3868,.T.);
#2960=ORIENTED_EDGE('',*,*,#3867,.T.);
#2961=ORIENTED_EDGE('',*,*,#4098,.F.);
#2962=ORIENTED_EDGE('',*,*,#4097,.T.);
#2963=ORIENTED_EDGE('',*,*,#4094,.T.);
#2964=ORIENTED_EDGE('',*,*,#3752,.T.);
#2965=ORIENTED_EDGE('',*,*,#3751,.T.);
#2966=ORIENTED_EDGE('',*,*,#4096,.T.);
#2967=ORIENTED_EDGE('',*,*,#4099,.F.);
#2968=ORIENTED_EDGE('',*,*,#3754,.T.);
#2969=ORIENTED_EDGE('',*,*,#4095,.T.);
#2970=ORIENTED_EDGE('',*,*,#4100,.F.);
#2971=ORIENTED_EDGE('',*,*,#4101,.F.);
#2972=ORIENTED_EDGE('',*,*,#3757,.T.);
#2973=ORIENTED_EDGE('',*,*,#3866,.T.);
#2974=ORIENTED_EDGE('',*,*,#3865,.T.);
#2975=ORIENTED_EDGE('',*,*,#4102,.F.);
#2976=ORIENTED_EDGE('',*,*,#4100,.T.);
#2977=ORIENTED_EDGE('',*,*,#4098,.T.);
#2978=ORIENTED_EDGE('',*,*,#3756,.T.);
#2979=ORIENTED_EDGE('',*,*,#3755,.T.);
#2980=ORIENTED_EDGE('',*,*,#4099,.T.);
#2981=ORIENTED_EDGE('',*,*,#4103,.F.);
#2982=ORIENTED_EDGE('',*,*,#3758,.T.);
#2983=ORIENTED_EDGE('',*,*,#4101,.T.);
#2984=ORIENTED_EDGE('',*,*,#4104,.F.);
#2985=ORIENTED_EDGE('',*,*,#4105,.F.);
#2986=ORIENTED_EDGE('',*,*,#3761,.T.);
#2987=ORIENTED_EDGE('',*,*,#3864,.T.);
#2988=ORIENTED_EDGE('',*,*,#3863,.T.);
#2989=ORIENTED_EDGE('',*,*,#4106,.F.);
#2990=ORIENTED_EDGE('',*,*,#4104,.T.);
#2991=ORIENTED_EDGE('',*,*,#4102,.T.);
#2992=ORIENTED_EDGE('',*,*,#3760,.T.);
#2993=ORIENTED_EDGE('',*,*,#3759,.T.);
#2994=ORIENTED_EDGE('',*,*,#4103,.T.);
#2995=ORIENTED_EDGE('',*,*,#4045,.T.);
#2996=ORIENTED_EDGE('',*,*,#3765,.T.);
#2997=ORIENTED_EDGE('',*,*,#4107,.F.);
#2998=ORIENTED_EDGE('',*,*,#3762,.T.);
#2999=ORIENTED_EDGE('',*,*,#4105,.T.);
#3000=ORIENTED_EDGE('',*,*,#4108,.F.);
#3001=ORIENTED_EDGE('',*,*,#3862,.T.);
#3002=ORIENTED_EDGE('',*,*,#3861,.T.);
#3003=ORIENTED_EDGE('',*,*,#4048,.T.);
#3004=ORIENTED_EDGE('',*,*,#4108,.T.);
#3005=ORIENTED_EDGE('',*,*,#4106,.T.);
#3006=ORIENTED_EDGE('',*,*,#3764,.T.);
#3007=ORIENTED_EDGE('',*,*,#3763,.T.);
#3008=ORIENTED_EDGE('',*,*,#4107,.T.);
#3009=ORIENTED_EDGE('',*,*,#3711,.T.);
#3010=ORIENTED_EDGE('',*,*,#4058,.T.);
#3011=ORIENTED_EDGE('',*,*,#4053,.T.);
#3012=ORIENTED_EDGE('',*,*,#3972,.T.);
#3013=ORIENTED_EDGE('',*,*,#3639,.F.);
#3014=ORIENTED_EDGE('',*,*,#4109,.F.);
#3015=ORIENTED_EDGE('',*,*,#3679,.F.);
#3016=ORIENTED_EDGE('',*,*,#4110,.F.);
#3017=ORIENTED_EDGE('',*,*,#3636,.F.);
#3018=ORIENTED_EDGE('',*,*,#3686,.F.);
#3019=ORIENTED_EDGE('',*,*,#3699,.T.);
#3020=ORIENTED_EDGE('',*,*,#4111,.T.);
#3021=ORIENTED_EDGE('',*,*,#3926,.T.);
#3022=ORIENTED_EDGE('',*,*,#3680,.F.);
#3023=ORIENTED_EDGE('',*,*,#4109,.T.);
#3024=ORIENTED_EDGE('',*,*,#3638,.F.);
#3025=ORIENTED_EDGE('',*,*,#4112,.F.);
#3026=ORIENTED_EDGE('',*,*,#3646,.T.);
#3027=ORIENTED_EDGE('',*,*,#3930,.T.);
#3028=ORIENTED_EDGE('',*,*,#3928,.T.);
#3029=ORIENTED_EDGE('',*,*,#4113,.T.);
#3030=ORIENTED_EDGE('',*,*,#3697,.F.);
#3031=ORIENTED_EDGE('',*,*,#3687,.F.);
#3032=ORIENTED_EDGE('',*,*,#3634,.T.);
#3033=ORIENTED_EDGE('',*,*,#3927,.T.);
#3034=ORIENTED_EDGE('',*,*,#4111,.F.);
#3035=ORIENTED_EDGE('',*,*,#3698,.F.);
#3036=ORIENTED_EDGE('',*,*,#4113,.F.);
#3037=ORIENTED_EDGE('',*,*,#4114,.T.);
#3038=ORIENTED_EDGE('',*,*,#3656,.T.);
#3039=ORIENTED_EDGE('',*,*,#3976,.F.);
#3040=ORIENTED_EDGE('',*,*,#3991,.T.);
#3041=ORIENTED_EDGE('',*,*,#3995,.T.);
#3042=ORIENTED_EDGE('',*,*,#3776,.F.);
#3043=ORIENTED_EDGE('',*,*,#3663,.T.);
#3044=ORIENTED_EDGE('',*,*,#3659,.T.);
#3045=ORIENTED_EDGE('',*,*,#4115,.T.);
#3046=ORIENTED_EDGE('',*,*,#3647,.T.);
#3047=ORIENTED_EDGE('',*,*,#4114,.F.);
#3048=ORIENTED_EDGE('',*,*,#3662,.F.);
#3049=ORIENTED_EDGE('',*,*,#3672,.F.);
#3050=ORIENTED_EDGE('',*,*,#4116,.F.);
#3051=ORIENTED_EDGE('',*,*,#3694,.F.);
#3052=ORIENTED_EDGE('',*,*,#3690,.T.);
#3053=ORIENTED_EDGE('',*,*,#3649,.F.);
#3054=ORIENTED_EDGE('',*,*,#4117,.T.);
#3055=ORIENTED_EDGE('',*,*,#3657,.F.);
#3056=ORIENTED_EDGE('',*,*,#3689,.T.);
#3057=ORIENTED_EDGE('',*,*,#3696,.T.);
#3058=ORIENTED_EDGE('',*,*,#4118,.F.);
#3059=ORIENTED_EDGE('',*,*,#3670,.F.);
#3060=ORIENTED_EDGE('',*,*,#3675,.F.);
#3061=ORIENTED_EDGE('',*,*,#3671,.T.);
#3062=ORIENTED_EDGE('',*,*,#4118,.T.);
#3063=ORIENTED_EDGE('',*,*,#3695,.F.);
#3064=ORIENTED_EDGE('',*,*,#4116,.T.);
#3065=ORIENTED_EDGE('',*,*,#4119,.T.);
#3066=ORIENTED_EDGE('',*,*,#4120,.F.);
#3067=ORIENTED_EDGE('',*,*,#3979,.F.);
#3068=ORIENTED_EDGE('',*,*,#4121,.F.);
#3069=ORIENTED_EDGE('',*,*,#4119,.F.);
#3070=ORIENTED_EDGE('',*,*,#3978,.F.);
#3071=ORIENTED_EDGE('',*,*,#3977,.T.);
#3072=ORIENTED_EDGE('',*,*,#4120,.T.);
#3073=ORIENTED_EDGE('',*,*,#4121,.T.);
#3074=ORIENTED_EDGE('',*,*,#4122,.T.);
#3075=ORIENTED_EDGE('',*,*,#4123,.T.);
#3076=ORIENTED_EDGE('',*,*,#3969,.F.);
#3077=ORIENTED_EDGE('',*,*,#4123,.F.);
#3078=ORIENTED_EDGE('',*,*,#4124,.F.);
#3079=ORIENTED_EDGE('',*,*,#3970,.F.);
#3080=ORIENTED_EDGE('',*,*,#4124,.T.);
#3081=ORIENTED_EDGE('',*,*,#4122,.F.);
#3082=ORIENTED_EDGE('',*,*,#3971,.F.);
#3083=ORIENTED_EDGE('',*,*,#4115,.F.);
#3084=ORIENTED_EDGE('',*,*,#3658,.F.);
#3085=ORIENTED_EDGE('',*,*,#4117,.F.);
#3086=ORIENTED_EDGE('',*,*,#3648,.F.);
#3087=ORIENTED_EDGE('',*,*,#3633,.T.);
#3088=ORIENTED_EDGE('',*,*,#4110,.T.);
#3089=ORIENTED_EDGE('',*,*,#3637,.T.);
#3090=ORIENTED_EDGE('',*,*,#4112,.T.);
#3091=EDGE_CURVE('',#4125,#4126,#4780,.F.);
#3092=EDGE_CURVE('',#4127,#4125,#4781,.T.);
#3093=EDGE_CURVE('',#4127,#4126,#712,.T.);
#3094=EDGE_CURVE('',#4128,#4129,#4782,.F.);
#3095=EDGE_CURVE('',#4130,#4128,#4783,.T.);
#3096=EDGE_CURVE('',#4130,#4129,#713,.T.);
#3097=EDGE_CURVE('',#4131,#4132,#4784,.F.);
#3098=EDGE_CURVE('',#4133,#4131,#4785,.T.);
#3099=EDGE_CURVE('',#4133,#4132,#714,.T.);
#3100=EDGE_CURVE('',#4134,#4135,#4786,.F.);
#3101=EDGE_CURVE('',#4136,#4134,#4787,.T.);
#3102=EDGE_CURVE('',#4136,#4135,#715,.T.);
#3103=EDGE_CURVE('',#4137,#4138,#4788,.F.);
#3104=EDGE_CURVE('',#4139,#4137,#4789,.T.);
#3105=EDGE_CURVE('',#4139,#4138,#4790,.T.);
#3106=EDGE_CURVE('',#4140,#4141,#4791,.F.);
#3107=EDGE_CURVE('',#4142,#4140,#4792,.T.);
#3108=EDGE_CURVE('',#4142,#4141,#4793,.T.);
#3109=EDGE_CURVE('',#4143,#4144,#4794,.F.);
#3110=EDGE_CURVE('',#4145,#4143,#4795,.T.);
#3111=EDGE_CURVE('',#4145,#4144,#716,.T.);
#3112=EDGE_CURVE('',#4146,#4147,#4796,.F.);
#3113=EDGE_CURVE('',#4148,#4146,#4797,.T.);
#3114=EDGE_CURVE('',#4148,#4147,#717,.T.);
#3115=EDGE_CURVE('',#4149,#4150,#4798,.F.);
#3116=EDGE_CURVE('',#4151,#4149,#4799,.T.);
#3117=EDGE_CURVE('',#4151,#4150,#718,.T.);
#3118=EDGE_CURVE('',#4152,#4153,#4800,.F.);
#3119=EDGE_CURVE('',#4154,#4152,#4801,.T.);
#3120=EDGE_CURVE('',#4154,#4153,#719,.T.);
#3121=EDGE_CURVE('',#4155,#4155,#720,.F.);
#3122=EDGE_CURVE('',#4156,#4157,#4802,.T.);
#3123=EDGE_CURVE('',#4158,#4156,#4803,.T.);
#3124=EDGE_CURVE('',#4159,#4158,#4804,.T.);
#3125=EDGE_CURVE('',#4160,#4159,#4805,.T.);
#3126=EDGE_CURVE('',#4161,#4160,#4806,.T.);
#3127=EDGE_CURVE('',#4162,#4161,#4807,.T.);
#3128=EDGE_CURVE('',#4163,#4162,#4808,.T.);
#3129=EDGE_CURVE('',#4164,#4163,#4809,.T.);
#3130=EDGE_CURVE('',#4165,#4164,#4810,.T.);
#3131=EDGE_CURVE('',#4166,#4165,#4811,.T.);
#3132=EDGE_CURVE('',#4167,#4166,#4812,.T.);
#3133=EDGE_CURVE('',#4168,#4167,#4813,.T.);
#3134=EDGE_CURVE('',#4169,#4168,#4814,.T.);
#3135=EDGE_CURVE('',#4170,#4169,#4815,.T.);
#3136=EDGE_CURVE('',#4171,#4170,#4816,.T.);
#3137=EDGE_CURVE('',#4157,#4171,#4817,.T.);
#3138=EDGE_CURVE('',#4172,#4173,#4818,.T.);
#3139=EDGE_CURVE('',#4173,#4174,#4819,.T.);
#3140=EDGE_CURVE('',#4174,#4172,#721,.F.);
#3141=EDGE_CURVE('',#4175,#4176,#4820,.T.);
#3142=EDGE_CURVE('',#4176,#4177,#4821,.T.);
#3143=EDGE_CURVE('',#4177,#4175,#722,.F.);
#3144=EDGE_CURVE('',#4178,#4179,#4822,.T.);
#3145=EDGE_CURVE('',#4179,#4180,#4823,.F.);
#3146=EDGE_CURVE('',#4180,#4178,#723,.F.);
#3147=EDGE_CURVE('',#4181,#4182,#4824,.T.);
#3148=EDGE_CURVE('',#4182,#4183,#4825,.T.);
#3149=EDGE_CURVE('',#4183,#4181,#4826,.T.);
#3150=EDGE_CURVE('',#4184,#4185,#4827,.T.);
#3151=EDGE_CURVE('',#4185,#4186,#4828,.T.);
#3152=EDGE_CURVE('',#4186,#4184,#4829,.T.);
#3153=EDGE_CURVE('',#4187,#4188,#4830,.T.);
#3154=EDGE_CURVE('',#4188,#4189,#4831,.T.);
#3155=EDGE_CURVE('',#4189,#4187,#724,.F.);
#3156=EDGE_CURVE('',#4190,#4191,#4832,.T.);
#3157=EDGE_CURVE('',#4191,#4192,#4833,.T.);
#3158=EDGE_CURVE('',#4192,#4190,#725,.F.);
#3159=EDGE_CURVE('',#4193,#4194,#4834,.T.);
#3160=EDGE_CURVE('',#4194,#4195,#4835,.T.);
#3161=EDGE_CURVE('',#4195,#4193,#726,.F.);
#3162=EDGE_CURVE('',#4196,#4197,#4836,.T.);
#3163=EDGE_CURVE('',#4197,#4198,#4837,.T.);
#3164=EDGE_CURVE('',#4198,#4196,#727,.F.);
#3165=EDGE_CURVE('',#4199,#4200,#4838,.T.);
#3166=EDGE_CURVE('',#4200,#4201,#4839,.T.);
#3167=EDGE_CURVE('',#4201,#4199,#728,.F.);
#3168=EDGE_CURVE('',#4202,#4203,#4840,.T.);
#3169=EDGE_CURVE('',#4203,#4204,#4841,.F.);
#3170=EDGE_CURVE('',#4204,#4205,#4842,.T.);
#3171=EDGE_CURVE('',#4205,#4206,#4843,.T.);
#3172=EDGE_CURVE('',#4206,#4207,#4844,.T.);
#3173=EDGE_CURVE('',#4207,#4208,#4845,.T.);
#3174=EDGE_CURVE('',#4208,#4209,#4846,.T.);
#3175=EDGE_CURVE('',#4209,#4210,#4847,.T.);
#3176=EDGE_CURVE('',#4210,#4211,#4848,.T.);
#3177=EDGE_CURVE('',#4211,#4212,#4849,.T.);
#3178=EDGE_CURVE('',#4212,#4213,#4850,.F.);
#3179=EDGE_CURVE('',#4213,#4214,#4851,.T.);
#3180=EDGE_CURVE('',#4214,#4215,#4852,.T.);
#3181=EDGE_CURVE('',#4215,#4216,#729,.T.);
#3182=EDGE_CURVE('',#4216,#4217,#4853,.T.);
#3183=EDGE_CURVE('',#4217,#4218,#4854,.T.);
#3184=EDGE_CURVE('',#4218,#4219,#4855,.T.);
#3185=EDGE_CURVE('',#4219,#4220,#4856,.T.);
#3186=EDGE_CURVE('',#4220,#4221,#4857,.T.);
#3187=EDGE_CURVE('',#4221,#4222,#4858,.T.);
#3188=EDGE_CURVE('',#4222,#4223,#4859,.F.);
#3189=EDGE_CURVE('',#4223,#4202,#4860,.T.);
#3190=EDGE_CURVE('',#4224,#4225,#730,.F.);
#3191=EDGE_CURVE('',#4224,#4226,#295,.F.);
#3192=EDGE_CURVE('',#4226,#4227,#296,.T.);
#3193=EDGE_CURVE('',#4227,#4228,#731,.T.);
#3194=EDGE_CURVE('',#4228,#4229,#297,.T.);
#3195=EDGE_CURVE('',#4229,#4225,#732,.F.);
#3196=EDGE_CURVE('',#4230,#4231,#4861,.T.);
#3197=EDGE_CURVE('',#4231,#4232,#298,.T.);
#3198=EDGE_CURVE('',#4232,#4233,#4862,.T.);
#3199=EDGE_CURVE('',#4233,#4234,#299,.T.);
#3200=EDGE_CURVE('',#4234,#4235,#300,.F.);
#3201=EDGE_CURVE('',#4235,#4236,#301,.F.);
#3202=EDGE_CURVE('',#4236,#4237,#4863,.T.);
#3203=EDGE_CURVE('',#4237,#4238,#302,.T.);
#3204=EDGE_CURVE('',#4238,#4239,#4864,.T.);
#3205=EDGE_CURVE('',#4239,#4240,#303,.T.);
#3206=EDGE_CURVE('',#4240,#4241,#304,.F.);
#3207=EDGE_CURVE('',#4241,#4242,#305,.T.);
#3208=EDGE_CURVE('',#4242,#4243,#306,.T.);
#3209=EDGE_CURVE('',#4243,#4244,#307,.F.);
#3210=EDGE_CURVE('',#4244,#4245,#308,.F.);
#3211=EDGE_CURVE('',#4245,#4246,#309,.F.);
#3212=EDGE_CURVE('',#4246,#4247,#4865,.T.);
#3213=EDGE_CURVE('',#4247,#4248,#310,.T.);
#3214=EDGE_CURVE('',#4248,#4249,#4866,.T.);
#3215=EDGE_CURVE('',#4249,#4250,#311,.T.);
#3216=EDGE_CURVE('',#4250,#4251,#312,.F.);
#3217=EDGE_CURVE('',#4251,#4230,#313,.F.);
#3218=EDGE_CURVE('',#4252,#4253,#4867,.T.);
#3219=EDGE_CURVE('',#4253,#4254,#314,.T.);
#3220=EDGE_CURVE('',#4254,#4255,#4868,.T.);
#3221=EDGE_CURVE('',#4255,#4256,#315,.T.);
#3222=EDGE_CURVE('',#4256,#4257,#316,.T.);
#3223=EDGE_CURVE('',#4257,#4258,#317,.F.);
#3224=EDGE_CURVE('',#4258,#4259,#4869,.T.);
#3225=EDGE_CURVE('',#4259,#4260,#318,.T.);
#3226=EDGE_CURVE('',#4260,#4261,#4870,.T.);
#3227=EDGE_CURVE('',#4261,#4262,#319,.T.);
#3228=EDGE_CURVE('',#4262,#4263,#320,.F.);
#3229=EDGE_CURVE('',#4263,#4264,#321,.F.);
#3230=EDGE_CURVE('',#4264,#4265,#4871,.T.);
#3231=EDGE_CURVE('',#4265,#4266,#322,.T.);
#3232=EDGE_CURVE('',#4266,#4267,#4872,.T.);
#3233=EDGE_CURVE('',#4267,#4268,#323,.T.);
#3234=EDGE_CURVE('',#4268,#4269,#324,.F.);
#3235=EDGE_CURVE('',#4269,#4270,#325,.T.);
#3236=EDGE_CURVE('',#4270,#4271,#326,.F.);
#3237=EDGE_CURVE('',#4271,#4272,#327,.F.);
#3238=EDGE_CURVE('',#4272,#4273,#328,.T.);
#3239=EDGE_CURVE('',#4273,#4252,#329,.F.);
#3240=EDGE_CURVE('',#4274,#4275,#330,.T.);
#3241=EDGE_CURVE('',#4275,#4276,#331,.F.);
#3242=EDGE_CURVE('',#4276,#4277,#733,.T.);
#3243=EDGE_CURVE('',#4277,#4278,#332,.T.);
#3244=EDGE_CURVE('',#4278,#4279,#734,.T.);
#3245=EDGE_CURVE('',#4274,#4279,#735,.T.);
#3246=EDGE_CURVE('',#4280,#4281,#333,.T.);
#3247=EDGE_CURVE('',#4281,#4282,#334,.F.);
#3248=EDGE_CURVE('',#4282,#4283,#736,.T.);
#3249=EDGE_CURVE('',#4283,#4284,#335,.T.);
#3250=EDGE_CURVE('',#4284,#4285,#737,.T.);
#3251=EDGE_CURVE('',#4280,#4285,#738,.T.);
#3252=EDGE_CURVE('',#4286,#4287,#739,.F.);
#3253=EDGE_CURVE('',#4287,#4288,#336,.T.);
#3254=EDGE_CURVE('',#4289,#4288,#337,.T.);
#3255=EDGE_CURVE('',#4289,#4290,#740,.T.);
#3256=EDGE_CURVE('',#4290,#4291,#741,.F.);
#3257=EDGE_CURVE('',#4291,#4286,#338,.F.);
#3258=EDGE_CURVE('',#4292,#4293,#742,.F.);
#3259=EDGE_CURVE('',#4293,#4294,#339,.T.);
#3260=EDGE_CURVE('',#4294,#4295,#340,.T.);
#3261=EDGE_CURVE('',#4295,#4296,#743,.T.);
#3262=EDGE_CURVE('',#4296,#4297,#744,.F.);
#3263=EDGE_CURVE('',#4297,#4292,#341,.F.);
#3264=EDGE_CURVE('',#4298,#4299,#342,.T.);
#3265=EDGE_CURVE('',#4299,#4300,#343,.F.);
#3266=EDGE_CURVE('',#4300,#4301,#745,.T.);
#3267=EDGE_CURVE('',#4301,#4302,#344,.T.);
#3268=EDGE_CURVE('',#4302,#4303,#746,.T.);
#3269=EDGE_CURVE('',#4298,#4303,#747,.T.);
#3270=EDGE_CURVE('',#4304,#4305,#748,.F.);
#3271=EDGE_CURVE('',#4305,#4306,#345,.T.);
#3272=EDGE_CURVE('',#4307,#4306,#346,.T.);
#3273=EDGE_CURVE('',#4307,#4308,#749,.T.);
#3274=EDGE_CURVE('',#4308,#4309,#750,.F.);
#3275=EDGE_CURVE('',#4309,#4304,#347,.F.);
#3276=EDGE_CURVE('',#4310,#4311,#751,.F.);
#3277=EDGE_CURVE('',#4311,#4312,#348,.F.);
#3278=EDGE_CURVE('',#4312,#4313,#752,.T.);
#3279=EDGE_CURVE('',#4313,#4310,#349,.T.);
#3280=EDGE_CURVE('',#4314,#4315,#350,.T.);
#3281=EDGE_CURVE('',#4315,#4316,#351,.T.);
#3282=EDGE_CURVE('',#4317,#4316,#753,.T.);
#3283=EDGE_CURVE('',#4317,#4318,#754,.T.);
#3284=EDGE_CURVE('',#4318,#4319,#352,.F.);
#3285=EDGE_CURVE('',#4319,#4314,#755,.F.);
#3286=EDGE_CURVE('',#4320,#4321,#756,.F.);
#3287=EDGE_CURVE('',#4321,#4322,#353,.F.);
#3288=EDGE_CURVE('',#4322,#4323,#757,.F.);
#3289=EDGE_CURVE('',#4323,#4320,#354,.T.);
#3290=EDGE_CURVE('',#4324,#4325,#758,.F.);
#3291=EDGE_CURVE('',#4325,#4326,#355,.F.);
#3292=EDGE_CURVE('',#4326,#4327,#759,.T.);
#3293=EDGE_CURVE('',#4327,#4324,#356,.T.);
#3294=EDGE_CURVE('',#4328,#4329,#760,.F.);
#3295=EDGE_CURVE('',#4329,#4330,#357,.T.);
#3296=EDGE_CURVE('',#4330,#4331,#761,.T.);
#3297=EDGE_CURVE('',#4331,#4328,#358,.F.);
#3298=EDGE_CURVE('',#4279,#4332,#359,.F.);
#3299=EDGE_CURVE('',#4332,#4333,#762,.F.);
#3300=EDGE_CURVE('',#4333,#4274,#360,.T.);
#3301=EDGE_CURVE('',#4333,#4334,#361,.F.);
#3302=EDGE_CURVE('',#4334,#4335,#362,.T.);
#3303=EDGE_CURVE('',#4335,#4275,#77,.F.);
#3304=EDGE_CURVE('',#4288,#4336,#78,.T.);
#3305=EDGE_CURVE('',#4336,#4337,#363,.F.);
#3306=EDGE_CURVE('',#4337,#4281,#79,.T.);
#3307=EDGE_CURVE('',#4280,#4289,#364,.F.);
#3308=EDGE_CURVE('',#4285,#4290,#365,.T.);
#3309=EDGE_CURVE('',#4303,#4296,#366,.F.);
#3310=EDGE_CURVE('',#4295,#4298,#367,.T.);
#3311=EDGE_CURVE('',#4294,#4338,#80,.F.);
#3312=EDGE_CURVE('',#4338,#4339,#368,.T.);
#3313=EDGE_CURVE('',#4339,#4299,#81,.F.);
#3314=EDGE_CURVE('',#4340,#4341,#369,.F.);
#3315=EDGE_CURVE('',#4341,#4342,#370,.F.);
#3316=EDGE_CURVE('',#4342,#4307,#371,.F.);
#3317=EDGE_CURVE('',#4306,#4340,#82,.T.);
#3318=EDGE_CURVE('',#4342,#4343,#763,.T.);
#3319=EDGE_CURVE('',#4343,#4308,#372,.T.);
#3320=EDGE_CURVE('',#4344,#4345,#4873,.T.);
#3321=EDGE_CURVE('',#4345,#4346,#4874,.T.);
#3322=EDGE_CURVE('',#4346,#4347,#4875,.T.);
#3323=EDGE_CURVE('',#4347,#4348,#4876,.T.);
#3324=EDGE_CURVE('',#4348,#4349,#4877,.T.);
#3325=EDGE_CURVE('',#4349,#4350,#4878,.T.);
#3326=EDGE_CURVE('',#4350,#4351,#4879,.T.);
#3327=EDGE_CURVE('',#4351,#4352,#4880,.T.);
#3328=EDGE_CURVE('',#4352,#4353,#4881,.T.);
#3329=EDGE_CURVE('',#4353,#4354,#4882,.T.);
#3330=EDGE_CURVE('',#4354,#4355,#4883,.T.);
#3331=EDGE_CURVE('',#4355,#4356,#4884,.T.);
#3332=EDGE_CURVE('',#4356,#4357,#4885,.T.);
#3333=EDGE_CURVE('',#4357,#4358,#4886,.T.);
#3334=EDGE_CURVE('',#4358,#4359,#4887,.T.);
#3335=EDGE_CURVE('',#4359,#4344,#4888,.T.);
#3336=EDGE_CURVE('',#4360,#4360,#764,.F.);
#3337=EDGE_CURVE('',#4361,#4361,#765,.F.);
#3338=EDGE_CURVE('',#4362,#4363,#4889,.T.);
#3339=EDGE_CURVE('',#4363,#4364,#766,.T.);
#3340=EDGE_CURVE('',#4364,#4365,#4890,.T.);
#3341=EDGE_CURVE('',#4365,#4362,#767,.T.);
#3342=EDGE_CURVE('',#4366,#4366,#768,.F.);
#3343=EDGE_CURVE('',#4367,#4368,#4891,.T.);
#3344=EDGE_CURVE('',#4368,#4369,#769,.T.);
#3345=EDGE_CURVE('',#4369,#4370,#4892,.T.);
#3346=EDGE_CURVE('',#4370,#4367,#770,.T.);
#3347=EDGE_CURVE('',#4371,#4371,#771,.F.);
#3348=EDGE_CURVE('',#4372,#4373,#4893,.T.);
#3349=EDGE_CURVE('',#4373,#4374,#772,.F.);
#3350=EDGE_CURVE('',#4374,#4375,#4894,.T.);
#3351=EDGE_CURVE('',#4375,#4372,#773,.T.);
#3352=EDGE_CURVE('',#4376,#4377,#4895,.F.);
#3353=EDGE_CURVE('',#4378,#4376,#4896,.T.);
#3354=EDGE_CURVE('',#4379,#4378,#4897,.T.);
#3355=EDGE_CURVE('',#4380,#4379,#4898,.F.);
#3356=EDGE_CURVE('',#4381,#4380,#4899,.T.);
#3357=EDGE_CURVE('',#4382,#4381,#4900,.T.);
#3358=EDGE_CURVE('',#4383,#4382,#4901,.F.);
#3359=EDGE_CURVE('',#4384,#4383,#4902,.T.);
#3360=EDGE_CURVE('',#4385,#4384,#4903,.T.);
#3361=EDGE_CURVE('',#4385,#4386,#4904,.T.);
#3362=EDGE_CURVE('',#4386,#4387,#774,.T.);
#3363=EDGE_CURVE('',#4387,#4388,#4905,.T.);
#3364=EDGE_CURVE('',#4389,#4388,#4906,.T.);
#3365=EDGE_CURVE('',#4390,#4389,#4907,.F.);
#3366=EDGE_CURVE('',#4391,#4390,#4908,.T.);
#3367=EDGE_CURVE('',#4392,#4391,#4909,.T.);
#3368=EDGE_CURVE('',#4393,#4392,#4910,.F.);
#3369=EDGE_CURVE('',#4394,#4393,#4911,.T.);
#3370=EDGE_CURVE('',#4395,#4394,#4912,.T.);
#3371=EDGE_CURVE('',#4396,#4395,#4913,.F.);
#3372=EDGE_CURVE('',#4397,#4396,#4914,.T.);
#3373=EDGE_CURVE('',#4377,#4397,#4915,.T.);
#3374=EDGE_CURVE('',#4398,#4398,#775,.F.);
#3375=EDGE_CURVE('',#4399,#4400,#4916,.T.);
#3376=EDGE_CURVE('',#4400,#4401,#776,.F.);
#3377=EDGE_CURVE('',#4401,#4402,#4917,.T.);
#3378=EDGE_CURVE('',#4402,#4399,#777,.T.);
#3379=EDGE_CURVE('',#4372,#4286,#778,.T.);
#3380=EDGE_CURVE('',#4287,#4375,#779,.T.);
#3381=EDGE_CURVE('',#4372,#4233,#780,.F.);
#3382=EDGE_CURVE('',#4233,#4286,#781,.F.);
#3383=EDGE_CURVE('',#4287,#4258,#782,.F.);
#3384=EDGE_CURVE('',#4258,#4375,#783,.F.);
#3385=EDGE_CURVE('',#4234,#4291,#83,.T.);
#3386=EDGE_CURVE('',#4373,#4232,#784,.T.);
#3387=EDGE_CURVE('',#4374,#4326,#785,.T.);
#3388=EDGE_CURVE('',#4327,#4373,#786,.T.);
#3389=EDGE_CURVE('',#4259,#4374,#787,.T.);
#3390=EDGE_CURVE('',#4336,#4257,#84,.F.);
#3391=EDGE_CURVE('',#4235,#4284,#85,.T.);
#3392=EDGE_CURVE('',#4327,#4232,#788,.F.);
#3393=EDGE_CURVE('',#4259,#4326,#789,.F.);
#3394=EDGE_CURVE('',#4337,#4256,#86,.F.);
#3395=EDGE_CURVE('',#4236,#4283,#790,.T.);
#3396=EDGE_CURVE('',#4324,#4231,#791,.T.);
#3397=EDGE_CURVE('',#4325,#4368,#792,.T.);
#3398=EDGE_CURVE('',#4369,#4324,#793,.T.);
#3399=EDGE_CURVE('',#4260,#4325,#794,.T.);
#3400=EDGE_CURVE('',#4282,#4255,#795,.T.);
#3401=EDGE_CURVE('',#4283,#4365,#796,.T.);
#3402=EDGE_CURVE('',#4362,#4282,#797,.T.);
#3403=EDGE_CURVE('',#4236,#4365,#798,.F.);
#3404=EDGE_CURVE('',#4369,#4231,#799,.F.);
#3405=EDGE_CURVE('',#4260,#4368,#800,.F.);
#3406=EDGE_CURVE('',#4362,#4255,#801,.F.);
#3407=EDGE_CURVE('',#4237,#4364,#802,.T.);
#3408=EDGE_CURVE('',#4370,#4230,#803,.T.);
#3409=EDGE_CURVE('',#4367,#4300,#804,.T.);
#3410=EDGE_CURVE('',#4301,#4370,#805,.T.);
#3411=EDGE_CURVE('',#4261,#4367,#806,.T.);
#3412=EDGE_CURVE('',#4363,#4254,#807,.T.);
#3413=EDGE_CURVE('',#4364,#4310,#808,.T.);
#3414=EDGE_CURVE('',#4311,#4363,#809,.T.);
#3415=EDGE_CURVE('',#4237,#4310,#810,.F.);
#3416=EDGE_CURVE('',#4301,#4230,#811,.F.);
#3417=EDGE_CURVE('',#4261,#4300,#812,.F.);
#3418=EDGE_CURVE('',#4311,#4254,#813,.F.);
#3419=EDGE_CURVE('',#4238,#4313,#814,.T.);
#3420=EDGE_CURVE('',#4302,#4251,#87,.F.);
#3421=EDGE_CURVE('',#4262,#4339,#88,.T.);
#3422=EDGE_CURVE('',#4312,#4253,#815,.T.);
#3423=EDGE_CURVE('',#4199,#4198,#4918,.T.);
#3424=EDGE_CURVE('',#4172,#4201,#4919,.T.);
#3425=EDGE_CURVE('',#4175,#4174,#4920,.T.);
#3426=EDGE_CURVE('',#4178,#4177,#4921,.T.);
#3427=EDGE_CURVE('',#4403,#4180,#4922,.T.);
#3428=EDGE_CURVE('',#4313,#4403,#816,.T.);
#3429=EDGE_CURVE('',#4404,#4312,#817,.T.);
#3430=EDGE_CURVE('',#4187,#4404,#4923,.T.);
#3431=EDGE_CURVE('',#4190,#4189,#4924,.T.);
#3432=EDGE_CURVE('',#4193,#4192,#4925,.T.);
#3433=EDGE_CURVE('',#4196,#4195,#4926,.T.);
#3434=EDGE_CURVE('',#4405,#4403,#4927,.T.);
#3435=EDGE_CURVE('',#4238,#4405,#818,.F.);
#3436=EDGE_CURVE('',#4297,#4250,#89,.F.);
#3437=EDGE_CURVE('',#4263,#4338,#90,.T.);
#3438=EDGE_CURVE('',#4404,#4406,#4928,.T.);
#3439=EDGE_CURVE('',#4406,#4253,#819,.F.);
#3440=EDGE_CURVE('',#4407,#4183,#4929,.T.);
#3441=EDGE_CURVE('',#4217,#4407,#4930,.T.);
#3442=EDGE_CURVE('',#4239,#4216,#820,.T.);
#3443=EDGE_CURVE('',#4181,#4405,#4931,.F.);
#3444=EDGE_CURVE('',#4292,#4249,#821,.T.);
#3445=EDGE_CURVE('',#4293,#4402,#822,.T.);
#3446=EDGE_CURVE('',#4399,#4292,#823,.T.);
#3447=EDGE_CURVE('',#4264,#4293,#824,.T.);
#3448=EDGE_CURVE('',#4406,#4186,#4932,.T.);
#3449=EDGE_CURVE('',#4215,#4252,#825,.T.);
#3450=EDGE_CURVE('',#4408,#4214,#4933,.T.);
#3451=EDGE_CURVE('',#4184,#4408,#4934,.T.);
#3452=EDGE_CURVE('',#4216,#4304,#826,.T.);
#3453=EDGE_CURVE('',#4305,#4215,#827,.T.);
#3454=EDGE_CURVE('',#4239,#4304,#828,.F.);
#3455=EDGE_CURVE('',#4399,#4249,#829,.F.);
#3456=EDGE_CURVE('',#4264,#4402,#830,.F.);
#3457=EDGE_CURVE('',#4305,#4252,#831,.F.);
#3458=EDGE_CURVE('',#4240,#4309,#91,.T.);
#3459=EDGE_CURVE('',#4400,#4248,#832,.T.);
#3460=EDGE_CURVE('',#4401,#4322,#833,.T.);
#3461=EDGE_CURVE('',#4323,#4400,#834,.T.);
#3462=EDGE_CURVE('',#4265,#4401,#835,.T.);
#3463=EDGE_CURVE('',#4340,#4273,#92,.F.);
#3464=EDGE_CURVE('',#4343,#4319,#836,.T.);
#3465=EDGE_CURVE('',#4314,#4342,#837,.T.);
#3466=EDGE_CURVE('',#4241,#4343,#838,.T.);
#3467=EDGE_CURVE('',#4323,#4248,#839,.F.);
#3468=EDGE_CURVE('',#4265,#4322,#840,.F.);
#3469=EDGE_CURVE('',#4341,#4272,#841,.T.);
#3470=EDGE_CURVE('',#4315,#4341,#842,.T.);
#3471=EDGE_CURVE('',#4241,#4319,#843,.F.);
#3472=EDGE_CURVE('',#4320,#4247,#844,.T.);
#3473=EDGE_CURVE('',#4126,#4154,#4935,.T.);
#3474=EDGE_CURVE('',#4129,#4127,#4936,.T.);
#3475=EDGE_CURVE('',#4132,#4130,#4937,.T.);
#3476=EDGE_CURVE('',#4135,#4133,#4938,.T.);
#3477=EDGE_CURVE('',#4409,#4136,#4939,.T.);
#3478=EDGE_CURVE('',#4321,#4409,#845,.T.);
#3479=EDGE_CURVE('',#4410,#4320,#846,.T.);
#3480=EDGE_CURVE('',#4144,#4410,#4940,.T.);
#3481=EDGE_CURVE('',#4147,#4145,#4941,.T.);
#3482=EDGE_CURVE('',#4150,#4148,#4942,.T.);
#3483=EDGE_CURVE('',#4153,#4151,#4943,.T.);
#3484=EDGE_CURVE('',#4266,#4321,#847,.T.);
#3485=EDGE_CURVE('',#4315,#4272,#848,.F.);
#3486=EDGE_CURVE('',#4242,#4318,#849,.T.);
#3487=EDGE_CURVE('',#4410,#4411,#4944,.T.);
#3488=EDGE_CURVE('',#4411,#4247,#850,.F.);
#3489=EDGE_CURVE('',#4412,#4409,#4945,.T.);
#3490=EDGE_CURVE('',#4266,#4412,#851,.F.);
#3491=EDGE_CURVE('',#4316,#4271,#852,.T.);
#3492=EDGE_CURVE('',#4318,#4328,#853,.T.);
#3493=EDGE_CURVE('',#4329,#4317,#854,.T.);
#3494=EDGE_CURVE('',#4242,#4328,#855,.F.);
#3495=EDGE_CURVE('',#4141,#4413,#4946,.T.);
#3496=EDGE_CURVE('',#4411,#4142,#4947,.T.);
#3497=EDGE_CURVE('',#4386,#4246,#856,.T.);
#3498=EDGE_CURVE('',#4413,#4385,#4948,.T.);
#3499=EDGE_CURVE('',#4387,#4276,#857,.T.);
#3500=EDGE_CURVE('',#4277,#4386,#858,.T.);
#3501=EDGE_CURVE('',#4138,#4412,#4949,.T.);
#3502=EDGE_CURVE('',#4414,#4139,#4950,.T.);
#3503=EDGE_CURVE('',#4388,#4414,#4951,.T.);
#3504=EDGE_CURVE('',#4267,#4387,#859,.T.);
#3505=EDGE_CURVE('',#4329,#4271,#860,.T.);
#3506=EDGE_CURVE('',#4243,#4331,#861,.T.);
#3507=EDGE_CURVE('',#4277,#4246,#862,.F.);
#3508=EDGE_CURVE('',#4267,#4276,#863,.F.);
#3509=EDGE_CURVE('',#4330,#4270,#864,.T.);
#3510=EDGE_CURVE('',#4331,#4229,#865,.T.);
#3511=EDGE_CURVE('',#4225,#4330,#866,.T.);
#3512=EDGE_CURVE('',#4243,#4229,#867,.F.);
#3513=EDGE_CURVE('',#4278,#4245,#93,.F.);
#3514=EDGE_CURVE('',#4268,#4335,#94,.T.);
#3515=EDGE_CURVE('',#4224,#4270,#868,.F.);
#3516=EDGE_CURVE('',#4244,#4228,#869,.T.);
#3517=EDGE_CURVE('',#4332,#4244,#870,.T.);
#3518=EDGE_CURVE('',#4269,#4334,#871,.T.);
#3519=EDGE_CURVE('',#4226,#4269,#872,.T.);
#3520=EDGE_CURVE('',#4332,#4228,#873,.F.);
#3521=EDGE_CURVE('',#4226,#4334,#874,.F.);
#3522=EDGE_CURVE('',#4333,#4227,#875,.T.);
#3523=EDGE_CURVE('',#4414,#4389,#876,.T.);
#3524=EDGE_CURVE('',#4137,#4415,#95,.T.);
#3525=EDGE_CURVE('',#4416,#4415,#877,.T.);
#3526=EDGE_CURVE('',#4390,#4416,#96,.T.);
#3527=EDGE_CURVE('',#4161,#4415,#4952,.T.);
#3528=EDGE_CURVE('',#4160,#4416,#4953,.T.);
#3529=EDGE_CURVE('',#4134,#4417,#97,.T.);
#3530=EDGE_CURVE('',#4415,#4417,#878,.T.);
#3531=EDGE_CURVE('',#4162,#4417,#4954,.T.);
#3532=EDGE_CURVE('',#4140,#4418,#98,.T.);
#3533=EDGE_CURVE('',#4419,#4418,#879,.T.);
#3534=EDGE_CURVE('',#4143,#4419,#99,.T.);
#3535=EDGE_CURVE('',#4170,#4418,#4955,.T.);
#3536=EDGE_CURVE('',#4169,#4419,#4956,.T.);
#3537=EDGE_CURVE('',#4384,#4413,#880,.T.);
#3538=EDGE_CURVE('',#4383,#4420,#100,.T.);
#3539=EDGE_CURVE('',#4418,#4420,#881,.T.);
#3540=EDGE_CURVE('',#4171,#4420,#4957,.T.);
#3541=EDGE_CURVE('',#4149,#4421,#101,.T.);
#3542=EDGE_CURVE('',#4422,#4421,#882,.T.);
#3543=EDGE_CURVE('',#4152,#4422,#102,.T.);
#3544=EDGE_CURVE('',#4166,#4422,#4958,.T.);
#3545=EDGE_CURVE('',#4167,#4421,#4959,.T.);
#3546=EDGE_CURVE('',#4146,#4423,#103,.T.);
#3547=EDGE_CURVE('',#4421,#4423,#883,.T.);
#3548=EDGE_CURVE('',#4168,#4423,#4960,.T.);
#3549=EDGE_CURVE('',#4423,#4419,#884,.T.);
#3550=EDGE_CURVE('',#4131,#4424,#104,.T.);
#3551=EDGE_CURVE('',#4417,#4424,#885,.T.);
#3552=EDGE_CURVE('',#4163,#4424,#4961,.T.);
#3553=EDGE_CURVE('',#4128,#4425,#105,.T.);
#3554=EDGE_CURVE('',#4424,#4425,#886,.T.);
#3555=EDGE_CURVE('',#4164,#4425,#4962,.T.);
#3556=EDGE_CURVE('',#4125,#4426,#106,.T.);
#3557=EDGE_CURVE('',#4425,#4426,#887,.T.);
#3558=EDGE_CURVE('',#4165,#4426,#4963,.T.);
#3559=EDGE_CURVE('',#4426,#4422,#888,.T.);
#3560=EDGE_CURVE('',#4408,#4213,#889,.F.);
#3561=EDGE_CURVE('',#4185,#4427,#107,.T.);
#3562=EDGE_CURVE('',#4212,#4428,#108,.T.);
#3563=EDGE_CURVE('',#4428,#4427,#890,.F.);
#3564=EDGE_CURVE('',#4357,#4427,#4964,.T.);
#3565=EDGE_CURVE('',#4358,#4428,#4965,.T.);
#3566=EDGE_CURVE('',#4427,#4429,#891,.F.);
#3567=EDGE_CURVE('',#4188,#4429,#109,.T.);
#3568=EDGE_CURVE('',#4356,#4429,#4966,.T.);
#3569=EDGE_CURVE('',#4179,#4430,#110,.T.);
#3570=EDGE_CURVE('',#4430,#4431,#892,.F.);
#3571=EDGE_CURVE('',#4182,#4431,#111,.T.);
#3572=EDGE_CURVE('',#4349,#4430,#4967,.T.);
#3573=EDGE_CURVE('',#4348,#4431,#4968,.T.);
#3574=EDGE_CURVE('',#4218,#4407,#893,.F.);
#3575=EDGE_CURVE('',#4431,#4432,#894,.F.);
#3576=EDGE_CURVE('',#4219,#4432,#112,.T.);
#3577=EDGE_CURVE('',#4347,#4432,#4969,.T.);
#3578=EDGE_CURVE('',#4173,#4433,#113,.T.);
#3579=EDGE_CURVE('',#4200,#4434,#114,.T.);
#3580=EDGE_CURVE('',#4434,#4433,#895,.F.);
#3581=EDGE_CURVE('',#4351,#4433,#4970,.T.);
#3582=EDGE_CURVE('',#4352,#4434,#4971,.T.);
#3583=EDGE_CURVE('',#4433,#4435,#896,.F.);
#3584=EDGE_CURVE('',#4176,#4435,#115,.T.);
#3585=EDGE_CURVE('',#4350,#4435,#4972,.T.);
#3586=EDGE_CURVE('',#4435,#4430,#897,.F.);
#3587=EDGE_CURVE('',#4429,#4436,#898,.F.);
#3588=EDGE_CURVE('',#4191,#4436,#116,.T.);
#3589=EDGE_CURVE('',#4355,#4436,#4973,.T.);
#3590=EDGE_CURVE('',#4436,#4437,#899,.F.);
#3591=EDGE_CURVE('',#4194,#4437,#117,.T.);
#3592=EDGE_CURVE('',#4354,#4437,#4974,.T.);
#3593=EDGE_CURVE('',#4437,#4438,#900,.F.);
#3594=EDGE_CURVE('',#4197,#4438,#118,.T.);
#3595=EDGE_CURVE('',#4353,#4438,#4975,.T.);
#3596=EDGE_CURVE('',#4438,#4434,#901,.F.);
#3597=EDGE_CURVE('',#4157,#4439,#4976,.T.);
#3598=EDGE_CURVE('',#4420,#4439,#902,.T.);
#3599=EDGE_CURVE('',#4381,#4382,#903,.T.);
#3600=EDGE_CURVE('',#4380,#4439,#119,.T.);
#3601=EDGE_CURVE('',#4378,#4379,#904,.T.);
#3602=EDGE_CURVE('',#4439,#4440,#905,.T.);
#3603=EDGE_CURVE('',#4156,#4440,#4977,.T.);
#3604=EDGE_CURVE('',#4376,#4440,#120,.T.);
#3605=EDGE_CURVE('',#4397,#4377,#906,.T.);
#3606=EDGE_CURVE('',#4158,#4441,#4978,.T.);
#3607=EDGE_CURVE('',#4440,#4441,#907,.T.);
#3608=EDGE_CURVE('',#4396,#4441,#121,.T.);
#3609=EDGE_CURVE('',#4441,#4442,#908,.T.);
#3610=EDGE_CURVE('',#4159,#4442,#4979,.T.);
#3611=EDGE_CURVE('',#4394,#4395,#909,.T.);
#3612=EDGE_CURVE('',#4393,#4442,#122,.T.);
#3613=EDGE_CURVE('',#4442,#4416,#910,.T.);
#3614=EDGE_CURVE('',#4391,#4392,#911,.T.);
#3615=EDGE_CURVE('',#4346,#4443,#4980,.T.);
#3616=EDGE_CURVE('',#4432,#4443,#912,.F.);
#3617=EDGE_CURVE('',#4221,#4220,#913,.F.);
#3618=EDGE_CURVE('',#4222,#4443,#123,.T.);
#3619=EDGE_CURVE('',#4202,#4223,#914,.F.);
#3620=EDGE_CURVE('',#4345,#4444,#4981,.T.);
#3621=EDGE_CURVE('',#4443,#4444,#915,.F.);
#3622=EDGE_CURVE('',#4203,#4444,#124,.T.);
#3623=EDGE_CURVE('',#4205,#4204,#916,.F.);
#3624=EDGE_CURVE('',#4344,#4445,#4982,.T.);
#3625=EDGE_CURVE('',#4444,#4445,#917,.F.);
#3626=EDGE_CURVE('',#4206,#4445,#125,.T.);
#3627=EDGE_CURVE('',#4359,#4446,#4983,.T.);
#3628=EDGE_CURVE('',#4445,#4446,#918,.F.);
#3629=EDGE_CURVE('',#4208,#4207,#919,.F.);
#3630=EDGE_CURVE('',#4209,#4446,#126,.T.);
#3631=EDGE_CURVE('',#4211,#4210,#920,.F.);
#3632=EDGE_CURVE('',#4446,#4428,#921,.F.);
#3633=EDGE_CURVE('',#4447,#4448,#373,.F.);
#3634=EDGE_CURVE('',#4449,#4447,#374,.T.);
#3635=EDGE_CURVE('',#4450,#4449,#375,.T.);
#3636=EDGE_CURVE('',#4450,#4448,#376,.T.);
#3637=EDGE_CURVE('',#4451,#4452,#377,.T.);
#3638=EDGE_CURVE('',#4451,#4453,#378,.T.);
#3639=EDGE_CURVE('',#4453,#4454,#379,.T.);
#3640=EDGE_CURVE('',#4454,#4455,#4984,.T.);
#3641=EDGE_CURVE('',#4455,#4456,#127,.F.);
#3642=EDGE_CURVE('',#4456,#4457,#4985,.T.);
#3643=EDGE_CURVE('',#4457,#4458,#4986,.T.);
#3644=EDGE_CURVE('',#4459,#4458,#380,.T.);
#3645=EDGE_CURVE('',#4459,#4460,#381,.T.);
#3646=EDGE_CURVE('',#4452,#4460,#382,.T.);
#3647=EDGE_CURVE('',#4461,#4462,#383,.T.);
#3648=EDGE_CURVE('',#4461,#4463,#384,.F.);
#3649=EDGE_CURVE('',#4463,#4464,#385,.T.);
#3650=EDGE_CURVE('',#4465,#4464,#386,.T.);
#3651=EDGE_CURVE('',#4466,#4465,#387,.T.);
#3652=EDGE_CURVE('',#4466,#4467,#4987,.T.);
#3653=EDGE_CURVE('',#4468,#4467,#4988,.T.);
#3654=EDGE_CURVE('',#4469,#4468,#128,.F.);
#3655=EDGE_CURVE('',#4469,#4470,#4989,.T.);
#3656=EDGE_CURVE('',#4462,#4470,#388,.T.);
#3657=EDGE_CURVE('',#4471,#4472,#389,.T.);
#3658=EDGE_CURVE('',#4472,#4473,#390,.T.);
#3659=EDGE_CURVE('',#4474,#4473,#391,.T.);
#3660=EDGE_CURVE('',#4474,#4471,#392,.F.);
#3661=EDGE_CURVE('',#4475,#4476,#922,.T.);
#3662=EDGE_CURVE('',#4476,#4477,#393,.T.);
#3663=EDGE_CURVE('',#4478,#4477,#394,.T.);
#3664=EDGE_CURVE('',#4479,#4478,#923,.T.);
#3665=EDGE_CURVE('',#4479,#4475,#395,.T.);
#3666=EDGE_CURVE('',#4466,#4480,#924,.T.);
#3667=EDGE_CURVE('',#4465,#4481,#396,.T.);
#3668=EDGE_CURVE('',#4480,#4481,#397,.T.);
#3669=EDGE_CURVE('',#4482,#4483,#398,.T.);
#3670=EDGE_CURVE('',#4483,#4484,#129,.T.);
#3671=EDGE_CURVE('',#4485,#4484,#399,.F.);
#3672=EDGE_CURVE('',#4485,#4476,#130,.T.);
#3673=EDGE_CURVE('',#4486,#4475,#400,.T.);
#3674=EDGE_CURVE('',#4486,#4482,#925,.T.);
#3675=EDGE_CURVE('',#4464,#4483,#401,.T.);
#3676=EDGE_CURVE('',#4482,#4487,#402,.T.);
#3677=EDGE_CURVE('',#4487,#4481,#403,.T.);
#3678=EDGE_CURVE('',#4488,#4489,#926,.T.);
#3679=EDGE_CURVE('',#4489,#4490,#404,.T.);
#3680=EDGE_CURVE('',#4490,#4491,#405,.T.);
#3681=EDGE_CURVE('',#4492,#4491,#927,.T.);
#3682=EDGE_CURVE('',#4488,#4492,#406,.T.);
#3683=EDGE_CURVE('',#4493,#4494,#407,.T.);
#3684=EDGE_CURVE('',#4495,#4493,#928,.T.);
#3685=EDGE_CURVE('',#4495,#4496,#408,.T.);
#3686=EDGE_CURVE('',#4496,#4450,#131,.T.);
#3687=EDGE_CURVE('',#4449,#4497,#132,.T.);
#3688=EDGE_CURVE('',#4497,#4498,#409,.T.);
#3689=EDGE_CURVE('',#4471,#4498,#133,.T.);
#3690=EDGE_CURVE('',#4499,#4474,#134,.T.);
#3691=EDGE_CURVE('',#4499,#4500,#410,.T.);
#3692=EDGE_CURVE('',#4500,#4494,#929,.T.);
#3693=EDGE_CURVE('',#4501,#4500,#411,.T.);
#3694=EDGE_CURVE('',#4499,#4502,#412,.T.);
#3695=EDGE_CURVE('',#4502,#4503,#413,.T.);
#3696=EDGE_CURVE('',#4498,#4503,#414,.T.);
#3697=EDGE_CURVE('',#4497,#4504,#415,.T.);
#3698=EDGE_CURVE('',#4504,#4505,#416,.T.);
#3699=EDGE_CURVE('',#4496,#4505,#417,.T.);
#3700=EDGE_CURVE('',#4506,#4495,#418,.T.);
#3701=EDGE_CURVE('',#4506,#4488,#419,.T.);
#3702=EDGE_CURVE('',#4492,#4507,#420,.T.);
#3703=EDGE_CURVE('',#4508,#4507,#421,.T.);
#3704=EDGE_CURVE('',#4508,#4509,#422,.T.);
#3705=EDGE_CURVE('',#4509,#4510,#423,.T.);
#3706=EDGE_CURVE('',#4510,#4511,#424,.T.);
#3707=EDGE_CURVE('',#4512,#4511,#425,.T.);
#3708=EDGE_CURVE('',#4512,#4513,#426,.T.);
#3709=EDGE_CURVE('',#4513,#4486,#427,.T.);
#3710=EDGE_CURVE('',#4479,#4501,#428,.T.);
#3711=EDGE_CURVE('',#4489,#4514,#4990,.T.);
#3712=EDGE_CURVE('',#4515,#4488,#930,.T.);
#3713=EDGE_CURVE('',#4516,#4515,#931,.T.);
#3714=EDGE_CURVE('',#4458,#4516,#932,.T.);
#3715=EDGE_CURVE('',#4517,#4457,#4991,.T.);
#3716=EDGE_CURVE('',#4518,#4517,#4992,.F.);
#3717=EDGE_CURVE('',#4519,#4518,#4993,.T.);
#3718=EDGE_CURVE('',#4520,#4519,#4994,.T.);
#3719=EDGE_CURVE('',#4521,#4520,#4995,.T.);
#3720=EDGE_CURVE('',#4522,#4521,#4996,.F.);
#3721=EDGE_CURVE('',#4523,#4522,#4997,.T.);
#3722=EDGE_CURVE('',#4524,#4523,#4998,.T.);
#3723=EDGE_CURVE('',#4525,#4524,#4999,.T.);
#3724=EDGE_CURVE('',#4526,#4525,#5000,.F.);
#3725=EDGE_CURVE('',#4527,#4526,#5001,.T.);
#3726=EDGE_CURVE('',#4528,#4527,#5002,.T.);
#3727=EDGE_CURVE('',#4529,#4528,#5003,.T.);
#3728=EDGE_CURVE('',#4530,#4529,#5004,.F.);
#3729=EDGE_CURVE('',#4531,#4530,#5005,.T.);
#3730=EDGE_CURVE('',#4532,#4531,#5006,.T.);
#3731=EDGE_CURVE('',#4533,#4532,#5007,.T.);
#3732=EDGE_CURVE('',#4534,#4533,#5008,.F.);
#3733=EDGE_CURVE('',#4535,#4534,#5009,.T.);
#3734=EDGE_CURVE('',#4536,#4535,#5010,.T.);
#3735=EDGE_CURVE('',#4537,#4536,#5011,.T.);
#3736=EDGE_CURVE('',#4538,#4537,#5012,.F.);
#3737=EDGE_CURVE('',#4539,#4538,#5013,.T.);
#3738=EDGE_CURVE('',#4540,#4539,#5014,.T.);
#3739=EDGE_CURVE('',#4541,#4540,#5015,.T.);
#3740=EDGE_CURVE('',#4542,#4541,#5016,.F.);
#3741=EDGE_CURVE('',#4543,#4542,#5017,.T.);
#3742=EDGE_CURVE('',#4544,#4543,#5018,.T.);
#3743=EDGE_CURVE('',#4545,#4544,#5019,.T.);
#3744=EDGE_CURVE('',#4546,#4545,#5020,.F.);
#3745=EDGE_CURVE('',#4547,#4546,#5021,.T.);
#3746=EDGE_CURVE('',#4548,#4547,#5022,.T.);
#3747=EDGE_CURVE('',#4549,#4548,#5023,.T.);
#3748=EDGE_CURVE('',#4550,#4549,#5024,.F.);
#3749=EDGE_CURVE('',#4551,#4550,#5025,.T.);
#3750=EDGE_CURVE('',#4552,#4551,#5026,.T.);
#3751=EDGE_CURVE('',#4553,#4552,#5027,.T.);
#3752=EDGE_CURVE('',#4554,#4553,#5028,.F.);
#3753=EDGE_CURVE('',#4555,#4554,#5029,.T.);
#3754=EDGE_CURVE('',#4556,#4555,#5030,.T.);
#3755=EDGE_CURVE('',#4557,#4556,#5031,.T.);
#3756=EDGE_CURVE('',#4558,#4557,#5032,.F.);
#3757=EDGE_CURVE('',#4559,#4558,#5033,.T.);
#3758=EDGE_CURVE('',#4560,#4559,#5034,.T.);
#3759=EDGE_CURVE('',#4561,#4560,#5035,.T.);
#3760=EDGE_CURVE('',#4562,#4561,#5036,.F.);
#3761=EDGE_CURVE('',#4563,#4562,#5037,.T.);
#3762=EDGE_CURVE('',#4564,#4563,#5038,.T.);
#3763=EDGE_CURVE('',#4565,#4564,#5039,.T.);
#3764=EDGE_CURVE('',#4566,#4565,#5040,.F.);
#3765=EDGE_CURVE('',#4567,#4566,#5041,.T.);
#3766=EDGE_CURVE('',#4568,#4567,#5042,.T.);
#3767=EDGE_CURVE('',#4569,#4568,#5043,.T.);
#3768=EDGE_CURVE('',#4570,#4569,#5044,.F.);
#3769=EDGE_CURVE('',#4571,#4570,#5045,.T.);
#3770=EDGE_CURVE('',#4572,#4571,#5046,.T.);
#3771=EDGE_CURVE('',#4573,#4572,#5047,.T.);
#3772=EDGE_CURVE('',#4574,#4573,#5048,.F.);
#3773=EDGE_CURVE('',#4575,#4574,#5049,.T.);
#3774=EDGE_CURVE('',#4576,#4575,#5050,.T.);
#3775=EDGE_CURVE('',#4514,#4576,#5051,.T.);
#3776=EDGE_CURVE('',#4478,#4577,#5052,.T.);
#3777=EDGE_CURVE('',#4577,#4578,#5053,.T.);
#3778=EDGE_CURVE('',#4578,#4579,#5054,.T.);
#3779=EDGE_CURVE('',#4579,#4580,#5055,.T.);
#3780=EDGE_CURVE('',#4580,#4581,#5056,.F.);
#3781=EDGE_CURVE('',#4581,#4582,#5057,.T.);
#3782=EDGE_CURVE('',#4582,#4583,#5058,.T.);
#3783=EDGE_CURVE('',#4583,#4584,#5059,.T.);
#3784=EDGE_CURVE('',#4584,#4585,#5060,.F.);
#3785=EDGE_CURVE('',#4585,#4586,#5061,.T.);
#3786=EDGE_CURVE('',#4586,#4587,#5062,.T.);
#3787=EDGE_CURVE('',#4587,#4588,#5063,.T.);
#3788=EDGE_CURVE('',#4588,#4589,#5064,.F.);
#3789=EDGE_CURVE('',#4589,#4590,#5065,.T.);
#3790=EDGE_CURVE('',#4590,#4591,#5066,.T.);
#3791=EDGE_CURVE('',#4591,#4592,#5067,.T.);
#3792=EDGE_CURVE('',#4592,#4593,#5068,.F.);
#3793=EDGE_CURVE('',#4593,#4594,#5069,.T.);
#3794=EDGE_CURVE('',#4594,#4595,#5070,.T.);
#3795=EDGE_CURVE('',#4595,#4596,#5071,.T.);
#3796=EDGE_CURVE('',#4596,#4597,#5072,.F.);
#3797=EDGE_CURVE('',#4597,#4598,#5073,.T.);
#3798=EDGE_CURVE('',#4598,#4599,#5074,.T.);
#3799=EDGE_CURVE('',#4599,#4600,#5075,.T.);
#3800=EDGE_CURVE('',#4600,#4601,#5076,.F.);
#3801=EDGE_CURVE('',#4601,#4602,#5077,.T.);
#3802=EDGE_CURVE('',#4602,#4603,#5078,.T.);
#3803=EDGE_CURVE('',#4603,#4604,#5079,.T.);
#3804=EDGE_CURVE('',#4604,#4605,#5080,.F.);
#3805=EDGE_CURVE('',#4605,#4606,#5081,.T.);
#3806=EDGE_CURVE('',#4606,#4607,#5082,.T.);
#3807=EDGE_CURVE('',#4607,#4608,#5083,.T.);
#3808=EDGE_CURVE('',#4608,#4609,#5084,.F.);
#3809=EDGE_CURVE('',#4609,#4610,#5085,.T.);
#3810=EDGE_CURVE('',#4610,#4611,#5086,.T.);
#3811=EDGE_CURVE('',#4611,#4612,#5087,.T.);
#3812=EDGE_CURVE('',#4612,#4613,#5088,.F.);
#3813=EDGE_CURVE('',#4613,#4614,#5089,.T.);
#3814=EDGE_CURVE('',#4614,#4615,#5090,.T.);
#3815=EDGE_CURVE('',#4615,#4616,#5091,.T.);
#3816=EDGE_CURVE('',#4616,#4617,#5092,.F.);
#3817=EDGE_CURVE('',#4617,#4618,#5093,.T.);
#3818=EDGE_CURVE('',#4618,#4619,#5094,.T.);
#3819=EDGE_CURVE('',#4619,#4620,#5095,.T.);
#3820=EDGE_CURVE('',#4620,#4621,#5096,.F.);
#3821=EDGE_CURVE('',#4621,#4622,#5097,.T.);
#3822=EDGE_CURVE('',#4622,#4623,#5098,.T.);
#3823=EDGE_CURVE('',#4623,#4624,#5099,.T.);
#3824=EDGE_CURVE('',#4624,#4625,#5100,.F.);
#3825=EDGE_CURVE('',#4625,#4626,#5101,.T.);
#3826=EDGE_CURVE('',#4626,#4627,#5102,.T.);
#3827=EDGE_CURVE('',#4627,#4628,#5103,.T.);
#3828=EDGE_CURVE('',#4628,#4629,#5104,.F.);
#3829=EDGE_CURVE('',#4629,#4630,#5105,.T.);
#3830=EDGE_CURVE('',#4630,#4631,#5106,.T.);
#3831=EDGE_CURVE('',#4631,#4632,#5107,.T.);
#3832=EDGE_CURVE('',#4632,#4633,#5108,.F.);
#3833=EDGE_CURVE('',#4633,#4634,#5109,.T.);
#3834=EDGE_CURVE('',#4634,#4635,#5110,.T.);
#3835=EDGE_CURVE('',#4635,#4636,#5111,.T.);
#3836=EDGE_CURVE('',#4636,#4637,#5112,.F.);
#3837=EDGE_CURVE('',#4637,#4467,#5113,.T.);
#3838=EDGE_CURVE('',#4480,#4638,#933,.T.);
#3839=EDGE_CURVE('',#4638,#4479,#934,.T.);
#3840=EDGE_CURVE('',#4469,#4639,#5114,.T.);
#3841=EDGE_CURVE('',#4468,#4636,#935,.F.);
#3842=EDGE_CURVE('',#4640,#4635,#135,.T.);
#3843=EDGE_CURVE('',#4640,#4641,#936,.T.);
#3844=EDGE_CURVE('',#4641,#4639,#136,.T.);
#3845=EDGE_CURVE('',#4642,#4643,#5115,.T.);
#3846=EDGE_CURVE('',#4644,#4642,#5116,.F.);
#3847=EDGE_CURVE('',#4645,#4644,#5117,.T.);
#3848=EDGE_CURVE('',#4646,#4645,#5118,.F.);
#3849=EDGE_CURVE('',#4647,#4646,#5119,.T.);
#3850=EDGE_CURVE('',#4648,#4647,#5120,.F.);
#3851=EDGE_CURVE('',#4649,#4648,#5121,.T.);
#3852=EDGE_CURVE('',#4650,#4649,#5122,.F.);
#3853=EDGE_CURVE('',#4651,#4650,#5123,.T.);
#3854=EDGE_CURVE('',#4652,#4651,#5124,.F.);
#3855=EDGE_CURVE('',#4653,#4652,#5125,.T.);
#3856=EDGE_CURVE('',#4654,#4653,#5126,.F.);
#3857=EDGE_CURVE('',#4655,#4654,#5127,.T.);
#3858=EDGE_CURVE('',#4656,#4655,#5128,.F.);
#3859=EDGE_CURVE('',#4657,#4656,#5129,.T.);
#3860=EDGE_CURVE('',#4658,#4657,#5130,.F.);
#3861=EDGE_CURVE('',#4659,#4658,#5131,.T.);
#3862=EDGE_CURVE('',#4660,#4659,#5132,.F.);
#3863=EDGE_CURVE('',#4661,#4660,#5133,.T.);
#3864=EDGE_CURVE('',#4662,#4661,#5134,.F.);
#3865=EDGE_CURVE('',#4663,#4662,#5135,.T.);
#3866=EDGE_CURVE('',#4664,#4663,#5136,.F.);
#3867=EDGE_CURVE('',#4665,#4664,#5137,.T.);
#3868=EDGE_CURVE('',#4666,#4665,#5138,.F.);
#3869=EDGE_CURVE('',#4667,#4666,#5139,.T.);
#3870=EDGE_CURVE('',#4668,#4667,#5140,.F.);
#3871=EDGE_CURVE('',#4669,#4668,#5141,.T.);
#3872=EDGE_CURVE('',#4670,#4669,#5142,.F.);
#3873=EDGE_CURVE('',#4671,#4670,#5143,.T.);
#3874=EDGE_CURVE('',#4672,#4671,#5144,.F.);
#3875=EDGE_CURVE('',#4673,#4672,#5145,.T.);
#3876=EDGE_CURVE('',#4643,#4673,#5146,.F.);
#3877=EDGE_CURVE('',#4674,#4674,#937,.F.);
#3878=EDGE_CURVE('',#4675,#4676,#5147,.F.);
#3879=EDGE_CURVE('',#4676,#4677,#5148,.T.);
#3880=EDGE_CURVE('',#4677,#4678,#5149,.F.);
#3881=EDGE_CURVE('',#4678,#4679,#5150,.T.);
#3882=EDGE_CURVE('',#4679,#4680,#5151,.F.);
#3883=EDGE_CURVE('',#4680,#4681,#5152,.T.);
#3884=EDGE_CURVE('',#4681,#4682,#5153,.F.);
#3885=EDGE_CURVE('',#4682,#4683,#5154,.T.);
#3886=EDGE_CURVE('',#4683,#4684,#5155,.F.);
#3887=EDGE_CURVE('',#4684,#4685,#5156,.T.);
#3888=EDGE_CURVE('',#4685,#4686,#5157,.F.);
#3889=EDGE_CURVE('',#4686,#4687,#5158,.T.);
#3890=EDGE_CURVE('',#4687,#4688,#5159,.F.);
#3891=EDGE_CURVE('',#4688,#4689,#5160,.T.);
#3892=EDGE_CURVE('',#4689,#4690,#5161,.F.);
#3893=EDGE_CURVE('',#4690,#4691,#5162,.T.);
#3894=EDGE_CURVE('',#4691,#4692,#5163,.F.);
#3895=EDGE_CURVE('',#4692,#4693,#5164,.T.);
#3896=EDGE_CURVE('',#4693,#4694,#5165,.F.);
#3897=EDGE_CURVE('',#4694,#4695,#5166,.T.);
#3898=EDGE_CURVE('',#4695,#4696,#5167,.F.);
#3899=EDGE_CURVE('',#4696,#4697,#5168,.T.);
#3900=EDGE_CURVE('',#4697,#4698,#5169,.F.);
#3901=EDGE_CURVE('',#4698,#4699,#5170,.T.);
#3902=EDGE_CURVE('',#4699,#4700,#5171,.F.);
#3903=EDGE_CURVE('',#4700,#4701,#5172,.T.);
#3904=EDGE_CURVE('',#4701,#4702,#5173,.F.);
#3905=EDGE_CURVE('',#4702,#4703,#5174,.T.);
#3906=EDGE_CURVE('',#4703,#4704,#5175,.F.);
#3907=EDGE_CURVE('',#4704,#4705,#5176,.T.);
#3908=EDGE_CURVE('',#4705,#4706,#5177,.F.);
#3909=EDGE_CURVE('',#4706,#4675,#5178,.T.);
#3910=EDGE_CURVE('',#4707,#4707,#938,.F.);
#3911=EDGE_CURVE('',#4508,#4708,#939,.T.);
#3912=EDGE_CURVE('',#4507,#4709,#940,.T.);
#3913=EDGE_CURVE('',#4709,#4710,#429,.T.);
#3914=EDGE_CURVE('',#4708,#4710,#430,.T.);
#3915=EDGE_CURVE('',#4512,#4711,#941,.T.);
#3916=EDGE_CURVE('',#4511,#4712,#942,.T.);
#3917=EDGE_CURVE('',#4712,#4713,#431,.T.);
#3918=EDGE_CURVE('',#4711,#4713,#432,.T.);
#3919=EDGE_CURVE('',#4638,#4714,#433,.T.);
#3920=EDGE_CURVE('',#4714,#4501,#943,.T.);
#3921=EDGE_CURVE('',#4513,#4715,#944,.T.);
#3922=EDGE_CURVE('',#4715,#4487,#434,.T.);
#3923=EDGE_CURVE('',#4716,#4508,#945,.T.);
#3924=EDGE_CURVE('',#4716,#4717,#435,.T.);
#3925=EDGE_CURVE('',#4717,#4509,#946,.T.);
#3926=EDGE_CURVE('',#4718,#4491,#137,.T.);
#3927=EDGE_CURVE('',#4719,#4718,#436,.F.);
#3928=EDGE_CURVE('',#4720,#4719,#138,.T.);
#3929=EDGE_CURVE('',#4720,#4709,#437,.T.);
#3930=EDGE_CURVE('',#4460,#4720,#438,.T.);
#3931=EDGE_CURVE('',#4459,#4721,#439,.T.);
#3932=EDGE_CURVE('',#4721,#4710,#440,.T.);
#3933=EDGE_CURVE('',#4516,#4721,#441,.T.);
#3934=EDGE_CURVE('',#4722,#4512,#947,.T.);
#3935=EDGE_CURVE('',#4722,#4723,#442,.T.);
#3936=EDGE_CURVE('',#4723,#4513,#948,.T.);
#3937=EDGE_CURVE('',#4494,#4724,#443,.T.);
#3938=EDGE_CURVE('',#4725,#4724,#444,.T.);
#3939=EDGE_CURVE('',#4493,#4725,#445,.T.);
#3940=EDGE_CURVE('',#4724,#4726,#949,.T.);
#3941=EDGE_CURVE('',#4727,#4726,#446,.T.);
#3942=EDGE_CURVE('',#4725,#4727,#950,.T.);
#3943=EDGE_CURVE('',#4728,#4726,#447,.T.);
#3944=EDGE_CURVE('',#4729,#4728,#448,.T.);
#3945=EDGE_CURVE('',#4729,#4727,#449,.T.);
#3946=EDGE_CURVE('',#4730,#4728,#951,.T.);
#3947=EDGE_CURVE('',#4731,#4730,#450,.T.);
#3948=EDGE_CURVE('',#4731,#4729,#952,.T.);
#3949=EDGE_CURVE('',#4722,#4711,#451,.T.);
#3950=EDGE_CURVE('',#4732,#4713,#452,.T.);
#3951=EDGE_CURVE('',#4733,#4732,#453,.T.);
#3952=EDGE_CURVE('',#4717,#4733,#454,.T.);
#3953=EDGE_CURVE('',#4716,#4708,#455,.T.);
#3954=EDGE_CURVE('',#4515,#4516,#456,.T.);
#3955=EDGE_CURVE('',#4734,#4515,#457,.T.);
#3956=EDGE_CURVE('',#4734,#4731,#458,.T.);
#3957=EDGE_CURVE('',#4714,#4730,#459,.T.);
#3958=EDGE_CURVE('',#4638,#4480,#460,.T.);
#3959=EDGE_CURVE('',#4723,#4715,#461,.T.);
#3960=EDGE_CURVE('',#4734,#4506,#953,.T.);
#3961=EDGE_CURVE('',#4510,#4735,#954,.T.);
#3962=EDGE_CURVE('',#4735,#4712,#462,.T.);
#3963=EDGE_CURVE('',#4735,#4732,#463,.T.);
#3964=EDGE_CURVE('',#4509,#4733,#955,.T.);
#3965=EDGE_CURVE('',#4711,#4722,#956,.T.);
#3966=EDGE_CURVE('',#4736,#4736,#957,.F.);
#3967=EDGE_CURVE('',#4733,#4717,#958,.T.);
#3968=EDGE_CURVE('',#4708,#4716,#959,.T.);
#3969=EDGE_CURVE('',#4737,#4738,#139,.T.);
#3970=EDGE_CURVE('',#4738,#4739,#5179,.T.);
#3971=EDGE_CURVE('',#4739,#4737,#5180,.T.);
#3972=EDGE_CURVE('',#4740,#4454,#5181,.T.);
#3973=EDGE_CURVE('',#4741,#4740,#5182,.T.);
#3974=EDGE_CURVE('',#4455,#4741,#5183,.T.);
#3975=EDGE_CURVE('',#4639,#4742,#5184,.T.);
#3976=EDGE_CURVE('',#4742,#4470,#5185,.T.);
#3977=EDGE_CURVE('',#4743,#4744,#5186,.T.);
#3978=EDGE_CURVE('',#4743,#4745,#140,.F.);
#3979=EDGE_CURVE('',#4745,#4744,#5187,.T.);
#3980=EDGE_CURVE('',#4715,#4723,#960,.T.);
#3981=EDGE_CURVE('',#4746,#4583,#141,.T.);
#3982=EDGE_CURVE('',#4746,#4747,#961,.T.);
#3983=EDGE_CURVE('',#4587,#4747,#142,.T.);
#3984=EDGE_CURVE('',#4586,#4584,#962,.F.);
#3985=EDGE_CURVE('',#4747,#4693,#5188,.T.);
#3986=EDGE_CURVE('',#4695,#4746,#5189,.T.);
#3987=EDGE_CURVE('',#4582,#4580,#963,.F.);
#3988=EDGE_CURVE('',#4748,#4579,#143,.T.);
#3989=EDGE_CURVE('',#4748,#4746,#964,.T.);
#3990=EDGE_CURVE('',#4697,#4748,#5190,.T.);
#3991=EDGE_CURVE('',#4742,#4749,#144,.F.);
#3992=EDGE_CURVE('',#4641,#4748,#965,.T.);
#3993=EDGE_CURVE('',#4578,#4749,#966,.F.);
#3994=EDGE_CURVE('',#4699,#4641,#5191,.T.);
#3995=EDGE_CURVE('',#4749,#4577,#5192,.T.);
#3996=EDGE_CURVE('',#4701,#4640,#5193,.T.);
#3997=EDGE_CURVE('',#4750,#4631,#145,.T.);
#3998=EDGE_CURVE('',#4750,#4640,#967,.T.);
#3999=EDGE_CURVE('',#4634,#4632,#968,.F.);
#4000=EDGE_CURVE('',#4703,#4750,#5194,.T.);
#4001=EDGE_CURVE('',#4630,#4628,#969,.F.);
#4002=EDGE_CURVE('',#4751,#4627,#146,.T.);
#4003=EDGE_CURVE('',#4751,#4750,#970,.T.);
#4004=EDGE_CURVE('',#4705,#4751,#5195,.T.);
#4005=EDGE_CURVE('',#4752,#4623,#147,.T.);
#4006=EDGE_CURVE('',#4752,#4751,#971,.T.);
#4007=EDGE_CURVE('',#4626,#4624,#972,.F.);
#4008=EDGE_CURVE('',#4675,#4752,#5196,.T.);
#4009=EDGE_CURVE('',#4753,#4619,#148,.T.);
#4010=EDGE_CURVE('',#4753,#4752,#973,.T.);
#4011=EDGE_CURVE('',#4622,#4620,#974,.F.);
#4012=EDGE_CURVE('',#4677,#4753,#5197,.T.);
#4013=EDGE_CURVE('',#4754,#4615,#149,.T.);
#4014=EDGE_CURVE('',#4754,#4753,#975,.T.);
#4015=EDGE_CURVE('',#4618,#4616,#976,.F.);
#4016=EDGE_CURVE('',#4679,#4754,#5198,.T.);
#4017=EDGE_CURVE('',#4614,#4612,#977,.F.);
#4018=EDGE_CURVE('',#4755,#4611,#150,.T.);
#4019=EDGE_CURVE('',#4755,#4754,#978,.T.);
#4020=EDGE_CURVE('',#4681,#4755,#5199,.T.);
#4021=EDGE_CURVE('',#4756,#4607,#151,.T.);
#4022=EDGE_CURVE('',#4756,#4755,#979,.T.);
#4023=EDGE_CURVE('',#4610,#4608,#980,.F.);
#4024=EDGE_CURVE('',#4683,#4756,#5200,.T.);
#4025=EDGE_CURVE('',#4757,#4603,#152,.T.);
#4026=EDGE_CURVE('',#4757,#4756,#981,.T.);
#4027=EDGE_CURVE('',#4606,#4604,#982,.F.);
#4028=EDGE_CURVE('',#4685,#4757,#5201,.T.);
#4029=EDGE_CURVE('',#4758,#4599,#153,.T.);
#4030=EDGE_CURVE('',#4758,#4757,#983,.T.);
#4031=EDGE_CURVE('',#4602,#4600,#984,.F.);
#4032=EDGE_CURVE('',#4687,#4758,#5202,.T.);
#4033=EDGE_CURVE('',#4598,#4596,#985,.F.);
#4034=EDGE_CURVE('',#4759,#4595,#154,.T.);
#4035=EDGE_CURVE('',#4759,#4758,#986,.T.);
#4036=EDGE_CURVE('',#4689,#4759,#5203,.T.);
#4037=EDGE_CURVE('',#4594,#4592,#987,.F.);
#4038=EDGE_CURVE('',#4760,#4591,#155,.T.);
#4039=EDGE_CURVE('',#4760,#4759,#988,.T.);
#4040=EDGE_CURVE('',#4691,#4760,#5204,.T.);
#4041=EDGE_CURVE('',#4747,#4760,#989,.T.);
#4042=EDGE_CURVE('',#4590,#4588,#990,.F.);
#4043=EDGE_CURVE('',#4571,#4761,#156,.T.);
#4044=EDGE_CURVE('',#4568,#4570,#991,.F.);
#4045=EDGE_CURVE('',#4762,#4567,#157,.T.);
#4046=EDGE_CURVE('',#4761,#4762,#992,.T.);
#4047=EDGE_CURVE('',#4761,#4656,#5205,.T.);
#4048=EDGE_CURVE('',#4658,#4762,#5206,.T.);
#4049=EDGE_CURVE('',#4572,#4574,#993,.F.);
#4050=EDGE_CURVE('',#4763,#4761,#994,.T.);
#4051=EDGE_CURVE('',#4575,#4763,#158,.T.);
#4052=EDGE_CURVE('',#4763,#4654,#5207,.T.);
#4053=EDGE_CURVE('',#4764,#4740,#159,.F.);
#4054=EDGE_CURVE('',#4576,#4764,#995,.F.);
#4055=EDGE_CURVE('',#4765,#4763,#996,.T.);
#4056=EDGE_CURVE('',#4741,#4765,#160,.T.);
#4057=EDGE_CURVE('',#4765,#4652,#5208,.T.);
#4058=EDGE_CURVE('',#4514,#4764,#5209,.T.);
#4059=EDGE_CURVE('',#4766,#4765,#997,.T.);
#4060=EDGE_CURVE('',#4519,#4766,#161,.T.);
#4061=EDGE_CURVE('',#4456,#4518,#998,.F.);
#4062=EDGE_CURVE('',#4766,#4650,#5210,.T.);
#4063=EDGE_CURVE('',#4523,#4767,#162,.T.);
#4064=EDGE_CURVE('',#4520,#4522,#999,.F.);
#4065=EDGE_CURVE('',#4767,#4766,#1000,.T.);
#4066=EDGE_CURVE('',#4767,#4648,#5211,.T.);
#4067=EDGE_CURVE('',#4524,#4526,#1001,.F.);
#4068=EDGE_CURVE('',#4768,#4767,#1002,.T.);
#4069=EDGE_CURVE('',#4527,#4768,#163,.T.);
#4070=EDGE_CURVE('',#4768,#4646,#5212,.T.);
#4071=EDGE_CURVE('',#4531,#4769,#164,.T.);
#4072=EDGE_CURVE('',#4528,#4530,#1003,.F.);
#4073=EDGE_CURVE('',#4769,#4768,#1004,.T.);
#4074=EDGE_CURVE('',#4769,#4644,#5213,.T.);
#4075=EDGE_CURVE('',#4535,#4770,#165,.T.);
#4076=EDGE_CURVE('',#4532,#4534,#1005,.F.);
#4077=EDGE_CURVE('',#4770,#4769,#1006,.T.);
#4078=EDGE_CURVE('',#4770,#4643,#5214,.T.);
#4079=EDGE_CURVE('',#4539,#4771,#166,.T.);
#4080=EDGE_CURVE('',#4536,#4538,#1007,.F.);
#4081=EDGE_CURVE('',#4771,#4770,#1008,.T.);
#4082=EDGE_CURVE('',#4771,#4672,#5215,.T.);
#4083=EDGE_CURVE('',#4540,#4542,#1009,.F.);
#4084=EDGE_CURVE('',#4772,#4771,#1010,.T.);
#4085=EDGE_CURVE('',#4543,#4772,#167,.T.);
#4086=EDGE_CURVE('',#4772,#4670,#5216,.T.);
#4087=EDGE_CURVE('',#4547,#4773,#168,.T.);
#4088=EDGE_CURVE('',#4544,#4546,#1011,.F.);
#4089=EDGE_CURVE('',#4773,#4772,#1012,.T.);
#4090=EDGE_CURVE('',#4773,#4668,#5217,.T.);
#4091=EDGE_CURVE('',#4551,#4774,#169,.T.);
#4092=EDGE_CURVE('',#4548,#4550,#1013,.F.);
#4093=EDGE_CURVE('',#4774,#4773,#1014,.T.);
#4094=EDGE_CURVE('',#4774,#4666,#5218,.T.);
#4095=EDGE_CURVE('',#4555,#4775,#170,.T.);
#4096=EDGE_CURVE('',#4552,#4554,#1015,.F.);
#4097=EDGE_CURVE('',#4775,#4774,#1016,.T.);
#4098=EDGE_CURVE('',#4775,#4664,#5219,.T.);
#4099=EDGE_CURVE('',#4556,#4558,#1017,.F.);
#4100=EDGE_CURVE('',#4776,#4775,#1018,.T.);
#4101=EDGE_CURVE('',#4559,#4776,#171,.T.);
#4102=EDGE_CURVE('',#4776,#4662,#5220,.T.);
#4103=EDGE_CURVE('',#4560,#4562,#1019,.F.);
#4104=EDGE_CURVE('',#4777,#4776,#1020,.T.);
#4105=EDGE_CURVE('',#4563,#4777,#172,.T.);
#4106=EDGE_CURVE('',#4777,#4660,#5221,.T.);
#4107=EDGE_CURVE('',#4564,#4566,#1021,.F.);
#4108=EDGE_CURVE('',#4762,#4777,#1022,.T.);
#4109=EDGE_CURVE('',#4490,#4453,#464,.T.);
#4110=EDGE_CURVE('',#4448,#4451,#173,.F.);
#4111=EDGE_CURVE('',#4505,#4718,#465,.T.);
#4112=EDGE_CURVE('',#4452,#4447,#174,.F.);
#4113=EDGE_CURVE('',#4719,#4504,#466,.T.);
#4114=EDGE_CURVE('',#4477,#4462,#467,.T.);
#4115=EDGE_CURVE('',#4473,#4461,#175,.F.);
#4116=EDGE_CURVE('',#4502,#4485,#468,.T.);
#4117=EDGE_CURVE('',#4463,#4472,#176,.F.);
#4118=EDGE_CURVE('',#4484,#4503,#469,.T.);
#4119=EDGE_CURVE('',#4745,#4778,#470,.T.);
#4120=EDGE_CURVE('',#4744,#4778,#471,.T.);
#4121=EDGE_CURVE('',#4778,#4743,#472,.T.);
#4122=EDGE_CURVE('',#4737,#4779,#473,.T.);
#4123=EDGE_CURVE('',#4779,#4738,#474,.T.);
#4124=EDGE_CURVE('',#4739,#4779,#475,.T.);
#4125=VERTEX_POINT('',#9122);
#4126=VERTEX_POINT('',#9123);
#4127=VERTEX_POINT('',#9128);
#4128=VERTEX_POINT('',#9135);
#4129=VERTEX_POINT('',#9136);
#4130=VERTEX_POINT('',#9141);
#4131=VERTEX_POINT('',#9148);
#4132=VERTEX_POINT('',#9149);
#4133=VERTEX_POINT('',#9154);
#4134=VERTEX_POINT('',#9161);
#4135=VERTEX_POINT('',#9162);
#4136=VERTEX_POINT('',#9167);
#4137=VERTEX_POINT('',#9174);
#4138=VERTEX_POINT('',#9175);
#4139=VERTEX_POINT('',#9180);
#4140=VERTEX_POINT('',#9190);
#4141=VERTEX_POINT('',#9191);
#4142=VERTEX_POINT('',#9196);
#4143=VERTEX_POINT('',#9206);
#4144=VERTEX_POINT('',#9207);
#4145=VERTEX_POINT('',#9212);
#4146=VERTEX_POINT('',#9219);
#4147=VERTEX_POINT('',#9220);
#4148=VERTEX_POINT('',#9225);
#4149=VERTEX_POINT('',#9232);
#4150=VERTEX_POINT('',#9233);
#4151=VERTEX_POINT('',#9238);
#4152=VERTEX_POINT('',#9245);
#4153=VERTEX_POINT('',#9246);
#4154=VERTEX_POINT('',#9251);
#4155=VERTEX_POINT('',#9255);
#4156=VERTEX_POINT('',#9261);
#4157=VERTEX_POINT('',#9262);
#4158=VERTEX_POINT('',#9268);
#4159=VERTEX_POINT('',#9274);
#4160=VERTEX_POINT('',#9280);
#4161=VERTEX_POINT('',#9286);
#4162=VERTEX_POINT('',#9292);
#4163=VERTEX_POINT('',#9298);
#4164=VERTEX_POINT('',#9304);
#4165=VERTEX_POINT('',#9310);
#4166=VERTEX_POINT('',#9316);
#4167=VERTEX_POINT('',#9322);
#4168=VERTEX_POINT('',#9328);
#4169=VERTEX_POINT('',#9334);
#4170=VERTEX_POINT('',#9340);
#4171=VERTEX_POINT('',#9346);
#4172=VERTEX_POINT('',#9357);
#4173=VERTEX_POINT('',#9358);
#4174=VERTEX_POINT('',#9363);
#4175=VERTEX_POINT('',#9370);
#4176=VERTEX_POINT('',#9371);
#4177=VERTEX_POINT('',#9376);
#4178=VERTEX_POINT('',#9383);
#4179=VERTEX_POINT('',#9384);
#4180=VERTEX_POINT('',#9389);
#4181=VERTEX_POINT('',#9396);
#4182=VERTEX_POINT('',#9397);
#4183=VERTEX_POINT('',#9402);
#4184=VERTEX_POINT('',#9412);
#4185=VERTEX_POINT('',#9413);
#4186=VERTEX_POINT('',#9418);
#4187=VERTEX_POINT('',#9428);
#4188=VERTEX_POINT('',#9429);
#4189=VERTEX_POINT('',#9434);
#4190=VERTEX_POINT('',#9441);
#4191=VERTEX_POINT('',#9442);
#4192=VERTEX_POINT('',#9447);
#4193=VERTEX_POINT('',#9454);
#4194=VERTEX_POINT('',#9455);
#4195=VERTEX_POINT('',#9460);
#4196=VERTEX_POINT('',#9467);
#4197=VERTEX_POINT('',#9468);
#4198=VERTEX_POINT('',#9473);
#4199=VERTEX_POINT('',#9480);
#4200=VERTEX_POINT('',#9481);
#4201=VERTEX_POINT('',#9486);
#4202=VERTEX_POINT('',#9493);
#4203=VERTEX_POINT('',#9494);
#4204=VERTEX_POINT('',#9499);
#4205=VERTEX_POINT('',#9505);
#4206=VERTEX_POINT('',#9510);
#4207=VERTEX_POINT('',#9515);
#4208=VERTEX_POINT('',#9521);
#4209=VERTEX_POINT('',#9526);
#4210=VERTEX_POINT('',#9531);
#4211=VERTEX_POINT('',#9537);
#4212=VERTEX_POINT('',#9542);
#4213=VERTEX_POINT('',#9547);
#4214=VERTEX_POINT('',#9552);
#4215=VERTEX_POINT('',#9557);
#4216=VERTEX_POINT('',#9559);
#4217=VERTEX_POINT('',#9564);
#4218=VERTEX_POINT('',#9569);
#4219=VERTEX_POINT('',#9574);
#4220=VERTEX_POINT('',#9579);
#4221=VERTEX_POINT('',#9585);
#4222=VERTEX_POINT('',#9590);
#4223=VERTEX_POINT('',#9595);
#4224=VERTEX_POINT('',#9603);
#4225=VERTEX_POINT('',#9604);
#4226=VERTEX_POINT('',#9606);
#4227=VERTEX_POINT('',#9608);
#4228=VERTEX_POINT('',#9610);
#4229=VERTEX_POINT('',#9612);
#4230=VERTEX_POINT('',#9619);
#4231=VERTEX_POINT('',#9620);
#4232=VERTEX_POINT('',#9622);
#4233=VERTEX_POINT('',#9627);
#4234=VERTEX_POINT('',#9629);
#4235=VERTEX_POINT('',#9631);
#4236=VERTEX_POINT('',#9633);
#4237=VERTEX_POINT('',#9638);
#4238=VERTEX_POINT('',#9640);
#4239=VERTEX_POINT('',#9645);
#4240=VERTEX_POINT('',#9647);
#4241=VERTEX_POINT('',#9649);
#4242=VERTEX_POINT('',#9651);
#4243=VERTEX_POINT('',#9653);
#4244=VERTEX_POINT('',#9655);
#4245=VERTEX_POINT('',#9657);
#4246=VERTEX_POINT('',#9659);
#4247=VERTEX_POINT('',#9664);
#4248=VERTEX_POINT('',#9666);
#4249=VERTEX_POINT('',#9671);
#4250=VERTEX_POINT('',#9673);
#4251=VERTEX_POINT('',#9675);
#4252=VERTEX_POINT('',#9682);
#4253=VERTEX_POINT('',#9683);
#4254=VERTEX_POINT('',#9685);
#4255=VERTEX_POINT('',#9690);
#4256=VERTEX_POINT('',#9692);
#4257=VERTEX_POINT('',#9694);
#4258=VERTEX_POINT('',#9696);
#4259=VERTEX_POINT('',#9701);
#4260=VERTEX_POINT('',#9703);
#4261=VERTEX_POINT('',#9708);
#4262=VERTEX_POINT('',#9710);
#4263=VERTEX_POINT('',#9712);
#4264=VERTEX_POINT('',#9714);
#4265=VERTEX_POINT('',#9719);
#4266=VERTEX_POINT('',#9721);
#4267=VERTEX_POINT('',#9726);
#4268=VERTEX_POINT('',#9728);
#4269=VERTEX_POINT('',#9730);
#4270=VERTEX_POINT('',#9732);
#4271=VERTEX_POINT('',#9734);
#4272=VERTEX_POINT('',#9736);
#4273=VERTEX_POINT('',#9738);
#4274=VERTEX_POINT('',#9742);
#4275=VERTEX_POINT('',#9743);
#4276=VERTEX_POINT('',#9745);
#4277=VERTEX_POINT('',#9747);
#4278=VERTEX_POINT('',#9749);
#4279=VERTEX_POINT('',#9751);
#4280=VERTEX_POINT('',#9755);
#4281=VERTEX_POINT('',#9756);
#4282=VERTEX_POINT('',#9758);
#4283=VERTEX_POINT('',#9760);
#4284=VERTEX_POINT('',#9762);
#4285=VERTEX_POINT('',#9764);
#4286=VERTEX_POINT('',#9768);
#4287=VERTEX_POINT('',#9769);
#4288=VERTEX_POINT('',#9771);
#4289=VERTEX_POINT('',#9773);
#4290=VERTEX_POINT('',#9775);
#4291=VERTEX_POINT('',#9777);
#4292=VERTEX_POINT('',#9781);
#4293=VERTEX_POINT('',#9782);
#4294=VERTEX_POINT('',#9784);
#4295=VERTEX_POINT('',#9786);
#4296=VERTEX_POINT('',#9788);
#4297=VERTEX_POINT('',#9790);
#4298=VERTEX_POINT('',#9794);
#4299=VERTEX_POINT('',#9795);
#4300=VERTEX_POINT('',#9797);
#4301=VERTEX_POINT('',#9799);
#4302=VERTEX_POINT('',#9801);
#4303=VERTEX_POINT('',#9803);
#4304=VERTEX_POINT('',#9807);
#4305=VERTEX_POINT('',#9808);
#4306=VERTEX_POINT('',#9810);
#4307=VERTEX_POINT('',#9812);
#4308=VERTEX_POINT('',#9814);
#4309=VERTEX_POINT('',#9816);
#4310=VERTEX_POINT('',#9820);
#4311=VERTEX_POINT('',#9821);
#4312=VERTEX_POINT('',#9823);
#4313=VERTEX_POINT('',#9825);
#4314=VERTEX_POINT('',#9829);
#4315=VERTEX_POINT('',#9830);
#4316=VERTEX_POINT('',#9832);
#4317=VERTEX_POINT('',#9834);
#4318=VERTEX_POINT('',#9836);
#4319=VERTEX_POINT('',#9838);
#4320=VERTEX_POINT('',#9842);
#4321=VERTEX_POINT('',#9843);
#4322=VERTEX_POINT('',#9845);
#4323=VERTEX_POINT('',#9847);
#4324=VERTEX_POINT('',#9851);
#4325=VERTEX_POINT('',#9852);
#4326=VERTEX_POINT('',#9854);
#4327=VERTEX_POINT('',#9856);
#4328=VERTEX_POINT('',#9860);
#4329=VERTEX_POINT('',#9861);
#4330=VERTEX_POINT('',#9863);
#4331=VERTEX_POINT('',#9865);
#4332=VERTEX_POINT('',#9869);
#4333=VERTEX_POINT('',#9871);
#4334=VERTEX_POINT('',#9875);
#4335=VERTEX_POINT('',#9877);
#4336=VERTEX_POINT('',#9881);
#4337=VERTEX_POINT('',#9883);
#4338=VERTEX_POINT('',#9893);
#4339=VERTEX_POINT('',#9895);
#4340=VERTEX_POINT('',#9899);
#4341=VERTEX_POINT('',#9900);
#4342=VERTEX_POINT('',#9902);
#4343=VERTEX_POINT('',#9907);
#4344=VERTEX_POINT('',#9915);
#4345=VERTEX_POINT('',#9916);
#4346=VERTEX_POINT('',#9922);
#4347=VERTEX_POINT('',#9928);
#4348=VERTEX_POINT('',#9934);
#4349=VERTEX_POINT('',#9940);
#4350=VERTEX_POINT('',#9946);
#4351=VERTEX_POINT('',#9952);
#4352=VERTEX_POINT('',#9958);
#4353=VERTEX_POINT('',#9964);
#4354=VERTEX_POINT('',#9970);
#4355=VERTEX_POINT('',#9976);
#4356=VERTEX_POINT('',#9982);
#4357=VERTEX_POINT('',#9988);
#4358=VERTEX_POINT('',#9994);
#4359=VERTEX_POINT('',#10000);
#4360=VERTEX_POINT('',#10007);
#4361=VERTEX_POINT('',#10010);
#4362=VERTEX_POINT('',#10015);
#4363=VERTEX_POINT('',#10016);
#4364=VERTEX_POINT('',#10018);
#4365=VERTEX_POINT('',#10023);
#4366=VERTEX_POINT('',#10027);
#4367=VERTEX_POINT('',#10032);
#4368=VERTEX_POINT('',#10033);
#4369=VERTEX_POINT('',#10035);
#4370=VERTEX_POINT('',#10040);
#4371=VERTEX_POINT('',#10044);
#4372=VERTEX_POINT('',#10049);
#4373=VERTEX_POINT('',#10050);
#4374=VERTEX_POINT('',#10052);
#4375=VERTEX_POINT('',#10057);
#4376=VERTEX_POINT('',#10064);
#4377=VERTEX_POINT('',#10065);
#4378=VERTEX_POINT('',#10070);
#4379=VERTEX_POINT('',#10076);
#4380=VERTEX_POINT('',#10081);
#4381=VERTEX_POINT('',#10086);
#4382=VERTEX_POINT('',#10092);
#4383=VERTEX_POINT('',#10097);
#4384=VERTEX_POINT('',#10102);
#4385=VERTEX_POINT('',#10107);
#4386=VERTEX_POINT('',#10112);
#4387=VERTEX_POINT('',#10114);
#4388=VERTEX_POINT('',#10119);
#4389=VERTEX_POINT('',#10124);
#4390=VERTEX_POINT('',#10129);
#4391=VERTEX_POINT('',#10134);
#4392=VERTEX_POINT('',#10140);
#4393=VERTEX_POINT('',#10145);
#4394=VERTEX_POINT('',#10150);
#4395=VERTEX_POINT('',#10156);
#4396=VERTEX_POINT('',#10161);
#4397=VERTEX_POINT('',#10166);
#4398=VERTEX_POINT('',#10174);
#4399=VERTEX_POINT('',#10179);
#4400=VERTEX_POINT('',#10180);
#4401=VERTEX_POINT('',#10182);
#4402=VERTEX_POINT('',#10187);
#4403=VERTEX_POINT('',#10369);
#4404=VERTEX_POINT('',#10372);
#4405=VERTEX_POINT('',#10404);
#4406=VERTEX_POINT('',#10415);
#4407=VERTEX_POINT('',#10433);
#4408=VERTEX_POINT('',#10473);
#4409=VERTEX_POINT('',#10573);
#4410=VERTEX_POINT('',#10576);
#4411=VERTEX_POINT('',#10614);
#4412=VERTEX_POINT('',#10621);
#4413=VERTEX_POINT('',#10646);
#4414=VERTEX_POINT('',#10681);
#4415=VERTEX_POINT('',#10730);
#4416=VERTEX_POINT('',#10732);
#4417=VERTEX_POINT('',#10745);
#4418=VERTEX_POINT('',#10754);
#4419=VERTEX_POINT('',#10756);
#4420=VERTEX_POINT('',#10771);
#4421=VERTEX_POINT('',#10780);
#4422=VERTEX_POINT('',#10782);
#4423=VERTEX_POINT('',#10795);
#4424=VERTEX_POINT('',#10807);
#4425=VERTEX_POINT('',#10816);
#4426=VERTEX_POINT('',#10825);
#4427=VERTEX_POINT('',#10839);
#4428=VERTEX_POINT('',#10841);
#4429=VERTEX_POINT('',#10854);
#4430=VERTEX_POINT('',#10863);
#4431=VERTEX_POINT('',#10865);
#4432=VERTEX_POINT('',#10880);
#4433=VERTEX_POINT('',#10889);
#4434=VERTEX_POINT('',#10891);
#4435=VERTEX_POINT('',#10904);
#4436=VERTEX_POINT('',#10916);
#4437=VERTEX_POINT('',#10925);
#4438=VERTEX_POINT('',#10934);
#4439=VERTEX_POINT('',#10949);
#4440=VERTEX_POINT('',#10959);
#4441=VERTEX_POINT('',#10973);
#4442=VERTEX_POINT('',#10979);
#4443=VERTEX_POINT('',#10998);
#4444=VERTEX_POINT('',#11011);
#4445=VERTEX_POINT('',#11022);
#4446=VERTEX_POINT('',#11031);
#4447=VERTEX_POINT('',#11045);
#4448=VERTEX_POINT('',#11046);
#4449=VERTEX_POINT('',#11048);
#4450=VERTEX_POINT('',#11050);
#4451=VERTEX_POINT('',#11054);
#4452=VERTEX_POINT('',#11055);
#4453=VERTEX_POINT('',#11057);
#4454=VERTEX_POINT('',#11059);
#4455=VERTEX_POINT('',#11064);
#4456=VERTEX_POINT('',#11066);
#4457=VERTEX_POINT('',#11071);
#4458=VERTEX_POINT('',#11076);
#4459=VERTEX_POINT('',#11078);
#4460=VERTEX_POINT('',#11080);
#4461=VERTEX_POINT('',#11084);
#4462=VERTEX_POINT('',#11085);
#4463=VERTEX_POINT('',#11087);
#4464=VERTEX_POINT('',#11089);
#4465=VERTEX_POINT('',#11091);
#4466=VERTEX_POINT('',#11093);
#4467=VERTEX_POINT('',#11098);
#4468=VERTEX_POINT('',#11103);
#4469=VERTEX_POINT('',#11105);
#4470=VERTEX_POINT('',#11110);
#4471=VERTEX_POINT('',#11114);
#4472=VERTEX_POINT('',#11115);
#4473=VERTEX_POINT('',#11117);
#4474=VERTEX_POINT('',#11119);
#4475=VERTEX_POINT('',#11123);
#4476=VERTEX_POINT('',#11124);
#4477=VERTEX_POINT('',#11126);
#4478=VERTEX_POINT('',#11128);
#4479=VERTEX_POINT('',#11130);
#4480=VERTEX_POINT('',#11134);
#4481=VERTEX_POINT('',#11136);
#4482=VERTEX_POINT('',#11140);
#4483=VERTEX_POINT('',#11141);
#4484=VERTEX_POINT('',#11143);
#4485=VERTEX_POINT('',#11145);
#4486=VERTEX_POINT('',#11148);
#4487=VERTEX_POINT('',#11153);
#4488=VERTEX_POINT('',#11157);
#4489=VERTEX_POINT('',#11158);
#4490=VERTEX_POINT('',#11160);
#4491=VERTEX_POINT('',#11162);
#4492=VERTEX_POINT('',#11164);
#4493=VERTEX_POINT('',#11168);
#4494=VERTEX_POINT('',#11169);
#4495=VERTEX_POINT('',#11171);
#4496=VERTEX_POINT('',#11173);
#4497=VERTEX_POINT('',#11176);
#4498=VERTEX_POINT('',#11178);
#4499=VERTEX_POINT('',#11181);
#4500=VERTEX_POINT('',#11183);
#4501=VERTEX_POINT('',#11187);
#4502=VERTEX_POINT('',#11189);
#4503=VERTEX_POINT('',#11191);
#4504=VERTEX_POINT('',#11194);
#4505=VERTEX_POINT('',#11196);
#4506=VERTEX_POINT('',#11199);
#4507=VERTEX_POINT('',#11202);
#4508=VERTEX_POINT('',#11204);
#4509=VERTEX_POINT('',#11206);
#4510=VERTEX_POINT('',#11208);
#4511=VERTEX_POINT('',#11210);
#4512=VERTEX_POINT('',#11212);
#4513=VERTEX_POINT('',#11214);
#4514=VERTEX_POINT('',#11222);
#4515=VERTEX_POINT('',#11224);
#4516=VERTEX_POINT('',#11226);
#4517=VERTEX_POINT('',#11232);
#4518=VERTEX_POINT('',#11237);
#4519=VERTEX_POINT('',#11242);
#4520=VERTEX_POINT('',#11247);
#4521=VERTEX_POINT('',#11252);
#4522=VERTEX_POINT('',#11257);
#4523=VERTEX_POINT('',#11262);
#4524=VERTEX_POINT('',#11267);
#4525=VERTEX_POINT('',#11272);
#4526=VERTEX_POINT('',#11277);
#4527=VERTEX_POINT('',#11282);
#4528=VERTEX_POINT('',#11287);
#4529=VERTEX_POINT('',#11292);
#4530=VERTEX_POINT('',#11297);
#4531=VERTEX_POINT('',#11302);
#4532=VERTEX_POINT('',#11307);
#4533=VERTEX_POINT('',#11312);
#4534=VERTEX_POINT('',#11317);
#4535=VERTEX_POINT('',#11322);
#4536=VERTEX_POINT('',#11327);
#4537=VERTEX_POINT('',#11332);
#4538=VERTEX_POINT('',#11337);
#4539=VERTEX_POINT('',#11342);
#4540=VERTEX_POINT('',#11347);
#4541=VERTEX_POINT('',#11352);
#4542=VERTEX_POINT('',#11357);
#4543=VERTEX_POINT('',#11362);
#4544=VERTEX_POINT('',#11367);
#4545=VERTEX_POINT('',#11372);
#4546=VERTEX_POINT('',#11377);
#4547=VERTEX_POINT('',#11382);
#4548=VERTEX_POINT('',#11387);
#4549=VERTEX_POINT('',#11392);
#4550=VERTEX_POINT('',#11397);
#4551=VERTEX_POINT('',#11402);
#4552=VERTEX_POINT('',#11407);
#4553=VERTEX_POINT('',#11412);
#4554=VERTEX_POINT('',#11417);
#4555=VERTEX_POINT('',#11422);
#4556=VERTEX_POINT('',#11427);
#4557=VERTEX_POINT('',#11432);
#4558=VERTEX_POINT('',#11437);
#4559=VERTEX_POINT('',#11442);
#4560=VERTEX_POINT('',#11447);
#4561=VERTEX_POINT('',#11452);
#4562=VERTEX_POINT('',#11457);
#4563=VERTEX_POINT('',#11462);
#4564=VERTEX_POINT('',#11467);
#4565=VERTEX_POINT('',#11472);
#4566=VERTEX_POINT('',#11477);
#4567=VERTEX_POINT('',#11482);
#4568=VERTEX_POINT('',#11487);
#4569=VERTEX_POINT('',#11492);
#4570=VERTEX_POINT('',#11497);
#4571=VERTEX_POINT('',#11502);
#4572=VERTEX_POINT('',#11507);
#4573=VERTEX_POINT('',#11512);
#4574=VERTEX_POINT('',#11517);
#4575=VERTEX_POINT('',#11522);
#4576=VERTEX_POINT('',#11527);
#4577=VERTEX_POINT('',#11537);
#4578=VERTEX_POINT('',#11542);
#4579=VERTEX_POINT('',#11547);
#4580=VERTEX_POINT('',#11552);
#4581=VERTEX_POINT('',#11557);
#4582=VERTEX_POINT('',#11562);
#4583=VERTEX_POINT('',#11567);
#4584=VERTEX_POINT('',#11572);
#4585=VERTEX_POINT('',#11577);
#4586=VERTEX_POINT('',#11582);
#4587=VERTEX_POINT('',#11587);
#4588=VERTEX_POINT('',#11592);
#4589=VERTEX_POINT('',#11597);
#4590=VERTEX_POINT('',#11602);
#4591=VERTEX_POINT('',#11607);
#4592=VERTEX_POINT('',#11612);
#4593=VERTEX_POINT('',#11617);
#4594=VERTEX_POINT('',#11622);
#4595=VERTEX_POINT('',#11627);
#4596=VERTEX_POINT('',#11632);
#4597=VERTEX_POINT('',#11637);
#4598=VERTEX_POINT('',#11642);
#4599=VERTEX_POINT('',#11647);
#4600=VERTEX_POINT('',#11652);
#4601=VERTEX_POINT('',#11657);
#4602=VERTEX_POINT('',#11662);
#4603=VERTEX_POINT('',#11667);
#4604=VERTEX_POINT('',#11672);
#4605=VERTEX_POINT('',#11677);
#4606=VERTEX_POINT('',#11682);
#4607=VERTEX_POINT('',#11687);
#4608=VERTEX_POINT('',#11692);
#4609=VERTEX_POINT('',#11697);
#4610=VERTEX_POINT('',#11702);
#4611=VERTEX_POINT('',#11707);
#4612=VERTEX_POINT('',#11712);
#4613=VERTEX_POINT('',#11717);
#4614=VERTEX_POINT('',#11722);
#4615=VERTEX_POINT('',#11727);
#4616=VERTEX_POINT('',#11732);
#4617=VERTEX_POINT('',#11737);
#4618=VERTEX_POINT('',#11742);
#4619=VERTEX_POINT('',#11747);
#4620=VERTEX_POINT('',#11752);
#4621=VERTEX_POINT('',#11757);
#4622=VERTEX_POINT('',#11762);
#4623=VERTEX_POINT('',#11767);
#4624=VERTEX_POINT('',#11772);
#4625=VERTEX_POINT('',#11777);
#4626=VERTEX_POINT('',#11782);
#4627=VERTEX_POINT('',#11787);
#4628=VERTEX_POINT('',#11792);
#4629=VERTEX_POINT('',#11797);
#4630=VERTEX_POINT('',#11802);
#4631=VERTEX_POINT('',#11807);
#4632=VERTEX_POINT('',#11812);
#4633=VERTEX_POINT('',#11817);
#4634=VERTEX_POINT('',#11822);
#4635=VERTEX_POINT('',#11827);
#4636=VERTEX_POINT('',#11832);
#4637=VERTEX_POINT('',#11837);
#4638=VERTEX_POINT('',#11843);
#4639=VERTEX_POINT('',#11850);
#4640=VERTEX_POINT('',#11853);
#4641=VERTEX_POINT('',#11855);
#4642=VERTEX_POINT('',#11863);
#4643=VERTEX_POINT('',#11864);
#4644=VERTEX_POINT('',#11869);
#4645=VERTEX_POINT('',#11874);
#4646=VERTEX_POINT('',#11879);
#4647=VERTEX_POINT('',#11884);
#4648=VERTEX_POINT('',#11889);
#4649=VERTEX_POINT('',#11894);
#4650=VERTEX_POINT('',#11899);
#4651=VERTEX_POINT('',#11904);
#4652=VERTEX_POINT('',#11909);
#4653=VERTEX_POINT('',#11914);
#4654=VERTEX_POINT('',#11919);
#4655=VERTEX_POINT('',#11924);
#4656=VERTEX_POINT('',#11929);
#4657=VERTEX_POINT('',#11934);
#4658=VERTEX_POINT('',#11939);
#4659=VERTEX_POINT('',#11944);
#4660=VERTEX_POINT('',#11949);
#4661=VERTEX_POINT('',#11954);
#4662=VERTEX_POINT('',#11959);
#4663=VERTEX_POINT('',#11964);
#4664=VERTEX_POINT('',#11969);
#4665=VERTEX_POINT('',#11974);
#4666=VERTEX_POINT('',#11979);
#4667=VERTEX_POINT('',#11984);
#4668=VERTEX_POINT('',#11989);
#4669=VERTEX_POINT('',#11994);
#4670=VERTEX_POINT('',#11999);
#4671=VERTEX_POINT('',#12004);
#4672=VERTEX_POINT('',#12009);
#4673=VERTEX_POINT('',#12014);
#4674=VERTEX_POINT('',#12020);
#4675=VERTEX_POINT('',#12026);
#4676=VERTEX_POINT('',#12027);
#4677=VERTEX_POINT('',#12032);
#4678=VERTEX_POINT('',#12037);
#4679=VERTEX_POINT('',#12042);
#4680=VERTEX_POINT('',#12047);
#4681=VERTEX_POINT('',#12052);
#4682=VERTEX_POINT('',#12057);
#4683=VERTEX_POINT('',#12062);
#4684=VERTEX_POINT('',#12067);
#4685=VERTEX_POINT('',#12072);
#4686=VERTEX_POINT('',#12077);
#4687=VERTEX_POINT('',#12082);
#4688=VERTEX_POINT('',#12087);
#4689=VERTEX_POINT('',#12092);
#4690=VERTEX_POINT('',#12097);
#4691=VERTEX_POINT('',#12102);
#4692=VERTEX_POINT('',#12107);
#4693=VERTEX_POINT('',#12112);
#4694=VERTEX_POINT('',#12117);
#4695=VERTEX_POINT('',#12122);
#4696=VERTEX_POINT('',#12127);
#4697=VERTEX_POINT('',#12132);
#4698=VERTEX_POINT('',#12137);
#4699=VERTEX_POINT('',#12142);
#4700=VERTEX_POINT('',#12147);
#4701=VERTEX_POINT('',#12152);
#4702=VERTEX_POINT('',#12157);
#4703=VERTEX_POINT('',#12162);
#4704=VERTEX_POINT('',#12167);
#4705=VERTEX_POINT('',#12172);
#4706=VERTEX_POINT('',#12177);
#4707=VERTEX_POINT('',#12183);
#4708=VERTEX_POINT('',#12186);
#4709=VERTEX_POINT('',#12188);
#4710=VERTEX_POINT('',#12190);
#4711=VERTEX_POINT('',#12194);
#4712=VERTEX_POINT('',#12196);
#4713=VERTEX_POINT('',#12198);
#4714=VERTEX_POINT('',#12202);
#4715=VERTEX_POINT('',#12206);
#4716=VERTEX_POINT('',#12210);
#4717=VERTEX_POINT('',#12212);
#4718=VERTEX_POINT('',#12216);
#4719=VERTEX_POINT('',#12218);
#4720=VERTEX_POINT('',#12220);
#4721=VERTEX_POINT('',#12225);
#4722=VERTEX_POINT('',#12231);
#4723=VERTEX_POINT('',#12233);
#4724=VERTEX_POINT('',#12237);
#4725=VERTEX_POINT('',#12239);
#4726=VERTEX_POINT('',#12243);
#4727=VERTEX_POINT('',#12245);
#4728=VERTEX_POINT('',#12249);
#4729=VERTEX_POINT('',#12251);
#4730=VERTEX_POINT('',#12255);
#4731=VERTEX_POINT('',#12257);
#4732=VERTEX_POINT('',#12262);
#4733=VERTEX_POINT('',#12264);
#4734=VERTEX_POINT('',#12269);
#4735=VERTEX_POINT('',#12280);
#4736=VERTEX_POINT('',#12290);
#4737=VERTEX_POINT('',#12298);
#4738=VERTEX_POINT('',#12299);
#4739=VERTEX_POINT('',#12304);
#4740=VERTEX_POINT('',#12314);
#4741=VERTEX_POINT('',#12319);
#4742=VERTEX_POINT('',#12331);
#4743=VERTEX_POINT('',#12341);
#4744=VERTEX_POINT('',#12342);
#4745=VERTEX_POINT('',#12344);
#4746=VERTEX_POINT('',#12353);
#4747=VERTEX_POINT('',#12355);
#4748=VERTEX_POINT('',#12371);
#4749=VERTEX_POINT('',#12381);
#4750=VERTEX_POINT('',#12401);
#4751=VERTEX_POINT('',#12413);
#4752=VERTEX_POINT('',#12423);
#4753=VERTEX_POINT('',#12434);
#4754=VERTEX_POINT('',#12445);
#4755=VERTEX_POINT('',#12457);
#4756=VERTEX_POINT('',#12467);
#4757=VERTEX_POINT('',#12478);
#4758=VERTEX_POINT('',#12489);
#4759=VERTEX_POINT('',#12501);
#4760=VERTEX_POINT('',#12512);
#4761=VERTEX_POINT('',#12527);
#4762=VERTEX_POINT('',#12530);
#4763=VERTEX_POINT('',#12545);
#4764=VERTEX_POINT('',#12555);
#4765=VERTEX_POINT('',#12558);
#4766=VERTEX_POINT('',#12572);
#4767=VERTEX_POINT('',#12583);
#4768=VERTEX_POINT('',#12595);
#4769=VERTEX_POINT('',#12605);
#4770=VERTEX_POINT('',#12616);
#4771=VERTEX_POINT('',#12627);
#4772=VERTEX_POINT('',#12639);
#4773=VERTEX_POINT('',#12649);
#4774=VERTEX_POINT('',#12660);
#4775=VERTEX_POINT('',#12671);
#4776=VERTEX_POINT('',#12683);
#4777=VERTEX_POINT('',#12694);
#4778=VERTEX_POINT('',#12727);
#4779=VERTEX_POINT('',#12734);
#4780=B_SPLINE_CURVE_WITH_KNOTS('',3,(#9118,#9119,#9120,#9121),
 .UNSPECIFIED.,.F.,.F.,(4,4),(0.0127329421725605,0.0136121099968695),
 .UNSPECIFIED.);
#4781=B_SPLINE_CURVE_WITH_KNOTS('',3,(#9124,#9125,#9126,#9127),
 .UNSPECIFIED.,.F.,.F.,(4,4),(0.00270711463980077,0.00358628040061716),
 .UNSPECIFIED.);
#4782=B_SPLINE_CURVE_WITH_KNOTS('',3,(#9131,#9132,#9133,#9134),
 .UNSPECIFIED.,.F.,.F.,(4,4),(0.0131212794160581,0.0140004475991777),
 .UNSPECIFIED.);
#4783=B_SPLINE_CURVE_WITH_KNOTS('',3,(#9137,#9138,#9139,#9140),
 .UNSPECIFIED.,.F.,.F.,(4,4),(0.00270711471845588,0.00358628047927245),
 .UNSPECIFIED.);
#4784=B_SPLINE_CURVE_WITH_KNOTS('',3,(#9144,#9145,#9146,#9147),
 .UNSPECIFIED.,.F.,.F.,(4,4),(0.0132580928724047,0.0141372611543414),
 .UNSPECIFIED.);
#4785=B_SPLINE_CURVE_WITH_KNOTS('',3,(#9150,#9151,#9152,#9153),
 .UNSPECIFIED.,.F.,.F.,(4,4),(0.00270711533886412,0.00358628109968212),
 .UNSPECIFIED.);
#4786=B_SPLINE_CURVE_WITH_KNOTS('',3,(#9157,#9158,#9159,#9160),
 .UNSPECIFIED.,.F.,.F.,(4,4),(0.0130625973884582,0.0139417655249929),
 .UNSPECIFIED.);
#4787=B_SPLINE_CURVE_WITH_KNOTS('',3,(#9163,#9164,#9165,#9166),
 .UNSPECIFIED.,.F.,.F.,(4,4),(0.012744507171818,0.0136236750086122),
 .UNSPECIFIED.);
#4788=B_SPLINE_CURVE_WITH_KNOTS('',3,(#9170,#9171,#9172,#9173),
 .UNSPECIFIED.,.F.,.F.,(4,4),(0.0126903352425616,0.0135732163221993),
 .UNSPECIFIED.);
#4789=B_SPLINE_CURVE_WITH_KNOTS('',3,(#9176,#9177,#9178,#9179),
 .UNSPECIFIED.,.F.,.F.,(4,4),(0.,0.000937837795081758),.UNSPECIFIED.);
#4790=B_SPLINE_CURVE_WITH_KNOTS('',3,(#9181,#9182,#9183,#9184),
 .UNSPECIFIED.,.F.,.F.,(4,4),(0.000918735714437636,0.00118468289477069),
 .UNSPECIFIED.);
#4791=B_SPLINE_CURVE_WITH_KNOTS('',3,(#9186,#9187,#9188,#9189),
 .UNSPECIFIED.,.F.,.F.,(4,4),(0.0137161123115066,0.0146536207804032),
 .UNSPECIFIED.);
#4792=B_SPLINE_CURVE_WITH_KNOTS('',3,(#9192,#9193,#9194,#9195),
 .UNSPECIFIED.,.F.,.F.,(4,4),(0.0126921928493001,0.0135749069104312),
 .UNSPECIFIED.);
#4793=B_SPLINE_CURVE_WITH_KNOTS('',3,(#9197,#9198,#9199,#9200),
 .UNSPECIFIED.,.F.,.F.,(4,4),(0.000302682139750121,0.000568335041668354),
 .UNSPECIFIED.);
#4794=B_SPLINE_CURVE_WITH_KNOTS('',3,(#9202,#9203,#9204,#9205),
 .UNSPECIFIED.,.F.,.F.,(4,4),(0.0127329423185717,0.0136121101428806),
 .UNSPECIFIED.);
#4795=B_SPLINE_CURVE_WITH_KNOTS('',3,(#9208,#9209,#9210,#9211),
 .UNSPECIFIED.,.F.,.F.,(4,4),(0.00270711463980066,0.00358628040061704),
 .UNSPECIFIED.);
#4796=B_SPLINE_CURVE_WITH_KNOTS('',3,(#9215,#9216,#9217,#9218),
 .UNSPECIFIED.,.F.,.F.,(4,4),(0.0131212794160582,0.0140004475991777),
 .UNSPECIFIED.);
#4797=B_SPLINE_CURVE_WITH_KNOTS('',3,(#9221,#9222,#9223,#9224),
 .UNSPECIFIED.,.F.,.F.,(4,4),(0.0027071147184527,0.00358628047926926),
 .UNSPECIFIED.);
#4798=B_SPLINE_CURVE_WITH_KNOTS('',3,(#9228,#9229,#9230,#9231),
 .UNSPECIFIED.,.F.,.F.,(4,4),(0.0132580928724047,0.0141372611543413),
 .UNSPECIFIED.);
#4799=B_SPLINE_CURVE_WITH_KNOTS('',3,(#9234,#9235,#9236,#9237),
 .UNSPECIFIED.,.F.,.F.,(4,4),(0.00270711533886411,0.0035862810996821),
 .UNSPECIFIED.);
#4800=B_SPLINE_CURVE_WITH_KNOTS('',3,(#9241,#9242,#9243,#9244),
 .UNSPECIFIED.,.F.,.F.,(4,4),(0.0130625973884583,0.0139417655249929),
 .UNSPECIFIED.);
#4801=B_SPLINE_CURVE_WITH_KNOTS('',3,(#9247,#9248,#9249,#9250),
 .UNSPECIFIED.,.F.,.F.,(4,4),(0.00270711410779079,0.00358627986860593),
 .UNSPECIFIED.);
#4802=B_SPLINE_CURVE_WITH_KNOTS('',3,(#9256,#9257,#9258,#9259,#9260),
 .UNSPECIFIED.,.F.,.F.,(4,1,4),(-4.53156480205111E-5,0.000174854960904604,
0.00039502556982972),.UNSPECIFIED.);
#4803=B_SPLINE_CURVE_WITH_KNOTS('',3,(#9263,#9264,#9265,#9266,#9267),
 .UNSPECIFIED.,.F.,.F.,(4,1,4),(1.62509726620857E-5,0.000235829444199379,
0.000455407915736672),.UNSPECIFIED.);
#4804=B_SPLINE_CURVE_WITH_KNOTS('',3,(#9269,#9270,#9271,#9272,#9273),
 .UNSPECIFIED.,.F.,.F.,(4,1,4),(-2.51028891252619E-5,0.000194005387186808,
0.000413113663498878),.UNSPECIFIED.);
#4805=B_SPLINE_CURVE_WITH_KNOTS('',3,(#9275,#9276,#9277,#9278,#9279),
 .UNSPECIFIED.,.F.,.F.,(4,1,4),(-4.19133238601639E-5,0.000178198119251819,
0.000398309562363801),.UNSPECIFIED.);
#4806=B_SPLINE_CURVE_WITH_KNOTS('',3,(#9281,#9282,#9283,#9284,#9285),
 .UNSPECIFIED.,.F.,.F.,(4,1,4),(-4.53156480132756E-5,0.000174854960911736,
0.000395025569836747),.UNSPECIFIED.);
#4807=B_SPLINE_CURVE_WITH_KNOTS('',3,(#9287,#9288,#9289,#9290,#9291),
 .UNSPECIFIED.,.F.,.F.,(4,1,4),(1.62509726689364E-5,0.000235829444202804,
0.000455407915736671),.UNSPECIFIED.);
#4808=B_SPLINE_CURVE_WITH_KNOTS('',3,(#9293,#9294,#9295,#9296,#9297),
 .UNSPECIFIED.,.F.,.F.,(4,1,4),(-2.51028891200831E-5,0.00019400538718965,
0.000413113663499384),.UNSPECIFIED.);
#4809=B_SPLINE_CURVE_WITH_KNOTS('',3,(#9299,#9300,#9301,#9302,#9303),
 .UNSPECIFIED.,.F.,.F.,(4,1,4),(-4.1913323859397E-5,0.000178198119252419,
0.000398309562364234),.UNSPECIFIED.);
#4810=B_SPLINE_CURVE_WITH_KNOTS('',3,(#9305,#9306,#9307,#9308,#9309),
 .UNSPECIFIED.,.F.,.F.,(4,1,4),(-4.53156480132808E-5,0.000174854960911725,
0.000395025569836731),.UNSPECIFIED.);
#4811=B_SPLINE_CURVE_WITH_KNOTS('',3,(#9311,#9312,#9313,#9314,#9315),
 .UNSPECIFIED.,.F.,.F.,(4,1,4),(1.95173293186E-5,0.000239172140751116,0.000458826952183632),
 .UNSPECIFIED.);
#4812=B_SPLINE_CURVE_WITH_KNOTS('',3,(#9317,#9318,#9319,#9320,#9321),
 .UNSPECIFIED.,.F.,.F.,(4,1,4),(-2.51028891206431E-5,0.000194005387188661,
0.000413113663497964),.UNSPECIFIED.);
#4813=B_SPLINE_CURVE_WITH_KNOTS('',3,(#9323,#9324,#9325,#9326,#9327),
 .UNSPECIFIED.,.F.,.F.,(4,1,4),(-4.19133238591357E-5,0.000178198119252546,
0.000398309562364228),.UNSPECIFIED.);
#4814=B_SPLINE_CURVE_WITH_KNOTS('',3,(#9329,#9330,#9331,#9332,#9333),
 .UNSPECIFIED.,.F.,.F.,(4,1,4),(-4.53156480204556E-5,0.000174854960905573,
0.000395025569831602),.UNSPECIFIED.);
#4815=B_SPLINE_CURVE_WITH_KNOTS('',3,(#9335,#9336,#9337,#9338,#9339),
 .UNSPECIFIED.,.F.,.F.,(4,1,4),(1.62509726689334E-5,0.000235829444202978,
0.000455407915737022),.UNSPECIFIED.);
#4816=B_SPLINE_CURVE_WITH_KNOTS('',3,(#9341,#9342,#9343,#9344,#9345),
 .UNSPECIFIED.,.F.,.F.,(4,1,4),(-2.51028891257935E-5,0.000194005387186603,
0.000413113663498999),.UNSPECIFIED.);
#4817=B_SPLINE_CURVE_WITH_KNOTS('',3,(#9347,#9348,#9349,#9350,#9351),
 .UNSPECIFIED.,.F.,.F.,(4,1,4),(-4.19133238601665E-5,0.000178198119251813,
0.000398309562363793),.UNSPECIFIED.);
#4818=B_SPLINE_CURVE_WITH_KNOTS('',3,(#9353,#9354,#9355,#9356),
 .UNSPECIFIED.,.F.,.F.,(4,4),(0.0131212792874061,0.014000447470526),
 .UNSPECIFIED.);
#4819=B_SPLINE_CURVE_WITH_KNOTS('',3,(#9359,#9360,#9361,#9362),
 .UNSPECIFIED.,.F.,.F.,(4,4),(0.000619206100826454,0.00149836460438708),
 .UNSPECIFIED.);
#4820=B_SPLINE_CURVE_WITH_KNOTS('',3,(#9366,#9367,#9368,#9369),
 .UNSPECIFIED.,.F.,.F.,(4,4),(0.0132580922937887,0.0141372605757267),
 .UNSPECIFIED.);
#4821=B_SPLINE_CURVE_WITH_KNOTS('',3,(#9372,#9373,#9374,#9375),
 .UNSPECIFIED.,.F.,.F.,(4,4),(0.000619206100826463,0.00149836460438709),
 .UNSPECIFIED.);
#4822=B_SPLINE_CURVE_WITH_KNOTS('',3,(#9379,#9380,#9381,#9382),
 .UNSPECIFIED.,.F.,.F.,(4,4),(0.0130625967498638,0.0139417648863998),
 .UNSPECIFIED.);
#4823=B_SPLINE_CURVE_WITH_KNOTS('',3,(#9385,#9386,#9387,#9388),
 .UNSPECIFIED.,.F.,.F.,(4,4),(0.0127421908725309,0.0136213587068329),
 .UNSPECIFIED.);
#4824=B_SPLINE_CURVE_WITH_KNOTS('',3,(#9392,#9393,#9394,#9395),
 .UNSPECIFIED.,.F.,.F.,(4,4),(0.0126922565056357,0.0135749705668382),
 .UNSPECIFIED.);
#4825=B_SPLINE_CURVE_WITH_KNOTS('',3,(#9398,#9399,#9400,#9401),
 .UNSPECIFIED.,.F.,.F.,(4,4),(0.000619206100826431,0.00155670429320347),
 .UNSPECIFIED.);
#4826=B_SPLINE_CURVE_WITH_KNOTS('',3,(#9403,#9404,#9405,#9406),
 .UNSPECIFIED.,.F.,.F.,(4,4),(0.000919712579894225,0.00118555106041782),
 .UNSPECIFIED.);
#4827=B_SPLINE_CURVE_WITH_KNOTS('',3,(#9408,#9409,#9410,#9411),
 .UNSPECIFIED.,.F.,.F.,(4,4),(0.,0.000937837795076899),.UNSPECIFIED.);
#4828=B_SPLINE_CURVE_WITH_KNOTS('',3,(#9414,#9415,#9416,#9417),
 .UNSPECIFIED.,.F.,.F.,(4,4),(0.000619206100853385,0.00150207787969194),
 .UNSPECIFIED.);
#4829=B_SPLINE_CURVE_WITH_KNOTS('',3,(#9419,#9420,#9421,#9422),
 .UNSPECIFIED.,.F.,.F.,(4,4),(0.000302641204038067,0.00056839266374713),
 .UNSPECIFIED.);
#4830=B_SPLINE_CURVE_WITH_KNOTS('',3,(#9424,#9425,#9426,#9427),
 .UNSPECIFIED.,.F.,.F.,(4,4),(0.,0.000879169018332799),.UNSPECIFIED.);
#4831=B_SPLINE_CURVE_WITH_KNOTS('',3,(#9430,#9431,#9432,#9433),
 .UNSPECIFIED.,.F.,.F.,(4,4),(0.000619206100828241,0.00149836460438707),
 .UNSPECIFIED.);
#4832=B_SPLINE_CURVE_WITH_KNOTS('',3,(#9437,#9438,#9439,#9440),
 .UNSPECIFIED.,.F.,.F.,(4,4),(0.0131212792874061,0.014000447470526),
 .UNSPECIFIED.);
#4833=B_SPLINE_CURVE_WITH_KNOTS('',3,(#9443,#9444,#9445,#9446),
 .UNSPECIFIED.,.F.,.F.,(4,4),(0.000619206100826439,0.00149836460438708),
 .UNSPECIFIED.);
#4834=B_SPLINE_CURVE_WITH_KNOTS('',3,(#9450,#9451,#9452,#9453),
 .UNSPECIFIED.,.F.,.F.,(4,4),(0.0132580922937887,0.0141372605757268),
 .UNSPECIFIED.);
#4835=B_SPLINE_CURVE_WITH_KNOTS('',3,(#9456,#9457,#9458,#9459),
 .UNSPECIFIED.,.F.,.F.,(4,4),(0.00061920610082643,0.00149836460438708),
 .UNSPECIFIED.);
#4836=B_SPLINE_CURVE_WITH_KNOTS('',3,(#9463,#9464,#9465,#9466),
 .UNSPECIFIED.,.F.,.F.,(4,4),(0.0130625967498638,0.0139417648863998),
 .UNSPECIFIED.);
#4837=B_SPLINE_CURVE_WITH_KNOTS('',3,(#9469,#9470,#9471,#9472),
 .UNSPECIFIED.,.F.,.F.,(4,4),(0.000619206100848145,0.0014983646044088),
 .UNSPECIFIED.);
#4838=B_SPLINE_CURVE_WITH_KNOTS('',3,(#9476,#9477,#9478,#9479),
 .UNSPECIFIED.,.F.,.F.,(4,4),(0.0127346592335278,0.0136138270597003),
 .UNSPECIFIED.);
#4839=B_SPLINE_CURVE_WITH_KNOTS('',3,(#9482,#9483,#9484,#9485),
 .UNSPECIFIED.,.F.,.F.,(4,4),(0.000619206100826424,0.00149836460438709),
 .UNSPECIFIED.);
#4840=B_SPLINE_CURVE_WITH_KNOTS('',3,(#9489,#9490,#9491,#9492),
 .UNSPECIFIED.,.F.,.F.,(4,4),(0.,0.000943667604747555),.UNSPECIFIED.);
#4841=B_SPLINE_CURVE_WITH_KNOTS('',3,(#9495,#9496,#9497,#9498),
 .UNSPECIFIED.,.F.,.F.,(4,4),(0.013673342992802,0.0146170093747516),
 .UNSPECIFIED.);
#4842=B_SPLINE_CURVE_WITH_KNOTS('',3,(#9500,#9501,#9502,#9503,#9504),
 .UNSPECIFIED.,.F.,.F.,(4,1,4),(-6.58845235408206E-5,0.000271124852334006,
0.000608134228208833),.UNSPECIFIED.);
#4843=B_SPLINE_CURVE_WITH_KNOTS('',3,(#9506,#9507,#9508,#9509),
 .UNSPECIFIED.,.F.,.F.,(4,4),(0.,0.00094366760474274),.UNSPECIFIED.);
#4844=B_SPLINE_CURVE_WITH_KNOTS('',3,(#9511,#9512,#9513,#9514),
 .UNSPECIFIED.,.F.,.F.,(4,4),(0.000619206100832157,0.0015628621976299),
 .UNSPECIFIED.);
#4845=B_SPLINE_CURVE_WITH_KNOTS('',3,(#9516,#9517,#9518,#9519,#9520),
 .UNSPECIFIED.,.F.,.F.,(4,1,4),(-6.58845235407969E-5,0.000270859401452788,
0.000607603326446373),.UNSPECIFIED.);
#4846=B_SPLINE_CURVE_WITH_KNOTS('',3,(#9522,#9523,#9524,#9525),
 .UNSPECIFIED.,.F.,.F.,(4,4),(0.0140543049996631,0.0149979715089567),
 .UNSPECIFIED.);
#4847=B_SPLINE_CURVE_WITH_KNOTS('',3,(#9527,#9528,#9529,#9530),
 .UNSPECIFIED.,.F.,.F.,(4,4),(0.000619206100826934,0.00156286219764426),
 .UNSPECIFIED.);
#4848=B_SPLINE_CURVE_WITH_KNOTS('',3,(#9532,#9533,#9534,#9535,#9536),
 .UNSPECIFIED.,.F.,.F.,(4,1,4),(-0.000145528253538856,0.000191198067455507,
0.00052792438844987),.UNSPECIFIED.);
#4849=B_SPLINE_CURVE_WITH_KNOTS('',3,(#9538,#9539,#9540,#9541),
 .UNSPECIFIED.,.F.,.F.,(4,4),(0.0141922842136054,0.0151359507507774),
 .UNSPECIFIED.);
#4850=B_SPLINE_CURVE_WITH_KNOTS('',3,(#9543,#9544,#9545,#9546),
 .UNSPECIFIED.,.F.,.F.,(4,4),(0.0139434848387199,0.0148871513188649),
 .UNSPECIFIED.);
#4851=B_SPLINE_CURVE_WITH_KNOTS('',3,(#9548,#9549,#9550,#9551),
 .UNSPECIFIED.,.F.,.F.,(4,4),(-0.000100734514008433,0.000206807826957953),
 .UNSPECIFIED.);
#4852=B_SPLINE_CURVE_WITH_KNOTS('',3,(#9553,#9554,#9555,#9556),
 .UNSPECIFIED.,.F.,.F.,(4,4),(0.000928251377526177,0.001480904976241),
 .UNSPECIFIED.);
#4853=B_SPLINE_CURVE_WITH_KNOTS('',3,(#9560,#9561,#9562,#9563),
 .UNSPECIFIED.,.F.,.F.,(4,4),(0.,0.000555135480108863),.UNSPECIFIED.);
#4854=B_SPLINE_CURVE_WITH_KNOTS('',3,(#9565,#9566,#9567,#9568),
 .UNSPECIFIED.,.F.,.F.,(4,4),(0.000301295062120385,0.00060760332644637),
 .UNSPECIFIED.);
#4855=B_SPLINE_CURVE_WITH_KNOTS('',3,(#9570,#9571,#9572,#9573),
 .UNSPECIFIED.,.F.,.F.,(4,4),(0.0140543049996622,0.0149979715089559),
 .UNSPECIFIED.);
#4856=B_SPLINE_CURVE_WITH_KNOTS('',3,(#9575,#9576,#9577,#9578),
 .UNSPECIFIED.,.F.,.F.,(4,4),(0.000619206100826955,0.00156286219764426),
 .UNSPECIFIED.);
#4857=B_SPLINE_CURVE_WITH_KNOTS('',3,(#9580,#9581,#9582,#9583,#9584),
 .UNSPECIFIED.,.F.,.F.,(4,1,4),(-0.000145528253538857,0.00019119806745551,
0.000527924388449877),.UNSPECIFIED.);
#4858=B_SPLINE_CURVE_WITH_KNOTS('',3,(#9586,#9587,#9588,#9589),
 .UNSPECIFIED.,.F.,.F.,(4,4),(0.0141922842136054,0.0151359507507774),
 .UNSPECIFIED.);
#4859=B_SPLINE_CURVE_WITH_KNOTS('',3,(#9591,#9592,#9593,#9594),
 .UNSPECIFIED.,.F.,.F.,(4,4),(0.0139434848387199,0.0148871513188649),
 .UNSPECIFIED.);
#4860=B_SPLINE_CURVE_WITH_KNOTS('',3,(#9596,#9597,#9598,#9599,#9600),
 .UNSPECIFIED.,.F.,.F.,(4,1,4),(-0.000100734514008437,0.000234914940922229,
0.000570564395852895),.UNSPECIFIED.);
#4861=B_SPLINE_CURVE_WITH_KNOTS('',3,(#9615,#9616,#9617,#9618),
 .UNSPECIFIED.,.F.,.F.,(4,4),(0.,0.00155735922526907),.UNSPECIFIED.);
#4862=B_SPLINE_CURVE_WITH_KNOTS('',3,(#9623,#9624,#9625,#9626),
 .UNSPECIFIED.,.F.,.F.,(4,4),(0.,0.00157380936883211),.UNSPECIFIED.);
#4863=B_SPLINE_CURVE_WITH_KNOTS('',3,(#9634,#9635,#9636,#9637),
 .UNSPECIFIED.,.F.,.F.,(4,4),(0.,0.00156566557381069),.UNSPECIFIED.);
#4864=B_SPLINE_CURVE_WITH_KNOTS('',3,(#9641,#9642,#9643,#9644),
 .UNSPECIFIED.,.F.,.F.,(4,4),(0.,0.00157380936883211),.UNSPECIFIED.);
#4865=B_SPLINE_CURVE_WITH_KNOTS('',3,(#9660,#9661,#9662,#9663),
 .UNSPECIFIED.,.F.,.F.,(4,4),(0.,0.00155735922526907),.UNSPECIFIED.);
#4866=B_SPLINE_CURVE_WITH_KNOTS('',3,(#9667,#9668,#9669,#9670),
 .UNSPECIFIED.,.F.,.F.,(4,4),(0.,0.00157380936883211),.UNSPECIFIED.);
#4867=B_SPLINE_CURVE_WITH_KNOTS('',3,(#9678,#9679,#9680,#9681),
 .UNSPECIFIED.,.F.,.F.,(4,4),(0.,0.00155640354696128),.UNSPECIFIED.);
#4868=B_SPLINE_CURVE_WITH_KNOTS('',3,(#9686,#9687,#9688,#9689),
 .UNSPECIFIED.,.F.,.F.,(4,4),(0.,0.00157284740614142),.UNSPECIFIED.);
#4869=B_SPLINE_CURVE_WITH_KNOTS('',3,(#9697,#9698,#9699,#9700),
 .UNSPECIFIED.,.F.,.F.,(4,4),(0.,0.00155640354696128),.UNSPECIFIED.);
#4870=B_SPLINE_CURVE_WITH_KNOTS('',3,(#9704,#9705,#9706,#9707),
 .UNSPECIFIED.,.F.,.F.,(4,4),(0.,0.00157284740614142),.UNSPECIFIED.);
#4871=B_SPLINE_CURVE_WITH_KNOTS('',3,(#9715,#9716,#9717,#9718),
 .UNSPECIFIED.,.F.,.F.,(4,4),(0.,0.0015646896077127),.UNSPECIFIED.);
#4872=B_SPLINE_CURVE_WITH_KNOTS('',3,(#9722,#9723,#9724,#9725),
 .UNSPECIFIED.,.F.,.F.,(4,4),(0.,0.00157284740614142),.UNSPECIFIED.);
#4873=B_SPLINE_CURVE_WITH_KNOTS('',3,(#9910,#9911,#9912,#9913,#9914),
 .UNSPECIFIED.,.F.,.F.,(4,1,4),(1.95173293188847E-5,0.000239185042451552,
0.00045885275558422),.UNSPECIFIED.);
#4874=B_SPLINE_CURVE_WITH_KNOTS('',3,(#9917,#9918,#9919,#9920,#9921),
 .UNSPECIFIED.,.F.,.F.,(4,1,4),(-4.53156480200948E-5,0.000174854960904966,
0.000395025569830027),.UNSPECIFIED.);
#4875=B_SPLINE_CURVE_WITH_KNOTS('',3,(#9923,#9924,#9925,#9926,#9927),
 .UNSPECIFIED.,.F.,.F.,(4,1,4),(-4.19133238601663E-5,0.000178198119251815,
0.000398309562363796),.UNSPECIFIED.);
#4876=B_SPLINE_CURVE_WITH_KNOTS('',3,(#9929,#9930,#9931,#9932,#9933),
 .UNSPECIFIED.,.F.,.F.,(4,1,4),(-2.51028891259269E-5,0.000194005387185966,
0.000413113663497859),.UNSPECIFIED.);
#4877=B_SPLINE_CURVE_WITH_KNOTS('',3,(#9935,#9936,#9937,#9938,#9939),
 .UNSPECIFIED.,.F.,.F.,(4,1,4),(1.95173293188869E-5,0.000239185042451335,
0.000458852755583782),.UNSPECIFIED.);
#4878=B_SPLINE_CURVE_WITH_KNOTS('',3,(#9941,#9942,#9943,#9944,#9945),
 .UNSPECIFIED.,.F.,.F.,(4,1,4),(-4.53156480201677E-5,0.000174854960904929,
0.000395025569830025),.UNSPECIFIED.);
#4879=B_SPLINE_CURVE_WITH_KNOTS('',3,(#9947,#9948,#9949,#9950,#9951),
 .UNSPECIFIED.,.F.,.F.,(4,1,4),(-4.19133238601689E-5,0.000178198119251812,
0.000398309562363793),.UNSPECIFIED.);
#4880=B_SPLINE_CURVE_WITH_KNOTS('',3,(#9953,#9954,#9955,#9956,#9957),
 .UNSPECIFIED.,.F.,.F.,(4,1,4),(-2.51028891259286E-5,0.00019400538718638,
0.00041311366349869),.UNSPECIFIED.);
#4881=B_SPLINE_CURVE_WITH_KNOTS('',3,(#9959,#9960,#9961,#9962,#9963),
 .UNSPECIFIED.,.F.,.F.,(4,1,4),(1.62509726689361E-5,0.000235841866386233,
0.000455432760103529),.UNSPECIFIED.);
#4882=B_SPLINE_CURVE_WITH_KNOTS('',3,(#9965,#9966,#9967,#9968,#9969),
 .UNSPECIFIED.,.F.,.F.,(4,1,4),(-4.53156480204886E-5,0.000174854960904607,
0.000395025569829703),.UNSPECIFIED.);
#4883=B_SPLINE_CURVE_WITH_KNOTS('',3,(#9971,#9972,#9973,#9974,#9975),
 .UNSPECIFIED.,.F.,.F.,(4,1,4),(-4.19133238601639E-5,0.000178198119251816,
0.000398309562363797),.UNSPECIFIED.);
#4884=B_SPLINE_CURVE_WITH_KNOTS('',3,(#9977,#9978,#9979,#9980,#9981),
 .UNSPECIFIED.,.F.,.F.,(4,1,4),(-2.51028891252215E-5,0.0001940053871867,
0.000413113663498622),.UNSPECIFIED.);
#4885=B_SPLINE_CURVE_WITH_KNOTS('',3,(#9983,#9984,#9985,#9986,#9987),
 .UNSPECIFIED.,.F.,.F.,(4,1,4),(1.95173293188784E-5,0.000239185042451326,
0.000458852755583773),.UNSPECIFIED.);
#4886=B_SPLINE_CURVE_WITH_KNOTS('',3,(#9989,#9990,#9991,#9992,#9993),
 .UNSPECIFIED.,.F.,.F.,(4,1,4),(-4.53156480204801E-5,0.000174854960904617,
0.000395025569829714),.UNSPECIFIED.);
#4887=B_SPLINE_CURVE_WITH_KNOTS('',3,(#9995,#9996,#9997,#9998,#9999),
 .UNSPECIFIED.,.F.,.F.,(4,1,4),(-4.19133238601641E-5,0.000178198119251819,
0.000398309562363801),.UNSPECIFIED.);
#4888=B_SPLINE_CURVE_WITH_KNOTS('',3,(#10001,#10002,#10003,#10004,#10005),
 .UNSPECIFIED.,.F.,.F.,(4,1,4),(-2.51028891252282E-5,0.000194005387186696,
0.00041311366349862),.UNSPECIFIED.);
#4889=B_SPLINE_CURVE_WITH_KNOTS('',3,(#10011,#10012,#10013,#10014),
 .UNSPECIFIED.,.F.,.F.,(4,4),(0.,0.00148656897661451),.UNSPECIFIED.);
#4890=B_SPLINE_CURVE_WITH_KNOTS('',3,(#10019,#10020,#10021,#10022),
 .UNSPECIFIED.,.F.,.F.,(4,4),(0.,0.00149690670951744),.UNSPECIFIED.);
#4891=B_SPLINE_CURVE_WITH_KNOTS('',3,(#10028,#10029,#10030,#10031),
 .UNSPECIFIED.,.F.,.F.,(4,4),(0.,0.00148656897661451),.UNSPECIFIED.);
#4892=B_SPLINE_CURVE_WITH_KNOTS('',3,(#10036,#10037,#10038,#10039),
 .UNSPECIFIED.,.F.,.F.,(4,4),(0.,0.00148183781523398),.UNSPECIFIED.);
#4893=B_SPLINE_CURVE_WITH_KNOTS('',3,(#10045,#10046,#10047,#10048),
 .UNSPECIFIED.,.F.,.F.,(4,4),(0.,0.00148747125142179),.UNSPECIFIED.);
#4894=B_SPLINE_CURVE_WITH_KNOTS('',3,(#10053,#10054,#10055,#10056),
 .UNSPECIFIED.,.F.,.F.,(4,4),(0.,0.001480904976241),.UNSPECIFIED.);
#4895=B_SPLINE_CURVE_WITH_KNOTS('',3,(#10060,#10061,#10062,#10063),
 .UNSPECIFIED.,.F.,.F.,(4,4),(0.00271952182215992,0.00366318585417406),
 .UNSPECIFIED.);
#4896=B_SPLINE_CURVE_WITH_KNOTS('',3,(#10066,#10067,#10068,#10069),
 .UNSPECIFIED.,.F.,.F.,(4,4),(0.0138806993812899,0.014824365842129),
 .UNSPECIFIED.);
#4897=B_SPLINE_CURVE_WITH_KNOTS('',3,(#10071,#10072,#10073,#10074,#10075),
 .UNSPECIFIED.,.F.,.F.,(4,1,4),(-0.000100734514008434,0.000234914940922231,
0.000570564395852896),.UNSPECIFIED.);
#4898=B_SPLINE_CURVE_WITH_KNOTS('',3,(#10077,#10078,#10079,#10080),
 .UNSPECIFIED.,.F.,.F.,(4,4),(0.00271952197092584,0.00366318600294116),
 .UNSPECIFIED.);
#4899=B_SPLINE_CURVE_WITH_KNOTS('',3,(#10082,#10083,#10084,#10085),
 .UNSPECIFIED.,.F.,.F.,(4,4),(0.00271952105447265,0.00366318508648579),
 .UNSPECIFIED.);
#4900=B_SPLINE_CURVE_WITH_KNOTS('',3,(#10087,#10088,#10089,#10090,#10091),
 .UNSPECIFIED.,.F.,.F.,(4,1,4),(-0.000145528253538858,0.000191198067455505,
0.000527924388449869),.UNSPECIFIED.);
#4901=B_SPLINE_CURVE_WITH_KNOTS('',3,(#10093,#10094,#10095,#10096),
 .UNSPECIFIED.,.F.,.F.,(4,4),(0.0141922849336296,0.0151359514708139),
 .UNSPECIFIED.);
#4902=B_SPLINE_CURVE_WITH_KNOTS('',3,(#10098,#10099,#10100,#10101),
 .UNSPECIFIED.,.F.,.F.,(4,4),(0.00271952167948243,0.00366318571149663),
 .UNSPECIFIED.);
#4903=B_SPLINE_CURVE_WITH_KNOTS('',3,(#10103,#10104,#10105,#10106),
 .UNSPECIFIED.,.F.,.F.,(4,4),(0.000301295062120154,0.000607603326446384),
 .UNSPECIFIED.);
#4904=B_SPLINE_CURVE_WITH_KNOTS('',3,(#10108,#10109,#10110,#10111),
 .UNSPECIFIED.,.F.,.F.,(4,4),(0.000929008865321096,0.00148183781523399),
 .UNSPECIFIED.);
#4905=B_SPLINE_CURVE_WITH_KNOTS('',3,(#10115,#10116,#10117,#10118),
 .UNSPECIFIED.,.F.,.F.,(4,4),(0.,0.000554966098744288),.UNSPECIFIED.);
#4906=B_SPLINE_CURVE_WITH_KNOTS('',3,(#10120,#10121,#10122,#10123),
 .UNSPECIFIED.,.F.,.F.,(4,4),(-0.000100734514008433,0.000206807826957668),
 .UNSPECIFIED.);
#4907=B_SPLINE_CURVE_WITH_KNOTS('',3,(#10125,#10126,#10127,#10128),
 .UNSPECIFIED.,.F.,.F.,(4,4),(0.00271952197092584,0.00366318600294116),
 .UNSPECIFIED.);
#4908=B_SPLINE_CURVE_WITH_KNOTS('',3,(#10130,#10131,#10132,#10133),
 .UNSPECIFIED.,.F.,.F.,(4,4),(0.00271952105447265,0.0036631850864858),
 .UNSPECIFIED.);
#4909=B_SPLINE_CURVE_WITH_KNOTS('',3,(#10135,#10136,#10137,#10138,#10139),
 .UNSPECIFIED.,.F.,.F.,(4,1,4),(-0.000145528253538855,0.000191198067455509,
0.000527924388449874),.UNSPECIFIED.);
#4910=B_SPLINE_CURVE_WITH_KNOTS('',3,(#10141,#10142,#10143,#10144),
 .UNSPECIFIED.,.F.,.F.,(4,4),(0.0141922849336296,0.0151359514708139),
 .UNSPECIFIED.);
#4911=B_SPLINE_CURVE_WITH_KNOTS('',3,(#10146,#10147,#10148,#10149),
 .UNSPECIFIED.,.F.,.F.,(4,4),(0.00271952167948243,0.00366318571149664),
 .UNSPECIFIED.);
#4912=B_SPLINE_CURVE_WITH_KNOTS('',3,(#10151,#10152,#10153,#10154,#10155),
 .UNSPECIFIED.,.F.,.F.,(4,1,4),(-6.58845235407943E-5,0.000270859401452796,
0.000607603326446387),.UNSPECIFIED.);
#4913=B_SPLINE_CURVE_WITH_KNOTS('',3,(#10157,#10158,#10159,#10160),
 .UNSPECIFIED.,.F.,.F.,(4,4),(0.0139959853279768,0.0149396518227016),
 .UNSPECIFIED.);
#4914=B_SPLINE_CURVE_WITH_KNOTS('',3,(#10162,#10163,#10164,#10165),
 .UNSPECIFIED.,.F.,.F.,(4,4),(0.0136751562251683,0.0146188226079123),
 .UNSPECIFIED.);
#4915=B_SPLINE_CURVE_WITH_KNOTS('',3,(#10167,#10168,#10169,#10170,#10171),
 .UNSPECIFIED.,.F.,.F.,(4,1,4),(-6.58845235408169E-5,0.00027112485233401,
0.000608134228208837),.UNSPECIFIED.);
#4916=B_SPLINE_CURVE_WITH_KNOTS('',3,(#10175,#10176,#10177,#10178),
 .UNSPECIFIED.,.F.,.F.,(4,4),(0.,0.0014874712514218),.UNSPECIFIED.);
#4917=B_SPLINE_CURVE_WITH_KNOTS('',3,(#10183,#10184,#10185,#10186),
 .UNSPECIFIED.,.F.,.F.,(4,4),(0.,0.00149598283207129),.UNSPECIFIED.);
#4918=B_SPLINE_CURVE_WITH_KNOTS('',3,(#10336,#10337,#10338,#10339,#10340,
#10341,#10342),.UNSPECIFIED.,.F.,.F.,(4,1,1,1,4),(0.000186111988443428,
0.000414617426979698,0.000643122865515968,0.000871628304052238,0.00110013374258851),
 .UNSPECIFIED.);
#4919=B_SPLINE_CURVE_WITH_KNOTS('',3,(#10343,#10344,#10345,#10346,#10347,
#10348,#10349),.UNSPECIFIED.,.F.,.F.,(4,1,1,1,4),(0.000187169684547731,
0.000415670899987656,0.000644172115427582,0.000872673330867507,0.00110117454630743),
 .UNSPECIFIED.);
#4920=B_SPLINE_CURVE_WITH_KNOTS('',3,(#10350,#10351,#10352,#10353,#10354,
#10355,#10356),.UNSPECIFIED.,.F.,.F.,(4,1,1,1,4),(0.000148759613596854,
0.000377181903957985,0.000605604194319115,0.000834026484680246,0.00106244877504138),
 .UNSPECIFIED.);
#4921=B_SPLINE_CURVE_WITH_KNOTS('',3,(#10357,#10358,#10359,#10360,#10361,
#10362,#10363),.UNSPECIFIED.,.F.,.F.,(4,1,1,1,4),(0.000149814255914087,
0.000378236760259781,0.000606659264605475,0.000835081768951168,0.00106350427329686),
 .UNSPECIFIED.);
#4922=B_SPLINE_CURVE_WITH_KNOTS('',3,(#10364,#10365,#10366,#10367,#10368),
 .UNSPECIFIED.,.F.,.F.,(4,1,4),(0.00162812464070383,0.00185270990796158,
0.00207729517521933),.UNSPECIFIED.);
#4923=B_SPLINE_CURVE_WITH_KNOTS('',3,(#10373,#10374,#10375,#10376,#10377),
 .UNSPECIFIED.,.F.,.F.,(4,1,4),(0.00152536715744165,0.0017491512772218,
0.00197293539700195),.UNSPECIFIED.);
#4924=B_SPLINE_CURVE_WITH_KNOTS('',3,(#10378,#10379,#10380,#10381,#10382,
#10383,#10384),.UNSPECIFIED.,.F.,.F.,(4,1,1,1,4),(0.000187169684547717,
0.000415670899987644,0.000644172115427571,0.000872673330867499,0.00110117454630743),
 .UNSPECIFIED.);
#4925=B_SPLINE_CURVE_WITH_KNOTS('',3,(#10385,#10386,#10387,#10388,#10389,
#10390,#10391),.UNSPECIFIED.,.F.,.F.,(4,1,1,1,4),(0.000161280960046519,
0.000389729793049159,0.000618178626051799,0.000846627459054439,0.00107507629205708),
 .UNSPECIFIED.);
#4926=B_SPLINE_CURVE_WITH_KNOTS('',3,(#10392,#10393,#10394,#10395,#10396,
#10397,#10398),.UNSPECIFIED.,.F.,.F.,(4,1,1,1,4),(0.000144479480246725,
0.000372907281327555,0.000601335082408386,0.000829762883489217,0.00105819068457005),
 .UNSPECIFIED.);
#4927=B_SPLINE_CURVE_WITH_KNOTS('',3,(#10400,#10401,#10402,#10403),
 .UNSPECIFIED.,.F.,.F.,(4,4),(0.,1.70717706030799E-5),.UNSPECIFIED.);
#4928=B_SPLINE_CURVE_WITH_KNOTS('',3,(#10411,#10412,#10413,#10414),
 .UNSPECIFIED.,.F.,.F.,(4,4),(0.00116515274169849,0.00118187818454673),
 .UNSPECIFIED.);
#4929=B_SPLINE_CURVE_WITH_KNOTS('',3,(#10429,#10430,#10431,#10432),
 .UNSPECIFIED.,.F.,.F.,(4,4),(0.,6.15936438407199E-6),.UNSPECIFIED.);
#4930=B_SPLINE_CURVE_WITH_KNOTS('',3,(#10434,#10435,#10436,#10437),
 .UNSPECIFIED.,.F.,.F.,(4,4),(1.79673565989847E-14,0.00036771534870118),
 .UNSPECIFIED.);
#4931=B_SPLINE_CURVE_WITH_KNOTS('',3,(#10439,#10440,#10441,#10442,#10443),
 .UNSPECIFIED.,.F.,.F.,(4,1,4),(0.000211799983354886,0.000430960783851163,
0.000650121584347439),.UNSPECIFIED.);
#4932=B_SPLINE_CURVE_WITH_KNOTS('',3,(#10463,#10464,#10465,#10466,#10467),
 .UNSPECIFIED.,.F.,.F.,(4,1,4),(0.000200052496517837,0.000419248097286061,
0.000638443698054286),.UNSPECIFIED.);
#4933=B_SPLINE_CURVE_WITH_KNOTS('',3,(#10469,#10470,#10471,#10472),
 .UNSPECIFIED.,.F.,.F.,(4,4),(0.00181413671680338,0.00217957401894699),
 .UNSPECIFIED.);
#4934=B_SPLINE_CURVE_WITH_KNOTS('',3,(#10474,#10475,#10476,#10477),
 .UNSPECIFIED.,.F.,.F.,(4,4),(0.,5.83098662692658E-6),.UNSPECIFIED.);
#4935=B_SPLINE_CURVE_WITH_KNOTS('',3,(#10540,#10541,#10542,#10543,#10544,
#10545,#10546),.UNSPECIFIED.,.F.,.F.,(4,1,1,1,4),(0.00144859040583972,0.00167593296441285,
0.00190327552298599,0.00213061808155912,0.00235796064013225),
 .UNSPECIFIED.);
#4936=B_SPLINE_CURVE_WITH_KNOTS('',3,(#10547,#10548,#10549,#10550,#10551,
#10552,#10553),.UNSPECIFIED.,.F.,.F.,(4,1,1,1,4),(0.00138441364268898,0.00161167598063177,
0.00183893831857457,0.00206620065651737,0.00229346299446016),
 .UNSPECIFIED.);
#4937=B_SPLINE_CURVE_WITH_KNOTS('',3,(#10554,#10555,#10556,#10557,#10558,
#10559,#10560),.UNSPECIFIED.,.F.,.F.,(4,1,1,1,4),(0.0013954011084685,0.00162269589261293,
0.00184999067675736,0.00207728546090179,0.00230458024504621),
 .UNSPECIFIED.);
#4938=B_SPLINE_CURVE_WITH_KNOTS('',3,(#10561,#10562,#10563,#10564,#10565,
#10566,#10567),.UNSPECIFIED.,.F.,.F.,(4,1,1,1,4),(0.00138860474841914,0.00161588046898719,
0.00184315618955525,0.0020704319101233,0.00229770763069136),
 .UNSPECIFIED.);
#4939=B_SPLINE_CURVE_WITH_KNOTS('',3,(#10568,#10569,#10570,#10571,#10572),
 .UNSPECIFIED.,.F.,.F.,(4,1,4),(0.00162808804048175,0.00185269160785055,
0.00207729517521935),.UNSPECIFIED.);
#4940=B_SPLINE_CURVE_WITH_KNOTS('',3,(#10577,#10578,#10579,#10580,#10581),
 .UNSPECIFIED.,.F.,.F.,(4,1,4),(0.00152536715744166,0.00174913291416555,
0.00197289867088944),.UNSPECIFIED.);
#4941=B_SPLINE_CURVE_WITH_KNOTS('',3,(#10582,#10583,#10584,#10585,#10586,
#10587,#10588),.UNSPECIFIED.,.F.,.F.,(4,1,1,1,4),(0.00138920111613079,0.00161647863690542,
0.00184375615768005,0.00207103367845469,0.00229831119922932),
 .UNSPECIFIED.);
#4942=B_SPLINE_CURVE_WITH_KNOTS('',3,(#10589,#10590,#10591,#10592,#10593,
#10594,#10595),.UNSPECIFIED.,.F.,.F.,(4,1,1,1,4),(0.00145155397510905,0.00167892054904724,
0.00190628712298543,0.00213365369692363,0.00236102027086182),
 .UNSPECIFIED.);
#4943=B_SPLINE_CURVE_WITH_KNOTS('',3,(#10596,#10597,#10598,#10599,#10600,
#10601,#10602),.UNSPECIFIED.,.F.,.F.,(4,1,1,1,4),(0.00138860474841915,0.0016158804689872,
0.00184315618955526,0.00207043191012331,0.00229770763069137),
 .UNSPECIFIED.);
#4944=B_SPLINE_CURVE_WITH_KNOTS('',3,(#10610,#10611,#10612,#10613),
 .UNSPECIFIED.,.F.,.F.,(4,4),(0.00116508321507667,0.00118190980292255),
 .UNSPECIFIED.);
#4945=B_SPLINE_CURVE_WITH_KNOTS('',3,(#10617,#10618,#10619,#10620),
 .UNSPECIFIED.,.F.,.F.,(4,4),(0.00117115613772728,0.00118793647371239),
 .UNSPECIFIED.);
#4946=B_SPLINE_CURVE_WITH_KNOTS('',3,(#10642,#10643,#10644,#10645),
 .UNSPECIFIED.,.F.,.F.,(4,4),(0.,6.15936439412909E-6),.UNSPECIFIED.);
#4947=B_SPLINE_CURVE_WITH_KNOTS('',3,(#10647,#10648,#10649,#10650,#10651),
 .UNSPECIFIED.,.F.,.F.,(4,1,4),(0.000199971265794633,0.000419162541811983,
0.000638353817829333),.UNSPECIFIED.);
#4948=B_SPLINE_CURVE_WITH_KNOTS('',3,(#10653,#10654,#10655,#10656),
 .UNSPECIFIED.,.F.,.F.,(4,4),(0.0018160783656896,0.00218235692921705),
 .UNSPECIFIED.);
#4949=B_SPLINE_CURVE_WITH_KNOTS('',3,(#10672,#10673,#10674,#10675,#10676),
 .UNSPECIFIED.,.F.,.F.,(4,1,4),(0.,0.0002200732911782,0.0004401465823564),
 .UNSPECIFIED.);
#4950=B_SPLINE_CURVE_WITH_KNOTS('',3,(#10677,#10678,#10679,#10680),
 .UNSPECIFIED.,.F.,.F.,(4,4),(0.000223629232534883,0.000229431656589467),
 .UNSPECIFIED.);
#4951=B_SPLINE_CURVE_WITH_KNOTS('',3,(#10682,#10683,#10684,#10685),
 .UNSPECIFIED.,.F.,.F.,(4,4),(1.89541008062047E-14,0.000366974790281546),
 .UNSPECIFIED.);
#4952=B_SPLINE_CURVE_WITH_KNOTS('',3,(#10735,#10736,#10737,#10738),
 .UNSPECIFIED.,.F.,.F.,(4,4),(0.000126786915477589,0.000238842508039141),
 .UNSPECIFIED.);
#4953=B_SPLINE_CURVE_WITH_KNOTS('',3,(#10739,#10740,#10741,#10742),
 .UNSPECIFIED.,.F.,.F.,(4,4),(0.000114991537087542,0.000227078490065973),
 .UNSPECIFIED.);
#4954=B_SPLINE_CURVE_WITH_KNOTS('',3,(#10748,#10749,#10750,#10751),
 .UNSPECIFIED.,.F.,.F.,(4,4),(0.000126786915479621,0.000238843236729069),
 .UNSPECIFIED.);
#4955=B_SPLINE_CURVE_WITH_KNOTS('',3,(#10759,#10760,#10761,#10762),
 .UNSPECIFIED.,.F.,.F.,(4,4),(0.000126786915479623,0.000238843236729071),
 .UNSPECIFIED.);
#4956=B_SPLINE_CURVE_WITH_KNOTS('',3,(#10763,#10764,#10765,#10766),
 .UNSPECIFIED.,.F.,.F.,(4,4),(0.000126786915477497,0.000238842508038936),
 .UNSPECIFIED.);
#4957=B_SPLINE_CURVE_WITH_KNOTS('',3,(#10774,#10775,#10776,#10777),
 .UNSPECIFIED.,.F.,.F.,(4,4),(0.000109922379810438,0.000222026110267922),
 .UNSPECIFIED.);
#4958=B_SPLINE_CURVE_WITH_KNOTS('',3,(#10785,#10786,#10787,#10788),
 .UNSPECIFIED.,.F.,.F.,(4,4),(0.000126786915477653,0.000238843023045112),
 .UNSPECIFIED.);
#4959=B_SPLINE_CURVE_WITH_KNOTS('',3,(#10789,#10790,#10791,#10792),
 .UNSPECIFIED.,.F.,.F.,(4,4),(0.000109922379808659,0.000222026110268237),
 .UNSPECIFIED.);
#4960=B_SPLINE_CURVE_WITH_KNOTS('',3,(#10798,#10799,#10800,#10801),
 .UNSPECIFIED.,.F.,.F.,(4,4),(0.000114991537088485,0.000227078490066611),
 .UNSPECIFIED.);
#4961=B_SPLINE_CURVE_WITH_KNOTS('',3,(#10810,#10811,#10812,#10813),
 .UNSPECIFIED.,.F.,.F.,(4,4),(0.000109922379808674,0.000222026110268247),
 .UNSPECIFIED.);
#4962=B_SPLINE_CURVE_WITH_KNOTS('',3,(#10819,#10820,#10821,#10822),
 .UNSPECIFIED.,.F.,.F.,(4,4),(0.000114991537086991,0.000227078490065768),
 .UNSPECIFIED.);
#4963=B_SPLINE_CURVE_WITH_KNOTS('',3,(#10828,#10829,#10830,#10831),
 .UNSPECIFIED.,.F.,.F.,(4,4),(0.000126786915477586,0.000238842386814233),
 .UNSPECIFIED.);
#4964=B_SPLINE_CURVE_WITH_KNOTS('',3,(#10844,#10845,#10846,#10847),
 .UNSPECIFIED.,.F.,.F.,(4,4),(0.000126786915477566,0.000238842386814194),
 .UNSPECIFIED.);
#4965=B_SPLINE_CURVE_WITH_KNOTS('',3,(#10848,#10849,#10850,#10851),
 .UNSPECIFIED.,.F.,.F.,(4,4),(0.000114991537088454,0.00022707849006691),
 .UNSPECIFIED.);
#4966=B_SPLINE_CURVE_WITH_KNOTS('',3,(#10857,#10858,#10859,#10860),
 .UNSPECIFIED.,.F.,.F.,(4,4),(0.000126786915477649,0.000238843023045182),
 .UNSPECIFIED.);
#4967=B_SPLINE_CURVE_WITH_KNOTS('',3,(#10868,#10869,#10870,#10871),
 .UNSPECIFIED.,.F.,.F.,(4,4),(0.000126786915477566,0.000238842386814196),
 .UNSPECIFIED.);
#4968=B_SPLINE_CURVE_WITH_KNOTS('',3,(#10872,#10873,#10874,#10875),
 .UNSPECIFIED.,.F.,.F.,(4,4),(0.000126786915477655,0.000238843023045186),
 .UNSPECIFIED.);
#4969=B_SPLINE_CURVE_WITH_KNOTS('',3,(#10883,#10884,#10885,#10886),
 .UNSPECIFIED.,.F.,.F.,(4,4),(0.000109922379810442,0.000222026110267923),
 .UNSPECIFIED.);
#4970=B_SPLINE_CURVE_WITH_KNOTS('',3,(#10894,#10895,#10896,#10897),
 .UNSPECIFIED.,.F.,.F.,(4,4),(0.000109922379810438,0.00022202611026792),
 .UNSPECIFIED.);
#4971=B_SPLINE_CURVE_WITH_KNOTS('',3,(#10898,#10899,#10900,#10901),
 .UNSPECIFIED.,.F.,.F.,(4,4),(0.000126786915479624,0.000238843236728992),
 .UNSPECIFIED.);
#4972=B_SPLINE_CURVE_WITH_KNOTS('',3,(#10907,#10908,#10909,#10910),
 .UNSPECIFIED.,.F.,.F.,(4,4),(0.000114991537088408,0.000227078490066866),
 .UNSPECIFIED.);
#4973=B_SPLINE_CURVE_WITH_KNOTS('',3,(#10919,#10920,#10921,#10922),
 .UNSPECIFIED.,.F.,.F.,(4,4),(0.000109922379810459,0.000222026110267935),
 .UNSPECIFIED.);
#4974=B_SPLINE_CURVE_WITH_KNOTS('',3,(#10928,#10929,#10930,#10931),
 .UNSPECIFIED.,.F.,.F.,(4,4),(0.000114991537088458,0.000227078490066911),
 .UNSPECIFIED.);
#4975=B_SPLINE_CURVE_WITH_KNOTS('',3,(#10937,#10938,#10939,#10940),
 .UNSPECIFIED.,.F.,.F.,(4,4),(0.000126786915477566,0.000238842508039097),
 .UNSPECIFIED.);
#4976=B_SPLINE_CURVE_WITH_KNOTS('',3,(#10945,#10946,#10947,#10948),
 .UNSPECIFIED.,.F.,.F.,(4,4),(0.000114991537088445,0.000227078490066905),
 .UNSPECIFIED.);
#4977=B_SPLINE_CURVE_WITH_KNOTS('',3,(#10960,#10961,#10962,#10963),
 .UNSPECIFIED.,.F.,.F.,(4,4),(0.000126786915477587,0.000238842508039147),
 .UNSPECIFIED.);
#4978=B_SPLINE_CURVE_WITH_KNOTS('',3,(#10969,#10970,#10971,#10972),
 .UNSPECIFIED.,.F.,.F.,(4,4),(0.000126786915477614,0.000238843236724402),
 .UNSPECIFIED.);
#4979=B_SPLINE_CURVE_WITH_KNOTS('',3,(#10980,#10981,#10982,#10983),
 .UNSPECIFIED.,.F.,.F.,(4,4),(0.00010992237981045,0.000222026110267934),
 .UNSPECIFIED.);
#4980=B_SPLINE_CURVE_WITH_KNOTS('',3,(#10994,#10995,#10996,#10997),
 .UNSPECIFIED.,.F.,.F.,(4,4),(0.000114991537088408,0.000227078490066863),
 .UNSPECIFIED.);
#4981=B_SPLINE_CURVE_WITH_KNOTS('',3,(#11007,#11008,#11009,#11010),
 .UNSPECIFIED.,.F.,.F.,(4,4),(0.000126786915477455,0.000238842386813861),
 .UNSPECIFIED.);
#4982=B_SPLINE_CURVE_WITH_KNOTS('',3,(#11018,#11019,#11020,#11021),
 .UNSPECIFIED.,.F.,.F.,(4,4),(0.000126786915477652,0.000238843023045183),
 .UNSPECIFIED.);
#4983=B_SPLINE_CURVE_WITH_KNOTS('',3,(#11027,#11028,#11029,#11030),
 .UNSPECIFIED.,.F.,.F.,(4,4),(0.000109922379810455,0.000222026110267935),
 .UNSPECIFIED.);
#4984=B_SPLINE_CURVE_WITH_KNOTS('',3,(#11060,#11061,#11062,#11063),
 .UNSPECIFIED.,.F.,.F.,(4,4),(0.00184409477294871,0.00228772854461139),
 .UNSPECIFIED.);
#4985=B_SPLINE_CURVE_WITH_KNOTS('',3,(#11067,#11068,#11069,#11070),
 .UNSPECIFIED.,.F.,.F.,(4,4),(0.00049095766425867,0.000729721198584054),
 .UNSPECIFIED.);
#4986=B_SPLINE_CURVE_WITH_KNOTS('',3,(#11072,#11073,#11074,#11075),
 .UNSPECIFIED.,.F.,.F.,(4,4),(0.00251165938860396,0.0030033196314184),
 .UNSPECIFIED.);
#4987=B_SPLINE_CURVE_WITH_KNOTS('',3,(#11094,#11095,#11096,#11097),
 .UNSPECIFIED.,.F.,.F.,(4,4),(0.00236327510372412,0.00285186958375619),
 .UNSPECIFIED.);
#4988=B_SPLINE_CURVE_WITH_KNOTS('',3,(#11099,#11100,#11101,#11102),
 .UNSPECIFIED.,.F.,.F.,(4,4),(0.000490957664278833,0.000729721198584054),
 .UNSPECIFIED.);
#4989=B_SPLINE_CURVE_WITH_KNOTS('',3,(#11106,#11107,#11108,#11109),
 .UNSPECIFIED.,.F.,.F.,(4,4),(0.00307444774317354,0.00351564363520446),
 .UNSPECIFIED.);
#4990=B_SPLINE_CURVE_WITH_KNOTS('',3,(#11218,#11219,#11220,#11221),
 .UNSPECIFIED.,.F.,.F.,(4,4),(1.10087372204671E-6,0.000505937198578447),
 .UNSPECIFIED.);
#4991=B_SPLINE_CURVE_WITH_KNOTS('',3,(#11228,#11229,#11230,#11231),
 .UNSPECIFIED.,.F.,.F.,(4,4),(-1.92423302839714E-8,0.000262891126039654),
 .UNSPECIFIED.);
#4992=B_SPLINE_CURVE_WITH_KNOTS('',3,(#11233,#11234,#11235,#11236),
 .UNSPECIFIED.,.F.,.F.,(4,4),(-1.92423302868466E-8,0.000353651311147559),
 .UNSPECIFIED.);
#4993=B_SPLINE_CURVE_WITH_KNOTS('',3,(#11238,#11239,#11240,#11241),
 .UNSPECIFIED.,.F.,.F.,(4,4),(0.000380081079545966,0.00159228709268278),
 .UNSPECIFIED.);
#4994=B_SPLINE_CURVE_WITH_KNOTS('',3,(#11243,#11244,#11245,#11246),
 .UNSPECIFIED.,.F.,.F.,(4,4),(0.000240663240178361,0.00145287520858811),
 .UNSPECIFIED.);
#4995=B_SPLINE_CURVE_WITH_KNOTS('',3,(#11248,#11249,#11250,#11251),
 .UNSPECIFIED.,.F.,.F.,(4,4),(-1.92423302801572E-8,0.000353651311147561),
 .UNSPECIFIED.);
#4996=B_SPLINE_CURVE_WITH_KNOTS('',3,(#11253,#11254,#11255,#11256),
 .UNSPECIFIED.,.F.,.F.,(4,4),(-1.92423302798506E-8,0.000353651311147544),
 .UNSPECIFIED.);
#4997=B_SPLINE_CURVE_WITH_KNOTS('',3,(#11258,#11259,#11260,#11261),
 .UNSPECIFIED.,.F.,.F.,(4,4),(0.000770757411071643,0.00198296721274045),
 .UNSPECIFIED.);
#4998=B_SPLINE_CURVE_WITH_KNOTS('',3,(#11263,#11264,#11265,#11266),
 .UNSPECIFIED.,.F.,.F.,(4,4),(0.000153595692972392,0.00136580583013874),
 .UNSPECIFIED.);
#4999=B_SPLINE_CURVE_WITH_KNOTS('',3,(#11268,#11269,#11270,#11271),
 .UNSPECIFIED.,.F.,.F.,(4,4),(-1.92423302868466E-8,0.00035365131114756),
 .UNSPECIFIED.);
#5000=B_SPLINE_CURVE_WITH_KNOTS('',3,(#11273,#11274,#11275,#11276),
 .UNSPECIFIED.,.F.,.F.,(4,4),(-1.92423302838713E-8,0.000353651311147558),
 .UNSPECIFIED.);
#5001=B_SPLINE_CURVE_WITH_KNOTS('',3,(#11278,#11279,#11280,#11281),
 .UNSPECIFIED.,.F.,.F.,(4,4),(0.000667627265797578,0.0018798337825123),
 .UNSPECIFIED.);
#5002=B_SPLINE_CURVE_WITH_KNOTS('',3,(#11283,#11284,#11285,#11286),
 .UNSPECIFIED.,.F.,.F.,(4,4),(9.02349755348081E-5,0.00130244678428829),
 .UNSPECIFIED.);
#5003=B_SPLINE_CURVE_WITH_KNOTS('',3,(#11288,#11289,#11290,#11291),
 .UNSPECIFIED.,.F.,.F.,(4,4),(-1.92423302883999E-8,0.000353651311147558),
 .UNSPECIFIED.);
#5004=B_SPLINE_CURVE_WITH_KNOTS('',3,(#11293,#11294,#11295,#11296),
 .UNSPECIFIED.,.F.,.F.,(4,4),(-1.92423302871143E-8,0.000353651311147555),
 .UNSPECIFIED.);
#5005=B_SPLINE_CURVE_WITH_KNOTS('',3,(#11298,#11299,#11300,#11301),
 .UNSPECIFIED.,.F.,.F.,(4,4),(0.000583018851295954,0.00179522555119327),
 .UNSPECIFIED.);
#5006=B_SPLINE_CURVE_WITH_KNOTS('',3,(#11303,#11304,#11305,#11306),
 .UNSPECIFIED.,.F.,.F.,(4,4),(4.75404093040322E-5,0.00125975210088394),
 .UNSPECIFIED.);
#5007=B_SPLINE_CURVE_WITH_KNOTS('',3,(#11308,#11309,#11310,#11311),
 .UNSPECIFIED.,.F.,.F.,(4,4),(-1.92423302773329E-8,0.000353651311147565),
 .UNSPECIFIED.);
#5008=B_SPLINE_CURVE_WITH_KNOTS('',3,(#11313,#11314,#11315,#11316),
 .UNSPECIFIED.,.F.,.F.,(4,4),(-1.92423302829919E-8,0.000353651311147562),
 .UNSPECIFIED.);
#5009=B_SPLINE_CURVE_WITH_KNOTS('',3,(#11318,#11319,#11320,#11321),
 .UNSPECIFIED.,.F.,.F.,(4,4),(0.000380081079545953,0.00159228709268277),
 .UNSPECIFIED.);
#5010=B_SPLINE_CURVE_WITH_KNOTS('',3,(#11323,#11324,#11325,#11326),
 .UNSPECIFIED.,.F.,.F.,(4,4),(0.000240663240178373,0.00145287520858813),
 .UNSPECIFIED.);
#5011=B_SPLINE_CURVE_WITH_KNOTS('',3,(#11328,#11329,#11330,#11331),
 .UNSPECIFIED.,.F.,.F.,(4,4),(-1.92423302825245E-8,0.000353651311147566),
 .UNSPECIFIED.);
#5012=B_SPLINE_CURVE_WITH_KNOTS('',3,(#11333,#11334,#11335,#11336),
 .UNSPECIFIED.,.F.,.F.,(4,4),(-1.92423302825245E-8,0.000353651311147549),
 .UNSPECIFIED.);
#5013=B_SPLINE_CURVE_WITH_KNOTS('',3,(#11338,#11339,#11340,#11341),
 .UNSPECIFIED.,.F.,.F.,(4,4),(0.000770757411071643,0.00198296721274045),
 .UNSPECIFIED.);
#5014=B_SPLINE_CURVE_WITH_KNOTS('',3,(#11343,#11344,#11345,#11346),
 .UNSPECIFIED.,.F.,.F.,(4,4),(0.000153595692970484,0.00136580583013683),
 .UNSPECIFIED.);
#5015=B_SPLINE_CURVE_WITH_KNOTS('',3,(#11348,#11349,#11350,#11351),
 .UNSPECIFIED.,.F.,.F.,(4,4),(-1.92423302829919E-8,0.000353651311147564),
 .UNSPECIFIED.);
#5016=B_SPLINE_CURVE_WITH_KNOTS('',3,(#11353,#11354,#11355,#11356),
 .UNSPECIFIED.,.F.,.F.,(4,4),(-1.92423302849574E-8,0.000353651311147561),
 .UNSPECIFIED.);
#5017=B_SPLINE_CURVE_WITH_KNOTS('',3,(#11358,#11359,#11360,#11361),
 .UNSPECIFIED.,.F.,.F.,(4,4),(0.000667627265797593,0.00187983378251229),
 .UNSPECIFIED.);
#5018=B_SPLINE_CURVE_WITH_KNOTS('',3,(#11363,#11364,#11365,#11366),
 .UNSPECIFIED.,.F.,.F.,(4,4),(9.02349755514168E-5,0.00130244678430487),
 .UNSPECIFIED.);
#5019=B_SPLINE_CURVE_WITH_KNOTS('',3,(#11368,#11369,#11370,#11371),
 .UNSPECIFIED.,.F.,.F.,(4,4),(-1.92423302791774E-8,0.000353651311147568),
 .UNSPECIFIED.);
#5020=B_SPLINE_CURVE_WITH_KNOTS('',3,(#11373,#11374,#11375,#11376),
 .UNSPECIFIED.,.F.,.F.,(4,4),(-1.92423302795158E-8,0.000353651311147567),
 .UNSPECIFIED.);
#5021=B_SPLINE_CURVE_WITH_KNOTS('',3,(#11378,#11379,#11380,#11381),
 .UNSPECIFIED.,.F.,.F.,(4,4),(0.000583018851295325,0.00179522555119266),
 .UNSPECIFIED.);
#5022=B_SPLINE_CURVE_WITH_KNOTS('',3,(#11383,#11384,#11385,#11386),
 .UNSPECIFIED.,.F.,.F.,(4,4),(4.75404093040378E-5,0.00125975210088397),
 .UNSPECIFIED.);
#5023=B_SPLINE_CURVE_WITH_KNOTS('',3,(#11388,#11389,#11390,#11391),
 .UNSPECIFIED.,.F.,.F.,(4,4),(-1.92423302803767E-8,0.000353651311147562),
 .UNSPECIFIED.);
#5024=B_SPLINE_CURVE_WITH_KNOTS('',3,(#11393,#11394,#11395,#11396),
 .UNSPECIFIED.,.F.,.F.,(4,4),(-1.92423302868466E-8,0.000353651311147559),
 .UNSPECIFIED.);
#5025=B_SPLINE_CURVE_WITH_KNOTS('',3,(#11398,#11399,#11400,#11401),
 .UNSPECIFIED.,.F.,.F.,(4,4),(0.000380081079546083,0.0015922870926829),
 .UNSPECIFIED.);
#5026=B_SPLINE_CURVE_WITH_KNOTS('',3,(#11403,#11404,#11405,#11406),
 .UNSPECIFIED.,.F.,.F.,(4,4),(0.000240663240178364,0.00145287520858812),
 .UNSPECIFIED.);
#5027=B_SPLINE_CURVE_WITH_KNOTS('',3,(#11408,#11409,#11410,#11411),
 .UNSPECIFIED.,.F.,.F.,(4,4),(-1.92423302822358E-8,0.000353651311147562),
 .UNSPECIFIED.);
#5028=B_SPLINE_CURVE_WITH_KNOTS('',3,(#11413,#11414,#11415,#11416),
 .UNSPECIFIED.,.F.,.F.,(4,4),(-1.92423302825425E-8,0.000353651311147549),
 .UNSPECIFIED.);
#5029=B_SPLINE_CURVE_WITH_KNOTS('',3,(#11418,#11419,#11420,#11421),
 .UNSPECIFIED.,.F.,.F.,(4,4),(0.000770757411071643,0.00198296721274045),
 .UNSPECIFIED.);
#5030=B_SPLINE_CURVE_WITH_KNOTS('',3,(#11423,#11424,#11425,#11426),
 .UNSPECIFIED.,.F.,.F.,(4,4),(0.000153595692970488,0.00136580583013683),
 .UNSPECIFIED.);
#5031=B_SPLINE_CURVE_WITH_KNOTS('',3,(#11428,#11429,#11430,#11431),
 .UNSPECIFIED.,.F.,.F.,(4,4),(-1.92423302826342E-8,0.000353651311147568),
 .UNSPECIFIED.);
#5032=B_SPLINE_CURVE_WITH_KNOTS('',3,(#11433,#11434,#11435,#11436),
 .UNSPECIFIED.,.F.,.F.,(4,4),(-1.92423302804769E-8,0.000353651311147566),
 .UNSPECIFIED.);
#5033=B_SPLINE_CURVE_WITH_KNOTS('',3,(#11438,#11439,#11440,#11441),
 .UNSPECIFIED.,.F.,.F.,(4,4),(0.000667627265797587,0.00187983378251229),
 .UNSPECIFIED.);
#5034=B_SPLINE_CURVE_WITH_KNOTS('',3,(#11443,#11444,#11445,#11446),
 .UNSPECIFIED.,.F.,.F.,(4,4),(9.0234975551419E-5,0.00130244678430488),
 .UNSPECIFIED.);
#5035=B_SPLINE_CURVE_WITH_KNOTS('',3,(#11448,#11449,#11450,#11451),
 .UNSPECIFIED.,.F.,.F.,(4,4),(-1.92423302826623E-8,0.000353651311147566),
 .UNSPECIFIED.);
#5036=B_SPLINE_CURVE_WITH_KNOTS('',3,(#11453,#11454,#11455,#11456),
 .UNSPECIFIED.,.F.,.F.,(4,4),(-1.92423302834607E-8,0.000353651311147563),
 .UNSPECIFIED.);
#5037=B_SPLINE_CURVE_WITH_KNOTS('',3,(#11458,#11459,#11460,#11461),
 .UNSPECIFIED.,.F.,.F.,(4,4),(0.000583018851295334,0.00179522555119265),
 .UNSPECIFIED.);
#5038=B_SPLINE_CURVE_WITH_KNOTS('',3,(#11463,#11464,#11465,#11466),
 .UNSPECIFIED.,.F.,.F.,(4,4),(4.75404093040457E-5,0.00125975210088396),
 .UNSPECIFIED.);
#5039=B_SPLINE_CURVE_WITH_KNOTS('',3,(#11468,#11469,#11470,#11471),
 .UNSPECIFIED.,.F.,.F.,(4,4),(-1.92423302842168E-8,0.000353651311147565),
 .UNSPECIFIED.);
#5040=B_SPLINE_CURVE_WITH_KNOTS('',3,(#11473,#11474,#11475,#11476),
 .UNSPECIFIED.,.F.,.F.,(4,4),(-1.9242330283849E-8,0.000353651311147565),
 .UNSPECIFIED.);
#5041=B_SPLINE_CURVE_WITH_KNOTS('',3,(#11478,#11479,#11480,#11481),
 .UNSPECIFIED.,.F.,.F.,(4,4),(0.000380081079545143,0.00159228709268195),
 .UNSPECIFIED.);
#5042=B_SPLINE_CURVE_WITH_KNOTS('',3,(#11483,#11484,#11485,#11486),
 .UNSPECIFIED.,.F.,.F.,(4,4),(0.00024066324017836,0.00145287520858812),
 .UNSPECIFIED.);
#5043=B_SPLINE_CURVE_WITH_KNOTS('',3,(#11488,#11489,#11490,#11491),
 .UNSPECIFIED.,.F.,.F.,(4,4),(-1.9242330286162E-8,0.000353651311147556),
 .UNSPECIFIED.);
#5044=B_SPLINE_CURVE_WITH_KNOTS('',3,(#11493,#11494,#11495,#11496),
 .UNSPECIFIED.,.F.,.F.,(4,4),(-1.9242330286162E-8,0.000353651311147557),
 .UNSPECIFIED.);
#5045=B_SPLINE_CURVE_WITH_KNOTS('',3,(#11498,#11499,#11500,#11501),
 .UNSPECIFIED.,.F.,.F.,(4,4),(0.000770757411072067,0.00198296721274046),
 .UNSPECIFIED.);
#5046=B_SPLINE_CURVE_WITH_KNOTS('',3,(#11503,#11504,#11505,#11506),
 .UNSPECIFIED.,.F.,.F.,(4,4),(0.000153595692972388,0.00136580583013833),
 .UNSPECIFIED.);
#5047=B_SPLINE_CURVE_WITH_KNOTS('',3,(#11508,#11509,#11510,#11511),
 .UNSPECIFIED.,.F.,.F.,(4,4),(-1.92423302864009E-8,0.000353651311147556),
 .UNSPECIFIED.);
#5048=B_SPLINE_CURVE_WITH_KNOTS('',3,(#11513,#11514,#11515,#11516),
 .UNSPECIFIED.,.F.,.F.,(4,4),(-1.92423302862302E-8,0.000353651311147558),
 .UNSPECIFIED.);
#5049=B_SPLINE_CURVE_WITH_KNOTS('',3,(#11518,#11519,#11520,#11521),
 .UNSPECIFIED.,.F.,.F.,(4,4),(0.000667627265797514,0.0018798337825123),
 .UNSPECIFIED.);
#5050=B_SPLINE_CURVE_WITH_KNOTS('',3,(#11523,#11524,#11525,#11526),
 .UNSPECIFIED.,.F.,.F.,(4,4),(9.02349755348091E-5,0.00130244678428835),
 .UNSPECIFIED.);
#5051=B_SPLINE_CURVE_WITH_KNOTS('',3,(#11528,#11529,#11530,#11531),
 .UNSPECIFIED.,.F.,.F.,(4,4),(0.000233671501350189,0.000353651311147555),
 .UNSPECIFIED.);
#5052=B_SPLINE_CURVE_WITH_KNOTS('',3,(#11533,#11534,#11535,#11536),
 .UNSPECIFIED.,.F.,.F.,(4,4),(1.10087372181329E-6,0.000505937198578383),
 .UNSPECIFIED.);
#5053=B_SPLINE_CURVE_WITH_KNOTS('',3,(#11538,#11539,#11540,#11541),
 .UNSPECIFIED.,.F.,.F.,(4,4),(0.000233671501315442,0.000353651311112786),
 .UNSPECIFIED.);
#5054=B_SPLINE_CURVE_WITH_KNOTS('',3,(#11543,#11544,#11545,#11546),
 .UNSPECIFIED.,.F.,.F.,(4,4),(9.02349755348051E-5,0.00130244678428827),
 .UNSPECIFIED.);
#5055=B_SPLINE_CURVE_WITH_KNOTS('',3,(#11548,#11549,#11550,#11551),
 .UNSPECIFIED.,.F.,.F.,(4,4),(0.000667627265797586,0.0018798337825123),
 .UNSPECIFIED.);
#5056=B_SPLINE_CURVE_WITH_KNOTS('',3,(#11553,#11554,#11555,#11556),
 .UNSPECIFIED.,.F.,.F.,(4,4),(-1.92423650251337E-8,0.000353651311112784),
 .UNSPECIFIED.);
#5057=B_SPLINE_CURVE_WITH_KNOTS('',3,(#11558,#11559,#11560,#11561),
 .UNSPECIFIED.,.F.,.F.,(4,4),(-1.92423650252405E-8,0.000353651311112784),
 .UNSPECIFIED.);
#5058=B_SPLINE_CURVE_WITH_KNOTS('',3,(#11563,#11564,#11565,#11566),
 .UNSPECIFIED.,.F.,.F.,(4,4),(0.00015359569297239,0.00136580583013875),
 .UNSPECIFIED.);
#5059=B_SPLINE_CURVE_WITH_KNOTS('',3,(#11568,#11569,#11570,#11571),
 .UNSPECIFIED.,.F.,.F.,(4,4),(0.000770757411071643,0.00198296721274046),
 .UNSPECIFIED.);
#5060=B_SPLINE_CURVE_WITH_KNOTS('',3,(#11573,#11574,#11575,#11576),
 .UNSPECIFIED.,.F.,.F.,(4,4),(-1.92423650255118E-8,0.000353651311112783),
 .UNSPECIFIED.);
#5061=B_SPLINE_CURVE_WITH_KNOTS('',3,(#11578,#11579,#11580,#11581),
 .UNSPECIFIED.,.F.,.F.,(4,4),(-1.92423650255118E-8,0.000353651311112783),
 .UNSPECIFIED.);
#5062=B_SPLINE_CURVE_WITH_KNOTS('',3,(#11583,#11584,#11585,#11586),
 .UNSPECIFIED.,.F.,.F.,(4,4),(0.00024066324017836,0.00145287520858812),
 .UNSPECIFIED.);
#5063=B_SPLINE_CURVE_WITH_KNOTS('',3,(#11588,#11589,#11590,#11591),
 .UNSPECIFIED.,.F.,.F.,(4,4),(0.000380081079546089,0.00159228709268291),
 .UNSPECIFIED.);
#5064=B_SPLINE_CURVE_WITH_KNOTS('',3,(#11593,#11594,#11595,#11596),
 .UNSPECIFIED.,.F.,.F.,(4,4),(-1.92423650298385E-8,0.00035365131111278),
 .UNSPECIFIED.);
#5065=B_SPLINE_CURVE_WITH_KNOTS('',3,(#11598,#11599,#11600,#11601),
 .UNSPECIFIED.,.F.,.F.,(4,4),(-1.92423650300961E-8,0.00035365131111278),
 .UNSPECIFIED.);
#5066=B_SPLINE_CURVE_WITH_KNOTS('',3,(#11603,#11604,#11605,#11606),
 .UNSPECIFIED.,.F.,.F.,(4,4),(4.75404093115969E-5,0.00125975210089152),
 .UNSPECIFIED.);
#5067=B_SPLINE_CURVE_WITH_KNOTS('',3,(#11608,#11609,#11610,#11611),
 .UNSPECIFIED.,.F.,.F.,(4,4),(0.000583018851295294,0.00179522555119262),
 .UNSPECIFIED.);
#5068=B_SPLINE_CURVE_WITH_KNOTS('',3,(#11613,#11614,#11615,#11616),
 .UNSPECIFIED.,.F.,.F.,(4,4),(-1.92423650297471E-8,0.00035365131111278),
 .UNSPECIFIED.);
#5069=B_SPLINE_CURVE_WITH_KNOTS('',3,(#11618,#11619,#11620,#11621),
 .UNSPECIFIED.,.F.,.F.,(4,4),(-1.92423650302842E-8,0.000353651311112779),
 .UNSPECIFIED.);
#5070=B_SPLINE_CURVE_WITH_KNOTS('',3,(#11623,#11624,#11625,#11626),
 .UNSPECIFIED.,.F.,.F.,(4,4),(9.02349755514151E-5,0.00130244678430488),
 .UNSPECIFIED.);
#5071=B_SPLINE_CURVE_WITH_KNOTS('',3,(#11628,#11629,#11630,#11631),
 .UNSPECIFIED.,.F.,.F.,(4,4),(0.000667627265797589,0.0018798337825123),
 .UNSPECIFIED.);
#5072=B_SPLINE_CURVE_WITH_KNOTS('',3,(#11633,#11634,#11635,#11636),
 .UNSPECIFIED.,.F.,.F.,(4,4),(-1.92423650264406E-8,0.000353651311112781),
 .UNSPECIFIED.);
#5073=B_SPLINE_CURVE_WITH_KNOTS('',3,(#11638,#11639,#11640,#11641),
 .UNSPECIFIED.,.F.,.F.,(4,4),(-1.92423650296553E-8,0.00035365131111278),
 .UNSPECIFIED.);
#5074=B_SPLINE_CURVE_WITH_KNOTS('',3,(#11643,#11644,#11645,#11646),
 .UNSPECIFIED.,.F.,.F.,(4,4),(0.000153595692970489,0.00136580583013683),
 .UNSPECIFIED.);
#5075=B_SPLINE_CURVE_WITH_KNOTS('',3,(#11648,#11649,#11650,#11651),
 .UNSPECIFIED.,.F.,.F.,(4,4),(0.000770757411071651,0.00198296721274045),
 .UNSPECIFIED.);
#5076=B_SPLINE_CURVE_WITH_KNOTS('',3,(#11653,#11654,#11655,#11656),
 .UNSPECIFIED.,.F.,.F.,(4,4),(-1.92423650286784E-8,0.000353651311112781),
 .UNSPECIFIED.);
#5077=B_SPLINE_CURVE_WITH_KNOTS('',3,(#11658,#11659,#11660,#11661),
 .UNSPECIFIED.,.F.,.F.,(4,4),(-1.92423650283718E-8,0.000353651311112781),
 .UNSPECIFIED.);
#5078=B_SPLINE_CURVE_WITH_KNOTS('',3,(#11663,#11664,#11665,#11666),
 .UNSPECIFIED.,.F.,.F.,(4,4),(0.000240663240178361,0.00145287520858811),
 .UNSPECIFIED.);
#5079=B_SPLINE_CURVE_WITH_KNOTS('',3,(#11668,#11669,#11670,#11671),
 .UNSPECIFIED.,.F.,.F.,(4,4),(0.000380081079545145,0.00159228709268196),
 .UNSPECIFIED.);
#5080=B_SPLINE_CURVE_WITH_KNOTS('',3,(#11673,#11674,#11675,#11676),
 .UNSPECIFIED.,.F.,.F.,(4,4),(-1.92423650287425E-8,0.000353651311112784),
 .UNSPECIFIED.);
#5081=B_SPLINE_CURVE_WITH_KNOTS('',3,(#11678,#11679,#11680,#11681),
 .UNSPECIFIED.,.F.,.F.,(4,4),(-1.92423650264406E-8,0.00035365131111278),
 .UNSPECIFIED.);
#5082=B_SPLINE_CURVE_WITH_KNOTS('',3,(#11683,#11684,#11685,#11686),
 .UNSPECIFIED.,.F.,.F.,(4,4),(4.75404093115919E-5,0.00125975210089152),
 .UNSPECIFIED.);
#5083=B_SPLINE_CURVE_WITH_KNOTS('',3,(#11688,#11689,#11690,#11691),
 .UNSPECIFIED.,.F.,.F.,(4,4),(0.000583018851295292,0.00179522555119263),
 .UNSPECIFIED.);
#5084=B_SPLINE_CURVE_WITH_KNOTS('',3,(#11693,#11694,#11695,#11696),
 .UNSPECIFIED.,.F.,.F.,(4,4),(-1.9242365030932E-8,0.000353651311112778),
 .UNSPECIFIED.);
#5085=B_SPLINE_CURVE_WITH_KNOTS('',3,(#11698,#11699,#11700,#11701),
 .UNSPECIFIED.,.F.,.F.,(4,4),(-1.92423650301599E-8,0.000353651311112779),
 .UNSPECIFIED.);
#5086=B_SPLINE_CURVE_WITH_KNOTS('',3,(#11703,#11704,#11705,#11706),
 .UNSPECIFIED.,.F.,.F.,(4,4),(9.02349755514107E-5,0.00130244678430488),
 .UNSPECIFIED.);
#5087=B_SPLINE_CURVE_WITH_KNOTS('',3,(#11708,#11709,#11710,#11711),
 .UNSPECIFIED.,.F.,.F.,(4,4),(0.000667627265797584,0.00187983378251229),
 .UNSPECIFIED.);
#5088=B_SPLINE_CURVE_WITH_KNOTS('',3,(#11713,#11714,#11715,#11716),
 .UNSPECIFIED.,.F.,.F.,(4,4),(-1.92423650276097E-8,0.000353651311112781),
 .UNSPECIFIED.);
#5089=B_SPLINE_CURVE_WITH_KNOTS('',3,(#11718,#11719,#11720,#11721),
 .UNSPECIFIED.,.F.,.F.,(4,4),(-1.92423650282731E-8,0.000353651311112781),
 .UNSPECIFIED.);
#5090=B_SPLINE_CURVE_WITH_KNOTS('',3,(#11723,#11724,#11725,#11726),
 .UNSPECIFIED.,.F.,.F.,(4,4),(0.000153595692970484,0.00136580583013684),
 .UNSPECIFIED.);
#5091=B_SPLINE_CURVE_WITH_KNOTS('',3,(#11728,#11729,#11730,#11731),
 .UNSPECIFIED.,.F.,.F.,(4,4),(0.000770757411071643,0.00198296721274045),
 .UNSPECIFIED.);
#5092=B_SPLINE_CURVE_WITH_KNOTS('',3,(#11733,#11734,#11735,#11736),
 .UNSPECIFIED.,.F.,.F.,(4,4),(-1.92423650250177E-8,0.000353651311112785),
 .UNSPECIFIED.);
#5093=B_SPLINE_CURVE_WITH_KNOTS('',3,(#11738,#11739,#11740,#11741),
 .UNSPECIFIED.,.F.,.F.,(4,4),(-1.92423650250177E-8,0.000353651311112785),
 .UNSPECIFIED.);
#5094=B_SPLINE_CURVE_WITH_KNOTS('',3,(#11743,#11744,#11745,#11746),
 .UNSPECIFIED.,.F.,.F.,(4,4),(0.000240663240178357,0.00145287520858812),
 .UNSPECIFIED.);
#5095=B_SPLINE_CURVE_WITH_KNOTS('',3,(#11748,#11749,#11750,#11751),
 .UNSPECIFIED.,.F.,.F.,(4,4),(0.000380081079545008,0.00159228709268183),
 .UNSPECIFIED.);
#5096=B_SPLINE_CURVE_WITH_KNOTS('',3,(#11753,#11754,#11755,#11756),
 .UNSPECIFIED.,.F.,.F.,(4,4),(-1.92423650281816E-8,0.000353651311112781),
 .UNSPECIFIED.);
#5097=B_SPLINE_CURVE_WITH_KNOTS('',3,(#11758,#11759,#11760,#11761),
 .UNSPECIFIED.,.F.,.F.,(4,4),(-1.92423650281105E-8,0.000353651311112781),
 .UNSPECIFIED.);
#5098=B_SPLINE_CURVE_WITH_KNOTS('',3,(#11763,#11764,#11765,#11766),
 .UNSPECIFIED.,.F.,.F.,(4,4),(4.75404093115932E-5,0.0012597521008915),
 .UNSPECIFIED.);
#5099=B_SPLINE_CURVE_WITH_KNOTS('',3,(#11768,#11769,#11770,#11771),
 .UNSPECIFIED.,.F.,.F.,(4,4),(0.000583018851296136,0.00179522555119345),
 .UNSPECIFIED.);
#5100=B_SPLINE_CURVE_WITH_KNOTS('',3,(#11773,#11774,#11775,#11776),
 .UNSPECIFIED.,.F.,.F.,(4,4),(-1.92423650301599E-8,0.000353651311112782),
 .UNSPECIFIED.);
#5101=B_SPLINE_CURVE_WITH_KNOTS('',3,(#11778,#11779,#11780,#11781),
 .UNSPECIFIED.,.F.,.F.,(4,4),(-1.92423650257596E-8,0.000353651311112783),
 .UNSPECIFIED.);
#5102=B_SPLINE_CURVE_WITH_KNOTS('',3,(#11783,#11784,#11785,#11786),
 .UNSPECIFIED.,.F.,.F.,(4,4),(9.02349755348083E-5,0.00130244678428828),
 .UNSPECIFIED.);
#5103=B_SPLINE_CURVE_WITH_KNOTS('',3,(#11788,#11789,#11790,#11791),
 .UNSPECIFIED.,.F.,.F.,(4,4),(0.000667627265797582,0.00187983378251229),
 .UNSPECIFIED.);
#5104=B_SPLINE_CURVE_WITH_KNOTS('',3,(#11793,#11794,#11795,#11796),
 .UNSPECIFIED.,.F.,.F.,(4,4),(-1.92423650261229E-8,0.000353651311112786),
 .UNSPECIFIED.);
#5105=B_SPLINE_CURVE_WITH_KNOTS('',3,(#11798,#11799,#11800,#11801),
 .UNSPECIFIED.,.F.,.F.,(4,4),(-1.92423650296553E-8,0.000353651311112784),
 .UNSPECIFIED.);
#5106=B_SPLINE_CURVE_WITH_KNOTS('',3,(#11803,#11804,#11805,#11806),
 .UNSPECIFIED.,.F.,.F.,(4,4),(0.000153595692972392,0.00136580583013874),
 .UNSPECIFIED.);
#5107=B_SPLINE_CURVE_WITH_KNOTS('',3,(#11808,#11809,#11810,#11811),
 .UNSPECIFIED.,.F.,.F.,(4,4),(0.000770757411071643,0.00198296721274045),
 .UNSPECIFIED.);
#5108=B_SPLINE_CURVE_WITH_KNOTS('',3,(#11813,#11814,#11815,#11816),
 .UNSPECIFIED.,.F.,.F.,(4,4),(-1.92423650223066E-8,0.000353651311112785),
 .UNSPECIFIED.);
#5109=B_SPLINE_CURVE_WITH_KNOTS('',3,(#11818,#11819,#11820,#11821),
 .UNSPECIFIED.,.F.,.F.,(4,4),(-1.92423650262932E-8,0.000353651311112781),
 .UNSPECIFIED.);
#5110=B_SPLINE_CURVE_WITH_KNOTS('',3,(#11823,#11824,#11825,#11826),
 .UNSPECIFIED.,.F.,.F.,(4,4),(0.000240663240178358,0.00145287520858811),
 .UNSPECIFIED.);
#5111=B_SPLINE_CURVE_WITH_KNOTS('',3,(#11828,#11829,#11830,#11831),
 .UNSPECIFIED.,.F.,.F.,(4,4),(0.00038008107954502,0.00159228709268183),
 .UNSPECIFIED.);
#5112=B_SPLINE_CURVE_WITH_KNOTS('',3,(#11833,#11834,#11835,#11836),
 .UNSPECIFIED.,.F.,.F.,(4,4),(-1.92423650254429E-8,0.000353651311112784),
 .UNSPECIFIED.);
#5113=B_SPLINE_CURVE_WITH_KNOTS('',3,(#11838,#11839,#11840,#11841),
 .UNSPECIFIED.,.F.,.F.,(4,4),(-1.92423650261229E-8,0.000262891126004917),
 .UNSPECIFIED.);
#5114=B_SPLINE_CURVE_WITH_KNOTS('',3,(#11846,#11847,#11848,#11849),
 .UNSPECIFIED.,.F.,.F.,(4,4),(0.000196522004082457,0.00125975210089152),
 .UNSPECIFIED.);
#5115=B_SPLINE_CURVE_WITH_KNOTS('',3,(#11859,#11860,#11861,#11862),
 .UNSPECIFIED.,.F.,.F.,(4,4),(-1.92422905803957E-8,0.000227353206239012),
 .UNSPECIFIED.);
#5116=B_SPLINE_CURVE_WITH_KNOTS('',3,(#11865,#11866,#11867,#11868),
 .UNSPECIFIED.,.F.,.F.,(4,4),(-1.92422905790628E-8,0.000227353206239015),
 .UNSPECIFIED.);
#5117=B_SPLINE_CURVE_WITH_KNOTS('',3,(#11870,#11871,#11872,#11873),
 .UNSPECIFIED.,.F.,.F.,(4,4),(-1.92422905799399E-8,0.00022735320623907),
 .UNSPECIFIED.);
#5118=B_SPLINE_CURVE_WITH_KNOTS('',3,(#11875,#11876,#11877,#11878),
 .UNSPECIFIED.,.F.,.F.,(4,4),(-1.92422905795697E-8,0.000227353206238899),
 .UNSPECIFIED.);
#5119=B_SPLINE_CURVE_WITH_KNOTS('',3,(#11880,#11881,#11882,#11883),
 .UNSPECIFIED.,.F.,.F.,(4,4),(-1.92422905796581E-8,0.000227353206238638),
 .UNSPECIFIED.);
#5120=B_SPLINE_CURVE_WITH_KNOTS('',3,(#11885,#11886,#11887,#11888),
 .UNSPECIFIED.,.F.,.F.,(4,4),(-1.9242290579706E-8,0.000227353206238898),
 .UNSPECIFIED.);
#5121=B_SPLINE_CURVE_WITH_KNOTS('',3,(#11890,#11891,#11892,#11893),
 .UNSPECIFIED.,.F.,.F.,(4,4),(-1.92422905815537E-8,0.000227353206238638),
 .UNSPECIFIED.);
#5122=B_SPLINE_CURVE_WITH_KNOTS('',3,(#11895,#11896,#11897,#11898),
 .UNSPECIFIED.,.F.,.F.,(4,4),(-1.92422905818603E-8,0.000227353206239012),
 .UNSPECIFIED.);
#5123=B_SPLINE_CURVE_WITH_KNOTS('',3,(#11900,#11901,#11902,#11903),
 .UNSPECIFIED.,.F.,.F.,(4,4),(-1.92422905805417E-8,0.000227353206239072),
 .UNSPECIFIED.);
#5124=B_SPLINE_CURVE_WITH_KNOTS('',3,(#11905,#11906,#11907,#11908),
 .UNSPECIFIED.,.F.,.F.,(4,4),(-1.92422905796581E-8,0.000227353206239012),
 .UNSPECIFIED.);
#5125=B_SPLINE_CURVE_WITH_KNOTS('',3,(#11910,#11911,#11912,#11913),
 .UNSPECIFIED.,.F.,.F.,(4,4),(-1.92422905822244E-8,0.000227353206239072),
 .UNSPECIFIED.);
#5126=B_SPLINE_CURVE_WITH_KNOTS('',3,(#11915,#11916,#11917,#11918),
 .UNSPECIFIED.,.F.,.F.,(4,4),(-1.92422905799399E-8,0.000227353206238898),
 .UNSPECIFIED.);
#5127=B_SPLINE_CURVE_WITH_KNOTS('',3,(#11920,#11921,#11922,#11923),
 .UNSPECIFIED.,.F.,.F.,(4,4),(-1.9242290582039E-8,0.000227353206238637),
 .UNSPECIFIED.);
#5128=B_SPLINE_CURVE_WITH_KNOTS('',3,(#11925,#11926,#11927,#11928),
 .UNSPECIFIED.,.F.,.F.,(4,4),(-1.92422905812972E-8,0.000227353206239011),
 .UNSPECIFIED.);
#5129=B_SPLINE_CURVE_WITH_KNOTS('',3,(#11930,#11931,#11932,#11933),
 .UNSPECIFIED.,.F.,.F.,(4,4),(-1.92422905834575E-8,0.00022735320623907),
 .UNSPECIFIED.);
#5130=B_SPLINE_CURVE_WITH_KNOTS('',3,(#11935,#11936,#11937,#11938),
 .UNSPECIFIED.,.F.,.F.,(4,4),(-1.92422905834575E-8,0.000227353206238894),
 .UNSPECIFIED.);
#5131=B_SPLINE_CURVE_WITH_KNOTS('',3,(#11940,#11941,#11942,#11943),
 .UNSPECIFIED.,.F.,.F.,(4,4),(-1.92422905763331E-8,0.000227353206238644),
 .UNSPECIFIED.);
#5132=B_SPLINE_CURVE_WITH_KNOTS('',3,(#11945,#11946,#11947,#11948),
 .UNSPECIFIED.,.F.,.F.,(4,4),(-1.92422905773687E-8,0.000227353206237354),
 .UNSPECIFIED.);
#5133=B_SPLINE_CURVE_WITH_KNOTS('',3,(#11950,#11951,#11952,#11953),
 .UNSPECIFIED.,.F.,.F.,(4,4),(-1.92422905760109E-8,0.000227353206238545),
 .UNSPECIFIED.);
#5134=B_SPLINE_CURVE_WITH_KNOTS('',3,(#11955,#11956,#11957,#11958),
 .UNSPECIFIED.,.F.,.F.,(4,4),(-1.9242290577042E-8,0.000227353206239073),
 .UNSPECIFIED.);
#5135=B_SPLINE_CURVE_WITH_KNOTS('',3,(#11960,#11961,#11962,#11963),
 .UNSPECIFIED.,.F.,.F.,(4,4),(-1.9242290575055E-8,0.000227353206239016),
 .UNSPECIFIED.);
#5136=B_SPLINE_CURVE_WITH_KNOTS('',3,(#11965,#11966,#11967,#11968),
 .UNSPECIFIED.,.F.,.F.,(4,4),(-1.92422905783179E-8,0.000227353206239074),
 .UNSPECIFIED.);
#5137=B_SPLINE_CURVE_WITH_KNOTS('',3,(#11970,#11971,#11972,#11973),
 .UNSPECIFIED.,.F.,.F.,(4,4),(-1.92422905793667E-8,0.000227353206239012),
 .UNSPECIFIED.);
#5138=B_SPLINE_CURVE_WITH_KNOTS('',3,(#11975,#11976,#11977,#11978),
 .UNSPECIFIED.,.F.,.F.,(4,4),(-1.92422905753801E-8,0.000227353206239075),
 .UNSPECIFIED.);
#5139=B_SPLINE_CURVE_WITH_KNOTS('',3,(#11980,#11981,#11982,#11983),
 .UNSPECIFIED.,.F.,.F.,(4,4),(-1.92422905796265E-8,0.000227353206239012),
 .UNSPECIFIED.);
#5140=B_SPLINE_CURVE_WITH_KNOTS('',3,(#11985,#11986,#11987,#11988),
 .UNSPECIFIED.,.F.,.F.,(4,4),(-1.92422905838669E-8,0.000227353206237351),
 .UNSPECIFIED.);
#5141=B_SPLINE_CURVE_WITH_KNOTS('',3,(#11990,#11991,#11992,#11993),
 .UNSPECIFIED.,.F.,.F.,(4,4),(-1.92422905787368E-8,0.000227353206238545),
 .UNSPECIFIED.);
#5142=B_SPLINE_CURVE_WITH_KNOTS('',3,(#11995,#11996,#11997,#11998),
 .UNSPECIFIED.,.F.,.F.,(4,4),(-1.924229058031E-8,0.000227353206239074),
 .UNSPECIFIED.);
#5143=B_SPLINE_CURVE_WITH_KNOTS('',3,(#12000,#12001,#12002,#12003),
 .UNSPECIFIED.,.F.,.F.,(4,4),(-1.92422905786507E-8,0.000227353206239014),
 .UNSPECIFIED.);
#5144=B_SPLINE_CURVE_WITH_KNOTS('',3,(#12005,#12006,#12007,#12008),
 .UNSPECIFIED.,.F.,.F.,(4,4),(-1.92422905769012E-8,0.000227353206237357),
 .UNSPECIFIED.);
#5145=B_SPLINE_CURVE_WITH_KNOTS('',3,(#12010,#12011,#12012,#12013),
 .UNSPECIFIED.,.F.,.F.,(4,4),(-1.92422905756767E-8,0.000227353206238548),
 .UNSPECIFIED.);
#5146=B_SPLINE_CURVE_WITH_KNOTS('',3,(#12015,#12016,#12017,#12018),
 .UNSPECIFIED.,.F.,.F.,(4,4),(-1.92422905756767E-8,0.000227353206239076),
 .UNSPECIFIED.);
#5147=B_SPLINE_CURVE_WITH_KNOTS('',3,(#12022,#12023,#12024,#12025),
 .UNSPECIFIED.,.F.,.F.,(4,4),(-1.92424047349743E-8,0.00022735320611815),
 .UNSPECIFIED.);
#5148=B_SPLINE_CURVE_WITH_KNOTS('',3,(#12028,#12029,#12030,#12031),
 .UNSPECIFIED.,.F.,.F.,(4,4),(-1.92424047353583E-8,0.000227353206124815),
 .UNSPECIFIED.);
#5149=B_SPLINE_CURVE_WITH_KNOTS('',3,(#12033,#12034,#12035,#12036),
 .UNSPECIFIED.,.F.,.F.,(4,4),(-1.92424047356107E-8,0.000227353206124815),
 .UNSPECIFIED.);
#5150=B_SPLINE_CURVE_WITH_KNOTS('',3,(#12038,#12039,#12040,#12041),
 .UNSPECIFIED.,.F.,.F.,(4,4),(-1.92424047356108E-8,0.000227353206124815),
 .UNSPECIFIED.);
#5151=B_SPLINE_CURVE_WITH_KNOTS('',3,(#12043,#12044,#12045,#12046),
 .UNSPECIFIED.,.F.,.F.,(4,4),(-1.92424047358341E-8,0.000227353206124815),
 .UNSPECIFIED.);
#5152=B_SPLINE_CURVE_WITH_KNOTS('',3,(#12048,#12049,#12050,#12051),
 .UNSPECIFIED.,.F.,.F.,(4,4),(-1.92424047366684E-8,0.000227353206118146),
 .UNSPECIFIED.);
#5153=B_SPLINE_CURVE_WITH_KNOTS('',3,(#12053,#12054,#12055,#12056),
 .UNSPECIFIED.,.F.,.F.,(4,4),(-1.92424047389777E-8,0.000227353206118146),
 .UNSPECIFIED.);
#5154=B_SPLINE_CURVE_WITH_KNOTS('',3,(#12058,#12059,#12060,#12061),
 .UNSPECIFIED.,.F.,.F.,(4,4),(-1.92424047351354E-8,0.000227353206118149),
 .UNSPECIFIED.);
#5155=B_SPLINE_CURVE_WITH_KNOTS('',3,(#12063,#12064,#12065,#12066),
 .UNSPECIFIED.,.F.,.F.,(4,4),(-1.92424047374511E-8,0.000227353206118146),
 .UNSPECIFIED.);
#5156=B_SPLINE_CURVE_WITH_KNOTS('',3,(#12068,#12069,#12070,#12071),
 .UNSPECIFIED.,.F.,.F.,(4,4),(-1.92424047326566E-8,0.000227353206124828),
 .UNSPECIFIED.);
#5157=B_SPLINE_CURVE_WITH_KNOTS('',3,(#12073,#12074,#12075,#12076),
 .UNSPECIFIED.,.F.,.F.,(4,4),(-1.92424047358976E-8,0.000227353206124826),
 .UNSPECIFIED.);
#5158=B_SPLINE_CURVE_WITH_KNOTS('',3,(#12078,#12079,#12080,#12081),
 .UNSPECIFIED.,.F.,.F.,(4,4),(-1.92424047358976E-8,0.000227353206124825),
 .UNSPECIFIED.);
#5159=B_SPLINE_CURVE_WITH_KNOTS('',3,(#12083,#12084,#12085,#12086),
 .UNSPECIFIED.,.F.,.F.,(4,4),(-1.92424047366905E-8,0.000227353206124828),
 .UNSPECIFIED.);
#5160=B_SPLINE_CURVE_WITH_KNOTS('',3,(#12088,#12089,#12090,#12091),
 .UNSPECIFIED.,.F.,.F.,(4,4),(-1.92424047330555E-8,0.000227353206118159),
 .UNSPECIFIED.);
#5161=B_SPLINE_CURVE_WITH_KNOTS('',3,(#12093,#12094,#12095,#12096),
 .UNSPECIFIED.,.F.,.F.,(4,4),(-1.92424047376558E-8,0.000227353206118158),
 .UNSPECIFIED.);
#5162=B_SPLINE_CURVE_WITH_KNOTS('',3,(#12098,#12099,#12100,#12101),
 .UNSPECIFIED.,.F.,.F.,(4,4),(-1.92424047345357E-8,0.000227353206118147),
 .UNSPECIFIED.);
#5163=B_SPLINE_CURVE_WITH_KNOTS('',3,(#12103,#12104,#12105,#12106),
 .UNSPECIFIED.,.F.,.F.,(4,4),(-1.9242404737039E-8,0.000227353206118146),
 .UNSPECIFIED.);
#5164=B_SPLINE_CURVE_WITH_KNOTS('',3,(#12108,#12109,#12110,#12111),
 .UNSPECIFIED.,.F.,.F.,(4,4),(-1.92424047356752E-8,0.000227353206124715),
 .UNSPECIFIED.);
#5165=B_SPLINE_CURVE_WITH_KNOTS('',3,(#12113,#12114,#12115,#12116),
 .UNSPECIFIED.,.F.,.F.,(4,4),(-1.92424047337625E-8,0.000227353206124715),
 .UNSPECIFIED.);
#5166=B_SPLINE_CURVE_WITH_KNOTS('',3,(#12118,#12119,#12120,#12121),
 .UNSPECIFIED.,.F.,.F.,(4,4),(-1.92424047337625E-8,0.000227353206124819),
 .UNSPECIFIED.);
#5167=B_SPLINE_CURVE_WITH_KNOTS('',3,(#12123,#12124,#12125,#12126),
 .UNSPECIFIED.,.F.,.F.,(4,4),(-1.92424047342729E-8,0.000227353206124819),
 .UNSPECIFIED.);
#5168=B_SPLINE_CURVE_WITH_KNOTS('',3,(#12128,#12129,#12130,#12131),
 .UNSPECIFIED.,.F.,.F.,(4,4),(-1.92424047337808E-8,0.000227353206118163),
 .UNSPECIFIED.);
#5169=B_SPLINE_CURVE_WITH_KNOTS('',3,(#12133,#12134,#12135,#12136),
 .UNSPECIFIED.,.F.,.F.,(4,4),(-1.92424047303051E-8,0.000227353206118166),
 .UNSPECIFIED.);
#5170=B_SPLINE_CURVE_WITH_KNOTS('',3,(#12138,#12139,#12140,#12141),
 .UNSPECIFIED.,.F.,.F.,(4,4),(-1.9242404732566E-8,0.000227353206118152),
 .UNSPECIFIED.);
#5171=B_SPLINE_CURVE_WITH_KNOTS('',3,(#12143,#12144,#12145,#12146),
 .UNSPECIFIED.,.F.,.F.,(4,4),(-1.92424047332629E-8,0.00022735320611815),
 .UNSPECIFIED.);
#5172=B_SPLINE_CURVE_WITH_KNOTS('',3,(#12148,#12149,#12150,#12151),
 .UNSPECIFIED.,.F.,.F.,(4,4),(-1.92424047359757E-8,0.000227353206124815),
 .UNSPECIFIED.);
#5173=B_SPLINE_CURVE_WITH_KNOTS('',3,(#12153,#12154,#12155,#12156),
 .UNSPECIFIED.,.F.,.F.,(4,4),(-1.92424047374155E-8,0.000227353206124816),
 .UNSPECIFIED.);
#5174=B_SPLINE_CURVE_WITH_KNOTS('',3,(#12158,#12159,#12160,#12161),
 .UNSPECIFIED.,.F.,.F.,(4,4),(-1.92424047374155E-8,0.000227353206124826),
 .UNSPECIFIED.);
#5175=B_SPLINE_CURVE_WITH_KNOTS('',3,(#12163,#12164,#12165,#12166),
 .UNSPECIFIED.,.F.,.F.,(4,4),(-1.92424047357754E-8,0.000227353206124829),
 .UNSPECIFIED.);
#5176=B_SPLINE_CURVE_WITH_KNOTS('',3,(#12168,#12169,#12170,#12171),
 .UNSPECIFIED.,.F.,.F.,(4,4),(-1.92424047332629E-8,0.00022735320611815),
 .UNSPECIFIED.);
#5177=B_SPLINE_CURVE_WITH_KNOTS('',3,(#12173,#12174,#12175,#12176),
 .UNSPECIFIED.,.F.,.F.,(4,4),(-1.92424047351572E-8,0.000227353206118149),
 .UNSPECIFIED.);
#5178=B_SPLINE_CURVE_WITH_KNOTS('',3,(#12178,#12179,#12180,#12181),
 .UNSPECIFIED.,.F.,.F.,(4,4),(-1.92424047345357E-8,0.000227353206118146),
 .UNSPECIFIED.);
#5179=B_SPLINE_CURVE_WITH_KNOTS('',3,(#12300,#12301,#12302,#12303),
 .UNSPECIFIED.,.F.,.F.,(4,4),(0.00840445438112655,0.00919902204078046),
 .UNSPECIFIED.);
#5180=B_SPLINE_CURVE_WITH_KNOTS('',3,(#12305,#12306,#12307,#12308),
 .UNSPECIFIED.,.F.,.F.,(4,4),(0.000833761502469554,0.00238387635562972),
 .UNSPECIFIED.);
#5181=B_SPLINE_CURVE_WITH_KNOTS('',3,(#12310,#12311,#12312,#12313),
 .UNSPECIFIED.,.F.,.F.,(4,4),(0.00121769857299794,0.00130063027945173),
 .UNSPECIFIED.);
#5182=B_SPLINE_CURVE_WITH_KNOTS('',3,(#12315,#12316,#12317,#12318),
 .UNSPECIFIED.,.F.,.F.,(4,4),(0.000583018851295935,0.0013013174253081),
 .UNSPECIFIED.);
#5183=B_SPLINE_CURVE_WITH_KNOTS('',3,(#12320,#12321,#12322,#12323),
 .UNSPECIFIED.,.F.,.F.,(4,4),(0.000196522004074911,0.00125975210088398),
 .UNSPECIFIED.);
#5184=B_SPLINE_CURVE_WITH_KNOTS('',3,(#12327,#12328,#12329,#12330),
 .UNSPECIFIED.,.F.,.F.,(4,4),(0.000583018851296124,0.00130131742530828),
 .UNSPECIFIED.);
#5185=B_SPLINE_CURVE_WITH_KNOTS('',3,(#12332,#12333,#12334,#12335),
 .UNSPECIFIED.,.F.,.F.,(4,4),(0.00121769857299793,0.00130063027945172),
 .UNSPECIFIED.);
#5186=B_SPLINE_CURVE_WITH_KNOTS('',3,(#12337,#12338,#12339,#12340),
 .UNSPECIFIED.,.F.,.F.,(4,4),(0.00149733513809434,0.00229198182851937),
 .UNSPECIFIED.);
#5187=B_SPLINE_CURVE_WITH_KNOTS('',3,(#12345,#12346,#12347,#12348),
 .UNSPECIFIED.,.F.,.F.,(4,4),(0.002671701038087,0.00422212458412258),
 .UNSPECIFIED.);
#5188=B_SPLINE_CURVE_WITH_KNOTS('',3,(#12359,#12360,#12361,#12362),
 .UNSPECIFIED.,.F.,.F.,(4,4),(1.34299134593085E-5,0.000207123977344883),
 .UNSPECIFIED.);
#5189=B_SPLINE_CURVE_WITH_KNOTS('',3,(#12363,#12364,#12365,#12366),
 .UNSPECIFIED.,.F.,.F.,(4,4),(0.000250469399703757,0.000445888321806771),
 .UNSPECIFIED.);
#5190=B_SPLINE_CURVE_WITH_KNOTS('',3,(#12374,#12375,#12376,#12377),
 .UNSPECIFIED.,.F.,.F.,(4,4),(0.000226937145005618,0.000419831122236651),
 .UNSPECIFIED.);
#5191=B_SPLINE_CURVE_WITH_KNOTS('',3,(#12385,#12386,#12387,#12388),
 .UNSPECIFIED.,.F.,.F.,(4,4),(0.000226937145005492,0.000419831122236658),
 .UNSPECIFIED.);
#5192=B_SPLINE_CURVE_WITH_KNOTS('',3,(#12390,#12391,#12392,#12393),
 .UNSPECIFIED.,.F.,.F.,(4,4),(0.000613745400757163,0.000786535516346438),
 .UNSPECIFIED.);
#5193=B_SPLINE_CURVE_WITH_KNOTS('',3,(#12395,#12396,#12397,#12398),
 .UNSPECIFIED.,.F.,.F.,(4,4),(0.000250469399703755,0.000445888321806771),
 .UNSPECIFIED.);
#5194=B_SPLINE_CURVE_WITH_KNOTS('',3,(#12405,#12406,#12407,#12408),
 .UNSPECIFIED.,.F.,.F.,(4,4),(0.00025046939970388,0.00044588832180677),
 .UNSPECIFIED.);
#5195=B_SPLINE_CURVE_WITH_KNOTS('',3,(#12416,#12417,#12418,#12419),
 .UNSPECIFIED.,.F.,.F.,(4,4),(0.000226937145005484,0.000419831122236646),
 .UNSPECIFIED.);
#5196=B_SPLINE_CURVE_WITH_KNOTS('',3,(#12427,#12428,#12429,#12430),
 .UNSPECIFIED.,.F.,.F.,(4,4),(0.000226937145005481,0.000419831122236643),
 .UNSPECIFIED.);
#5197=B_SPLINE_CURVE_WITH_KNOTS('',3,(#12438,#12439,#12440,#12441),
 .UNSPECIFIED.,.F.,.F.,(4,4),(0.000250469399703745,0.000445888321806762),
 .UNSPECIFIED.);
#5198=B_SPLINE_CURVE_WITH_KNOTS('',3,(#12449,#12450,#12451,#12452),
 .UNSPECIFIED.,.F.,.F.,(4,4),(0.000250469399703746,0.000445888321806762),
 .UNSPECIFIED.);
#5199=B_SPLINE_CURVE_WITH_KNOTS('',3,(#12460,#12461,#12462,#12463),
 .UNSPECIFIED.,.F.,.F.,(4,4),(0.000226937145005485,0.00041983112223665),
 .UNSPECIFIED.);
#5200=B_SPLINE_CURVE_WITH_KNOTS('',3,(#12471,#12472,#12473,#12474),
 .UNSPECIFIED.,.F.,.F.,(4,4),(0.000226937145005484,0.000419831122236651),
 .UNSPECIFIED.);
#5201=B_SPLINE_CURVE_WITH_KNOTS('',3,(#12482,#12483,#12484,#12485),
 .UNSPECIFIED.,.F.,.F.,(4,4),(0.00025046939970387,0.000445888321806765),
 .UNSPECIFIED.);
#5202=B_SPLINE_CURVE_WITH_KNOTS('',3,(#12493,#12494,#12495,#12496),
 .UNSPECIFIED.,.F.,.F.,(4,4),(0.000250469399703871,0.000445888321806768),
 .UNSPECIFIED.);
#5203=B_SPLINE_CURVE_WITH_KNOTS('',3,(#12504,#12505,#12506,#12507),
 .UNSPECIFIED.,.F.,.F.,(4,4),(0.000226937145005607,0.000419831122236651),
 .UNSPECIFIED.);
#5204=B_SPLINE_CURVE_WITH_KNOTS('',3,(#12515,#12516,#12517,#12518),
 .UNSPECIFIED.,.F.,.F.,(4,4),(0.000226937145005481,0.00041983112223665),
 .UNSPECIFIED.);
#5205=B_SPLINE_CURVE_WITH_KNOTS('',3,(#12533,#12534,#12535,#12536),
 .UNSPECIFIED.,.F.,.F.,(4,4),(1.34299134592755E-5,0.00020712397734398),
 .UNSPECIFIED.);
#5206=B_SPLINE_CURVE_WITH_KNOTS('',3,(#12537,#12538,#12539,#12540),
 .UNSPECIFIED.,.F.,.F.,(4,4),(0.00025046939970379,0.000445888321806763),
 .UNSPECIFIED.);
#5207=B_SPLINE_CURVE_WITH_KNOTS('',3,(#12548,#12549,#12550,#12551),
 .UNSPECIFIED.,.F.,.F.,(4,4),(6.049833259146E-7,0.000194159917770741),
 .UNSPECIFIED.);
#5208=B_SPLINE_CURVE_WITH_KNOTS('',3,(#12561,#12562,#12563,#12564),
 .UNSPECIFIED.,.F.,.F.,(4,4),(6.04983325915512E-7,0.000194159917770662),
 .UNSPECIFIED.);
#5209=B_SPLINE_CURVE_WITH_KNOTS('',3,(#12566,#12567,#12568,#12569),
 .UNSPECIFIED.,.F.,.F.,(4,4),(0.000926370474047893,0.00109963381442652),
 .UNSPECIFIED.);
#5210=B_SPLINE_CURVE_WITH_KNOTS('',3,(#12576,#12577,#12578,#12579),
 .UNSPECIFIED.,.F.,.F.,(4,4),(1.34299134593082E-5,0.000207123977344016),
 .UNSPECIFIED.);
#5211=B_SPLINE_CURVE_WITH_KNOTS('',3,(#12587,#12588,#12589,#12590),
 .UNSPECIFIED.,.F.,.F.,(4,4),(1.34299134592741E-5,0.00020712397734395),
 .UNSPECIFIED.);
#5212=B_SPLINE_CURVE_WITH_KNOTS('',3,(#12598,#12599,#12600,#12601),
 .UNSPECIFIED.,.F.,.F.,(4,4),(6.04983325911302E-7,0.000194159917770742),
 .UNSPECIFIED.);
#5213=B_SPLINE_CURVE_WITH_KNOTS('',3,(#12609,#12610,#12611,#12612),
 .UNSPECIFIED.,.F.,.F.,(4,4),(6.04983325909064E-7,0.000194159917770662),
 .UNSPECIFIED.);
#5214=B_SPLINE_CURVE_WITH_KNOTS('',3,(#12620,#12621,#12622,#12623),
 .UNSPECIFIED.,.F.,.F.,(4,4),(1.34299134592736E-5,0.000207123977343989),
 .UNSPECIFIED.);
#5215=B_SPLINE_CURVE_WITH_KNOTS('',3,(#12631,#12632,#12633,#12634),
 .UNSPECIFIED.,.F.,.F.,(4,4),(1.34299134593086E-5,0.00020712397734388),
 .UNSPECIFIED.);
#5216=B_SPLINE_CURVE_WITH_KNOTS('',3,(#12642,#12643,#12644,#12645),
 .UNSPECIFIED.,.F.,.F.,(4,4),(6.04983325911832E-7,0.000194159917770666),
 .UNSPECIFIED.);
#5217=B_SPLINE_CURVE_WITH_KNOTS('',3,(#12653,#12654,#12655,#12656),
 .UNSPECIFIED.,.F.,.F.,(4,4),(6.04983325909594E-7,0.00019415991777097),
 .UNSPECIFIED.);
#5218=B_SPLINE_CURVE_WITH_KNOTS('',3,(#12664,#12665,#12666,#12667),
 .UNSPECIFIED.,.F.,.F.,(4,4),(1.34299134592744E-5,0.000207123977343988),
 .UNSPECIFIED.);
#5219=B_SPLINE_CURVE_WITH_KNOTS('',3,(#12675,#12676,#12677,#12678),
 .UNSPECIFIED.,.F.,.F.,(4,4),(1.34299134593106E-5,0.000207123977344025),
 .UNSPECIFIED.);
#5220=B_SPLINE_CURVE_WITH_KNOTS('',3,(#12686,#12687,#12688,#12689),
 .UNSPECIFIED.,.F.,.F.,(4,4),(6.04983325912274E-7,0.000194159917770668),
 .UNSPECIFIED.);
#5221=B_SPLINE_CURVE_WITH_KNOTS('',3,(#12697,#12698,#12699,#12700),
 .UNSPECIFIED.,.F.,.F.,(4,4),(6.04983325908888E-7,0.000194159917770972),
 .UNSPECIFIED.);
#5222=EDGE_LOOP('',(#1023,#1024,#1025));
#5223=EDGE_LOOP('',(#1026,#1027,#1028));
#5224=EDGE_LOOP('',(#1029,#1030,#1031));
#5225=EDGE_LOOP('',(#1032,#1033,#1034));
#5226=EDGE_LOOP('',(#1035,#1036,#1037));
#5227=EDGE_LOOP('',(#1038,#1039,#1040));
#5228=EDGE_LOOP('',(#1041,#1042,#1043));
#5229=EDGE_LOOP('',(#1044,#1045,#1046));
#5230=EDGE_LOOP('',(#1047,#1048,#1049));
#5231=EDGE_LOOP('',(#1050,#1051,#1052));
#5232=EDGE_LOOP('',(#1053));
#5233=EDGE_LOOP('',(#1054,#1055,#1056,#1057,#1058,#1059,#1060,#1061,#1062,
#1063,#1064,#1065,#1066,#1067,#1068,#1069));
#5234=EDGE_LOOP('',(#1070,#1071,#1072));
#5235=EDGE_LOOP('',(#1073,#1074,#1075));
#5236=EDGE_LOOP('',(#1076,#1077,#1078));
#5237=EDGE_LOOP('',(#1079,#1080,#1081));
#5238=EDGE_LOOP('',(#1082,#1083,#1084));
#5239=EDGE_LOOP('',(#1085,#1086,#1087));
#5240=EDGE_LOOP('',(#1088,#1089,#1090));
#5241=EDGE_LOOP('',(#1091,#1092,#1093));
#5242=EDGE_LOOP('',(#1094,#1095,#1096));
#5243=EDGE_LOOP('',(#1097,#1098,#1099));
#5244=EDGE_LOOP('',(#1100,#1101,#1102,#1103,#1104,#1105,#1106,#1107,#1108,
#1109,#1110,#1111,#1112,#1113,#1114,#1115,#1116,#1117,#1118,#1119,#1120,
#1121));
#5245=EDGE_LOOP('',(#1122,#1123,#1124,#1125,#1126,#1127));
#5246=EDGE_LOOP('',(#1128,#1129,#1130,#1131,#1132,#1133,#1134,#1135,#1136,
#1137,#1138,#1139,#1140,#1141,#1142,#1143,#1144,#1145,#1146,#1147,#1148,
#1149));
#5247=EDGE_LOOP('',(#1150,#1151,#1152,#1153,#1154,#1155,#1156,#1157,#1158,
#1159,#1160,#1161,#1162,#1163,#1164,#1165,#1166,#1167,#1168,#1169,#1170,
#1171));
#5248=EDGE_LOOP('',(#1172,#1173,#1174,#1175,#1176,#1177));
#5249=EDGE_LOOP('',(#1178,#1179,#1180,#1181,#1182,#1183));
#5250=EDGE_LOOP('',(#1184,#1185,#1186,#1187,#1188,#1189));
#5251=EDGE_LOOP('',(#1190,#1191,#1192,#1193,#1194,#1195));
#5252=EDGE_LOOP('',(#1196,#1197,#1198,#1199,#1200,#1201));
#5253=EDGE_LOOP('',(#1202,#1203,#1204,#1205,#1206,#1207));
#5254=EDGE_LOOP('',(#1208,#1209,#1210,#1211));
#5255=EDGE_LOOP('',(#1212,#1213,#1214,#1215,#1216,#1217));
#5256=EDGE_LOOP('',(#1218,#1219,#1220,#1221));
#5257=EDGE_LOOP('',(#1222,#1223,#1224,#1225));
#5258=EDGE_LOOP('',(#1226,#1227,#1228,#1229));
#5259=EDGE_LOOP('',(#1230,#1231,#1232,#1233));
#5260=EDGE_LOOP('',(#1234,#1235,#1236,#1237,#1238));
#5261=EDGE_LOOP('',(#1239,#1240,#1241,#1242,#1243,#1244));
#5262=EDGE_LOOP('',(#1245,#1246,#1247,#1248));
#5263=EDGE_LOOP('',(#1249,#1250,#1251,#1252));
#5264=EDGE_LOOP('',(#1253,#1254,#1255,#1256,#1257,#1258));
#5265=EDGE_LOOP('',(#1259,#1260,#1261,#1262,#1263));
#5266=EDGE_LOOP('',(#1264,#1265,#1266,#1267));
#5267=EDGE_LOOP('',(#1268,#1269,#1270,#1271,#1272,#1273,#1274,#1275,#1276,
#1277,#1278,#1279,#1280,#1281,#1282,#1283));
#5268=EDGE_LOOP('',(#1284));
#5269=EDGE_LOOP('',(#1285));
#5270=EDGE_LOOP('',(#1286,#1287,#1288,#1289));
#5271=EDGE_LOOP('',(#1290));
#5272=EDGE_LOOP('',(#1291,#1292,#1293,#1294));
#5273=EDGE_LOOP('',(#1295));
#5274=EDGE_LOOP('',(#1296,#1297,#1298,#1299));
#5275=EDGE_LOOP('',(#1300,#1301,#1302,#1303,#1304,#1305,#1306,#1307,#1308,
#1309,#1310,#1311,#1312,#1313,#1314,#1315,#1316,#1317,#1318,#1319,#1320,
#1321));
#5276=EDGE_LOOP('',(#1322));
#5277=EDGE_LOOP('',(#1323,#1324,#1325,#1326));
#5278=EDGE_LOOP('',(#1327,#1328,#1329,#1330));
#5279=EDGE_LOOP('',(#1331,#1332,#1333));
#5280=EDGE_LOOP('',(#1334,#1335,#1336));
#5281=EDGE_LOOP('',(#1337,#1338,#1339,#1340));
#5282=EDGE_LOOP('',(#1341,#1342,#1343,#1344));
#5283=EDGE_LOOP('',(#1345,#1346,#1347,#1348));
#5284=EDGE_LOOP('',(#1349,#1350,#1351,#1352));
#5285=EDGE_LOOP('',(#1353,#1354,#1355,#1356,#1357));
#5286=EDGE_LOOP('',(#1358,#1359,#1360,#1361,#1362,#1363));
#5287=EDGE_LOOP('',(#1364,#1365,#1366));
#5288=EDGE_LOOP('',(#1367,#1368,#1369));
#5289=EDGE_LOOP('',(#1370,#1371,#1372,#1373));
#5290=EDGE_LOOP('',(#1374,#1375,#1376,#1377));
#5291=EDGE_LOOP('',(#1378,#1379,#1380,#1381));
#5292=EDGE_LOOP('',(#1382,#1383,#1384,#1385));
#5293=EDGE_LOOP('',(#1386,#1387,#1388,#1389));
#5294=EDGE_LOOP('',(#1390,#1391,#1392,#1393,#1394));
#5295=EDGE_LOOP('',(#1395,#1396,#1397,#1398));
#5296=EDGE_LOOP('',(#1399,#1400,#1401));
#5297=EDGE_LOOP('',(#1402,#1403,#1404));
#5298=EDGE_LOOP('',(#1405,#1406,#1407));
#5299=EDGE_LOOP('',(#1408,#1409,#1410));
#5300=EDGE_LOOP('',(#1411,#1412,#1413,#1414));
#5301=EDGE_LOOP('',(#1415,#1416,#1417,#1418));
#5302=EDGE_LOOP('',(#1419,#1420,#1421,#1422));
#5303=EDGE_LOOP('',(#1423,#1424,#1425,#1426));
#5304=EDGE_LOOP('',(#1427,#1428,#1429,#1430));
#5305=EDGE_LOOP('',(#1431,#1432,#1433,#1434));
#5306=EDGE_LOOP('',(#1435,#1436,#1437));
#5307=EDGE_LOOP('',(#1438,#1439,#1440));
#5308=EDGE_LOOP('',(#1441,#1442,#1443));
#5309=EDGE_LOOP('',(#1444,#1445,#1446));
#5310=EDGE_LOOP('',(#1447,#1448,#1449,#1450));
#5311=EDGE_LOOP('',(#1451,#1452,#1453,#1454));
#5312=EDGE_LOOP('',(#1455,#1456,#1457,#1458,#1459));
#5313=EDGE_LOOP('',(#1460,#1461,#1462,#1463));
#5314=EDGE_LOOP('',(#1464,#1465,#1466,#1467,#1468,#1469,#1470,#1471,#1472,
#1473,#1474,#1475,#1476,#1477,#1478,#1479,#1480,#1481,#1482,#1483));
#5315=EDGE_LOOP('',(#1484,#1485,#1486,#1487));
#5316=EDGE_LOOP('',(#1488,#1489,#1490,#1491,#1492,#1493));
#5317=EDGE_LOOP('',(#1494,#1495,#1496,#1497));
#5318=EDGE_LOOP('',(#1498,#1499,#1500,#1501));
#5319=EDGE_LOOP('',(#1502,#1503,#1504,#1505,#1506,#1507,#1508,#1509));
#5320=EDGE_LOOP('',(#1510,#1511,#1512,#1513));
#5321=EDGE_LOOP('',(#1514,#1515,#1516,#1517));
#5322=EDGE_LOOP('',(#1518,#1519,#1520,#1521,#1522));
#5323=EDGE_LOOP('',(#1523,#1524,#1525,#1526,#1527,#1528,#1529,#1530));
#5324=EDGE_LOOP('',(#1531,#1532,#1533,#1534));
#5325=EDGE_LOOP('',(#1535,#1536,#1537));
#5326=EDGE_LOOP('',(#1538,#1539,#1540));
#5327=EDGE_LOOP('',(#1541,#1542,#1543));
#5328=EDGE_LOOP('',(#1544,#1545,#1546));
#5329=EDGE_LOOP('',(#1547,#1548,#1549,#1550));
#5330=EDGE_LOOP('',(#1551,#1552,#1553,#1554));
#5331=EDGE_LOOP('',(#1555,#1556,#1557,#1558));
#5332=EDGE_LOOP('',(#1559,#1560,#1561,#1562));
#5333=EDGE_LOOP('',(#1563,#1564,#1565,#1566,#1567));
#5334=EDGE_LOOP('',(#1568,#1569,#1570,#1571));
#5335=EDGE_LOOP('',(#1572,#1573,#1574,#1575,#1576));
#5336=EDGE_LOOP('',(#1577,#1578,#1579));
#5337=EDGE_LOOP('',(#1580,#1581,#1582));
#5338=EDGE_LOOP('',(#1583,#1584,#1585,#1586));
#5339=EDGE_LOOP('',(#1587,#1588,#1589,#1590));
#5340=EDGE_LOOP('',(#1591,#1592,#1593));
#5341=EDGE_LOOP('',(#1594,#1595,#1596,#1597));
#5342=EDGE_LOOP('',(#1598,#1599,#1600,#1601,#1602,#1603,#1604,#1605,#1606,
#1607,#1608,#1609,#1610,#1611,#1612,#1613,#1614,#1615,#1616,#1617));
#5343=EDGE_LOOP('',(#1618,#1619,#1620,#1621));
#5344=EDGE_LOOP('',(#1622,#1623,#1624));
#5345=EDGE_LOOP('',(#1625,#1626,#1627,#1628));
#5346=EDGE_LOOP('',(#1629,#1630,#1631,#1632));
#5347=EDGE_LOOP('',(#1633,#1634,#1635,#1636));
#5348=EDGE_LOOP('',(#1637,#1638,#1639,#1640));
#5349=EDGE_LOOP('',(#1641,#1642,#1643,#1644));
#5350=EDGE_LOOP('',(#1645,#1646,#1647));
#5351=EDGE_LOOP('',(#1648,#1649,#1650,#1651,#1652,#1653,#1654,#1655));
#5352=EDGE_LOOP('',(#1656,#1657,#1658,#1659));
#5353=EDGE_LOOP('',(#1660,#1661,#1662,#1663,#1664,#1665,#1666,#1667));
#5354=EDGE_LOOP('',(#1668,#1669,#1670,#1671));
#5355=EDGE_LOOP('',(#1672,#1673,#1674,#1675));
#5356=EDGE_LOOP('',(#1676,#1677,#1678));
#5357=EDGE_LOOP('',(#1679,#1680,#1681));
#5358=EDGE_LOOP('',(#1682,#1683,#1684,#1685));
#5359=EDGE_LOOP('',(#1686,#1687,#1688,#1689));
#5360=EDGE_LOOP('',(#1690,#1691,#1692));
#5361=EDGE_LOOP('',(#1693,#1694,#1695,#1696));
#5362=EDGE_LOOP('',(#1697,#1698,#1699,#1700,#1701));
#5363=EDGE_LOOP('',(#1702,#1703,#1704,#1705));
#5364=EDGE_LOOP('',(#1706,#1707,#1708,#1709));
#5365=EDGE_LOOP('',(#1710,#1711,#1712,#1713,#1714));
#5366=EDGE_LOOP('',(#1715,#1716,#1717,#1718));
#5367=EDGE_LOOP('',(#1719,#1720,#1721,#1722));
#5368=EDGE_LOOP('',(#1723,#1724,#1725));
#5369=EDGE_LOOP('',(#1726,#1727,#1728));
#5370=EDGE_LOOP('',(#1729,#1730,#1731,#1732));
#5371=EDGE_LOOP('',(#1733,#1734,#1735,#1736));
#5372=EDGE_LOOP('',(#1737));
#5373=EDGE_LOOP('',(#1738));
#5374=EDGE_LOOP('',(#1739));
#5375=EDGE_LOOP('',(#1740));
#5376=EDGE_LOOP('',(#1741));
#5377=EDGE_LOOP('',(#1742));
#5378=EDGE_LOOP('',(#1743,#1744,#1745));
#5379=EDGE_LOOP('',(#1746,#1747,#1748,#1749,#1750,#1751,#1752));
#5380=EDGE_LOOP('',(#1753,#1754,#1755,#1756));
#5381=EDGE_LOOP('',(#1757,#1758,#1759,#1760,#1761,#1762,#1763,#1764));
#5382=EDGE_LOOP('',(#1765,#1766,#1767,#1768));
#5383=EDGE_LOOP('',(#1769,#1770,#1771,#1772,#1773,#1774,#1775,#1776));
#5384=EDGE_LOOP('',(#1777,#1778,#1779,#1780));
#5385=EDGE_LOOP('',(#1781,#1782,#1783));
#5386=EDGE_LOOP('',(#1784,#1785,#1786,#1787,#1788,#1789,#1790));
#5387=EDGE_LOOP('',(#1791,#1792,#1793,#1794));
#5388=EDGE_LOOP('',(#1795,#1796,#1797,#1798,#1799,#1800));
#5389=EDGE_LOOP('',(#1801,#1802,#1803,#1804));
#5390=EDGE_LOOP('',(#1805,#1806,#1807,#1808,#1809,#1810));
#5391=EDGE_LOOP('',(#1811,#1812,#1813,#1814));
#5392=EDGE_LOOP('',(#1815,#1816,#1817,#1818,#1819,#1820));
#5393=EDGE_LOOP('',(#1821,#1822,#1823,#1824));
#5394=EDGE_LOOP('',(#1825,#1826,#1827,#1828,#1829,#1830));
#5395=EDGE_LOOP('',(#1831,#1832,#1833,#1834));
#5396=EDGE_LOOP('',(#1835,#1836,#1837,#1838,#1839,#1840));
#5397=EDGE_LOOP('',(#1841,#1842,#1843,#1844));
#5398=EDGE_LOOP('',(#1845,#1846,#1847,#1848,#1849,#1850));
#5399=EDGE_LOOP('',(#1851,#1852,#1853,#1854));
#5400=EDGE_LOOP('',(#1855,#1856,#1857,#1858,#1859,#1860));
#5401=EDGE_LOOP('',(#1861,#1862,#1863,#1864));
#5402=EDGE_LOOP('',(#1865,#1866,#1867));
#5403=EDGE_LOOP('',(#1868,#1869,#1870,#1871,#1872,#1873,#1874));
#5404=EDGE_LOOP('',(#1875,#1876,#1877,#1878));
#5405=EDGE_LOOP('',(#1879,#1880,#1881,#1882,#1883,#1884,#1885,#1886));
#5406=EDGE_LOOP('',(#1887,#1888,#1889,#1890));
#5407=EDGE_LOOP('',(#1891,#1892,#1893,#1894,#1895,#1896,#1897,#1898));
#5408=EDGE_LOOP('',(#1899,#1900,#1901,#1902));
#5409=EDGE_LOOP('',(#1903,#1904,#1905));
#5410=EDGE_LOOP('',(#1906,#1907,#1908,#1909,#1910,#1911,#1912));
#5411=EDGE_LOOP('',(#1913,#1914,#1915,#1916));
#5412=EDGE_LOOP('',(#1917,#1918,#1919,#1920,#1921,#1922));
#5413=EDGE_LOOP('',(#1923,#1924,#1925,#1926));
#5414=EDGE_LOOP('',(#1927,#1928,#1929,#1930,#1931,#1932));
#5415=EDGE_LOOP('',(#1933,#1934,#1935,#1936));
#5416=EDGE_LOOP('',(#1937,#1938,#1939,#1940,#1941,#1942));
#5417=EDGE_LOOP('',(#1943,#1944,#1945,#1946));
#5418=EDGE_LOOP('',(#1947,#1948,#1949,#1950,#1951,#1952));
#5419=EDGE_LOOP('',(#1953,#1954,#1955,#1956));
#5420=EDGE_LOOP('',(#1957,#1958,#1959,#1960,#1961,#1962));
#5421=EDGE_LOOP('',(#1963,#1964,#1965,#1966));
#5422=EDGE_LOOP('',(#1967,#1968,#1969,#1970,#1971,#1972));
#5423=EDGE_LOOP('',(#1973,#1974,#1975,#1976));
#5424=EDGE_LOOP('',(#1977,#1978,#1979,#1980,#1981,#1982));
#5425=EDGE_LOOP('',(#1983,#1984,#1985,#1986));
#5426=EDGE_LOOP('',(#1987,#1988,#1989,#1990));
#5427=EDGE_LOOP('',(#1991,#1992));
#5428=EDGE_LOOP('',(#1993,#1994,#1995,#1996,#1997,#1998));
#5429=EDGE_LOOP('',(#1999,#2000));
#5430=EDGE_LOOP('',(#2001,#2002,#2003,#2004));
#5431=EDGE_LOOP('',(#2005,#2006,#2007,#2008,#2009,#2010));
#5432=EDGE_LOOP('',(#2011,#2012));
#5433=EDGE_LOOP('',(#2013,#2014,#2015,#2016));
#5434=EDGE_LOOP('',(#2017,#2018,#2019,#2020,#2021,#2022));
#5435=EDGE_LOOP('',(#2023,#2024,#2025,#2026));
#5436=EDGE_LOOP('',(#2027,#2028));
#5437=EDGE_LOOP('',(#2029,#2030,#2031,#2032,#2033,#2034));
#5438=EDGE_LOOP('',(#2035,#2036,#2037,#2038));
#5439=EDGE_LOOP('',(#2039,#2040));
#5440=EDGE_LOOP('',(#2041,#2042,#2043,#2044,#2045,#2046));
#5441=EDGE_LOOP('',(#2047,#2048,#2049,#2050));
#5442=EDGE_LOOP('',(#2051,#2052));
#5443=EDGE_LOOP('',(#2053,#2054,#2055,#2056,#2057,#2058));
#5444=EDGE_LOOP('',(#2059,#2060));
#5445=EDGE_LOOP('',(#2061,#2062,#2063,#2064));
#5446=EDGE_LOOP('',(#2065,#2066,#2067,#2068,#2069,#2070));
#5447=EDGE_LOOP('',(#2071,#2072));
#5448=EDGE_LOOP('',(#2073,#2074,#2075,#2076));
#5449=EDGE_LOOP('',(#2077,#2078,#2079,#2080,#2081,#2082));
#5450=EDGE_LOOP('',(#2083,#2084,#2085,#2086));
#5451=EDGE_LOOP('',(#2087,#2088));
#5452=EDGE_LOOP('',(#2089,#2090,#2091,#2092,#2093,#2094));
#5453=EDGE_LOOP('',(#2095,#2096,#2097,#2098,#2099,#2100));
#5454=EDGE_LOOP('',(#2101,#2102,#2103,#2104));
#5455=EDGE_LOOP('',(#2105,#2106));
#5456=EDGE_LOOP('',(#2107,#2108,#2109,#2110));
#5457=EDGE_LOOP('',(#2111,#2112,#2113,#2114,#2115,#2116,#2117,#2118,#2119,
#2120));
#5458=EDGE_LOOP('',(#2121,#2122,#2123,#2124,#2125,#2126,#2127,#2128,#2129,
#2130));
#5459=EDGE_LOOP('',(#2131,#2132,#2133,#2134));
#5460=EDGE_LOOP('',(#2135,#2136,#2137,#2138,#2139));
#5461=EDGE_LOOP('',(#2140,#2141,#2142,#2143));
#5462=EDGE_LOOP('',(#2144,#2145,#2146,#2147,#2148,#2149,#2150));
#5463=EDGE_LOOP('',(#2151,#2152,#2153,#2154,#2155,#2156));
#5464=EDGE_LOOP('',(#2157,#2158,#2159,#2160,#2161));
#5465=EDGE_LOOP('',(#2162,#2163,#2164,#2165,#2166,#2167,#2168,#2169,#2170,
#2171,#2172,#2173));
#5466=EDGE_LOOP('',(#2174,#2175,#2176,#2177,#2178,#2179,#2180,#2181,#2182,
#2183,#2184,#2185,#2186,#2187,#2188,#2189,#2190,#2191,#2192,#2193,#2194,
#2195,#2196,#2197));
#5467=EDGE_LOOP('',(#2198,#2199,#2200,#2201,#2202,#2203,#2204,#2205,#2206,
#2207,#2208,#2209,#2210,#2211,#2212,#2213,#2214,#2215,#2216,#2217,#2218,
#2219,#2220,#2221,#2222,#2223,#2224,#2225,#2226,#2227,#2228,#2229,#2230,
#2231,#2232,#2233,#2234,#2235,#2236,#2237,#2238,#2239,#2240,#2241,#2242,
#2243,#2244,#2245,#2246,#2247,#2248,#2249,#2250,#2251,#2252,#2253,#2254,
#2255,#2256,#2257,#2258,#2259,#2260,#2261,#2262,#2263,#2264));
#5468=EDGE_LOOP('',(#2265,#2266,#2267,#2268,#2269,#2270,#2271,#2272,#2273,
#2274,#2275,#2276,#2277,#2278,#2279,#2280,#2281,#2282,#2283,#2284,#2285,
#2286,#2287,#2288,#2289,#2290,#2291,#2292,#2293,#2294,#2295,#2296,#2297,
#2298,#2299,#2300,#2301,#2302,#2303,#2304,#2305,#2306,#2307,#2308,#2309,
#2310,#2311,#2312,#2313,#2314,#2315,#2316,#2317,#2318,#2319,#2320,#2321,
#2322,#2323,#2324,#2325,#2326,#2327,#2328,#2329,#2330,#2331));
#5469=EDGE_LOOP('',(#2332,#2333,#2334,#2335,#2336,#2337,#2338));
#5470=EDGE_LOOP('',(#2339,#2340,#2341,#2342));
#5471=EDGE_LOOP('',(#2343,#2344,#2345,#2346,#2347,#2348,#2349,#2350,#2351,
#2352,#2353,#2354,#2355,#2356,#2357,#2358,#2359,#2360,#2361,#2362,#2363,
#2364,#2365,#2366,#2367,#2368,#2369,#2370,#2371,#2372,#2373,#2374));
#5472=EDGE_LOOP('',(#2375));
#5473=EDGE_LOOP('',(#2376,#2377,#2378,#2379,#2380,#2381,#2382,#2383,#2384,
#2385,#2386,#2387,#2388,#2389,#2390,#2391,#2392,#2393,#2394,#2395,#2396,
#2397,#2398,#2399,#2400,#2401,#2402,#2403,#2404,#2405,#2406,#2407));
#5474=EDGE_LOOP('',(#2408));
#5475=EDGE_LOOP('',(#2409,#2410,#2411,#2412,#2413));
#5476=EDGE_LOOP('',(#2414,#2415,#2416,#2417,#2418));
#5477=EDGE_LOOP('',(#2419,#2420,#2421,#2422));
#5478=EDGE_LOOP('',(#2423,#2424,#2425,#2426,#2427));
#5479=EDGE_LOOP('',(#2428,#2429,#2430,#2431));
#5480=EDGE_LOOP('',(#2432,#2433,#2434,#2435,#2436,#2437,#2438));
#5481=EDGE_LOOP('',(#2439,#2440,#2441,#2442,#2443,#2444));
#5482=EDGE_LOOP('',(#2445,#2446,#2447,#2448));
#5483=EDGE_LOOP('',(#2449,#2450,#2451,#2452));
#5484=EDGE_LOOP('',(#2453,#2454,#2455,#2456));
#5485=EDGE_LOOP('',(#2457,#2458,#2459,#2460));
#5486=EDGE_LOOP('',(#2461,#2462,#2463,#2464));
#5487=EDGE_LOOP('',(#2465,#2466,#2467,#2468));
#5488=EDGE_LOOP('',(#2469,#2470,#2471,#2472,#2473,#2474,#2475,#2476,#2477,
#2478,#2479,#2480,#2481,#2482,#2483,#2484,#2485,#2486,#2487,#2488,#2489,
#2490));
#5489=EDGE_LOOP('',(#2491,#2492,#2493,#2494));
#5490=EDGE_LOOP('',(#2495,#2496,#2497,#2498,#2499,#2500,#2501,#2502));
#5491=EDGE_LOOP('',(#2503,#2504,#2505,#2506,#2507,#2508,#2509,#2510));
#5492=EDGE_LOOP('',(#2511,#2512,#2513,#2514));
#5493=EDGE_LOOP('',(#2515,#2516,#2517,#2518));
#5494=EDGE_LOOP('',(#2519,#2520,#2521,#2522,#2523));
#5495=EDGE_LOOP('',(#2524,#2525));
#5496=EDGE_LOOP('',(#2526));
#5497=EDGE_LOOP('',(#2527,#2528,#2529));
#5498=EDGE_LOOP('',(#2530,#2531,#2532));
#5499=EDGE_LOOP('',(#2533));
#5500=EDGE_LOOP('',(#2534,#2535));
#5501=EDGE_LOOP('',(#2536,#2537));
#5502=EDGE_LOOP('',(#2538,#2539,#2540));
#5503=EDGE_LOOP('',(#2541));
#5504=EDGE_LOOP('',(#2542,#2543,#2544));
#5505=EDGE_LOOP('',(#2545,#2546,#2547,#2548));
#5506=EDGE_LOOP('',(#2549,#2550));
#5507=EDGE_LOOP('',(#2551,#2552));
#5508=EDGE_LOOP('',(#2553,#2554,#2555,#2556));
#5509=EDGE_LOOP('',(#2557,#2558,#2559));
#5510=EDGE_LOOP('',(#2560,#2561,#2562));
#5511=EDGE_LOOP('',(#2563));
#5512=EDGE_LOOP('',(#2564,#2565));
#5513=EDGE_LOOP('',(#2566,#2567,#2568,#2569,#2570,#2571));
#5514=EDGE_LOOP('',(#2572,#2573,#2574,#2575,#2576));
#5515=EDGE_LOOP('',(#2577,#2578,#2579));
#5516=EDGE_LOOP('',(#2580,#2581,#2582,#2583,#2584,#2585));
#5517=EDGE_LOOP('',(#2586,#2587,#2588,#2589,#2590));
#5518=EDGE_LOOP('',(#2591,#2592,#2593));
#5519=EDGE_LOOP('',(#2594,#2595,#2596,#2597,#2598,#2599,#2600));
#5520=EDGE_LOOP('',(#2601,#2602,#2603,#2604,#2605));
#5521=EDGE_LOOP('',(#2606,#2607,#2608));
#5522=EDGE_LOOP('',(#2609,#2610,#2611,#2612,#2613));
#5523=EDGE_LOOP('',(#2614,#2615,#2616,#2617,#2618,#2619));
#5524=EDGE_LOOP('',(#2620,#2621,#2622,#2623,#2624));
#5525=EDGE_LOOP('',(#2625,#2626,#2627));
#5526=EDGE_LOOP('',(#2628,#2629,#2630,#2631,#2632,#2633));
#5527=EDGE_LOOP('',(#2634,#2635,#2636,#2637,#2638));
#5528=EDGE_LOOP('',(#2639,#2640,#2641));
#5529=EDGE_LOOP('',(#2642,#2643,#2644,#2645,#2646,#2647));
#5530=EDGE_LOOP('',(#2648,#2649,#2650,#2651,#2652));
#5531=EDGE_LOOP('',(#2653,#2654,#2655));
#5532=EDGE_LOOP('',(#2656,#2657,#2658,#2659,#2660,#2661));
#5533=EDGE_LOOP('',(#2662,#2663,#2664,#2665,#2666));
#5534=EDGE_LOOP('',(#2667,#2668,#2669));
#5535=EDGE_LOOP('',(#2670,#2671,#2672,#2673,#2674,#2675));
#5536=EDGE_LOOP('',(#2676,#2677,#2678,#2679,#2680));
#5537=EDGE_LOOP('',(#2681,#2682,#2683));
#5538=EDGE_LOOP('',(#2684,#2685,#2686,#2687,#2688,#2689));
#5539=EDGE_LOOP('',(#2690,#2691,#2692,#2693,#2694));
#5540=EDGE_LOOP('',(#2695,#2696,#2697));
#5541=EDGE_LOOP('',(#2698,#2699,#2700,#2701,#2702,#2703));
#5542=EDGE_LOOP('',(#2704,#2705,#2706,#2707,#2708));
#5543=EDGE_LOOP('',(#2709,#2710,#2711));
#5544=EDGE_LOOP('',(#2712,#2713,#2714,#2715,#2716,#2717));
#5545=EDGE_LOOP('',(#2718,#2719,#2720,#2721,#2722));
#5546=EDGE_LOOP('',(#2723,#2724,#2725));
#5547=EDGE_LOOP('',(#2726,#2727,#2728,#2729,#2730,#2731));
#5548=EDGE_LOOP('',(#2732,#2733,#2734,#2735,#2736));
#5549=EDGE_LOOP('',(#2737,#2738,#2739));
#5550=EDGE_LOOP('',(#2740,#2741,#2742,#2743,#2744,#2745));
#5551=EDGE_LOOP('',(#2746,#2747,#2748,#2749,#2750));
#5552=EDGE_LOOP('',(#2751,#2752,#2753));
#5553=EDGE_LOOP('',(#2754,#2755,#2756,#2757,#2758,#2759));
#5554=EDGE_LOOP('',(#2760,#2761,#2762,#2763,#2764));
#5555=EDGE_LOOP('',(#2765,#2766,#2767));
#5556=EDGE_LOOP('',(#2768,#2769,#2770,#2771,#2772,#2773));
#5557=EDGE_LOOP('',(#2774,#2775,#2776,#2777,#2778));
#5558=EDGE_LOOP('',(#2779,#2780,#2781));
#5559=EDGE_LOOP('',(#2782,#2783,#2784,#2785,#2786,#2787));
#5560=EDGE_LOOP('',(#2788,#2789,#2790,#2791,#2792));
#5561=EDGE_LOOP('',(#2793,#2794,#2795));
#5562=EDGE_LOOP('',(#2796,#2797,#2798,#2799,#2800,#2801));
#5563=EDGE_LOOP('',(#2802,#2803,#2804,#2805,#2806));
#5564=EDGE_LOOP('',(#2807,#2808,#2809));
#5565=EDGE_LOOP('',(#2810,#2811,#2812,#2813,#2814,#2815,#2816));
#5566=EDGE_LOOP('',(#2817,#2818,#2819,#2820,#2821));
#5567=EDGE_LOOP('',(#2822,#2823,#2824));
#5568=EDGE_LOOP('',(#2825,#2826,#2827,#2828,#2829,#2830,#2831));
#5569=EDGE_LOOP('',(#2832,#2833,#2834,#2835,#2836));
#5570=EDGE_LOOP('',(#2837,#2838,#2839,#2840));
#5571=EDGE_LOOP('',(#2841,#2842,#2843,#2844,#2845,#2846));
#5572=EDGE_LOOP('',(#2847,#2848,#2849,#2850,#2851));
#5573=EDGE_LOOP('',(#2852,#2853,#2854));
#5574=EDGE_LOOP('',(#2855,#2856,#2857,#2858,#2859,#2860));
#5575=EDGE_LOOP('',(#2861,#2862,#2863,#2864,#2865));
#5576=EDGE_LOOP('',(#2866,#2867,#2868));
#5577=EDGE_LOOP('',(#2869,#2870,#2871,#2872,#2873,#2874));
#5578=EDGE_LOOP('',(#2875,#2876,#2877,#2878,#2879));
#5579=EDGE_LOOP('',(#2880,#2881,#2882));
#5580=EDGE_LOOP('',(#2883,#2884,#2885,#2886,#2887,#2888));
#5581=EDGE_LOOP('',(#2889,#2890,#2891,#2892,#2893));
#5582=EDGE_LOOP('',(#2894,#2895,#2896));
#5583=EDGE_LOOP('',(#2897,#2898,#2899,#2900,#2901,#2902));
#5584=EDGE_LOOP('',(#2903,#2904,#2905,#2906,#2907));
#5585=EDGE_LOOP('',(#2908,#2909,#2910));
#5586=EDGE_LOOP('',(#2911,#2912,#2913,#2914,#2915,#2916));
#5587=EDGE_LOOP('',(#2917,#2918,#2919,#2920,#2921));
#5588=EDGE_LOOP('',(#2922,#2923,#2924));
#5589=EDGE_LOOP('',(#2925,#2926,#2927,#2928,#2929,#2930));
#5590=EDGE_LOOP('',(#2931,#2932,#2933,#2934,#2935));
#5591=EDGE_LOOP('',(#2936,#2937,#2938));
#5592=EDGE_LOOP('',(#2939,#2940,#2941,#2942,#2943,#2944));
#5593=EDGE_LOOP('',(#2945,#2946,#2947,#2948,#2949));
#5594=EDGE_LOOP('',(#2950,#2951,#2952));
#5595=EDGE_LOOP('',(#2953,#2954,#2955,#2956,#2957,#2958));
#5596=EDGE_LOOP('',(#2959,#2960,#2961,#2962,#2963));
#5597=EDGE_LOOP('',(#2964,#2965,#2966));
#5598=EDGE_LOOP('',(#2967,#2968,#2969,#2970,#2971,#2972));
#5599=EDGE_LOOP('',(#2973,#2974,#2975,#2976,#2977));
#5600=EDGE_LOOP('',(#2978,#2979,#2980));
#5601=EDGE_LOOP('',(#2981,#2982,#2983,#2984,#2985,#2986));
#5602=EDGE_LOOP('',(#2987,#2988,#2989,#2990,#2991));
#5603=EDGE_LOOP('',(#2992,#2993,#2994));
#5604=EDGE_LOOP('',(#2995,#2996,#2997,#2998,#2999,#3000));
#5605=EDGE_LOOP('',(#3001,#3002,#3003,#3004,#3005));
#5606=EDGE_LOOP('',(#3006,#3007,#3008));
#5607=EDGE_LOOP('',(#3009,#3010,#3011,#3012,#3013,#3014,#3015));
#5608=EDGE_LOOP('',(#3016,#3017,#3018,#3019,#3020,#3021,#3022,#3023,#3024));
#5609=EDGE_LOOP('',(#3025,#3026,#3027,#3028,#3029,#3030,#3031,#3032));
#5610=EDGE_LOOP('',(#3033,#3034,#3035,#3036));
#5611=EDGE_LOOP('',(#3037,#3038,#3039,#3040,#3041,#3042,#3043));
#5612=EDGE_LOOP('',(#3044,#3045,#3046,#3047,#3048,#3049,#3050,#3051,#3052));
#5613=EDGE_LOOP('',(#3053,#3054,#3055,#3056,#3057,#3058,#3059,#3060));
#5614=EDGE_LOOP('',(#3061,#3062,#3063,#3064));
#5615=EDGE_LOOP('',(#3065,#3066,#3067));
#5616=EDGE_LOOP('',(#3068,#3069,#3070));
#5617=EDGE_LOOP('',(#3071,#3072,#3073));
#5618=EDGE_LOOP('',(#3074,#3075,#3076));
#5619=EDGE_LOOP('',(#3077,#3078,#3079));
#5620=EDGE_LOOP('',(#3080,#3081,#3082));
#5621=EDGE_LOOP('',(#3083,#3084,#3085,#3086));
#5622=EDGE_LOOP('',(#3087,#3088,#3089,#3090));
#5623=FACE_BOUND('',#5222,.T.);
#5624=FACE_BOUND('',#5223,.T.);
#5625=FACE_BOUND('',#5224,.T.);
#5626=FACE_BOUND('',#5225,.T.);
#5627=FACE_BOUND('',#5226,.T.);
#5628=FACE_BOUND('',#5227,.T.);
#5629=FACE_BOUND('',#5228,.T.);
#5630=FACE_BOUND('',#5229,.T.);
#5631=FACE_BOUND('',#5230,.T.);
#5632=FACE_BOUND('',#5231,.T.);
#5633=FACE_BOUND('',#5232,.T.);
#5634=FACE_BOUND('',#5233,.T.);
#5635=FACE_BOUND('',#5234,.T.);
#5636=FACE_BOUND('',#5235,.T.);
#5637=FACE_BOUND('',#5236,.T.);
#5638=FACE_BOUND('',#5237,.T.);
#5639=FACE_BOUND('',#5238,.T.);
#5640=FACE_BOUND('',#5239,.T.);
#5641=FACE_BOUND('',#5240,.T.);
#5642=FACE_BOUND('',#5241,.T.);
#5643=FACE_BOUND('',#5242,.T.);
#5644=FACE_BOUND('',#5243,.T.);
#5645=FACE_BOUND('',#5244,.T.);
#5646=FACE_BOUND('',#5245,.T.);
#5647=FACE_BOUND('',#5246,.T.);
#5648=FACE_BOUND('',#5247,.T.);
#5649=FACE_BOUND('',#5248,.T.);
#5650=FACE_BOUND('',#5249,.T.);
#5651=FACE_BOUND('',#5250,.T.);
#5652=FACE_BOUND('',#5251,.T.);
#5653=FACE_BOUND('',#5252,.T.);
#5654=FACE_BOUND('',#5253,.T.);
#5655=FACE_BOUND('',#5254,.T.);
#5656=FACE_BOUND('',#5255,.T.);
#5657=FACE_BOUND('',#5256,.T.);
#5658=FACE_BOUND('',#5257,.T.);
#5659=FACE_BOUND('',#5258,.T.);
#5660=FACE_BOUND('',#5259,.T.);
#5661=FACE_BOUND('',#5260,.T.);
#5662=FACE_BOUND('',#5261,.T.);
#5663=FACE_BOUND('',#5262,.T.);
#5664=FACE_BOUND('',#5263,.T.);
#5665=FACE_BOUND('',#5264,.T.);
#5666=FACE_BOUND('',#5265,.T.);
#5667=FACE_BOUND('',#5266,.T.);
#5668=FACE_BOUND('',#5267,.T.);
#5669=FACE_BOUND('',#5268,.T.);
#5670=FACE_BOUND('',#5269,.T.);
#5671=FACE_BOUND('',#5270,.T.);
#5672=FACE_BOUND('',#5271,.T.);
#5673=FACE_BOUND('',#5272,.T.);
#5674=FACE_BOUND('',#5273,.T.);
#5675=FACE_BOUND('',#5274,.T.);
#5676=FACE_BOUND('',#5275,.T.);
#5677=FACE_BOUND('',#5276,.T.);
#5678=FACE_BOUND('',#5277,.T.);
#5679=FACE_BOUND('',#5278,.T.);
#5680=FACE_BOUND('',#5279,.T.);
#5681=FACE_BOUND('',#5280,.T.);
#5682=FACE_BOUND('',#5281,.T.);
#5683=FACE_BOUND('',#5282,.T.);
#5684=FACE_BOUND('',#5283,.T.);
#5685=FACE_BOUND('',#5284,.T.);
#5686=FACE_BOUND('',#5285,.T.);
#5687=FACE_BOUND('',#5286,.T.);
#5688=FACE_BOUND('',#5287,.T.);
#5689=FACE_BOUND('',#5288,.T.);
#5690=FACE_BOUND('',#5289,.T.);
#5691=FACE_BOUND('',#5290,.T.);
#5692=FACE_BOUND('',#5291,.T.);
#5693=FACE_BOUND('',#5292,.T.);
#5694=FACE_BOUND('',#5293,.T.);
#5695=FACE_BOUND('',#5294,.T.);
#5696=FACE_BOUND('',#5295,.T.);
#5697=FACE_BOUND('',#5296,.T.);
#5698=FACE_BOUND('',#5297,.T.);
#5699=FACE_BOUND('',#5298,.T.);
#5700=FACE_BOUND('',#5299,.T.);
#5701=FACE_BOUND('',#5300,.T.);
#5702=FACE_BOUND('',#5301,.T.);
#5703=FACE_BOUND('',#5302,.T.);
#5704=FACE_BOUND('',#5303,.T.);
#5705=FACE_BOUND('',#5304,.T.);
#5706=FACE_BOUND('',#5305,.T.);
#5707=FACE_BOUND('',#5306,.T.);
#5708=FACE_BOUND('',#5307,.T.);
#5709=FACE_BOUND('',#5308,.T.);
#5710=FACE_BOUND('',#5309,.T.);
#5711=FACE_BOUND('',#5310,.T.);
#5712=FACE_BOUND('',#5311,.T.);
#5713=FACE_BOUND('',#5312,.T.);
#5714=FACE_BOUND('',#5313,.T.);
#5715=FACE_BOUND('',#5314,.T.);
#5716=FACE_BOUND('',#5315,.T.);
#5717=FACE_BOUND('',#5316,.T.);
#5718=FACE_BOUND('',#5317,.T.);
#5719=FACE_BOUND('',#5318,.T.);
#5720=FACE_BOUND('',#5319,.T.);
#5721=FACE_BOUND('',#5320,.T.);
#5722=FACE_BOUND('',#5321,.T.);
#5723=FACE_BOUND('',#5322,.T.);
#5724=FACE_BOUND('',#5323,.T.);
#5725=FACE_BOUND('',#5324,.T.);
#5726=FACE_BOUND('',#5325,.T.);
#5727=FACE_BOUND('',#5326,.T.);
#5728=FACE_BOUND('',#5327,.T.);
#5729=FACE_BOUND('',#5328,.T.);
#5730=FACE_BOUND('',#5329,.T.);
#5731=FACE_BOUND('',#5330,.T.);
#5732=FACE_BOUND('',#5331,.T.);
#5733=FACE_BOUND('',#5332,.T.);
#5734=FACE_BOUND('',#5333,.T.);
#5735=FACE_BOUND('',#5334,.T.);
#5736=FACE_BOUND('',#5335,.T.);
#5737=FACE_BOUND('',#5336,.T.);
#5738=FACE_BOUND('',#5337,.T.);
#5739=FACE_BOUND('',#5338,.T.);
#5740=FACE_BOUND('',#5339,.T.);
#5741=FACE_BOUND('',#5340,.T.);
#5742=FACE_BOUND('',#5341,.T.);
#5743=FACE_BOUND('',#5342,.T.);
#5744=FACE_BOUND('',#5343,.T.);
#5745=FACE_BOUND('',#5344,.T.);
#5746=FACE_BOUND('',#5345,.T.);
#5747=FACE_BOUND('',#5346,.T.);
#5748=FACE_BOUND('',#5347,.T.);
#5749=FACE_BOUND('',#5348,.T.);
#5750=FACE_BOUND('',#5349,.T.);
#5751=FACE_BOUND('',#5350,.T.);
#5752=FACE_BOUND('',#5351,.T.);
#5753=FACE_BOUND('',#5352,.T.);
#5754=FACE_BOUND('',#5353,.T.);
#5755=FACE_BOUND('',#5354,.T.);
#5756=FACE_BOUND('',#5355,.T.);
#5757=FACE_BOUND('',#5356,.T.);
#5758=FACE_BOUND('',#5357,.T.);
#5759=FACE_BOUND('',#5358,.T.);
#5760=FACE_BOUND('',#5359,.T.);
#5761=FACE_BOUND('',#5360,.T.);
#5762=FACE_BOUND('',#5361,.T.);
#5763=FACE_BOUND('',#5362,.T.);
#5764=FACE_BOUND('',#5363,.T.);
#5765=FACE_BOUND('',#5364,.T.);
#5766=FACE_BOUND('',#5365,.T.);
#5767=FACE_BOUND('',#5366,.T.);
#5768=FACE_BOUND('',#5367,.T.);
#5769=FACE_BOUND('',#5368,.T.);
#5770=FACE_BOUND('',#5369,.T.);
#5771=FACE_BOUND('',#5370,.T.);
#5772=FACE_BOUND('',#5371,.T.);
#5773=FACE_BOUND('',#5372,.T.);
#5774=FACE_BOUND('',#5373,.T.);
#5775=FACE_BOUND('',#5374,.T.);
#5776=FACE_BOUND('',#5375,.T.);
#5777=FACE_BOUND('',#5376,.T.);
#5778=FACE_BOUND('',#5377,.T.);
#5779=FACE_BOUND('',#5378,.T.);
#5780=FACE_BOUND('',#5379,.T.);
#5781=FACE_BOUND('',#5380,.T.);
#5782=FACE_BOUND('',#5381,.T.);
#5783=FACE_BOUND('',#5382,.T.);
#5784=FACE_BOUND('',#5383,.T.);
#5785=FACE_BOUND('',#5384,.T.);
#5786=FACE_BOUND('',#5385,.T.);
#5787=FACE_BOUND('',#5386,.T.);
#5788=FACE_BOUND('',#5387,.T.);
#5789=FACE_BOUND('',#5388,.T.);
#5790=FACE_BOUND('',#5389,.T.);
#5791=FACE_BOUND('',#5390,.T.);
#5792=FACE_BOUND('',#5391,.T.);
#5793=FACE_BOUND('',#5392,.T.);
#5794=FACE_BOUND('',#5393,.T.);
#5795=FACE_BOUND('',#5394,.T.);
#5796=FACE_BOUND('',#5395,.T.);
#5797=FACE_BOUND('',#5396,.T.);
#5798=FACE_BOUND('',#5397,.T.);
#5799=FACE_BOUND('',#5398,.T.);
#5800=FACE_BOUND('',#5399,.T.);
#5801=FACE_BOUND('',#5400,.T.);
#5802=FACE_BOUND('',#5401,.T.);
#5803=FACE_BOUND('',#5402,.T.);
#5804=FACE_BOUND('',#5403,.T.);
#5805=FACE_BOUND('',#5404,.T.);
#5806=FACE_BOUND('',#5405,.T.);
#5807=FACE_BOUND('',#5406,.T.);
#5808=FACE_BOUND('',#5407,.T.);
#5809=FACE_BOUND('',#5408,.T.);
#5810=FACE_BOUND('',#5409,.T.);
#5811=FACE_BOUND('',#5410,.T.);
#5812=FACE_BOUND('',#5411,.T.);
#5813=FACE_BOUND('',#5412,.T.);
#5814=FACE_BOUND('',#5413,.T.);
#5815=FACE_BOUND('',#5414,.T.);
#5816=FACE_BOUND('',#5415,.T.);
#5817=FACE_BOUND('',#5416,.T.);
#5818=FACE_BOUND('',#5417,.T.);
#5819=FACE_BOUND('',#5418,.T.);
#5820=FACE_BOUND('',#5419,.T.);
#5821=FACE_BOUND('',#5420,.T.);
#5822=FACE_BOUND('',#5421,.T.);
#5823=FACE_BOUND('',#5422,.T.);
#5824=FACE_BOUND('',#5423,.T.);
#5825=FACE_BOUND('',#5424,.T.);
#5826=FACE_BOUND('',#5425,.T.);
#5827=FACE_BOUND('',#5426,.T.);
#5828=FACE_BOUND('',#5427,.T.);
#5829=FACE_BOUND('',#5428,.T.);
#5830=FACE_BOUND('',#5429,.T.);
#5831=FACE_BOUND('',#5430,.T.);
#5832=FACE_BOUND('',#5431,.T.);
#5833=FACE_BOUND('',#5432,.T.);
#5834=FACE_BOUND('',#5433,.T.);
#5835=FACE_BOUND('',#5434,.T.);
#5836=FACE_BOUND('',#5435,.T.);
#5837=FACE_BOUND('',#5436,.T.);
#5838=FACE_BOUND('',#5437,.T.);
#5839=FACE_BOUND('',#5438,.T.);
#5840=FACE_BOUND('',#5439,.T.);
#5841=FACE_BOUND('',#5440,.T.);
#5842=FACE_BOUND('',#5441,.T.);
#5843=FACE_BOUND('',#5442,.T.);
#5844=FACE_BOUND('',#5443,.T.);
#5845=FACE_BOUND('',#5444,.T.);
#5846=FACE_BOUND('',#5445,.T.);
#5847=FACE_BOUND('',#5446,.T.);
#5848=FACE_BOUND('',#5447,.T.);
#5849=FACE_BOUND('',#5448,.T.);
#5850=FACE_BOUND('',#5449,.T.);
#5851=FACE_BOUND('',#5450,.T.);
#5852=FACE_BOUND('',#5451,.T.);
#5853=FACE_BOUND('',#5452,.T.);
#5854=FACE_BOUND('',#5453,.T.);
#5855=FACE_BOUND('',#5454,.T.);
#5856=FACE_BOUND('',#5455,.T.);
#5857=FACE_BOUND('',#5456,.T.);
#5858=FACE_BOUND('',#5457,.T.);
#5859=FACE_BOUND('',#5458,.T.);
#5860=FACE_BOUND('',#5459,.T.);
#5861=FACE_BOUND('',#5460,.T.);
#5862=FACE_BOUND('',#5461,.T.);
#5863=FACE_BOUND('',#5462,.T.);
#5864=FACE_BOUND('',#5463,.T.);
#5865=FACE_BOUND('',#5464,.T.);
#5866=FACE_BOUND('',#5465,.T.);
#5867=FACE_BOUND('',#5466,.T.);
#5868=FACE_BOUND('',#5467,.T.);
#5869=FACE_BOUND('',#5468,.T.);
#5870=FACE_BOUND('',#5469,.T.);
#5871=FACE_BOUND('',#5470,.T.);
#5872=FACE_BOUND('',#5471,.T.);
#5873=FACE_BOUND('',#5472,.T.);
#5874=FACE_BOUND('',#5473,.T.);
#5875=FACE_BOUND('',#5474,.T.);
#5876=FACE_BOUND('',#5475,.T.);
#5877=FACE_BOUND('',#5476,.T.);
#5878=FACE_BOUND('',#5477,.T.);
#5879=FACE_BOUND('',#5478,.T.);
#5880=FACE_BOUND('',#5479,.T.);
#5881=FACE_BOUND('',#5480,.T.);
#5882=FACE_BOUND('',#5481,.T.);
#5883=FACE_BOUND('',#5482,.T.);
#5884=FACE_BOUND('',#5483,.T.);
#5885=FACE_BOUND('',#5484,.T.);
#5886=FACE_BOUND('',#5485,.T.);
#5887=FACE_BOUND('',#5486,.T.);
#5888=FACE_BOUND('',#5487,.T.);
#5889=FACE_BOUND('',#5488,.T.);
#5890=FACE_BOUND('',#5489,.T.);
#5891=FACE_BOUND('',#5490,.T.);
#5892=FACE_BOUND('',#5491,.T.);
#5893=FACE_BOUND('',#5492,.T.);
#5894=FACE_BOUND('',#5493,.T.);
#5895=FACE_BOUND('',#5494,.T.);
#5896=FACE_BOUND('',#5495,.T.);
#5897=FACE_BOUND('',#5496,.T.);
#5898=FACE_BOUND('',#5497,.T.);
#5899=FACE_BOUND('',#5498,.T.);
#5900=FACE_BOUND('',#5499,.T.);
#5901=FACE_BOUND('',#5500,.T.);
#5902=FACE_BOUND('',#5501,.T.);
#5903=FACE_BOUND('',#5502,.T.);
#5904=FACE_BOUND('',#5503,.T.);
#5905=FACE_BOUND('',#5504,.T.);
#5906=FACE_BOUND('',#5505,.T.);
#5907=FACE_BOUND('',#5506,.T.);
#5908=FACE_BOUND('',#5507,.T.);
#5909=FACE_BOUND('',#5508,.T.);
#5910=FACE_BOUND('',#5509,.T.);
#5911=FACE_BOUND('',#5510,.T.);
#5912=FACE_BOUND('',#5511,.T.);
#5913=FACE_BOUND('',#5512,.T.);
#5914=FACE_BOUND('',#5513,.T.);
#5915=FACE_BOUND('',#5514,.T.);
#5916=FACE_BOUND('',#5515,.T.);
#5917=FACE_BOUND('',#5516,.T.);
#5918=FACE_BOUND('',#5517,.T.);
#5919=FACE_BOUND('',#5518,.T.);
#5920=FACE_BOUND('',#5519,.T.);
#5921=FACE_BOUND('',#5520,.T.);
#5922=FACE_BOUND('',#5521,.T.);
#5923=FACE_BOUND('',#5522,.T.);
#5924=FACE_BOUND('',#5523,.T.);
#5925=FACE_BOUND('',#5524,.T.);
#5926=FACE_BOUND('',#5525,.T.);
#5927=FACE_BOUND('',#5526,.T.);
#5928=FACE_BOUND('',#5527,.T.);
#5929=FACE_BOUND('',#5528,.T.);
#5930=FACE_BOUND('',#5529,.T.);
#5931=FACE_BOUND('',#5530,.T.);
#5932=FACE_BOUND('',#5531,.T.);
#5933=FACE_BOUND('',#5532,.T.);
#5934=FACE_BOUND('',#5533,.T.);
#5935=FACE_BOUND('',#5534,.T.);
#5936=FACE_BOUND('',#5535,.T.);
#5937=FACE_BOUND('',#5536,.T.);
#5938=FACE_BOUND('',#5537,.T.);
#5939=FACE_BOUND('',#5538,.T.);
#5940=FACE_BOUND('',#5539,.T.);
#5941=FACE_BOUND('',#5540,.T.);
#5942=FACE_BOUND('',#5541,.T.);
#5943=FACE_BOUND('',#5542,.T.);
#5944=FACE_BOUND('',#5543,.T.);
#5945=FACE_BOUND('',#5544,.T.);
#5946=FACE_BOUND('',#5545,.T.);
#5947=FACE_BOUND('',#5546,.T.);
#5948=FACE_BOUND('',#5547,.T.);
#5949=FACE_BOUND('',#5548,.T.);
#5950=FACE_BOUND('',#5549,.T.);
#5951=FACE_BOUND('',#5550,.T.);
#5952=FACE_BOUND('',#5551,.T.);
#5953=FACE_BOUND('',#5552,.T.);
#5954=FACE_BOUND('',#5553,.T.);
#5955=FACE_BOUND('',#5554,.T.);
#5956=FACE_BOUND('',#5555,.T.);
#5957=FACE_BOUND('',#5556,.T.);
#5958=FACE_BOUND('',#5557,.T.);
#5959=FACE_BOUND('',#5558,.T.);
#5960=FACE_BOUND('',#5559,.T.);
#5961=FACE_BOUND('',#5560,.T.);
#5962=FACE_BOUND('',#5561,.T.);
#5963=FACE_BOUND('',#5562,.T.);
#5964=FACE_BOUND('',#5563,.T.);
#5965=FACE_BOUND('',#5564,.T.);
#5966=FACE_BOUND('',#5565,.T.);
#5967=FACE_BOUND('',#5566,.T.);
#5968=FACE_BOUND('',#5567,.T.);
#5969=FACE_BOUND('',#5568,.T.);
#5970=FACE_BOUND('',#5569,.T.);
#5971=FACE_BOUND('',#5570,.T.);
#5972=FACE_BOUND('',#5571,.T.);
#5973=FACE_BOUND('',#5572,.T.);
#5974=FACE_BOUND('',#5573,.T.);
#5975=FACE_BOUND('',#5574,.T.);
#5976=FACE_BOUND('',#5575,.T.);
#5977=FACE_BOUND('',#5576,.T.);
#5978=FACE_BOUND('',#5577,.T.);
#5979=FACE_BOUND('',#5578,.T.);
#5980=FACE_BOUND('',#5579,.T.);
#5981=FACE_BOUND('',#5580,.T.);
#5982=FACE_BOUND('',#5581,.T.);
#5983=FACE_BOUND('',#5582,.T.);
#5984=FACE_BOUND('',#5583,.T.);
#5985=FACE_BOUND('',#5584,.T.);
#5986=FACE_BOUND('',#5585,.T.);
#5987=FACE_BOUND('',#5586,.T.);
#5988=FACE_BOUND('',#5587,.T.);
#5989=FACE_BOUND('',#5588,.T.);
#5990=FACE_BOUND('',#5589,.T.);
#5991=FACE_BOUND('',#5590,.T.);
#5992=FACE_BOUND('',#5591,.T.);
#5993=FACE_BOUND('',#5592,.T.);
#5994=FACE_BOUND('',#5593,.T.);
#5995=FACE_BOUND('',#5594,.T.);
#5996=FACE_BOUND('',#5595,.T.);
#5997=FACE_BOUND('',#5596,.T.);
#5998=FACE_BOUND('',#5597,.T.);
#5999=FACE_BOUND('',#5598,.T.);
#6000=FACE_BOUND('',#5599,.T.);
#6001=FACE_BOUND('',#5600,.T.);
#6002=FACE_BOUND('',#5601,.T.);
#6003=FACE_BOUND('',#5602,.T.);
#6004=FACE_BOUND('',#5603,.T.);
#6005=FACE_BOUND('',#5604,.T.);
#6006=FACE_BOUND('',#5605,.T.);
#6007=FACE_BOUND('',#5606,.T.);
#6008=FACE_BOUND('',#5607,.T.);
#6009=FACE_BOUND('',#5608,.T.);
#6010=FACE_BOUND('',#5609,.T.);
#6011=FACE_BOUND('',#5610,.T.);
#6012=FACE_BOUND('',#5611,.T.);
#6013=FACE_BOUND('',#5612,.T.);
#6014=FACE_BOUND('',#5613,.T.);
#6015=FACE_BOUND('',#5614,.T.);
#6016=FACE_BOUND('',#5615,.T.);
#6017=FACE_BOUND('',#5616,.T.);
#6018=FACE_BOUND('',#5617,.T.);
#6019=FACE_BOUND('',#5618,.T.);
#6020=FACE_BOUND('',#5619,.T.);
#6021=FACE_BOUND('',#5620,.T.);
#6022=FACE_BOUND('',#5621,.T.);
#6023=FACE_BOUND('',#5622,.T.);
#6024=CONICAL_SURFACE('',#6581,0.00264142135623731,0.785398163397448);
#6025=CONICAL_SURFACE('',#6583,0.00264142135623731,0.785398163397448);
#6026=CONICAL_SURFACE('',#6585,0.00264142135623731,0.785398163397448);
#6027=CONICAL_SURFACE('',#6587,0.00264142135623731,0.785398163397448);
#6028=CONICAL_SURFACE('',#6589,0.00264142135623731,0.785398163397448);
#6029=CONICAL_SURFACE('',#6590,0.00264142135623731,0.785398163397448);
#6030=CONICAL_SURFACE('',#6591,0.00264142135623731,0.785398163397448);
#6031=CONICAL_SURFACE('',#6593,0.00264142135623731,0.785398163397448);
#6032=CONICAL_SURFACE('',#6595,0.00264142135623731,0.785398163397448);
#6033=CONICAL_SURFACE('',#6597,0.00264142135623731,0.785398163397448);
#6034=CONICAL_SURFACE('',#6599,0.00264142135623731,0.785398163397448);
#6035=CONICAL_SURFACE('',#6601,0.00264142135623731,0.785398163397448);
#6036=CONICAL_SURFACE('',#6603,0.00264142135623731,0.785398163397448);
#6037=CONICAL_SURFACE('',#6605,0.00264142135623731,0.785398163397448);
#6038=CONICAL_SURFACE('',#6607,0.00264142135623731,0.785398163397448);
#6039=CONICAL_SURFACE('',#6608,0.00264142135623731,0.785398163397448);
#6040=CONICAL_SURFACE('',#6609,0.00264142135623731,0.785398163397448);
#6041=CONICAL_SURFACE('',#6611,0.00264142135623731,0.785398163397448);
#6042=CONICAL_SURFACE('',#6613,0.00264142135623731,0.785398163397448);
#6043=CONICAL_SURFACE('',#6615,0.00264142135623731,0.785398163397448);
#6044=CONICAL_SURFACE('',#6617,0.00264142135623731,0.785398163397448);
#6045=CONICAL_SURFACE('',#6619,0.00264142135623731,0.785398163397448);
#6046=CONICAL_SURFACE('',#6683,0.00264142135623731,0.785398163397448);
#6047=CONICAL_SURFACE('',#6685,0.00264142135623731,0.785398163397448);
#6048=CONICAL_SURFACE('',#6689,0.00264142135623731,0.785398163397448);
#6049=CONICAL_SURFACE('',#6693,0.00264142135623731,0.785398163397448);
#6050=CONICAL_SURFACE('',#6697,0.00264142135623731,0.785398163397448);
#6051=CONICAL_SURFACE('',#6699,0.00264142135623731,0.785398163397448);
#6052=CONICAL_SURFACE('',#6898,0.00025,0.785398163397446);
#6053=CONICAL_SURFACE('',#6904,0.00025,0.785398163397446);
#6054=CONICAL_SURFACE('',#6908,0.00025,0.785398163397446);
#6055=CONICAL_SURFACE('',#6913,0.00025,0.785398163397446);
#6056=CONICAL_SURFACE('',#6914,0.00025,0.785398163397446);
#6057=CONICAL_SURFACE('',#6919,0.00025,0.785398163397446);
#6058=CONICAL_SURFACE('',#6924,0.00025,0.785398163397446);
#6059=CONICAL_SURFACE('',#6928,0.00025,0.785398163397446);
#6060=CONICAL_SURFACE('',#6931,0.00025,0.785398163397446);
#6061=CONICAL_SURFACE('',#6935,0.00025,0.785398163397446);
#6062=CONICAL_SURFACE('',#6939,0.00025,0.785398163397446);
#6063=CONICAL_SURFACE('',#6943,0.00025,0.785398163397446);
#6064=CONICAL_SURFACE('',#6946,0.00025,0.785398163397446);
#6065=CONICAL_SURFACE('',#6947,0.00025,0.785398163397446);
#6066=CONICAL_SURFACE('',#6953,0.00025,0.785398163397446);
#6067=CONICAL_SURFACE('',#6957,0.00025,0.785398163397446);
#6068=CONICAL_SURFACE('',#6962,0.00025,0.785398163397446);
#6069=CONICAL_SURFACE('',#6963,0.00025,0.785398163397446);
#6070=CONICAL_SURFACE('',#6968,0.00025,0.785398163397446);
#6071=CONICAL_SURFACE('',#6973,0.00025,0.785398163397446);
#6072=CONICAL_SURFACE('',#6977,0.00025,0.785398163397446);
#6073=CONICAL_SURFACE('',#6980,0.00025,0.785398163397446);
#6074=CONICAL_SURFACE('',#6984,0.00025,0.785398163397446);
#6075=CONICAL_SURFACE('',#6988,0.00025,0.785398163397446);
#6076=CONICAL_SURFACE('',#6992,0.00025,0.785398163397446);
#6077=CONICAL_SURFACE('',#6995,0.00025,0.785398163397446);
#6078=CONICAL_SURFACE('',#6996,0.00025,0.785398163397446);
#6079=CONICAL_SURFACE('',#6998,0.00025,0.785398163397446);
#6080=CONICAL_SURFACE('',#7002,0.00025,0.785398163397446);
#6081=CONICAL_SURFACE('',#7004,0.00025,0.785398163397446);
#6082=CONICAL_SURFACE('',#7008,0.00025,0.785398163397446);
#6083=CONICAL_SURFACE('',#7010,0.00025,0.785398163397446);
#6084=CONICAL_SURFACE('',#7014,0.00025,0.785398163397446);
#6085=CONICAL_SURFACE('',#7016,0.00025,0.785398163397446);
#6086=CONICAL_SURFACE('',#7020,0.00025,0.785398163397446);
#6087=CONICAL_SURFACE('',#7022,0.00025,0.785398163397446);
#6088=CONICAL_SURFACE('',#7025,0.00025,0.785398163397446);
#6089=CONICAL_SURFACE('',#7027,0.00025,0.785398163397446);
#6090=CONICAL_SURFACE('',#7031,0.00025,0.785398163397446);
#6091=CONICAL_SURFACE('',#7033,0.00025,0.785398163397446);
#6092=CONICAL_SURFACE('',#7037,0.00025,0.785398163397446);
#6093=CONICAL_SURFACE('',#7039,0.00025,0.785398163397446);
#6094=CONICAL_SURFACE('',#7043,0.00025,0.785398163397446);
#6095=CONICAL_SURFACE('',#7045,0.00025,0.785398163397446);
#6096=CONICAL_SURFACE('',#7052,0.00025,0.785398163397446);
#6097=CONICAL_SURFACE('',#7053,0.00025,0.785398163397446);
#6098=CONICAL_SURFACE('',#7082,0.0025,0.785398163397448);
#6099=CONICAL_SURFACE('',#7086,0.0025,0.785398163397448);
#6100=CONICAL_SURFACE('',#7094,0.00025,0.785398163397446);
#6101=CONICAL_SURFACE('',#7095,0.0025,0.785398163397448);
#6102=CONICAL_SURFACE('',#7097,0.0025,0.785398163397448);
#6103=CONICAL_SURFACE('',#7140,0.0025,0.785398163397448);
#6104=CONICAL_SURFACE('',#7142,0.0025,0.785398163397448);
#6105=CONICAL_SURFACE('',#7147,0.0025,0.785398163397448);
#6106=CONICAL_SURFACE('',#7149,0.0025,0.785398163397448);
#6107=CONICAL_SURFACE('',#7152,0.0025,0.785398163397448);
#6108=CONICAL_SURFACE('',#7153,0.0025,0.785398163397448);
#6109=CONICAL_SURFACE('',#7162,0.00025,0.785398163397446);
#6110=CONICAL_SURFACE('',#7163,0.00025,0.785398163397446);
#6111=CONICAL_SURFACE('',#7168,0.00025,0.785398163397446);
#6112=CONICAL_SURFACE('',#7169,0.00025,0.785398163397446);
#6113=CONICAL_SURFACE('',#7174,0.00025,0.785398163397446);
#6114=CONICAL_SURFACE('',#7175,0.00025,0.785398163397446);
#6115=CONICAL_SURFACE('',#7176,0.00025,0.785398163397446);
#6116=CONICAL_SURFACE('',#7181,0.00025,0.785398163397446);
#6117=CONICAL_SURFACE('',#7182,0.00025,0.785398163397446);
#6118=CONICAL_SURFACE('',#7187,0.00025,0.785398163397446);
#6119=CONICAL_SURFACE('',#7188,0.00025,0.785398163397446);
#6120=CONICAL_SURFACE('',#7193,0.00025,0.785398163397446);
#6121=CONICAL_SURFACE('',#7194,0.00025,0.785398163397446);
#6122=CONICAL_SURFACE('',#7199,0.00025,0.785398163397446);
#6123=CONICAL_SURFACE('',#7200,0.00025,0.785398163397446);
#6124=CONICAL_SURFACE('',#7205,0.00025,0.785398163397446);
#6125=CONICAL_SURFACE('',#7206,0.00025,0.785398163397446);
#6126=CONICAL_SURFACE('',#7211,0.00025,0.785398163397446);
#6127=CONICAL_SURFACE('',#7212,0.00025,0.785398163397446);
#6128=CONICAL_SURFACE('',#7217,0.00025,0.785398163397446);
#6129=CONICAL_SURFACE('',#7218,0.00025,0.785398163397446);
#6130=CONICAL_SURFACE('',#7223,0.00025,0.785398163397446);
#6131=CONICAL_SURFACE('',#7224,0.00025,0.785398163397446);
#6132=CONICAL_SURFACE('',#7229,0.00025,0.785398163397446);
#6133=CONICAL_SURFACE('',#7230,0.00025,0.785398163397446);
#6134=CONICAL_SURFACE('',#7235,0.00025,0.785398163397446);
#6135=CONICAL_SURFACE('',#7236,0.00025,0.785398163397446);
#6136=CONICAL_SURFACE('',#7241,0.00025,0.785398163397446);
#6137=CONICAL_SURFACE('',#7242,0.00025,0.785398163397446);
#6138=CONICAL_SURFACE('',#7246,0.00025,0.785398163397446);
#6139=CONICAL_SURFACE('',#7247,0.00025,0.785398163397446);
#6140=CONICAL_SURFACE('',#7253,0.00025,0.785398163397446);
#6141=CONICAL_SURFACE('',#7254,0.00025,0.785398163397446);
#6142=CONICAL_SURFACE('',#7259,0.00025,0.785398163397446);
#6143=CONICAL_SURFACE('',#7260,0.00025,0.785398163397446);
#6144=CONICAL_SURFACE('',#7266,0.00025,0.785398163397446);
#6145=CONICAL_SURFACE('',#7267,0.00025,0.785398163397446);
#6146=CONICAL_SURFACE('',#7272,0.00025,0.785398163397446);
#6147=CONICAL_SURFACE('',#7273,0.00025,0.785398163397446);
#6148=CONICAL_SURFACE('',#7278,0.00025,0.785398163397446);
#6149=CONICAL_SURFACE('',#7279,0.00025,0.785398163397446);
#6150=CONICAL_SURFACE('',#7284,0.00025,0.785398163397446);
#6151=CONICAL_SURFACE('',#7285,0.00025,0.785398163397446);
#6152=CONICAL_SURFACE('',#7290,0.00025,0.785398163397446);
#6153=CONICAL_SURFACE('',#7291,0.00025,0.785398163397446);
#6154=CONICAL_SURFACE('',#7296,0.00025,0.785398163397446);
#6155=CONICAL_SURFACE('',#7297,0.00025,0.785398163397446);
#6156=CONICAL_SURFACE('',#7302,0.00025,0.785398163397446);
#6157=CONICAL_SURFACE('',#7303,0.00025,0.785398163397446);
#6158=CONICAL_SURFACE('',#7308,0.00025,0.785398163397446);
#6159=CONICAL_SURFACE('',#7309,0.00025,0.785398163397446);
#6160=CONICAL_SURFACE('',#7314,0.00025,0.785398163397446);
#6161=CONICAL_SURFACE('',#7315,0.00025,0.785398163397446);
#6162=CONICAL_SURFACE('',#7320,0.00025,0.785398163397446);
#6163=CONICAL_SURFACE('',#7321,0.00025,0.785398163397446);
#6164=CONICAL_SURFACE('',#7326,0.00025,0.785398163397446);
#6165=CONICAL_SURFACE('',#7327,0.00025,0.785398163397446);
#6166=CONICAL_SURFACE('',#7332,0.00025,0.785398163397446);
#6167=CONICAL_SURFACE('',#7333,0.00025,0.785398163397446);
#6168=CONICAL_SURFACE('',#7338,0.00025,0.785398163397446);
#6169=CONICAL_SURFACE('',#7339,0.00025,0.785398163397446);
#6170=CONICAL_SURFACE('',#7343,0.00025,0.785398163397446);
#6171=CONICAL_SURFACE('',#7344,0.00025,0.785398163397446);
#6172=ADVANCED_FACE('',(#5623),#6024,.F.);
#6173=ADVANCED_FACE('',(#5624),#6025,.F.);
#6174=ADVANCED_FACE('',(#5625),#6026,.F.);
#6175=ADVANCED_FACE('',(#5626),#6027,.F.);
#6176=ADVANCED_FACE('',(#5627),#6028,.F.);
#6177=ADVANCED_FACE('',(#5628),#6029,.F.);
#6178=ADVANCED_FACE('',(#5629),#6030,.F.);
#6179=ADVANCED_FACE('',(#5630),#6031,.F.);
#6180=ADVANCED_FACE('',(#5631),#6032,.F.);
#6181=ADVANCED_FACE('',(#5632),#6033,.F.);
#6182=ADVANCED_FACE('',(#5633,#5634),#6034,.F.);
#6183=ADVANCED_FACE('',(#5635),#6035,.F.);
#6184=ADVANCED_FACE('',(#5636),#6036,.F.);
#6185=ADVANCED_FACE('',(#5637),#6037,.F.);
#6186=ADVANCED_FACE('',(#5638),#6038,.F.);
#6187=ADVANCED_FACE('',(#5639),#6039,.F.);
#6188=ADVANCED_FACE('',(#5640),#6040,.F.);
#6189=ADVANCED_FACE('',(#5641),#6041,.F.);
#6190=ADVANCED_FACE('',(#5642),#6042,.F.);
#6191=ADVANCED_FACE('',(#5643),#6043,.F.);
#6192=ADVANCED_FACE('',(#5644),#6044,.F.);
#6193=ADVANCED_FACE('',(#5645),#6045,.F.);
#6194=ADVANCED_FACE('',(#5646),#657,.F.);
#6195=ADVANCED_FACE('',(#5647),#658,.T.);
#6196=ADVANCED_FACE('',(#5648),#659,.F.);
#6197=ADVANCED_FACE('',(#5649),#660,.F.);
#6198=ADVANCED_FACE('',(#5650),#661,.F.);
#6199=ADVANCED_FACE('',(#5651),#662,.T.);
#6200=ADVANCED_FACE('',(#5652),#663,.T.);
#6201=ADVANCED_FACE('',(#5653),#664,.F.);
#6202=ADVANCED_FACE('',(#5654),#665,.T.);
#6203=ADVANCED_FACE('',(#5655),#177,.T.);
#6204=ADVANCED_FACE('',(#5656),#666,.T.);
#6205=ADVANCED_FACE('',(#5657),#178,.T.);
#6206=ADVANCED_FACE('',(#5658),#179,.T.);
#6207=ADVANCED_FACE('',(#5659),#180,.T.);
#6208=ADVANCED_FACE('',(#5660),#181,.F.);
#6209=ADVANCED_FACE('',(#5661),#667,.T.);
#6210=ADVANCED_FACE('',(#5662),#668,.F.);
#6211=ADVANCED_FACE('',(#5663),#182,.F.);
#6212=ADVANCED_FACE('',(#5664),#183,.F.);
#6213=ADVANCED_FACE('',(#5665),#669,.T.);
#6214=ADVANCED_FACE('',(#5666),#670,.F.);
#6215=ADVANCED_FACE('',(#5667),#184,.F.);
#6216=ADVANCED_FACE('',(#5668,#5669),#6046,.F.);
#6217=ADVANCED_FACE('',(#5670,#5671),#6047,.F.);
#6218=ADVANCED_FACE('',(#5672,#5673),#6048,.F.);
#6219=ADVANCED_FACE('',(#5674,#5675),#6049,.F.);
#6220=ADVANCED_FACE('',(#5676),#6050,.F.);
#6221=ADVANCED_FACE('',(#5677,#5678),#6051,.F.);
#6222=ADVANCED_FACE('',(#5679),#56,.T.);
#6223=ADVANCED_FACE('',(#5680),#26,.T.);
#6224=ADVANCED_FACE('',(#5681),#27,.T.);
#6225=ADVANCED_FACE('',(#5682),#185,.T.);
#6226=ADVANCED_FACE('',(#5683),#14,.T.);
#6227=ADVANCED_FACE('',(#5684),#57,.T.);
#6228=ADVANCED_FACE('',(#5685),#15,.T.);
#6229=ADVANCED_FACE('',(#5686),#186,.T.);
#6230=ADVANCED_FACE('',(#5687),#187,.T.);
#6231=ADVANCED_FACE('',(#5688),#28,.T.);
#6232=ADVANCED_FACE('',(#5689),#29,.T.);
#6233=ADVANCED_FACE('',(#5690),#188,.T.);
#6234=ADVANCED_FACE('',(#5691),#189,.T.);
#6235=ADVANCED_FACE('',(#5692),#190,.T.);
#6236=ADVANCED_FACE('',(#5693),#58,.T.);
#6237=ADVANCED_FACE('',(#5694),#191,.T.);
#6238=ADVANCED_FACE('',(#5695),#192,.T.);
#6239=ADVANCED_FACE('',(#5696),#59,.T.);
#6240=ADVANCED_FACE('',(#5697),#30,.T.);
#6241=ADVANCED_FACE('',(#5698),#31,.T.);
#6242=ADVANCED_FACE('',(#5699),#32,.T.);
#6243=ADVANCED_FACE('',(#5700),#33,.T.);
#6244=ADVANCED_FACE('',(#5701),#16,.T.);
#6245=ADVANCED_FACE('',(#5702),#17,.T.);
#6246=ADVANCED_FACE('',(#5703),#60,.T.);
#6247=ADVANCED_FACE('',(#5704),#18,.T.);
#6248=ADVANCED_FACE('',(#5705),#19,.T.);
#6249=ADVANCED_FACE('',(#5706),#61,.T.);
#6250=ADVANCED_FACE('',(#5707),#34,.T.);
#6251=ADVANCED_FACE('',(#5708),#35,.T.);
#6252=ADVANCED_FACE('',(#5709),#36,.T.);
#6253=ADVANCED_FACE('',(#5710),#37,.T.);
#6254=ADVANCED_FACE('',(#5711),#193,.T.);
#6255=ADVANCED_FACE('',(#5712),#194,.T.);
#6256=ADVANCED_FACE('',(#5713),#195,.T.);
#6257=ADVANCED_FACE('',(#5714),#196,.T.);
#6258=ADVANCED_FACE('',(#5715),#62,.T.);
#6259=ADVANCED_FACE('',(#5716),#38,.T.);
#6260=ADVANCED_FACE('',(#5717),#197,.T.);
#6261=ADVANCED_FACE('',(#5718),#198,.T.);
#6262=ADVANCED_FACE('',(#5719),#39,.T.);
#6263=ADVANCED_FACE('',(#5720),#20,.T.);
#6264=ADVANCED_FACE('',(#5721),#199,.T.);
#6265=ADVANCED_FACE('',(#5722),#63,.T.);
#6266=ADVANCED_FACE('',(#5723),#200,.T.);
#6267=ADVANCED_FACE('',(#5724),#21,.T.);
#6268=ADVANCED_FACE('',(#5725),#64,.T.);
#6269=ADVANCED_FACE('',(#5726),#40,.T.);
#6270=ADVANCED_FACE('',(#5727),#41,.T.);
#6271=ADVANCED_FACE('',(#5728),#42,.T.);
#6272=ADVANCED_FACE('',(#5729),#43,.T.);
#6273=ADVANCED_FACE('',(#5730),#201,.T.);
#6274=ADVANCED_FACE('',(#5731),#22,.T.);
#6275=ADVANCED_FACE('',(#5732),#65,.T.);
#6276=ADVANCED_FACE('',(#5733),#23,.T.);
#6277=ADVANCED_FACE('',(#5734),#202,.T.);
#6278=ADVANCED_FACE('',(#5735),#66,.T.);
#6279=ADVANCED_FACE('',(#5736),#203,.T.);
#6280=ADVANCED_FACE('',(#5737),#44,.T.);
#6281=ADVANCED_FACE('',(#5738),#45,.T.);
#6282=ADVANCED_FACE('',(#5739),#204,.T.);
#6283=ADVANCED_FACE('',(#5740),#205,.T.);
#6284=ADVANCED_FACE('',(#5741),#46,.T.);
#6285=ADVANCED_FACE('',(#5742),#206,.T.);
#6286=ADVANCED_FACE('',(#5743),#67,.T.);
#6287=ADVANCED_FACE('',(#5744),#207,.T.);
#6288=ADVANCED_FACE('',(#5745),#47,.T.);
#6289=ADVANCED_FACE('',(#5746),#208,.T.);
#6290=ADVANCED_FACE('',(#5747),#48,.T.);
#6291=ADVANCED_FACE('',(#5748),#49,.T.);
#6292=ADVANCED_FACE('',(#5749),#209,.T.);
#6293=ADVANCED_FACE('',(#5750),#68,.T.);
#6294=ADVANCED_FACE('',(#5751),#50,.T.);
#6295=ADVANCED_FACE('',(#5752),#24,.T.);
#6296=ADVANCED_FACE('',(#5753),#69,.T.);
#6297=ADVANCED_FACE('',(#5754),#25,.T.);
#6298=ADVANCED_FACE('',(#5755),#70,.T.);
#6299=ADVANCED_FACE('',(#5756),#210,.T.);
#6300=ADVANCED_FACE('',(#5757),#51,.T.);
#6301=ADVANCED_FACE('',(#5758),#52,.T.);
#6302=ADVANCED_FACE('',(#5759),#211,.F.);
#6303=ADVANCED_FACE('',(#5760),#71,.T.);
#6304=ADVANCED_FACE('',(#5761),#53,.T.);
#6305=ADVANCED_FACE('',(#5762),#212,.T.);
#6306=ADVANCED_FACE('',(#5763),#213,.T.);
#6307=ADVANCED_FACE('',(#5764),#72,.T.);
#6308=ADVANCED_FACE('',(#5765),#214,.T.);
#6309=ADVANCED_FACE('',(#5766),#215,.T.);
#6310=ADVANCED_FACE('',(#5767),#216,.T.);
#6311=ADVANCED_FACE('',(#5768),#217,.T.);
#6312=ADVANCED_FACE('',(#5769),#54,.T.);
#6313=ADVANCED_FACE('',(#5770),#55,.T.);
#6314=ADVANCED_FACE('',(#5771),#73,.T.);
#6315=ADVANCED_FACE('',(#5772),#218,.T.);
#6316=ADVANCED_FACE('',(#5773,#5774),#74,.T.);
#6317=ADVANCED_FACE('',(#5775,#5776),#75,.T.);
#6318=ADVANCED_FACE('',(#5777,#5778),#76,.T.);
#6319=ADVANCED_FACE('',(#5779),#6052,.F.);
#6320=ADVANCED_FACE('',(#5780),#219,.F.);
#6321=ADVANCED_FACE('',(#5781),#6053,.F.);
#6322=ADVANCED_FACE('',(#5782),#220,.F.);
#6323=ADVANCED_FACE('',(#5783),#6054,.F.);
#6324=ADVANCED_FACE('',(#5784),#221,.F.);
#6325=ADVANCED_FACE('',(#5785),#6055,.F.);
#6326=ADVANCED_FACE('',(#5786),#6056,.F.);
#6327=ADVANCED_FACE('',(#5787),#222,.F.);
#6328=ADVANCED_FACE('',(#5788),#6057,.F.);
#6329=ADVANCED_FACE('',(#5789),#223,.F.);
#6330=ADVANCED_FACE('',(#5790),#6058,.F.);
#6331=ADVANCED_FACE('',(#5791),#224,.F.);
#6332=ADVANCED_FACE('',(#5792),#6059,.F.);
#6333=ADVANCED_FACE('',(#5793),#225,.F.);
#6334=ADVANCED_FACE('',(#5794),#6060,.F.);
#6335=ADVANCED_FACE('',(#5795),#226,.F.);
#6336=ADVANCED_FACE('',(#5796),#6061,.F.);
#6337=ADVANCED_FACE('',(#5797),#227,.F.);
#6338=ADVANCED_FACE('',(#5798),#6062,.F.);
#6339=ADVANCED_FACE('',(#5799),#228,.F.);
#6340=ADVANCED_FACE('',(#5800),#6063,.F.);
#6341=ADVANCED_FACE('',(#5801),#229,.F.);
#6342=ADVANCED_FACE('',(#5802),#6064,.F.);
#6343=ADVANCED_FACE('',(#5803),#6065,.F.);
#6344=ADVANCED_FACE('',(#5804),#230,.F.);
#6345=ADVANCED_FACE('',(#5805),#6066,.F.);
#6346=ADVANCED_FACE('',(#5806),#231,.F.);
#6347=ADVANCED_FACE('',(#5807),#6067,.F.);
#6348=ADVANCED_FACE('',(#5808),#232,.F.);
#6349=ADVANCED_FACE('',(#5809),#6068,.F.);
#6350=ADVANCED_FACE('',(#5810),#6069,.F.);
#6351=ADVANCED_FACE('',(#5811),#233,.F.);
#6352=ADVANCED_FACE('',(#5812),#6070,.F.);
#6353=ADVANCED_FACE('',(#5813),#234,.F.);
#6354=ADVANCED_FACE('',(#5814),#6071,.F.);
#6355=ADVANCED_FACE('',(#5815),#235,.F.);
#6356=ADVANCED_FACE('',(#5816),#6072,.F.);
#6357=ADVANCED_FACE('',(#5817),#236,.F.);
#6358=ADVANCED_FACE('',(#5818),#6073,.F.);
#6359=ADVANCED_FACE('',(#5819),#237,.F.);
#6360=ADVANCED_FACE('',(#5820),#6074,.F.);
#6361=ADVANCED_FACE('',(#5821),#238,.F.);
#6362=ADVANCED_FACE('',(#5822),#6075,.F.);
#6363=ADVANCED_FACE('',(#5823),#239,.F.);
#6364=ADVANCED_FACE('',(#5824),#6076,.F.);
#6365=ADVANCED_FACE('',(#5825),#240,.F.);
#6366=ADVANCED_FACE('',(#5826),#6077,.F.);
#6367=ADVANCED_FACE('',(#5827),#6078,.F.);
#6368=ADVANCED_FACE('',(#5828),#6079,.F.);
#6369=ADVANCED_FACE('',(#5829),#241,.F.);
#6370=ADVANCED_FACE('',(#5830),#6080,.F.);
#6371=ADVANCED_FACE('',(#5831),#6081,.F.);
#6372=ADVANCED_FACE('',(#5832),#242,.F.);
#6373=ADVANCED_FACE('',(#5833),#6082,.F.);
#6374=ADVANCED_FACE('',(#5834),#6083,.F.);
#6375=ADVANCED_FACE('',(#5835),#243,.F.);
#6376=ADVANCED_FACE('',(#5836),#6084,.F.);
#6377=ADVANCED_FACE('',(#5837),#6085,.F.);
#6378=ADVANCED_FACE('',(#5838),#244,.F.);
#6379=ADVANCED_FACE('',(#5839),#6086,.F.);
#6380=ADVANCED_FACE('',(#5840),#6087,.F.);
#6381=ADVANCED_FACE('',(#5841),#245,.F.);
#6382=ADVANCED_FACE('',(#5842),#6088,.F.);
#6383=ADVANCED_FACE('',(#5843),#6089,.F.);
#6384=ADVANCED_FACE('',(#5844),#246,.F.);
#6385=ADVANCED_FACE('',(#5845),#6090,.F.);
#6386=ADVANCED_FACE('',(#5846),#6091,.F.);
#6387=ADVANCED_FACE('',(#5847),#247,.F.);
#6388=ADVANCED_FACE('',(#5848),#6092,.F.);
#6389=ADVANCED_FACE('',(#5849),#6093,.F.);
#6390=ADVANCED_FACE('',(#5850),#248,.F.);
#6391=ADVANCED_FACE('',(#5851),#6094,.F.);
#6392=ADVANCED_FACE('',(#5852),#6095,.F.);
#6393=ADVANCED_FACE('',(#5853),#249,.F.);
#6394=ADVANCED_FACE('',(#5854),#250,.F.);
#6395=ADVANCED_FACE('',(#5855),#6096,.F.);
#6396=ADVANCED_FACE('',(#5856),#6097,.F.);
#6397=ADVANCED_FACE('',(#5857),#671,.F.);
#6398=ADVANCED_FACE('',(#5858),#672,.F.);
#6399=ADVANCED_FACE('',(#5859),#673,.T.);
#6400=ADVANCED_FACE('',(#5860),#674,.T.);
#6401=ADVANCED_FACE('',(#5861),#675,.T.);
#6402=ADVANCED_FACE('',(#5862),#676,.T.);
#6403=ADVANCED_FACE('',(#5863),#251,.F.);
#6404=ADVANCED_FACE('',(#5864),#677,.T.);
#6405=ADVANCED_FACE('',(#5865),#678,.F.);
#6406=ADVANCED_FACE('',(#5866),#252,.T.);
#6407=ADVANCED_FACE('',(#5867),#679,.F.);
#6408=ADVANCED_FACE('',(#5868),#6098,.T.);
#6409=ADVANCED_FACE('',(#5869),#6099,.T.);
#6410=ADVANCED_FACE('',(#5870),#253,.T.);
#6411=ADVANCED_FACE('',(#5871),#6100,.T.);
#6412=ADVANCED_FACE('',(#5872,#5873),#6101,.T.);
#6413=ADVANCED_FACE('',(#5874,#5875),#6102,.T.);
#6414=ADVANCED_FACE('',(#5876),#680,.T.);
#6415=ADVANCED_FACE('',(#5877),#681,.T.);
#6416=ADVANCED_FACE('',(#5878),#254,.T.);
#6417=ADVANCED_FACE('',(#5879),#682,.F.);
#6418=ADVANCED_FACE('',(#5880),#255,.T.);
#6419=ADVANCED_FACE('',(#5881),#256,.F.);
#6420=ADVANCED_FACE('',(#5882),#683,.T.);
#6421=ADVANCED_FACE('',(#5883),#684,.F.);
#6422=ADVANCED_FACE('',(#5884),#257,.T.);
#6423=ADVANCED_FACE('',(#5885),#685,.F.);
#6424=ADVANCED_FACE('',(#5886),#258,.T.);
#6425=ADVANCED_FACE('',(#5887),#686,.T.);
#6426=ADVANCED_FACE('',(#5888),#259,.F.);
#6427=ADVANCED_FACE('',(#5889),#687,.T.);
#6428=ADVANCED_FACE('',(#5890),#260,.T.);
#6429=ADVANCED_FACE('',(#5891),#688,.T.);
#6430=ADVANCED_FACE('',(#5892),#689,.F.);
#6431=ADVANCED_FACE('',(#5893),#261,.F.);
#6432=ADVANCED_FACE('',(#5894),#690,.T.);
#6433=ADVANCED_FACE('',(#5895),#691,.F.);
#6434=ADVANCED_FACE('',(#5896),#692,.F.);
#6435=ADVANCED_FACE('',(#5897,#5898),#6103,.T.);
#6436=ADVANCED_FACE('',(#5899,#5900),#6104,.T.);
#6437=ADVANCED_FACE('',(#5901),#693,.T.);
#6438=ADVANCED_FACE('',(#5902),#694,.F.);
#6439=ADVANCED_FACE('',(#5903,#5904,#5905),#6105,.T.);
#6440=ADVANCED_FACE('',(#5906),#6106,.T.);
#6441=ADVANCED_FACE('',(#5907),#695,.T.);
#6442=ADVANCED_FACE('',(#5908),#696,.F.);
#6443=ADVANCED_FACE('',(#5909),#6107,.T.);
#6444=ADVANCED_FACE('',(#5910,#5911,#5912),#6108,.T.);
#6445=ADVANCED_FACE('',(#5913),#697,.T.);
#6446=ADVANCED_FACE('',(#5914),#262,.T.);
#6447=ADVANCED_FACE('',(#5915),#6109,.T.);
#6448=ADVANCED_FACE('',(#5916),#6110,.T.);
#6449=ADVANCED_FACE('',(#5917),#263,.T.);
#6450=ADVANCED_FACE('',(#5918),#6111,.T.);
#6451=ADVANCED_FACE('',(#5919),#6112,.T.);
#6452=ADVANCED_FACE('',(#5920),#264,.T.);
#6453=ADVANCED_FACE('',(#5921),#6113,.T.);
#6454=ADVANCED_FACE('',(#5922),#6114,.T.);
#6455=ADVANCED_FACE('',(#5923),#6115,.T.);
#6456=ADVANCED_FACE('',(#5924),#265,.T.);
#6457=ADVANCED_FACE('',(#5925),#6116,.T.);
#6458=ADVANCED_FACE('',(#5926),#6117,.T.);
#6459=ADVANCED_FACE('',(#5927),#266,.T.);
#6460=ADVANCED_FACE('',(#5928),#6118,.T.);
#6461=ADVANCED_FACE('',(#5929),#6119,.T.);
#6462=ADVANCED_FACE('',(#5930),#267,.T.);
#6463=ADVANCED_FACE('',(#5931),#6120,.T.);
#6464=ADVANCED_FACE('',(#5932),#6121,.T.);
#6465=ADVANCED_FACE('',(#5933),#268,.T.);
#6466=ADVANCED_FACE('',(#5934),#6122,.T.);
#6467=ADVANCED_FACE('',(#5935),#6123,.T.);
#6468=ADVANCED_FACE('',(#5936),#269,.T.);
#6469=ADVANCED_FACE('',(#5937),#6124,.T.);
#6470=ADVANCED_FACE('',(#5938),#6125,.T.);
#6471=ADVANCED_FACE('',(#5939),#270,.T.);
#6472=ADVANCED_FACE('',(#5940),#6126,.T.);
#6473=ADVANCED_FACE('',(#5941),#6127,.T.);
#6474=ADVANCED_FACE('',(#5942),#271,.T.);
#6475=ADVANCED_FACE('',(#5943),#6128,.T.);
#6476=ADVANCED_FACE('',(#5944),#6129,.T.);
#6477=ADVANCED_FACE('',(#5945),#272,.T.);
#6478=ADVANCED_FACE('',(#5946),#6130,.T.);
#6479=ADVANCED_FACE('',(#5947),#6131,.T.);
#6480=ADVANCED_FACE('',(#5948),#273,.T.);
#6481=ADVANCED_FACE('',(#5949),#6132,.T.);
#6482=ADVANCED_FACE('',(#5950),#6133,.T.);
#6483=ADVANCED_FACE('',(#5951),#274,.T.);
#6484=ADVANCED_FACE('',(#5952),#6134,.T.);
#6485=ADVANCED_FACE('',(#5953),#6135,.T.);
#6486=ADVANCED_FACE('',(#5954),#275,.T.);
#6487=ADVANCED_FACE('',(#5955),#6136,.T.);
#6488=ADVANCED_FACE('',(#5956),#6137,.T.);
#6489=ADVANCED_FACE('',(#5957),#276,.T.);
#6490=ADVANCED_FACE('',(#5958),#6138,.T.);
#6491=ADVANCED_FACE('',(#5959),#6139,.T.);
#6492=ADVANCED_FACE('',(#5960),#277,.T.);
#6493=ADVANCED_FACE('',(#5961),#6140,.T.);
#6494=ADVANCED_FACE('',(#5962),#6141,.T.);
#6495=ADVANCED_FACE('',(#5963),#278,.T.);
#6496=ADVANCED_FACE('',(#5964),#6142,.T.);
#6497=ADVANCED_FACE('',(#5965),#6143,.T.);
#6498=ADVANCED_FACE('',(#5966),#279,.T.);
#6499=ADVANCED_FACE('',(#5967),#6144,.T.);
#6500=ADVANCED_FACE('',(#5968),#6145,.T.);
#6501=ADVANCED_FACE('',(#5969),#280,.T.);
#6502=ADVANCED_FACE('',(#5970),#6146,.T.);
#6503=ADVANCED_FACE('',(#5971),#6147,.T.);
#6504=ADVANCED_FACE('',(#5972),#281,.T.);
#6505=ADVANCED_FACE('',(#5973),#6148,.T.);
#6506=ADVANCED_FACE('',(#5974),#6149,.T.);
#6507=ADVANCED_FACE('',(#5975),#282,.T.);
#6508=ADVANCED_FACE('',(#5976),#6150,.T.);
#6509=ADVANCED_FACE('',(#5977),#6151,.T.);
#6510=ADVANCED_FACE('',(#5978),#283,.T.);
#6511=ADVANCED_FACE('',(#5979),#6152,.T.);
#6512=ADVANCED_FACE('',(#5980),#6153,.T.);
#6513=ADVANCED_FACE('',(#5981),#284,.T.);
#6514=ADVANCED_FACE('',(#5982),#6154,.T.);
#6515=ADVANCED_FACE('',(#5983),#6155,.T.);
#6516=ADVANCED_FACE('',(#5984),#285,.T.);
#6517=ADVANCED_FACE('',(#5985),#6156,.T.);
#6518=ADVANCED_FACE('',(#5986),#6157,.T.);
#6519=ADVANCED_FACE('',(#5987),#286,.T.);
#6520=ADVANCED_FACE('',(#5988),#6158,.T.);
#6521=ADVANCED_FACE('',(#5989),#6159,.T.);
#6522=ADVANCED_FACE('',(#5990),#287,.T.);
#6523=ADVANCED_FACE('',(#5991),#6160,.T.);
#6524=ADVANCED_FACE('',(#5992),#6161,.T.);
#6525=ADVANCED_FACE('',(#5993),#288,.T.);
#6526=ADVANCED_FACE('',(#5994),#6162,.T.);
#6527=ADVANCED_FACE('',(#5995),#6163,.T.);
#6528=ADVANCED_FACE('',(#5996),#289,.T.);
#6529=ADVANCED_FACE('',(#5997),#6164,.T.);
#6530=ADVANCED_FACE('',(#5998),#6165,.T.);
#6531=ADVANCED_FACE('',(#5999),#290,.T.);
#6532=ADVANCED_FACE('',(#6000),#6166,.T.);
#6533=ADVANCED_FACE('',(#6001),#6167,.T.);
#6534=ADVANCED_FACE('',(#6002),#291,.T.);
#6535=ADVANCED_FACE('',(#6003),#6168,.T.);
#6536=ADVANCED_FACE('',(#6004),#6169,.T.);
#6537=ADVANCED_FACE('',(#6005),#292,.T.);
#6538=ADVANCED_FACE('',(#6006),#6170,.T.);
#6539=ADVANCED_FACE('',(#6007),#6171,.T.);
#6540=ADVANCED_FACE('',(#6008),#698,.F.);
#6541=ADVANCED_FACE('',(#6009),#699,.F.);
#6542=ADVANCED_FACE('',(#6010),#700,.F.);
#6543=ADVANCED_FACE('',(#6011),#701,.F.);
#6544=ADVANCED_FACE('',(#6012),#702,.F.);
#6545=ADVANCED_FACE('',(#6013),#703,.T.);
#6546=ADVANCED_FACE('',(#6014),#704,.T.);
#6547=ADVANCED_FACE('',(#6015),#705,.F.);
#6548=ADVANCED_FACE('',(#6016),#706,.T.);
#6549=ADVANCED_FACE('',(#6017),#707,.T.);
#6550=ADVANCED_FACE('',(#6018),#708,.F.);
#6551=ADVANCED_FACE('',(#6019),#709,.F.);
#6552=ADVANCED_FACE('',(#6020),#710,.F.);
#6553=ADVANCED_FACE('',(#6021),#711,.F.);
#6554=ADVANCED_FACE('',(#6022),#293,.T.);
#6555=ADVANCED_FACE('',(#6023),#294,.T.);
#6556=CLOSED_SHELL('',(#6172,#6173,#6174,#6175,#6176,#6177,#6178,#6179,
#6180,#6181,#6182,#6183,#6184,#6185,#6186,#6187,#6188,#6189,#6190,#6191,
#6192,#6193,#6194,#6195,#6196,#6197,#6198,#6199,#6200,#6201,#6202,#6203,
#6204,#6205,#6206,#6207,#6208,#6209,#6210,#6211,#6212,#6213,#6214,#6215,
#6216,#6217,#6218,#6219,#6220,#6221,#6222,#6223,#6224,#6225,#6226,#6227,
#6228,#6229,#6230,#6231,#6232,#6233,#6234,#6235,#6236,#6237,#6238,#6239,
#6240,#6241,#6242,#6243,#6244,#6245,#6246,#6247,#6248,#6249,#6250,#6251,
#6252,#6253,#6254,#6255,#6256,#6257,#6258,#6259,#6260,#6261,#6262,#6263,
#6264,#6265,#6266,#6267,#6268,#6269,#6270,#6271,#6272,#6273,#6274,#6275,
#6276,#6277,#6278,#6279,#6280,#6281,#6282,#6283,#6284,#6285,#6286,#6287,
#6288,#6289,#6290,#6291,#6292,#6293,#6294,#6295,#6296,#6297,#6298,#6299,
#6300,#6301,#6302,#6303,#6304,#6305,#6306,#6307,#6308,#6309,#6310,#6311,
#6312,#6313,#6314,#6315,#6316,#6317,#6318,#6319,#6320,#6321,#6322,#6323,
#6324,#6325,#6326,#6327,#6328,#6329,#6330,#6331,#6332,#6333,#6334,#6335,
#6336,#6337,#6338,#6339,#6340,#6341,#6342,#6343,#6344,#6345,#6346,#6347,
#6348,#6349,#6350,#6351,#6352,#6353,#6354,#6355,#6356,#6357,#6358,#6359,
#6360,#6361,#6362,#6363,#6364,#6365,#6366,#6367,#6368,#6369,#6370,#6371,
#6372,#6373,#6374,#6375,#6376,#6377,#6378,#6379,#6380,#6381,#6382,#6383,
#6384,#6385,#6386,#6387,#6388,#6389,#6390,#6391,#6392,#6393,#6394,#6395,
#6396));
#6557=CLOSED_SHELL('',(#6397,#6398,#6399,#6400,#6401,#6402,#6403,#6404,
#6405,#6406,#6407,#6408,#6409,#6410,#6411,#6412,#6413,#6414,#6415,#6416,
#6417,#6418,#6419,#6420,#6421,#6422,#6423,#6424,#6425,#6426,#6427,#6428,
#6429,#6430,#6431,#6432,#6433,#6434,#6435,#6436,#6437,#6438,#6439,#6440,
#6441,#6442,#6443,#6444,#6445,#6446,#6447,#6448,#6449,#6450,#6451,#6452,
#6453,#6454,#6455,#6456,#6457,#6458,#6459,#6460,#6461,#6462,#6463,#6464,
#6465,#6466,#6467,#6468,#6469,#6470,#6471,#6472,#6473,#6474,#6475,#6476,
#6477,#6478,#6479,#6480,#6481,#6482,#6483,#6484,#6485,#6486,#6487,#6488,
#6489,#6490,#6491,#6492,#6493,#6494,#6495,#6496,#6497,#6498,#6499,#6500,
#6501,#6502,#6503,#6504,#6505,#6506,#6507,#6508,#6509,#6510,#6511,#6512,
#6513,#6514,#6515,#6516,#6517,#6518,#6519,#6520,#6521,#6522,#6523,#6524,
#6525,#6526,#6527,#6528,#6529,#6530,#6531,#6532,#6533,#6534,#6535,#6536,
#6537,#6538,#6539,#6540,#6541,#6542,#6543,#6544,#6545,#6546,#6547,#6548,
#6549,#6550,#6551,#6552,#6553,#6554,#6555));
#6558=STYLED_ITEM('',(#6560),#6574);
#6559=STYLED_ITEM('',(#6561),#6575);
#6560=PRESENTATION_STYLE_ASSIGNMENT((#6562));
#6561=PRESENTATION_STYLE_ASSIGNMENT((#6563));
#6562=SURFACE_STYLE_USAGE(.BOTH.,#6564);
#6563=SURFACE_STYLE_USAGE(.BOTH.,#6565);
#6564=SURFACE_SIDE_STYLE('',(#6566));
#6565=SURFACE_SIDE_STYLE('',(#6567));
#6566=SURFACE_STYLE_FILL_AREA(#6568);
#6567=SURFACE_STYLE_FILL_AREA(#6569);
#6568=FILL_AREA_STYLE('',(#6570));
#6569=FILL_AREA_STYLE('',(#6571));
#6570=FILL_AREA_STYLE_COLOUR('',#6572);
#6571=FILL_AREA_STYLE_COLOUR('',#6573);
#6572=COLOUR_RGB('',0.647058823529412,0.647058823529412,0.647058823529412);
#6573=COLOUR_RGB('',0.615686274509804,0.811764705882353,0.929411764705882);
#6574=MANIFOLD_SOLID_BREP('Part Mounting bracket back',#6556);
#6575=MANIFOLD_SOLID_BREP('Part Mounting bracket front',#6557);
#6576=SHAPE_DEFINITION_REPRESENTATION(#12753,#6578);
#6577=SHAPE_DEFINITION_REPRESENTATION(#12754,#6579);
#6578=SHAPE_REPRESENTATION('Part Mounting bracket back',(#6580),#12743);
#6579=SHAPE_REPRESENTATION('Part Mounting bracket front',(#7054),#12744);
#6580=AXIS2_PLACEMENT_3D('',#9116,#7365,#7366);
#6581=AXIS2_PLACEMENT_3D('',#9117,#7367,#7368);
#6582=AXIS2_PLACEMENT_3D('',#9129,#7369,#7370);
#6583=AXIS2_PLACEMENT_3D('',#9130,#7371,#7372);
#6584=AXIS2_PLACEMENT_3D('',#9142,#7373,#7374);
#6585=AXIS2_PLACEMENT_3D('',#9143,#7375,#7376);
#6586=AXIS2_PLACEMENT_3D('',#9155,#7377,#7378);
#6587=AXIS2_PLACEMENT_3D('',#9156,#7379,#7380);
#6588=AXIS2_PLACEMENT_3D('',#9168,#7381,#7382);
#6589=AXIS2_PLACEMENT_3D('',#9169,#7383,#7384);
#6590=AXIS2_PLACEMENT_3D('',#9185,#7385,#7386);
#6591=AXIS2_PLACEMENT_3D('',#9201,#7387,#7388);
#6592=AXIS2_PLACEMENT_3D('',#9213,#7389,#7390);
#6593=AXIS2_PLACEMENT_3D('',#9214,#7391,#7392);
#6594=AXIS2_PLACEMENT_3D('',#9226,#7393,#7394);
#6595=AXIS2_PLACEMENT_3D('',#9227,#7395,#7396);
#6596=AXIS2_PLACEMENT_3D('',#9239,#7397,#7398);
#6597=AXIS2_PLACEMENT_3D('',#9240,#7399,#7400);
#6598=AXIS2_PLACEMENT_3D('',#9252,#7401,#7402);
#6599=AXIS2_PLACEMENT_3D('',#9253,#7403,#7404);
#6600=AXIS2_PLACEMENT_3D('',#9254,#7405,#7406);
#6601=AXIS2_PLACEMENT_3D('',#9352,#7407,#7408);
#6602=AXIS2_PLACEMENT_3D('',#9364,#7409,#7410);
#6603=AXIS2_PLACEMENT_3D('',#9365,#7411,#7412);
#6604=AXIS2_PLACEMENT_3D('',#9377,#7413,#7414);
#6605=AXIS2_PLACEMENT_3D('',#9378,#7415,#7416);
#6606=AXIS2_PLACEMENT_3D('',#9390,#7417,#7418);
#6607=AXIS2_PLACEMENT_3D('',#9391,#7419,#7420);
#6608=AXIS2_PLACEMENT_3D('',#9407,#7421,#7422);
#6609=AXIS2_PLACEMENT_3D('',#9423,#7423,#7424);
#6610=AXIS2_PLACEMENT_3D('',#9435,#7425,#7426);
#6611=AXIS2_PLACEMENT_3D('',#9436,#7427,#7428);
#6612=AXIS2_PLACEMENT_3D('',#9448,#7429,#7430);
#6613=AXIS2_PLACEMENT_3D('',#9449,#7431,#7432);
#6614=AXIS2_PLACEMENT_3D('',#9461,#7433,#7434);
#6615=AXIS2_PLACEMENT_3D('',#9462,#7435,#7436);
#6616=AXIS2_PLACEMENT_3D('',#9474,#7437,#7438);
#6617=AXIS2_PLACEMENT_3D('',#9475,#7439,#7440);
#6618=AXIS2_PLACEMENT_3D('',#9487,#7441,#7442);
#6619=AXIS2_PLACEMENT_3D('',#9488,#7443,#7444);
#6620=AXIS2_PLACEMENT_3D('',#9558,#7445,#7446);
#6621=AXIS2_PLACEMENT_3D('',#9601,#7447,#7448);
#6622=AXIS2_PLACEMENT_3D('',#9602,#7449,#7450);
#6623=AXIS2_PLACEMENT_3D('',#9609,#7453,#7454);
#6624=AXIS2_PLACEMENT_3D('',#9613,#7456,#7457);
#6625=AXIS2_PLACEMENT_3D('',#9614,#7458,#7459);
#6626=AXIS2_PLACEMENT_3D('',#9677,#7476,#7477);
#6627=AXIS2_PLACEMENT_3D('',#9740,#7494,#7495);
#6628=AXIS2_PLACEMENT_3D('',#9746,#7498,#7499);
#6629=AXIS2_PLACEMENT_3D('',#9750,#7501,#7502);
#6630=AXIS2_PLACEMENT_3D('',#9752,#7503,#7504);
#6631=AXIS2_PLACEMENT_3D('',#9753,#7505,#7506);
#6632=AXIS2_PLACEMENT_3D('',#9759,#7509,#7510);
#6633=AXIS2_PLACEMENT_3D('',#9763,#7512,#7513);
#6634=AXIS2_PLACEMENT_3D('',#9765,#7514,#7515);
#6635=AXIS2_PLACEMENT_3D('',#9766,#7516,#7517);
#6636=AXIS2_PLACEMENT_3D('',#9767,#7518,#7519);
#6637=AXIS2_PLACEMENT_3D('',#9774,#7522,#7523);
#6638=AXIS2_PLACEMENT_3D('',#9776,#7524,#7525);
#6639=AXIS2_PLACEMENT_3D('',#9779,#7527,#7528);
#6640=AXIS2_PLACEMENT_3D('',#9780,#7529,#7530);
#6641=AXIS2_PLACEMENT_3D('',#9787,#7533,#7534);
#6642=AXIS2_PLACEMENT_3D('',#9789,#7535,#7536);
#6643=AXIS2_PLACEMENT_3D('',#9792,#7538,#7539);
#6644=AXIS2_PLACEMENT_3D('',#9798,#7542,#7543);
#6645=AXIS2_PLACEMENT_3D('',#9802,#7545,#7546);
#6646=AXIS2_PLACEMENT_3D('',#9804,#7547,#7548);
#6647=AXIS2_PLACEMENT_3D('',#9805,#7549,#7550);
#6648=AXIS2_PLACEMENT_3D('',#9806,#7551,#7552);
#6649=AXIS2_PLACEMENT_3D('',#9813,#7555,#7556);
#6650=AXIS2_PLACEMENT_3D('',#9815,#7557,#7558);
#6651=AXIS2_PLACEMENT_3D('',#9818,#7560,#7561);
#6652=AXIS2_PLACEMENT_3D('',#9819,#7562,#7563);
#6653=AXIS2_PLACEMENT_3D('',#9824,#7565,#7566);
#6654=AXIS2_PLACEMENT_3D('',#9827,#7568,#7569);
#6655=AXIS2_PLACEMENT_3D('',#9833,#7572,#7573);
#6656=AXIS2_PLACEMENT_3D('',#9835,#7574,#7575);
#6657=AXIS2_PLACEMENT_3D('',#9839,#7577,#7578);
#6658=AXIS2_PLACEMENT_3D('',#9840,#7579,#7580);
#6659=AXIS2_PLACEMENT_3D('',#9841,#7581,#7582);
#6660=AXIS2_PLACEMENT_3D('',#9846,#7584,#7585);
#6661=AXIS2_PLACEMENT_3D('',#9849,#7587,#7588);
#6662=AXIS2_PLACEMENT_3D('',#9850,#7589,#7590);
#6663=AXIS2_PLACEMENT_3D('',#9855,#7592,#7593);
#6664=AXIS2_PLACEMENT_3D('',#9858,#7595,#7596);
#6665=AXIS2_PLACEMENT_3D('',#9859,#7597,#7598);
#6666=AXIS2_PLACEMENT_3D('',#9864,#7600,#7601);
#6667=AXIS2_PLACEMENT_3D('',#9867,#7603,#7604);
#6668=AXIS2_PLACEMENT_3D('',#9870,#7606,#7607);
#6669=AXIS2_PLACEMENT_3D('',#9873,#7609,#7610);
#6670=AXIS2_PLACEMENT_3D('',#9878,#7613,#7614);
#6671=AXIS2_PLACEMENT_3D('',#9879,#7615,#7616);
#6672=AXIS2_PLACEMENT_3D('',#9880,#7617,#7618);
#6673=AXIS2_PLACEMENT_3D('',#9884,#7620,#7621);
#6674=AXIS2_PLACEMENT_3D('',#9886,#7623,#7624);
#6675=AXIS2_PLACEMENT_3D('',#9888,#7626,#7627);
#6676=AXIS2_PLACEMENT_3D('',#9891,#7630,#7631);
#6677=AXIS2_PLACEMENT_3D('',#9892,#7632,#7633);
#6678=AXIS2_PLACEMENT_3D('',#9896,#7635,#7636);
#6679=AXIS2_PLACEMENT_3D('',#9897,#7637,#7638);
#6680=AXIS2_PLACEMENT_3D('',#9904,#7642,#7643);
#6681=AXIS2_PLACEMENT_3D('',#9905,#7644,#7645);
#6682=AXIS2_PLACEMENT_3D('',#9906,#7646,#7647);
#6683=AXIS2_PLACEMENT_3D('',#9909,#7649,#7650);
#6684=AXIS2_PLACEMENT_3D('',#10006,#7651,#7652);
#6685=AXIS2_PLACEMENT_3D('',#10008,#7653,#7654);
#6686=AXIS2_PLACEMENT_3D('',#10009,#7655,#7656);
#6687=AXIS2_PLACEMENT_3D('',#10017,#7657,#7658);
#6688=AXIS2_PLACEMENT_3D('',#10024,#7659,#7660);
#6689=AXIS2_PLACEMENT_3D('',#10025,#7661,#7662);
#6690=AXIS2_PLACEMENT_3D('',#10026,#7663,#7664);
#6691=AXIS2_PLACEMENT_3D('',#10034,#7665,#7666);
#6692=AXIS2_PLACEMENT_3D('',#10041,#7667,#7668);
#6693=AXIS2_PLACEMENT_3D('',#10042,#7669,#7670);
#6694=AXIS2_PLACEMENT_3D('',#10043,#7671,#7672);
#6695=AXIS2_PLACEMENT_3D('',#10051,#7673,#7674);
#6696=AXIS2_PLACEMENT_3D('',#10058,#7675,#7676);
#6697=AXIS2_PLACEMENT_3D('',#10059,#7677,#7678);
#6698=AXIS2_PLACEMENT_3D('',#10113,#7679,#7680);
#6699=AXIS2_PLACEMENT_3D('',#10172,#7681,#7682);
#6700=AXIS2_PLACEMENT_3D('',#10173,#7683,#7684);
#6701=AXIS2_PLACEMENT_3D('',#10181,#7685,#7686);
#6702=AXIS2_PLACEMENT_3D('',#10188,#7687,#7688);
#6703=AXIS2_PLACEMENT_3D('',#10189,#7689,#7690);
#6704=AXIS2_PLACEMENT_3D('',#10190,#7691,#7692);
#6705=AXIS2_PLACEMENT_3D('',#10191,#7693,#7694);
#6706=AXIS2_PLACEMENT_3D('',#10192,#7695,#7696);
#6707=AXIS2_PLACEMENT_3D('',#10193,#7697,#7698);
#6708=AXIS2_PLACEMENT_3D('',#10194,#7699,#7700);
#6709=AXIS2_PLACEMENT_3D('',#10195,#7701,#7702);
#6710=AXIS2_PLACEMENT_3D('',#10196,#7703,#7704);
#6711=AXIS2_PLACEMENT_3D('',#10197,#7705,#7706);
#6712=AXIS2_PLACEMENT_3D('',#10198,#7707,#7708);
#6713=AXIS2_PLACEMENT_3D('',#10199,#7709,#7710);
#6714=AXIS2_PLACEMENT_3D('',#10212,#7711,#7712);
#6715=AXIS2_PLACEMENT_3D('',#10213,#7713,#7714);
#6716=AXIS2_PLACEMENT_3D('',#10214,#7715,#7716);
#6717=AXIS2_PLACEMENT_3D('',#10215,#7717,#7718);
#6718=AXIS2_PLACEMENT_3D('',#10228,#7719,#7720);
#6719=AXIS2_PLACEMENT_3D('',#10229,#7721,#7722);
#6720=AXIS2_PLACEMENT_3D('',#10230,#7723,#7724);
#6721=AXIS2_PLACEMENT_3D('',#10231,#7725,#7726);
#6722=AXIS2_PLACEMENT_3D('',#10232,#7727,#7728);
#6723=AXIS2_PLACEMENT_3D('',#10233,#7729,#7730);
#6724=AXIS2_PLACEMENT_3D('',#10234,#7731,#7732);
#6725=AXIS2_PLACEMENT_3D('',#10235,#7733,#7734);
#6726=AXIS2_PLACEMENT_3D('',#10236,#7735,#7736);
#6727=AXIS2_PLACEMENT_3D('',#10237,#7737,#7738);
#6728=AXIS2_PLACEMENT_3D('',#10238,#7739,#7740);
#6729=AXIS2_PLACEMENT_3D('',#10239,#7741,#7742);
#6730=AXIS2_PLACEMENT_3D('',#10240,#7743,#7744);
#6731=AXIS2_PLACEMENT_3D('',#10241,#7745,#7746);
#6732=AXIS2_PLACEMENT_3D('',#10242,#7747,#7748);
#6733=AXIS2_PLACEMENT_3D('',#10243,#7749,#7750);
#6734=AXIS2_PLACEMENT_3D('',#10244,#7751,#7752);
#6735=AXIS2_PLACEMENT_3D('',#10245,#7753,#7754);
#6736=AXIS2_PLACEMENT_3D('',#10246,#7755,#7756);
#6737=AXIS2_PLACEMENT_3D('',#10247,#7757,#7758);
#6738=AXIS2_PLACEMENT_3D('',#10248,#7759,#7760);
#6739=AXIS2_PLACEMENT_3D('',#10249,#7761,#7762);
#6740=AXIS2_PLACEMENT_3D('',#10250,#7763,#7764);
#6741=AXIS2_PLACEMENT_3D('',#10251,#7765,#7766);
#6742=AXIS2_PLACEMENT_3D('',#10252,#7767,#7768);
#6743=AXIS2_PLACEMENT_3D('',#10253,#7769,#7770);
#6744=AXIS2_PLACEMENT_3D('',#10254,#7771,#7772);
#6745=AXIS2_PLACEMENT_3D('',#10255,#7773,#7774);
#6746=AXIS2_PLACEMENT_3D('',#10256,#7775,#7776);
#6747=AXIS2_PLACEMENT_3D('',#10257,#7777,#7778);
#6748=AXIS2_PLACEMENT_3D('',#10258,#7779,#7780);
#6749=AXIS2_PLACEMENT_3D('',#10259,#7781,#7782);
#6750=AXIS2_PLACEMENT_3D('',#10260,#7783,#7784);
#6751=AXIS2_PLACEMENT_3D('',#10273,#7785,#7786);
#6752=AXIS2_PLACEMENT_3D('',#10286,#7787,#7788);
#6753=AXIS2_PLACEMENT_3D('',#10287,#7789,#7790);
#6754=AXIS2_PLACEMENT_3D('',#10288,#7791,#7792);
#6755=AXIS2_PLACEMENT_3D('',#10289,#7793,#7794);
#6756=AXIS2_PLACEMENT_3D('',#10302,#7795,#7796);
#6757=AXIS2_PLACEMENT_3D('',#10315,#7797,#7798);
#6758=AXIS2_PLACEMENT_3D('',#10316,#7799,#7800);
#6759=AXIS2_PLACEMENT_3D('',#10317,#7801,#7802);
#6760=AXIS2_PLACEMENT_3D('',#10318,#7803,#7804);
#6761=AXIS2_PLACEMENT_3D('',#10319,#7805,#7806);
#6762=AXIS2_PLACEMENT_3D('',#10320,#7807,#7808);
#6763=AXIS2_PLACEMENT_3D('',#10321,#7809,#7810);
#6764=AXIS2_PLACEMENT_3D('',#10322,#7811,#7812);
#6765=AXIS2_PLACEMENT_3D('',#10323,#7813,#7814);
#6766=AXIS2_PLACEMENT_3D('',#10324,#7815,#7816);
#6767=AXIS2_PLACEMENT_3D('',#10325,#7817,#7818);
#6768=AXIS2_PLACEMENT_3D('',#10326,#7819,#7820);
#6769=AXIS2_PLACEMENT_3D('',#10327,#7821,#7822);
#6770=AXIS2_PLACEMENT_3D('',#10328,#7823,#7824);
#6771=AXIS2_PLACEMENT_3D('',#10329,#7825,#7826);
#6772=AXIS2_PLACEMENT_3D('',#10330,#7827,#7828);
#6773=AXIS2_PLACEMENT_3D('',#10331,#7829,#7830);
#6774=AXIS2_PLACEMENT_3D('',#10332,#7831,#7832);
#6775=AXIS2_PLACEMENT_3D('',#10333,#7833,#7834);
#6776=AXIS2_PLACEMENT_3D('',#10334,#7835,#7836);
#6777=AXIS2_PLACEMENT_3D('',#10335,#7837,#7838);
#6778=AXIS2_PLACEMENT_3D('',#10370,#7839,#7840);
#6779=AXIS2_PLACEMENT_3D('',#10371,#7841,#7842);
#6780=AXIS2_PLACEMENT_3D('',#10399,#7843,#7844);
#6781=AXIS2_PLACEMENT_3D('',#10405,#7845,#7846);
#6782=AXIS2_PLACEMENT_3D('',#10406,#7847,#7848);
#6783=AXIS2_PLACEMENT_3D('',#10407,#7849,#7850);
#6784=AXIS2_PLACEMENT_3D('',#10408,#7851,#7852);
#6785=AXIS2_PLACEMENT_3D('',#10409,#7853,#7854);
#6786=AXIS2_PLACEMENT_3D('',#10410,#7855,#7856);
#6787=AXIS2_PLACEMENT_3D('',#10416,#7857,#7858);
#6788=AXIS2_PLACEMENT_3D('',#10438,#7859,#7860);
#6789=AXIS2_PLACEMENT_3D('',#10444,#7861,#7862);
#6790=AXIS2_PLACEMENT_3D('',#10445,#7863,#7864);
#6791=AXIS2_PLACEMENT_3D('',#10446,#7865,#7866);
#6792=AXIS2_PLACEMENT_3D('',#10447,#7867,#7868);
#6793=AXIS2_PLACEMENT_3D('',#10448,#7869,#7870);
#6794=AXIS2_PLACEMENT_3D('',#10449,#7871,#7872);
#6795=AXIS2_PLACEMENT_3D('',#10450,#7873,#7874);
#6796=AXIS2_PLACEMENT_3D('',#10468,#7875,#7876);
#6797=AXIS2_PLACEMENT_3D('',#10478,#7877,#7878);
#6798=AXIS2_PLACEMENT_3D('',#10479,#7879,#7880);
#6799=AXIS2_PLACEMENT_3D('',#10480,#7881,#7882);
#6800=AXIS2_PLACEMENT_3D('',#10481,#7883,#7884);
#6801=AXIS2_PLACEMENT_3D('',#10482,#7885,#7886);
#6802=AXIS2_PLACEMENT_3D('',#10483,#7887,#7888);
#6803=AXIS2_PLACEMENT_3D('',#10484,#7889,#7890);
#6804=AXIS2_PLACEMENT_3D('',#10485,#7891,#7892);
#6805=AXIS2_PLACEMENT_3D('',#10486,#7893,#7894);
#6806=AXIS2_PLACEMENT_3D('',#10487,#7895,#7896);
#6807=AXIS2_PLACEMENT_3D('',#10488,#7897,#7898);
#6808=AXIS2_PLACEMENT_3D('',#10489,#7899,#7900);
#6809=AXIS2_PLACEMENT_3D('',#10490,#7901,#7902);
#6810=AXIS2_PLACEMENT_3D('',#10503,#7903,#7904);
#6811=AXIS2_PLACEMENT_3D('',#10504,#7905,#7906);
#6812=AXIS2_PLACEMENT_3D('',#10505,#7907,#7908);
#6813=AXIS2_PLACEMENT_3D('',#10506,#7909,#7910);
#6814=AXIS2_PLACEMENT_3D('',#10519,#7911,#7912);
#6815=AXIS2_PLACEMENT_3D('',#10520,#7913,#7914);
#6816=AXIS2_PLACEMENT_3D('',#10521,#7915,#7916);
#6817=AXIS2_PLACEMENT_3D('',#10522,#7917,#7918);
#6818=AXIS2_PLACEMENT_3D('',#10523,#7919,#7920);
#6819=AXIS2_PLACEMENT_3D('',#10524,#7921,#7922);
#6820=AXIS2_PLACEMENT_3D('',#10525,#7923,#7924);
#6821=AXIS2_PLACEMENT_3D('',#10526,#7925,#7926);
#6822=AXIS2_PLACEMENT_3D('',#10527,#7927,#7928);
#6823=AXIS2_PLACEMENT_3D('',#10528,#7929,#7930);
#6824=AXIS2_PLACEMENT_3D('',#10529,#7931,#7932);
#6825=AXIS2_PLACEMENT_3D('',#10530,#7933,#7934);
#6826=AXIS2_PLACEMENT_3D('',#10531,#7935,#7936);
#6827=AXIS2_PLACEMENT_3D('',#10532,#7937,#7938);
#6828=AXIS2_PLACEMENT_3D('',#10533,#7939,#7940);
#6829=AXIS2_PLACEMENT_3D('',#10534,#7941,#7942);
#6830=AXIS2_PLACEMENT_3D('',#10535,#7943,#7944);
#6831=AXIS2_PLACEMENT_3D('',#10536,#7945,#7946);
#6832=AXIS2_PLACEMENT_3D('',#10537,#7947,#7948);
#6833=AXIS2_PLACEMENT_3D('',#10538,#7949,#7950);
#6834=AXIS2_PLACEMENT_3D('',#10539,#7951,#7952);
#6835=AXIS2_PLACEMENT_3D('',#10574,#7953,#7954);
#6836=AXIS2_PLACEMENT_3D('',#10575,#7955,#7956);
#6837=AXIS2_PLACEMENT_3D('',#10603,#7957,#7958);
#6838=AXIS2_PLACEMENT_3D('',#10604,#7959,#7960);
#6839=AXIS2_PLACEMENT_3D('',#10605,#7961,#7962);
#6840=AXIS2_PLACEMENT_3D('',#10606,#7963,#7964);
#6841=AXIS2_PLACEMENT_3D('',#10607,#7965,#7966);
#6842=AXIS2_PLACEMENT_3D('',#10608,#7967,#7968);
#6843=AXIS2_PLACEMENT_3D('',#10609,#7969,#7970);
#6844=AXIS2_PLACEMENT_3D('',#10615,#7971,#7972);
#6845=AXIS2_PLACEMENT_3D('',#10616,#7973,#7974);
#6846=AXIS2_PLACEMENT_3D('',#10622,#7975,#7976);
#6847=AXIS2_PLACEMENT_3D('',#10623,#7977,#7978);
#6848=AXIS2_PLACEMENT_3D('',#10624,#7979,#7980);
#6849=AXIS2_PLACEMENT_3D('',#10625,#7981,#7982);
#6850=AXIS2_PLACEMENT_3D('',#10626,#7983,#7984);
#6851=AXIS2_PLACEMENT_3D('',#10627,#7985,#7986);
#6852=AXIS2_PLACEMENT_3D('',#10628,#7987,#7988);
#6853=AXIS2_PLACEMENT_3D('',#10629,#7989,#7990);
#6854=AXIS2_PLACEMENT_3D('',#10652,#7991,#7992);
#6855=AXIS2_PLACEMENT_3D('',#10657,#7993,#7994);
#6856=AXIS2_PLACEMENT_3D('',#10658,#7995,#7996);
#6857=AXIS2_PLACEMENT_3D('',#10659,#7997,#7998);
#6858=AXIS2_PLACEMENT_3D('',#10686,#7999,#8000);
#6859=AXIS2_PLACEMENT_3D('',#10687,#8001,#8002);
#6860=AXIS2_PLACEMENT_3D('',#10688,#8003,#8004);
#6861=AXIS2_PLACEMENT_3D('',#10689,#8005,#8006);
#6862=AXIS2_PLACEMENT_3D('',#10690,#8007,#8008);
#6863=AXIS2_PLACEMENT_3D('',#10691,#8009,#8010);
#6864=AXIS2_PLACEMENT_3D('',#10692,#8011,#8012);
#6865=AXIS2_PLACEMENT_3D('',#10693,#8013,#8014);
#6866=AXIS2_PLACEMENT_3D('',#10694,#8015,#8016);
#6867=AXIS2_PLACEMENT_3D('',#10695,#8017,#8018);
#6868=AXIS2_PLACEMENT_3D('',#10696,#8019,#8020);
#6869=AXIS2_PLACEMENT_3D('',#10697,#8021,#8022);
#6870=AXIS2_PLACEMENT_3D('',#10698,#8023,#8024);
#6871=AXIS2_PLACEMENT_3D('',#10699,#8025,#8026);
#6872=AXIS2_PLACEMENT_3D('',#10700,#8027,#8028);
#6873=AXIS2_PLACEMENT_3D('',#10701,#8029,#8030);
#6874=AXIS2_PLACEMENT_3D('',#10702,#8031,#8032);
#6875=AXIS2_PLACEMENT_3D('',#10703,#8033,#8034);
#6876=AXIS2_PLACEMENT_3D('',#10704,#8035,#8036);
#6877=AXIS2_PLACEMENT_3D('',#10705,#8037,#8038);
#6878=AXIS2_PLACEMENT_3D('',#10706,#8039,#8040);
#6879=AXIS2_PLACEMENT_3D('',#10707,#8041,#8042);
#6880=AXIS2_PLACEMENT_3D('',#10708,#8043,#8044);
#6881=AXIS2_PLACEMENT_3D('',#10709,#8045,#8046);
#6882=AXIS2_PLACEMENT_3D('',#10710,#8047,#8048);
#6883=AXIS2_PLACEMENT_3D('',#10711,#8049,#8050);
#6884=AXIS2_PLACEMENT_3D('',#10712,#8051,#8052);
#6885=AXIS2_PLACEMENT_3D('',#10713,#8053,#8054);
#6886=AXIS2_PLACEMENT_3D('',#10714,#8055,#8056);
#6887=AXIS2_PLACEMENT_3D('',#10715,#8057,#8058);
#6888=AXIS2_PLACEMENT_3D('',#10716,#8059,#8060);
#6889=AXIS2_PLACEMENT_3D('',#10717,#8061,#8062);
#6890=AXIS2_PLACEMENT_3D('',#10718,#8063,#8064);
#6891=AXIS2_PLACEMENT_3D('',#10719,#8065,#8066);
#6892=AXIS2_PLACEMENT_3D('',#10720,#8067,#8068);
#6893=AXIS2_PLACEMENT_3D('',#10721,#8069,#8070);
#6894=AXIS2_PLACEMENT_3D('',#10722,#8071,#8072);
#6895=AXIS2_PLACEMENT_3D('',#10723,#8073,#8074);
#6896=AXIS2_PLACEMENT_3D('',#10724,#8075,#8076);
#6897=AXIS2_PLACEMENT_3D('',#10725,#8077,#8078);
#6898=AXIS2_PLACEMENT_3D('',#10726,#8079,#8080);
#6899=AXIS2_PLACEMENT_3D('',#10727,#8081,#8082);
#6900=AXIS2_PLACEMENT_3D('',#10728,#8083,#8084);
#6901=AXIS2_PLACEMENT_3D('',#10729,#8085,#8086);
#6902=AXIS2_PLACEMENT_3D('',#10731,#8087,#8088);
#6903=AXIS2_PLACEMENT_3D('',#10733,#8089,#8090);
#6904=AXIS2_PLACEMENT_3D('',#10734,#8091,#8092);
#6905=AXIS2_PLACEMENT_3D('',#10743,#8093,#8094);
#6906=AXIS2_PLACEMENT_3D('',#10744,#8095,#8096);
#6907=AXIS2_PLACEMENT_3D('',#10746,#8097,#8098);
#6908=AXIS2_PLACEMENT_3D('',#10747,#8099,#8100);
#6909=AXIS2_PLACEMENT_3D('',#10752,#8101,#8102);
#6910=AXIS2_PLACEMENT_3D('',#10753,#8103,#8104);
#6911=AXIS2_PLACEMENT_3D('',#10755,#8105,#8106);
#6912=AXIS2_PLACEMENT_3D('',#10757,#8107,#8108);
#6913=AXIS2_PLACEMENT_3D('',#10758,#8109,#8110);
#6914=AXIS2_PLACEMENT_3D('',#10767,#8111,#8112);
#6915=AXIS2_PLACEMENT_3D('',#10768,#8113,#8114);
#6916=AXIS2_PLACEMENT_3D('',#10769,#8115,#8116);
#6917=AXIS2_PLACEMENT_3D('',#10770,#8117,#8118);
#6918=AXIS2_PLACEMENT_3D('',#10772,#8119,#8120);
#6919=AXIS2_PLACEMENT_3D('',#10773,#8121,#8122);
#6920=AXIS2_PLACEMENT_3D('',#10778,#8123,#8124);
#6921=AXIS2_PLACEMENT_3D('',#10779,#8125,#8126);
#6922=AXIS2_PLACEMENT_3D('',#10781,#8127,#8128);
#6923=AXIS2_PLACEMENT_3D('',#10783,#8129,#8130);
#6924=AXIS2_PLACEMENT_3D('',#10784,#8131,#8132);
#6925=AXIS2_PLACEMENT_3D('',#10793,#8133,#8134);
#6926=AXIS2_PLACEMENT_3D('',#10794,#8135,#8136);
#6927=AXIS2_PLACEMENT_3D('',#10796,#8137,#8138);
#6928=AXIS2_PLACEMENT_3D('',#10797,#8139,#8140);
#6929=AXIS2_PLACEMENT_3D('',#10802,#8141,#8142);
#6930=AXIS2_PLACEMENT_3D('',#10803,#8143,#8144);
#6931=AXIS2_PLACEMENT_3D('',#10804,#8145,#8146);
#6932=AXIS2_PLACEMENT_3D('',#10805,#8147,#8148);
#6933=AXIS2_PLACEMENT_3D('',#10806,#8149,#8150);
#6934=AXIS2_PLACEMENT_3D('',#10808,#8151,#8152);
#6935=AXIS2_PLACEMENT_3D('',#10809,#8153,#8154);
#6936=AXIS2_PLACEMENT_3D('',#10814,#8155,#8156);
#6937=AXIS2_PLACEMENT_3D('',#10815,#8157,#8158);
#6938=AXIS2_PLACEMENT_3D('',#10817,#8159,#8160);
#6939=AXIS2_PLACEMENT_3D('',#10818,#8161,#8162);
#6940=AXIS2_PLACEMENT_3D('',#10823,#8163,#8164);
#6941=AXIS2_PLACEMENT_3D('',#10824,#8165,#8166);
#6942=AXIS2_PLACEMENT_3D('',#10826,#8167,#8168);
#6943=AXIS2_PLACEMENT_3D('',#10827,#8169,#8170);
#6944=AXIS2_PLACEMENT_3D('',#10832,#8171,#8172);
#6945=AXIS2_PLACEMENT_3D('',#10833,#8173,#8174);
#6946=AXIS2_PLACEMENT_3D('',#10834,#8175,#8176);
#6947=AXIS2_PLACEMENT_3D('',#10835,#8177,#8178);
#6948=AXIS2_PLACEMENT_3D('',#10836,#8179,#8180);
#6949=AXIS2_PLACEMENT_3D('',#10837,#8181,#8182);
#6950=AXIS2_PLACEMENT_3D('',#10838,#8183,#8184);
#6951=AXIS2_PLACEMENT_3D('',#10840,#8185,#8186);
#6952=AXIS2_PLACEMENT_3D('',#10842,#8187,#8188);
#6953=AXIS2_PLACEMENT_3D('',#10843,#8189,#8190);
#6954=AXIS2_PLACEMENT_3D('',#10852,#8191,#8192);
#6955=AXIS2_PLACEMENT_3D('',#10853,#8193,#8194);
#6956=AXIS2_PLACEMENT_3D('',#10855,#8195,#8196);
#6957=AXIS2_PLACEMENT_3D('',#10856,#8197,#8198);
#6958=AXIS2_PLACEMENT_3D('',#10861,#8199,#8200);
#6959=AXIS2_PLACEMENT_3D('',#10862,#8201,#8202);
#6960=AXIS2_PLACEMENT_3D('',#10864,#8203,#8204);
#6961=AXIS2_PLACEMENT_3D('',#10866,#8205,#8206);
#6962=AXIS2_PLACEMENT_3D('',#10867,#8207,#8208);
#6963=AXIS2_PLACEMENT_3D('',#10876,#8209,#8210);
#6964=AXIS2_PLACEMENT_3D('',#10877,#8211,#8212);
#6965=AXIS2_PLACEMENT_3D('',#10878,#8213,#8214);
#6966=AXIS2_PLACEMENT_3D('',#10879,#8215,#8216);
#6967=AXIS2_PLACEMENT_3D('',#10881,#8217,#8218);
#6968=AXIS2_PLACEMENT_3D('',#10882,#8219,#8220);
#6969=AXIS2_PLACEMENT_3D('',#10887,#8221,#8222);
#6970=AXIS2_PLACEMENT_3D('',#10888,#8223,#8224);
#6971=AXIS2_PLACEMENT_3D('',#10890,#8225,#8226);
#6972=AXIS2_PLACEMENT_3D('',#10892,#8227,#8228);
#6973=AXIS2_PLACEMENT_3D('',#10893,#8229,#8230);
#6974=AXIS2_PLACEMENT_3D('',#10902,#8231,#8232);
#6975=AXIS2_PLACEMENT_3D('',#10903,#8233,#8234);
#6976=AXIS2_PLACEMENT_3D('',#10905,#8235,#8236);
#6977=AXIS2_PLACEMENT_3D('',#10906,#8237,#8238);
#6978=AXIS2_PLACEMENT_3D('',#10911,#8239,#8240);
#6979=AXIS2_PLACEMENT_3D('',#10912,#8241,#8242);
#6980=AXIS2_PLACEMENT_3D('',#10913,#8243,#8244);
#6981=AXIS2_PLACEMENT_3D('',#10914,#8245,#8246);
#6982=AXIS2_PLACEMENT_3D('',#10915,#8247,#8248);
#6983=AXIS2_PLACEMENT_3D('',#10917,#8249,#8250);
#6984=AXIS2_PLACEMENT_3D('',#10918,#8251,#8252);
#6985=AXIS2_PLACEMENT_3D('',#10923,#8253,#8254);
#6986=AXIS2_PLACEMENT_3D('',#10924,#8255,#8256);
#6987=AXIS2_PLACEMENT_3D('',#10926,#8257,#8258);
#6988=AXIS2_PLACEMENT_3D('',#10927,#8259,#8260);
#6989=AXIS2_PLACEMENT_3D('',#10932,#8261,#8262);
#6990=AXIS2_PLACEMENT_3D('',#10933,#8263,#8264);
#6991=AXIS2_PLACEMENT_3D('',#10935,#8265,#8266);
#6992=AXIS2_PLACEMENT_3D('',#10936,#8267,#8268);
#6993=AXIS2_PLACEMENT_3D('',#10941,#8269,#8270);
#6994=AXIS2_PLACEMENT_3D('',#10942,#8271,#8272);
#6995=AXIS2_PLACEMENT_3D('',#10943,#8273,#8274);
#6996=AXIS2_PLACEMENT_3D('',#10944,#8275,#8276);
#6997=AXIS2_PLACEMENT_3D('',#10950,#8277,#8278);
#6998=AXIS2_PLACEMENT_3D('',#10951,#8279,#8280);
#6999=AXIS2_PLACEMENT_3D('',#10952,#8281,#8282);
#7000=AXIS2_PLACEMENT_3D('',#10953,#8283,#8284);
#7001=AXIS2_PLACEMENT_3D('',#10954,#8285,#8286);
#7002=AXIS2_PLACEMENT_3D('',#10955,#8287,#8288);
#7003=AXIS2_PLACEMENT_3D('',#10956,#8289,#8290);
#7004=AXIS2_PLACEMENT_3D('',#10957,#8291,#8292);
#7005=AXIS2_PLACEMENT_3D('',#10958,#8293,#8294);
#7006=AXIS2_PLACEMENT_3D('',#10964,#8295,#8296);
#7007=AXIS2_PLACEMENT_3D('',#10965,#8297,#8298);
#7008=AXIS2_PLACEMENT_3D('',#10966,#8299,#8300);
#7009=AXIS2_PLACEMENT_3D('',#10967,#8301,#8302);
#7010=AXIS2_PLACEMENT_3D('',#10968,#8303,#8304);
#7011=AXIS2_PLACEMENT_3D('',#10974,#8305,#8306);
#7012=AXIS2_PLACEMENT_3D('',#10975,#8307,#8308);
#7013=AXIS2_PLACEMENT_3D('',#10976,#8309,#8310);
#7014=AXIS2_PLACEMENT_3D('',#10977,#8311,#8312);
#7015=AXIS2_PLACEMENT_3D('',#10978,#8313,#8314);
#7016=AXIS2_PLACEMENT_3D('',#10984,#8315,#8316);
#7017=AXIS2_PLACEMENT_3D('',#10985,#8317,#8318);
#7018=AXIS2_PLACEMENT_3D('',#10986,#8319,#8320);
#7019=AXIS2_PLACEMENT_3D('',#10987,#8321,#8322);
#7020=AXIS2_PLACEMENT_3D('',#10988,#8323,#8324);
#7021=AXIS2_PLACEMENT_3D('',#10989,#8325,#8326);
#7022=AXIS2_PLACEMENT_3D('',#10990,#8327,#8328);
#7023=AXIS2_PLACEMENT_3D('',#10991,#8329,#8330);
#7024=AXIS2_PLACEMENT_3D('',#10992,#8331,#8332);
#7025=AXIS2_PLACEMENT_3D('',#10993,#8333,#8334);
#7026=AXIS2_PLACEMENT_3D('',#10999,#8335,#8336);
#7027=AXIS2_PLACEMENT_3D('',#11000,#8337,#8338);
#7028=AXIS2_PLACEMENT_3D('',#11001,#8339,#8340);
#7029=AXIS2_PLACEMENT_3D('',#11002,#8341,#8342);
#7030=AXIS2_PLACEMENT_3D('',#11003,#8343,#8344);
#7031=AXIS2_PLACEMENT_3D('',#11004,#8345,#8346);
#7032=AXIS2_PLACEMENT_3D('',#11005,#8347,#8348);
#7033=AXIS2_PLACEMENT_3D('',#11006,#8349,#8350);
#7034=AXIS2_PLACEMENT_3D('',#11012,#8351,#8352);
#7035=AXIS2_PLACEMENT_3D('',#11013,#8353,#8354);
#7036=AXIS2_PLACEMENT_3D('',#11014,#8355,#8356);
#7037=AXIS2_PLACEMENT_3D('',#11015,#8357,#8358);
#7038=AXIS2_PLACEMENT_3D('',#11016,#8359,#8360);
#7039=AXIS2_PLACEMENT_3D('',#11017,#8361,#8362);
#7040=AXIS2_PLACEMENT_3D('',#11023,#8363,#8364);
#7041=AXIS2_PLACEMENT_3D('',#11024,#8365,#8366);
#7042=AXIS2_PLACEMENT_3D('',#11025,#8367,#8368);
#7043=AXIS2_PLACEMENT_3D('',#11026,#8369,#8370);
#7044=AXIS2_PLACEMENT_3D('',#11032,#8371,#8372);
#7045=AXIS2_PLACEMENT_3D('',#11033,#8373,#8374);
#7046=AXIS2_PLACEMENT_3D('',#11034,#8375,#8376);
#7047=AXIS2_PLACEMENT_3D('',#11035,#8377,#8378);
#7048=AXIS2_PLACEMENT_3D('',#11036,#8379,#8380);
#7049=AXIS2_PLACEMENT_3D('',#11037,#8381,#8382);
#7050=AXIS2_PLACEMENT_3D('',#11038,#8383,#8384);
#7051=AXIS2_PLACEMENT_3D('',#11039,#8385,#8386);
#7052=AXIS2_PLACEMENT_3D('',#11040,#8387,#8388);
#7053=AXIS2_PLACEMENT_3D('',#11041,#8389,#8390);
#7054=AXIS2_PLACEMENT_3D('',#11042,#8391,#8392);
#7055=AXIS2_PLACEMENT_3D('',#11043,#8393,#8394);
#7056=AXIS2_PLACEMENT_3D('',#11052,#8399,#8400);
#7057=AXIS2_PLACEMENT_3D('',#11065,#8404,#8405);
#7058=AXIS2_PLACEMENT_3D('',#11082,#8409,#8410);
#7059=AXIS2_PLACEMENT_3D('',#11104,#8416,#8417);
#7060=AXIS2_PLACEMENT_3D('',#11112,#8419,#8420);
#7061=AXIS2_PLACEMENT_3D('',#11121,#8425,#8426);
#7062=AXIS2_PLACEMENT_3D('',#11122,#8427,#8428);
#7063=AXIS2_PLACEMENT_3D('',#11129,#8431,#8432);
#7064=AXIS2_PLACEMENT_3D('',#11132,#8434,#8435);
#7065=AXIS2_PLACEMENT_3D('',#11133,#8436,#8437);
#7066=AXIS2_PLACEMENT_3D('',#11138,#8440,#8441);
#7067=AXIS2_PLACEMENT_3D('',#11142,#8443,#8444);
#7068=AXIS2_PLACEMENT_3D('',#11146,#8446,#8447);
#7069=AXIS2_PLACEMENT_3D('',#11149,#8449,#8450);
#7070=AXIS2_PLACEMENT_3D('',#11150,#8451,#8452);
#7071=AXIS2_PLACEMENT_3D('',#11155,#8456,#8457);
#7072=AXIS2_PLACEMENT_3D('',#11156,#8458,#8459);
#7073=AXIS2_PLACEMENT_3D('',#11163,#8462,#8463);
#7074=AXIS2_PLACEMENT_3D('',#11166,#8465,#8466);
#7075=AXIS2_PLACEMENT_3D('',#11170,#8468,#8469);
#7076=AXIS2_PLACEMENT_3D('',#11174,#8471,#8472);
#7077=AXIS2_PLACEMENT_3D('',#11175,#8473,#8474);
#7078=AXIS2_PLACEMENT_3D('',#11179,#8476,#8477);
#7079=AXIS2_PLACEMENT_3D('',#11180,#8478,#8479);
#7080=AXIS2_PLACEMENT_3D('',#11184,#8481,#8482);
#7081=AXIS2_PLACEMENT_3D('',#11185,#8483,#8484);
#7082=AXIS2_PLACEMENT_3D('',#11217,#8503,#8504);
#7083=AXIS2_PLACEMENT_3D('',#11223,#8505,#8506);
#7084=AXIS2_PLACEMENT_3D('',#11225,#8507,#8508);
#7085=AXIS2_PLACEMENT_3D('',#11227,#8509,#8510);
#7086=AXIS2_PLACEMENT_3D('',#11532,#8511,#8512);
#7087=AXIS2_PLACEMENT_3D('',#11842,#8513,#8514);
#7088=AXIS2_PLACEMENT_3D('',#11844,#8515,#8516);
#7089=AXIS2_PLACEMENT_3D('',#11845,#8517,#8518);
#7090=AXIS2_PLACEMENT_3D('',#11851,#8519,#8520);
#7091=AXIS2_PLACEMENT_3D('',#11852,#8521,#8522);
#7092=AXIS2_PLACEMENT_3D('',#11854,#8523,#8524);
#7093=AXIS2_PLACEMENT_3D('',#11856,#8525,#8526);
#7094=AXIS2_PLACEMENT_3D('',#11857,#8527,#8528);
#7095=AXIS2_PLACEMENT_3D('',#11858,#8529,#8530);
#7096=AXIS2_PLACEMENT_3D('',#12019,#8531,#8532);
#7097=AXIS2_PLACEMENT_3D('',#12021,#8533,#8534);
#7098=AXIS2_PLACEMENT_3D('',#12182,#8535,#8536);
#7099=AXIS2_PLACEMENT_3D('',#12184,#8537,#8538);
#7100=AXIS2_PLACEMENT_3D('',#12185,#8539,#8540);
#7101=AXIS2_PLACEMENT_3D('',#12187,#8541,#8542);
#7102=AXIS2_PLACEMENT_3D('',#12192,#8545,#8546);
#7103=AXIS2_PLACEMENT_3D('',#12193,#8547,#8548);
#7104=AXIS2_PLACEMENT_3D('',#12195,#8549,#8550);
#7105=AXIS2_PLACEMENT_3D('',#12200,#8553,#8554);
#7106=AXIS2_PLACEMENT_3D('',#12203,#8556,#8557);
#7107=AXIS2_PLACEMENT_3D('',#12204,#8558,#8559);
#7108=AXIS2_PLACEMENT_3D('',#12205,#8560,#8561);
#7109=AXIS2_PLACEMENT_3D('',#12208,#8563,#8564);
#7110=AXIS2_PLACEMENT_3D('',#12209,#8565,#8566);
#7111=AXIS2_PLACEMENT_3D('',#12213,#8568,#8569);
#7112=AXIS2_PLACEMENT_3D('',#12214,#8570,#8571);
#7113=AXIS2_PLACEMENT_3D('',#12215,#8572,#8573);
#7114=AXIS2_PLACEMENT_3D('',#12219,#8575,#8576);
#7115=AXIS2_PLACEMENT_3D('',#12222,#8578,#8579);
#7116=AXIS2_PLACEMENT_3D('',#12227,#8583,#8584);
#7117=AXIS2_PLACEMENT_3D('',#12229,#8586,#8587);
#7118=AXIS2_PLACEMENT_3D('',#12230,#8588,#8589);
#7119=AXIS2_PLACEMENT_3D('',#12234,#8591,#8592);
#7120=AXIS2_PLACEMENT_3D('',#12235,#8593,#8594);
#7121=AXIS2_PLACEMENT_3D('',#12241,#8598,#8599);
#7122=AXIS2_PLACEMENT_3D('',#12242,#8600,#8601);
#7123=AXIS2_PLACEMENT_3D('',#12246,#8603,#8604);
#7124=AXIS2_PLACEMENT_3D('',#12247,#8605,#8606);
#7125=AXIS2_PLACEMENT_3D('',#12253,#8610,#8611);
#7126=AXIS2_PLACEMENT_3D('',#12254,#8612,#8613);
#7127=AXIS2_PLACEMENT_3D('',#12258,#8615,#8616);
#7128=AXIS2_PLACEMENT_3D('',#12259,#8617,#8618);
#7129=AXIS2_PLACEMENT_3D('',#12274,#8630,#8631);
#7130=AXIS2_PLACEMENT_3D('',#12275,#8632,#8633);
#7131=AXIS2_PLACEMENT_3D('',#12276,#8634,#8635);
#7132=AXIS2_PLACEMENT_3D('',#12277,#8636,#8637);
#7133=AXIS2_PLACEMENT_3D('',#12278,#8638,#8639);
#7134=AXIS2_PLACEMENT_3D('',#12279,#8640,#8641);
#7135=AXIS2_PLACEMENT_3D('',#12282,#8643,#8644);
#7136=AXIS2_PLACEMENT_3D('',#12284,#8646,#8647);
#7137=AXIS2_PLACEMENT_3D('',#12285,#8648,#8649);
#7138=AXIS2_PLACEMENT_3D('',#12286,#8650,#8651);
#7139=AXIS2_PLACEMENT_3D('',#12287,#8652,#8653);
#7140=AXIS2_PLACEMENT_3D('',#12288,#8654,#8655);
#7141=AXIS2_PLACEMENT_3D('',#12289,#8656,#8657);
#7142=AXIS2_PLACEMENT_3D('',#12291,#8658,#8659);
#7143=AXIS2_PLACEMENT_3D('',#12292,#8660,#8661);
#7144=AXIS2_PLACEMENT_3D('',#12293,#8662,#8663);
#7145=AXIS2_PLACEMENT_3D('',#12294,#8664,#8665);
#7146=AXIS2_PLACEMENT_3D('',#12295,#8666,#8667);
#7147=AXIS2_PLACEMENT_3D('',#12296,#8668,#8669);
#7148=AXIS2_PLACEMENT_3D('',#12297,#8670,#8671);
#7149=AXIS2_PLACEMENT_3D('',#12309,#8672,#8673);
#7150=AXIS2_PLACEMENT_3D('',#12324,#8674,#8675);
#7151=AXIS2_PLACEMENT_3D('',#12325,#8676,#8677);
#7152=AXIS2_PLACEMENT_3D('',#12326,#8678,#8679);
#7153=AXIS2_PLACEMENT_3D('',#12336,#8680,#8681);
#7154=AXIS2_PLACEMENT_3D('',#12343,#8682,#8683);
#7155=AXIS2_PLACEMENT_3D('',#12349,#8684,#8685);
#7156=AXIS2_PLACEMENT_3D('',#12350,#8686,#8687);
#7157=AXIS2_PLACEMENT_3D('',#12351,#8688,#8689);
#7158=AXIS2_PLACEMENT_3D('',#12352,#8690,#8691);
#7159=AXIS2_PLACEMENT_3D('',#12354,#8692,#8693);
#7160=AXIS2_PLACEMENT_3D('',#12356,#8694,#8695);
#7161=AXIS2_PLACEMENT_3D('',#12357,#8696,#8697);
#7162=AXIS2_PLACEMENT_3D('',#12358,#8698,#8699);
#7163=AXIS2_PLACEMENT_3D('',#12367,#8700,#8701);
#7164=AXIS2_PLACEMENT_3D('',#12368,#8702,#8703);
#7165=AXIS2_PLACEMENT_3D('',#12369,#8704,#8705);
#7166=AXIS2_PLACEMENT_3D('',#12370,#8706,#8707);
#7167=AXIS2_PLACEMENT_3D('',#12372,#8708,#8709);
#7168=AXIS2_PLACEMENT_3D('',#12373,#8710,#8711);
#7169=AXIS2_PLACEMENT_3D('',#12378,#8712,#8713);
#7170=AXIS2_PLACEMENT_3D('',#12379,#8714,#8715);
#7171=AXIS2_PLACEMENT_3D('',#12380,#8716,#8717);
#7172=AXIS2_PLACEMENT_3D('',#12382,#8718,#8719);
#7173=AXIS2_PLACEMENT_3D('',#12383,#8720,#8721);
#7174=AXIS2_PLACEMENT_3D('',#12384,#8722,#8723);
#7175=AXIS2_PLACEMENT_3D('',#12389,#8724,#8725);
#7176=AXIS2_PLACEMENT_3D('',#12394,#8726,#8727);
#7177=AXIS2_PLACEMENT_3D('',#12399,#8728,#8729);
#7178=AXIS2_PLACEMENT_3D('',#12400,#8730,#8731);
#7179=AXIS2_PLACEMENT_3D('',#12402,#8732,#8733);
#7180=AXIS2_PLACEMENT_3D('',#12403,#8734,#8735);
#7181=AXIS2_PLACEMENT_3D('',#12404,#8736,#8737);
#7182=AXIS2_PLACEMENT_3D('',#12409,#8738,#8739);
#7183=AXIS2_PLACEMENT_3D('',#12410,#8740,#8741);
#7184=AXIS2_PLACEMENT_3D('',#12411,#8742,#8743);
#7185=AXIS2_PLACEMENT_3D('',#12412,#8744,#8745);
#7186=AXIS2_PLACEMENT_3D('',#12414,#8746,#8747);
#7187=AXIS2_PLACEMENT_3D('',#12415,#8748,#8749);
#7188=AXIS2_PLACEMENT_3D('',#12420,#8750,#8751);
#7189=AXIS2_PLACEMENT_3D('',#12421,#8752,#8753);
#7190=AXIS2_PLACEMENT_3D('',#12422,#8754,#8755);
#7191=AXIS2_PLACEMENT_3D('',#12424,#8756,#8757);
#7192=AXIS2_PLACEMENT_3D('',#12425,#8758,#8759);
#7193=AXIS2_PLACEMENT_3D('',#12426,#8760,#8761);
#7194=AXIS2_PLACEMENT_3D('',#12431,#8762,#8763);
#7195=AXIS2_PLACEMENT_3D('',#12432,#8764,#8765);
#7196=AXIS2_PLACEMENT_3D('',#12433,#8766,#8767);
#7197=AXIS2_PLACEMENT_3D('',#12435,#8768,#8769);
#7198=AXIS2_PLACEMENT_3D('',#12436,#8770,#8771);
#7199=AXIS2_PLACEMENT_3D('',#12437,#8772,#8773);
#7200=AXIS2_PLACEMENT_3D('',#12442,#8774,#8775);
#7201=AXIS2_PLACEMENT_3D('',#12443,#8776,#8777);
#7202=AXIS2_PLACEMENT_3D('',#12444,#8778,#8779);
#7203=AXIS2_PLACEMENT_3D('',#12446,#8780,#8781);
#7204=AXIS2_PLACEMENT_3D('',#12447,#8782,#8783);
#7205=AXIS2_PLACEMENT_3D('',#12448,#8784,#8785);
#7206=AXIS2_PLACEMENT_3D('',#12453,#8786,#8787);
#7207=AXIS2_PLACEMENT_3D('',#12454,#8788,#8789);
#7208=AXIS2_PLACEMENT_3D('',#12455,#8790,#8791);
#7209=AXIS2_PLACEMENT_3D('',#12456,#8792,#8793);
#7210=AXIS2_PLACEMENT_3D('',#12458,#8794,#8795);
#7211=AXIS2_PLACEMENT_3D('',#12459,#8796,#8797);
#7212=AXIS2_PLACEMENT_3D('',#12464,#8798,#8799);
#7213=AXIS2_PLACEMENT_3D('',#12465,#8800,#8801);
#7214=AXIS2_PLACEMENT_3D('',#12466,#8802,#8803);
#7215=AXIS2_PLACEMENT_3D('',#12468,#8804,#8805);
#7216=AXIS2_PLACEMENT_3D('',#12469,#8806,#8807);
#7217=AXIS2_PLACEMENT_3D('',#12470,#8808,#8809);
#7218=AXIS2_PLACEMENT_3D('',#12475,#8810,#8811);
#7219=AXIS2_PLACEMENT_3D('',#12476,#8812,#8813);
#7220=AXIS2_PLACEMENT_3D('',#12477,#8814,#8815);
#7221=AXIS2_PLACEMENT_3D('',#12479,#8816,#8817);
#7222=AXIS2_PLACEMENT_3D('',#12480,#8818,#8819);
#7223=AXIS2_PLACEMENT_3D('',#12481,#8820,#8821);
#7224=AXIS2_PLACEMENT_3D('',#12486,#8822,#8823);
#7225=AXIS2_PLACEMENT_3D('',#12487,#8824,#8825);
#7226=AXIS2_PLACEMENT_3D('',#12488,#8826,#8827);
#7227=AXIS2_PLACEMENT_3D('',#12490,#8828,#8829);
#7228=AXIS2_PLACEMENT_3D('',#12491,#8830,#8831);
#7229=AXIS2_PLACEMENT_3D('',#12492,#8832,#8833);
#7230=AXIS2_PLACEMENT_3D('',#12497,#8834,#8835);
#7231=AXIS2_PLACEMENT_3D('',#12498,#8836,#8837);
#7232=AXIS2_PLACEMENT_3D('',#12499,#8838,#8839);
#7233=AXIS2_PLACEMENT_3D('',#12500,#8840,#8841);
#7234=AXIS2_PLACEMENT_3D('',#12502,#8842,#8843);
#7235=AXIS2_PLACEMENT_3D('',#12503,#8844,#8845);
#7236=AXIS2_PLACEMENT_3D('',#12508,#8846,#8847);
#7237=AXIS2_PLACEMENT_3D('',#12509,#8848,#8849);
#7238=AXIS2_PLACEMENT_3D('',#12510,#8850,#8851);
#7239=AXIS2_PLACEMENT_3D('',#12511,#8852,#8853);
#7240=AXIS2_PLACEMENT_3D('',#12513,#8854,#8855);
#7241=AXIS2_PLACEMENT_3D('',#12514,#8856,#8857);
#7242=AXIS2_PLACEMENT_3D('',#12519,#8858,#8859);
#7243=AXIS2_PLACEMENT_3D('',#12520,#8860,#8861);
#7244=AXIS2_PLACEMENT_3D('',#12521,#8862,#8863);
#7245=AXIS2_PLACEMENT_3D('',#12522,#8864,#8865);
#7246=AXIS2_PLACEMENT_3D('',#12523,#8866,#8867);
#7247=AXIS2_PLACEMENT_3D('',#12524,#8868,#8869);
#7248=AXIS2_PLACEMENT_3D('',#12525,#8870,#8871);
#7249=AXIS2_PLACEMENT_3D('',#12526,#8872,#8873);
#7250=AXIS2_PLACEMENT_3D('',#12528,#8874,#8875);
#7251=AXIS2_PLACEMENT_3D('',#12529,#8876,#8877);
#7252=AXIS2_PLACEMENT_3D('',#12531,#8878,#8879);
#7253=AXIS2_PLACEMENT_3D('',#12532,#8880,#8881);
#7254=AXIS2_PLACEMENT_3D('',#12541,#8882,#8883);
#7255=AXIS2_PLACEMENT_3D('',#12542,#8884,#8885);
#7256=AXIS2_PLACEMENT_3D('',#12543,#8886,#8887);
#7257=AXIS2_PLACEMENT_3D('',#12544,#8888,#8889);
#7258=AXIS2_PLACEMENT_3D('',#12546,#8890,#8891);
#7259=AXIS2_PLACEMENT_3D('',#12547,#8892,#8893);
#7260=AXIS2_PLACEMENT_3D('',#12552,#8894,#8895);
#7261=AXIS2_PLACEMENT_3D('',#12553,#8896,#8897);
#7262=AXIS2_PLACEMENT_3D('',#12554,#8898,#8899);
#7263=AXIS2_PLACEMENT_3D('',#12556,#8900,#8901);
#7264=AXIS2_PLACEMENT_3D('',#12557,#8902,#8903);
#7265=AXIS2_PLACEMENT_3D('',#12559,#8904,#8905);
#7266=AXIS2_PLACEMENT_3D('',#12560,#8906,#8907);
#7267=AXIS2_PLACEMENT_3D('',#12565,#8908,#8909);
#7268=AXIS2_PLACEMENT_3D('',#12570,#8910,#8911);
#7269=AXIS2_PLACEMENT_3D('',#12571,#8912,#8913);
#7270=AXIS2_PLACEMENT_3D('',#12573,#8914,#8915);
#7271=AXIS2_PLACEMENT_3D('',#12574,#8916,#8917);
#7272=AXIS2_PLACEMENT_3D('',#12575,#8918,#8919);
#7273=AXIS2_PLACEMENT_3D('',#12580,#8920,#8921);
#7274=AXIS2_PLACEMENT_3D('',#12581,#8922,#8923);
#7275=AXIS2_PLACEMENT_3D('',#12582,#8924,#8925);
#7276=AXIS2_PLACEMENT_3D('',#12584,#8926,#8927);
#7277=AXIS2_PLACEMENT_3D('',#12585,#8928,#8929);
#7278=AXIS2_PLACEMENT_3D('',#12586,#8930,#8931);
#7279=AXIS2_PLACEMENT_3D('',#12591,#8932,#8933);
#7280=AXIS2_PLACEMENT_3D('',#12592,#8934,#8935);
#7281=AXIS2_PLACEMENT_3D('',#12593,#8936,#8937);
#7282=AXIS2_PLACEMENT_3D('',#12594,#8938,#8939);
#7283=AXIS2_PLACEMENT_3D('',#12596,#8940,#8941);
#7284=AXIS2_PLACEMENT_3D('',#12597,#8942,#8943);
#7285=AXIS2_PLACEMENT_3D('',#12602,#8944,#8945);
#7286=AXIS2_PLACEMENT_3D('',#12603,#8946,#8947);
#7287=AXIS2_PLACEMENT_3D('',#12604,#8948,#8949);
#7288=AXIS2_PLACEMENT_3D('',#12606,#8950,#8951);
#7289=AXIS2_PLACEMENT_3D('',#12607,#8952,#8953);
#7290=AXIS2_PLACEMENT_3D('',#12608,#8954,#8955);
#7291=AXIS2_PLACEMENT_3D('',#12613,#8956,#8957);
#7292=AXIS2_PLACEMENT_3D('',#12614,#8958,#8959);
#7293=AXIS2_PLACEMENT_3D('',#12615,#8960,#8961);
#7294=AXIS2_PLACEMENT_3D('',#12617,#8962,#8963);
#7295=AXIS2_PLACEMENT_3D('',#12618,#8964,#8965);
#7296=AXIS2_PLACEMENT_3D('',#12619,#8966,#8967);
#7297=AXIS2_PLACEMENT_3D('',#12624,#8968,#8969);
#7298=AXIS2_PLACEMENT_3D('',#12625,#8970,#8971);
#7299=AXIS2_PLACEMENT_3D('',#12626,#8972,#8973);
#7300=AXIS2_PLACEMENT_3D('',#12628,#8974,#8975);
#7301=AXIS2_PLACEMENT_3D('',#12629,#8976,#8977);
#7302=AXIS2_PLACEMENT_3D('',#12630,#8978,#8979);
#7303=AXIS2_PLACEMENT_3D('',#12635,#8980,#8981);
#7304=AXIS2_PLACEMENT_3D('',#12636,#8982,#8983);
#7305=AXIS2_PLACEMENT_3D('',#12637,#8984,#8985);
#7306=AXIS2_PLACEMENT_3D('',#12638,#8986,#8987);
#7307=AXIS2_PLACEMENT_3D('',#12640,#8988,#8989);
#7308=AXIS2_PLACEMENT_3D('',#12641,#8990,#8991);
#7309=AXIS2_PLACEMENT_3D('',#12646,#8992,#8993);
#7310=AXIS2_PLACEMENT_3D('',#12647,#8994,#8995);
#7311=AXIS2_PLACEMENT_3D('',#12648,#8996,#8997);
#7312=AXIS2_PLACEMENT_3D('',#12650,#8998,#8999);
#7313=AXIS2_PLACEMENT_3D('',#12651,#9000,#9001);
#7314=AXIS2_PLACEMENT_3D('',#12652,#9002,#9003);
#7315=AXIS2_PLACEMENT_3D('',#12657,#9004,#9005);
#7316=AXIS2_PLACEMENT_3D('',#12658,#9006,#9007);
#7317=AXIS2_PLACEMENT_3D('',#12659,#9008,#9009);
#7318=AXIS2_PLACEMENT_3D('',#12661,#9010,#9011);
#7319=AXIS2_PLACEMENT_3D('',#12662,#9012,#9013);
#7320=AXIS2_PLACEMENT_3D('',#12663,#9014,#9015);
#7321=AXIS2_PLACEMENT_3D('',#12668,#9016,#9017);
#7322=AXIS2_PLACEMENT_3D('',#12669,#9018,#9019);
#7323=AXIS2_PLACEMENT_3D('',#12670,#9020,#9021);
#7324=AXIS2_PLACEMENT_3D('',#12672,#9022,#9023);
#7325=AXIS2_PLACEMENT_3D('',#12673,#9024,#9025);
#7326=AXIS2_PLACEMENT_3D('',#12674,#9026,#9027);
#7327=AXIS2_PLACEMENT_3D('',#12679,#9028,#9029);
#7328=AXIS2_PLACEMENT_3D('',#12680,#9030,#9031);
#7329=AXIS2_PLACEMENT_3D('',#12681,#9032,#9033);
#7330=AXIS2_PLACEMENT_3D('',#12682,#9034,#9035);
#7331=AXIS2_PLACEMENT_3D('',#12684,#9036,#9037);
#7332=AXIS2_PLACEMENT_3D('',#12685,#9038,#9039);
#7333=AXIS2_PLACEMENT_3D('',#12690,#9040,#9041);
#7334=AXIS2_PLACEMENT_3D('',#12691,#9042,#9043);
#7335=AXIS2_PLACEMENT_3D('',#12692,#9044,#9045);
#7336=AXIS2_PLACEMENT_3D('',#12693,#9046,#9047);
#7337=AXIS2_PLACEMENT_3D('',#12695,#9048,#9049);
#7338=AXIS2_PLACEMENT_3D('',#12696,#9050,#9051);
#7339=AXIS2_PLACEMENT_3D('',#12701,#9052,#9053);
#7340=AXIS2_PLACEMENT_3D('',#12702,#9054,#9055);
#7341=AXIS2_PLACEMENT_3D('',#12703,#9056,#9057);
#7342=AXIS2_PLACEMENT_3D('',#12704,#9058,#9059);
#7343=AXIS2_PLACEMENT_3D('',#12705,#9060,#9061);
#7344=AXIS2_PLACEMENT_3D('',#12706,#9062,#9063);
#7345=AXIS2_PLACEMENT_3D('',#12707,#9064,#9065);
#7346=AXIS2_PLACEMENT_3D('',#12709,#9067,#9068);
#7347=AXIS2_PLACEMENT_3D('',#12710,#9069,#9070);
#7348=AXIS2_PLACEMENT_3D('',#12712,#9072,#9073);
#7349=AXIS2_PLACEMENT_3D('',#12713,#9074,#9075);
#7350=AXIS2_PLACEMENT_3D('',#12715,#9077,#9078);
#7351=AXIS2_PLACEMENT_3D('',#12716,#9079,#9080);
#7352=AXIS2_PLACEMENT_3D('',#12718,#9082,#9083);
#7353=AXIS2_PLACEMENT_3D('',#12719,#9084,#9085);
#7354=AXIS2_PLACEMENT_3D('',#12721,#9087,#9088);
#7355=AXIS2_PLACEMENT_3D('',#12722,#9089,#9090);
#7356=AXIS2_PLACEMENT_3D('',#12724,#9092,#9093);
#7357=AXIS2_PLACEMENT_3D('',#12725,#9094,#9095);
#7358=AXIS2_PLACEMENT_3D('',#12729,#9098,#9099);
#7359=AXIS2_PLACEMENT_3D('',#12731,#9101,#9102);
#7360=AXIS2_PLACEMENT_3D('',#12732,#9103,#9104);
#7361=AXIS2_PLACEMENT_3D('',#12736,#9107,#9108);
#7362=AXIS2_PLACEMENT_3D('',#12738,#9110,#9111);
#7363=AXIS2_PLACEMENT_3D('',#12739,#9112,#9113);
#7364=AXIS2_PLACEMENT_3D('',#12740,#9114,#9115);
#7365=DIRECTION('',(0.,0.,1.));
#7366=DIRECTION('',(1.,0.,0.));
#7367=DIRECTION('',(-1.,0.,0.));
#7368=DIRECTION('',(0.,0.998206806534276,0.0598595972976968));
#7369=DIRECTION('',(-1.,0.,0.));
#7370=DIRECTION('',(0.,-0.998206806534276,-0.0598595972976968));
#7371=DIRECTION('',(-1.,0.,0.));
#7372=DIRECTION('',(0.,0.998206806534276,0.0598595972976968));
#7373=DIRECTION('',(-1.,0.,0.));
#7374=DIRECTION('',(0.,-0.998206806534276,-0.0598595972976968));
#7375=DIRECTION('',(-1.,0.,0.));
#7376=DIRECTION('',(0.,0.998206806534276,0.0598595972976968));
#7377=DIRECTION('',(-1.,0.,0.));
#7378=DIRECTION('',(0.,-0.998206806534276,-0.0598595972976968));
#7379=DIRECTION('',(-1.,0.,0.));
#7380=DIRECTION('',(0.,0.998206806534276,0.0598595972976968));
#7381=DIRECTION('',(-1.,0.,0.));
#7382=DIRECTION('',(0.,-0.998206806534276,-0.0598595972976968));
#7383=DIRECTION('',(-1.,0.,0.));
#7384=DIRECTION('',(0.,0.998206806534276,0.0598595972976968));
#7385=DIRECTION('',(-1.,0.,0.));
#7386=DIRECTION('',(0.,0.998206806534276,0.0598595972976968));
#7387=DIRECTION('',(-1.,0.,0.));
#7388=DIRECTION('',(0.,0.998206806534276,0.0598595972976968));
#7389=DIRECTION('',(-1.,0.,0.));
#7390=DIRECTION('',(0.,-0.998206806534276,-0.0598595972976968));
#7391=DIRECTION('',(-1.,0.,0.));
#7392=DIRECTION('',(0.,0.998206806534276,0.0598595972976968));
#7393=DIRECTION('',(-1.,0.,0.));
#7394=DIRECTION('',(0.,-0.998206806534276,-0.0598595972976968));
#7395=DIRECTION('',(-1.,0.,0.));
#7396=DIRECTION('',(0.,0.998206806534276,0.0598595972976968));
#7397=DIRECTION('',(-1.,0.,0.));
#7398=DIRECTION('',(0.,-0.998206806534276,-0.0598595972976968));
#7399=DIRECTION('',(-1.,0.,0.));
#7400=DIRECTION('',(0.,0.998206806534276,0.0598595972976968));
#7401=DIRECTION('',(-1.,0.,0.));
#7402=DIRECTION('',(0.,-0.998206806534276,-0.0598595972976968));
#7403=DIRECTION('',(-1.,0.,0.));
#7404=DIRECTION('',(0.,0.998206806534276,0.0598595972976968));
#7405=DIRECTION('',(-1.,0.,0.));
#7406=DIRECTION('',(0.,-0.998206806534276,-0.0598595972976968));
#7407=DIRECTION('',(1.,0.,0.));
#7408=DIRECTION('',(0.,-0.998206806534276,-0.0598595972976968));
#7409=DIRECTION('',(-1.,0.,0.));
#7410=DIRECTION('',(0.,-0.998206806534276,-0.0598595972976968));
#7411=DIRECTION('',(1.,0.,0.));
#7412=DIRECTION('',(0.,-0.998206806534276,-0.0598595972976968));
#7413=DIRECTION('',(-1.,0.,0.));
#7414=DIRECTION('',(0.,-0.998206806534276,-0.0598595972976968));
#7415=DIRECTION('',(1.,0.,0.));
#7416=DIRECTION('',(0.,-0.998206806534276,-0.0598595972976968));
#7417=DIRECTION('',(-1.,0.,0.));
#7418=DIRECTION('',(0.,-0.998206806534276,-0.0598595972976968));
#7419=DIRECTION('',(1.,0.,0.));
#7420=DIRECTION('',(0.,-0.998206806534276,-0.0598595972976968));
#7421=DIRECTION('',(1.,0.,0.));
#7422=DIRECTION('',(0.,-0.998206806534276,-0.0598595972976968));
#7423=DIRECTION('',(1.,0.,0.));
#7424=DIRECTION('',(0.,-0.998206806534276,-0.0598595972976968));
#7425=DIRECTION('',(-1.,0.,0.));
#7426=DIRECTION('',(0.,-0.998206806534276,-0.0598595972976968));
#7427=DIRECTION('',(1.,0.,0.));
#7428=DIRECTION('',(0.,-0.998206806534276,-0.0598595972976968));
#7429=DIRECTION('',(-1.,0.,0.));
#7430=DIRECTION('',(0.,-0.998206806534276,-0.0598595972976968));
#7431=DIRECTION('',(1.,0.,0.));
#7432=DIRECTION('',(0.,-0.998206806534276,-0.0598595972976968));
#7433=DIRECTION('',(-1.,0.,0.));
#7434=DIRECTION('',(0.,-0.998206806534276,-0.0598595972976968));
#7435=DIRECTION('',(1.,0.,0.));
#7436=DIRECTION('',(0.,-0.998206806534276,-0.0598595972976968));
#7437=DIRECTION('',(-1.,0.,0.));
#7438=DIRECTION('',(0.,-0.998206806534276,-0.0598595972976968));
#7439=DIRECTION('',(1.,0.,0.));
#7440=DIRECTION('',(0.,-0.998206806534276,-0.0598595972976968));
#7441=DIRECTION('',(-1.,0.,0.));
#7442=DIRECTION('',(0.,-0.998206806534276,-0.0598595972976968));
#7443=DIRECTION('',(1.,0.,0.));
#7444=DIRECTION('',(0.,-0.998206806534276,-0.0598595972976968));
#7445=DIRECTION('',(1.,0.,0.));
#7446=DIRECTION('',(0.,0.998206806534276,0.0598595972976968));
#7447=DIRECTION('',(1.,0.,0.));
#7448=DIRECTION('',(0.,-0.0598595972976968,0.998206806534276));
#7449=DIRECTION('',(1.,0.,0.));
#7450=DIRECTION('',(0.,0.998206806534276,0.0598595972976968));
#7451=DIRECTION('',(0.,0.992876686358212,0.119146488350839));
#7452=DIRECTION('',(0.,-0.748165929095252,0.663511674758657));
#7453=DIRECTION('',(1.,0.,0.));
#7454=DIRECTION('',(0.,0.998206806534276,0.0598595972976968));
#7455=DIRECTION('',(0.,1.,-7.73246751351042E-10));
#7456=DIRECTION('',(1.,0.,0.));
#7457=DIRECTION('',(0.,0.998206806534276,0.0598595972976968));
#7458=DIRECTION('',(0.,7.73246751351042E-10,1.));
#7459=DIRECTION('',(0.,-1.,7.73246751351042E-10));
#7460=DIRECTION('',(1.,0.,0.));
#7461=DIRECTION('',(0.,1.,-7.73246751351042E-10));
#7462=DIRECTION('',(-1.,0.,0.));
#7463=DIRECTION('',(0.,1.,-7.73246751351042E-10));
#7464=DIRECTION('',(1.,0.,0.));
#7465=DIRECTION('',(0.,1.,-7.73246751351042E-10));
#7466=DIRECTION('',(-1.,0.,0.));
#7467=DIRECTION('',(0.,1.,-7.73246751351042E-10));
#7468=DIRECTION('',(-1.,0.,0.));
#7469=DIRECTION('',(0.,1.,-7.73246751351042E-10));
#7470=DIRECTION('',(-1.,0.,0.));
#7471=DIRECTION('',(0.,1.,-7.73246751351042E-10));
#7472=DIRECTION('',(1.,0.,0.));
#7473=DIRECTION('',(0.,1.,-7.73246751351042E-10));
#7474=DIRECTION('',(-1.,0.,0.));
#7475=DIRECTION('',(0.,1.,-7.73246751351042E-10));
#7476=DIRECTION('',(0.,-0.119146488350839,0.992876686358212));
#7477=DIRECTION('',(0.,-0.992876686358212,-0.119146488350839));
#7478=DIRECTION('',(-1.,0.,0.));
#7479=DIRECTION('',(0.,0.992876686358212,0.119146488350839));
#7480=DIRECTION('',(-1.,0.,0.));
#7481=DIRECTION('',(0.,0.992876686358212,0.119146488350839));
#7482=DIRECTION('',(-1.,0.,0.));
#7483=DIRECTION('',(0.,0.992876686358212,0.119146488350839));
#7484=DIRECTION('',(1.,0.,0.));
#7485=DIRECTION('',(0.,0.992876686358212,0.119146488350839));
#7486=DIRECTION('',(-1.,0.,0.));
#7487=DIRECTION('',(0.,0.992876686358212,0.119146488350839));
#7488=DIRECTION('',(1.,0.,0.));
#7489=DIRECTION('',(0.,0.992876686358212,0.119146488350839));
#7490=DIRECTION('',(-1.,0.,0.));
#7491=DIRECTION('',(0.,0.992876686358212,0.119146488350839));
#7492=DIRECTION('',(-1.,0.,0.));
#7493=DIRECTION('',(0.,0.992876686358212,0.119146488350839));
#7494=DIRECTION('',(1.,0.,0.));
#7495=DIRECTION('',(0.,-0.0598595972976968,0.998206806534276));
#7496=DIRECTION('',(0.,0.748165929095252,-0.663511674758657));
#7497=DIRECTION('',(0.,0.992876686358212,0.119146488350839));
#7498=DIRECTION('',(1.,0.,0.));
#7499=DIRECTION('',(0.,0.998206806534276,0.0598595972976968));
#7500=DIRECTION('',(0.,1.,-7.73246751351042E-10));
#7501=DIRECTION('',(1.,0.,0.));
#7502=DIRECTION('',(0.,0.998206806534276,0.0598595972976968));
#7503=DIRECTION('',(1.,0.,0.));
#7504=DIRECTION('',(0.,0.998206806534276,0.0598595972976968));
#7505=DIRECTION('',(1.,0.,0.));
#7506=DIRECTION('',(0.,-0.0598595972976968,0.998206806534276));
#7507=DIRECTION('',(0.,0.748165929095252,-0.663511674758657));
#7508=DIRECTION('',(0.,0.992876686358212,0.119146488350839));
#7509=DIRECTION('',(1.,0.,0.));
#7510=DIRECTION('',(0.,0.998206806534276,0.0598595972976968));
#7511=DIRECTION('',(0.,1.,-7.73246751351042E-10));
#7512=DIRECTION('',(1.,0.,0.));
#7513=DIRECTION('',(0.,0.998206806534276,0.0598595972976968));
#7514=DIRECTION('',(1.,0.,0.));
#7515=DIRECTION('',(0.,0.998206806534276,0.0598595972976968));
#7516=DIRECTION('',(1.,0.,0.));
#7517=DIRECTION('',(0.,-0.0598595972976968,0.998206806534276));
#7518=DIRECTION('',(1.,0.,0.));
#7519=DIRECTION('',(0.,0.998206806534276,0.0598595972976968));
#7520=DIRECTION('',(0.,0.992876686358212,0.119146488350839));
#7521=DIRECTION('',(0.,0.748165929095252,-0.663511674758657));
#7522=DIRECTION('',(1.,0.,0.));
#7523=DIRECTION('',(0.,0.998206806534276,0.0598595972976968));
#7524=DIRECTION('',(1.,0.,0.));
#7525=DIRECTION('',(0.,0.998206806534276,0.0598595972976968));
#7526=DIRECTION('',(0.,1.,-7.73246751351042E-10));
#7527=DIRECTION('',(1.,0.,0.));
#7528=DIRECTION('',(0.,-0.0598595972976968,0.998206806534276));
#7529=DIRECTION('',(1.,0.,0.));
#7530=DIRECTION('',(0.,0.998206806534276,0.0598595972976968));
#7531=DIRECTION('',(0.,0.992876686358212,0.119146488350839));
#7532=DIRECTION('',(0.,-0.748165929095252,0.663511674758657));
#7533=DIRECTION('',(1.,0.,0.));
#7534=DIRECTION('',(0.,0.998206806534276,0.0598595972976968));
#7535=DIRECTION('',(1.,0.,0.));
#7536=DIRECTION('',(0.,0.998206806534276,0.0598595972976968));
#7537=DIRECTION('',(0.,1.,-7.73246751351042E-10));
#7538=DIRECTION('',(1.,0.,0.));
#7539=DIRECTION('',(0.,-0.0598595972976968,0.998206806534276));
#7540=DIRECTION('',(0.,0.748165929095252,-0.663511674758657));
#7541=DIRECTION('',(0.,0.992876686358212,0.119146488350839));
#7542=DIRECTION('',(1.,0.,0.));
#7543=DIRECTION('',(0.,0.998206806534276,0.0598595972976968));
#7544=DIRECTION('',(0.,1.,-7.73246751351042E-10));
#7545=DIRECTION('',(1.,0.,0.));
#7546=DIRECTION('',(0.,0.998206806534276,0.0598595972976968));
#7547=DIRECTION('',(1.,0.,0.));
#7548=DIRECTION('',(0.,0.998206806534276,0.0598595972976968));
#7549=DIRECTION('',(1.,0.,0.));
#7550=DIRECTION('',(0.,-0.0598595972976968,0.998206806534276));
#7551=DIRECTION('',(1.,0.,0.));
#7552=DIRECTION('',(0.,0.998206806534276,0.0598595972976968));
#7553=DIRECTION('',(0.,0.992876686358212,0.119146488350839));
#7554=DIRECTION('',(0.,0.748165929095252,-0.663511674758657));
#7555=DIRECTION('',(1.,0.,0.));
#7556=DIRECTION('',(0.,0.998206806534276,0.0598595972976968));
#7557=DIRECTION('',(1.,0.,0.));
#7558=DIRECTION('',(0.,0.998206806534276,0.0598595972976968));
#7559=DIRECTION('',(0.,1.,-7.73246751351042E-10));
#7560=DIRECTION('',(-1.,0.,0.));
#7561=DIRECTION('',(0.,-0.998206806534276,-0.0598595972976968));
#7562=DIRECTION('',(-1.,0.,0.));
#7563=DIRECTION('',(0.,-0.998206806534276,-0.0598595972976968));
#7564=DIRECTION('',(-1.,0.,0.));
#7565=DIRECTION('',(-1.,0.,0.));
#7566=DIRECTION('',(0.,-0.998206806534276,-0.0598595972976968));
#7567=DIRECTION('',(-1.,0.,0.));
#7568=DIRECTION('',(1.,0.,0.));
#7569=DIRECTION('',(0.,-0.0598595972976968,0.998206806534276));
#7570=DIRECTION('',(0.,0.748165929095252,-0.663511674758657));
#7571=DIRECTION('',(0.,0.992876686358212,0.119146488350839));
#7572=DIRECTION('',(1.,0.,0.));
#7573=DIRECTION('',(0.,0.998206806534276,0.0598595972976968));
#7574=DIRECTION('',(1.,0.,0.));
#7575=DIRECTION('',(0.,0.998206806534276,0.0598595972976968));
#7576=DIRECTION('',(0.,1.,-7.73246751351042E-10));
#7577=DIRECTION('',(1.,0.,0.));
#7578=DIRECTION('',(0.,0.998206806534276,0.0598595972976968));
#7579=DIRECTION('',(-1.,0.,0.));
#7580=DIRECTION('',(0.,-0.998206806534276,-0.0598595972976968));
#7581=DIRECTION('',(-1.,0.,0.));
#7582=DIRECTION('',(0.,-0.998206806534276,-0.0598595972976968));
#7583=DIRECTION('',(-1.,0.,0.));
#7584=DIRECTION('',(1.,0.,0.));
#7585=DIRECTION('',(0.,0.998206806534276,0.0598595972976968));
#7586=DIRECTION('',(-1.,0.,0.));
#7587=DIRECTION('',(-1.,0.,0.));
#7588=DIRECTION('',(0.,-0.998206806534276,-0.0598595972976968));
#7589=DIRECTION('',(-1.,0.,0.));
#7590=DIRECTION('',(0.,-0.998206806534276,-0.0598595972976968));
#7591=DIRECTION('',(-1.,0.,0.));
#7592=DIRECTION('',(-1.,0.,0.));
#7593=DIRECTION('',(0.,-0.998206806534276,-0.0598595972976968));
#7594=DIRECTION('',(-1.,0.,0.));
#7595=DIRECTION('',(-1.,0.,0.));
#7596=DIRECTION('',(0.,-0.998206806534276,-0.0598595972976968));
#7597=DIRECTION('',(1.,0.,0.));
#7598=DIRECTION('',(0.,0.998206806534276,0.0598595972976968));
#7599=DIRECTION('',(-1.,0.,0.));
#7600=DIRECTION('',(1.,0.,0.));
#7601=DIRECTION('',(0.,0.998206806534276,0.0598595972976968));
#7602=DIRECTION('',(-1.,0.,0.));
#7603=DIRECTION('',(1.,0.,0.));
#7604=DIRECTION('',(0.,0.998206806534276,0.0598595972976968));
#7605=DIRECTION('',(1.,0.,0.));
#7606=DIRECTION('',(1.,0.,0.));
#7607=DIRECTION('',(0.,0.998206806534276,0.0598595972976968));
#7608=DIRECTION('',(1.,0.,0.));
#7609=DIRECTION('',(0.,-0.663511674758657,-0.748165929095252));
#7610=DIRECTION('',(0.,0.748165929095252,-0.663511674758657));
#7611=DIRECTION('',(0.,-0.748165929095252,0.663511674758657));
#7612=DIRECTION('',(1.,0.,0.));
#7613=DIRECTION('',(0.,-0.663511674758657,-0.748165929095252));
#7614=DIRECTION('',(0.,0.748165929095252,-0.663511674758657));
#7615=DIRECTION('',(0.,0.663511674758657,0.748165929095252));
#7616=DIRECTION('',(0.,-0.748165929095252,0.663511674758657));
#7617=DIRECTION('',(0.,0.663511674758657,0.748165929095252));
#7618=DIRECTION('',(0.,-0.748165929095252,0.663511674758657));
#7619=DIRECTION('',(-1.,0.,0.));
#7620=DIRECTION('',(0.,0.663511674758657,0.748165929095252));
#7621=DIRECTION('',(0.,0.748165929095252,-0.663511674758657));
#7622=DIRECTION('',(1.,0.,0.));
#7623=DIRECTION('',(-1.,0.,0.));
#7624=DIRECTION('',(0.,-0.998206806534276,-0.0598595972976968));
#7625=DIRECTION('',(-1.,0.,0.));
#7626=DIRECTION('',(1.,0.,0.));
#7627=DIRECTION('',(0.,0.998206806534276,0.0598595972976968));
#7628=DIRECTION('',(1.,0.,0.));
#7629=DIRECTION('',(1.,0.,0.));
#7630=DIRECTION('',(0.,-0.663511674758657,-0.748165929095252));
#7631=DIRECTION('',(0.,0.748165929095252,-0.663511674758657));
#7632=DIRECTION('',(0.,-0.663511674758657,-0.748165929095252));
#7633=DIRECTION('',(0.,-0.748165929095252,0.663511674758657));
#7634=DIRECTION('',(1.,0.,0.));
#7635=DIRECTION('',(0.,-0.663511674758657,-0.748165929095252));
#7636=DIRECTION('',(0.,0.748165929095252,-0.663511674758657));
#7637=DIRECTION('',(0.,0.663511674758657,0.748165929095252));
#7638=DIRECTION('',(0.,-0.748165929095252,0.663511674758657));
#7639=DIRECTION('',(-1.,0.,0.));
#7640=DIRECTION('',(0.,0.748165929095252,-0.663511674758657));
#7641=DIRECTION('',(1.,0.,0.));
#7642=DIRECTION('',(0.,0.663511674758657,0.748165929095252));
#7643=DIRECTION('',(0.,-0.748165929095252,0.663511674758657));
#7644=DIRECTION('',(-1.,0.,0.));
#7645=DIRECTION('',(0.,-0.998206806534276,-0.0598595972976968));
#7646=DIRECTION('',(1.,0.,0.));
#7647=DIRECTION('',(0.,0.998206806534276,0.0598595972976968));
#7648=DIRECTION('',(-1.,0.,0.));
#7649=DIRECTION('',(1.,0.,0.));
#7650=DIRECTION('',(0.,-0.998206806534276,-0.0598595972976968));
#7651=DIRECTION('',(1.,0.,0.));
#7652=DIRECTION('',(0.,0.998206806534276,0.0598595972976968));
#7653=DIRECTION('',(-1.,0.,0.));
#7654=DIRECTION('',(0.,0.998206806534276,0.0598595972976968));
#7655=DIRECTION('',(-1.,0.,0.));
#7656=DIRECTION('',(0.,-0.998206806534276,-0.0598595972976968));
#7657=DIRECTION('',(-1.,0.,0.));
#7658=DIRECTION('',(0.,-0.998206806534276,-0.0598595972976968));
#7659=DIRECTION('',(-1.,0.,0.));
#7660=DIRECTION('',(0.,-0.998206806534276,-0.0598595972976968));
#7661=DIRECTION('',(-1.,0.,0.));
#7662=DIRECTION('',(0.,0.998206806534276,0.0598595972976968));
#7663=DIRECTION('',(-1.,0.,0.));
#7664=DIRECTION('',(0.,-0.998206806534276,-0.0598595972976968));
#7665=DIRECTION('',(-1.,0.,0.));
#7666=DIRECTION('',(0.,-0.998206806534276,-0.0598595972976968));
#7667=DIRECTION('',(-1.,0.,0.));
#7668=DIRECTION('',(0.,-0.998206806534276,-0.0598595972976968));
#7669=DIRECTION('',(1.,0.,0.));
#7670=DIRECTION('',(0.,-0.998206806534276,-0.0598595972976968));
#7671=DIRECTION('',(1.,0.,0.));
#7672=DIRECTION('',(0.,0.998206806534276,0.0598595972976968));
#7673=DIRECTION('',(-1.,0.,0.));
#7674=DIRECTION('',(0.,-0.998206806534276,-0.0598595972976968));
#7675=DIRECTION('',(1.,0.,0.));
#7676=DIRECTION('',(0.,0.998206806534276,0.0598595972976968));
#7677=DIRECTION('',(-1.,0.,0.));
#7678=DIRECTION('',(0.,0.998206806534276,0.0598595972976968));
#7679=DIRECTION('',(-1.,0.,0.));
#7680=DIRECTION('',(0.,-0.998206806534276,-0.0598595972976968));
#7681=DIRECTION('',(1.,0.,0.));
#7682=DIRECTION('',(0.,-0.998206806534276,-0.0598595972976968));
#7683=DIRECTION('',(1.,0.,0.));
#7684=DIRECTION('',(0.,0.998206806534276,0.0598595972976968));
#7685=DIRECTION('',(-1.,0.,0.));
#7686=DIRECTION('',(0.,-0.998206806534276,-0.0598595972976968));
#7687=DIRECTION('',(1.,0.,0.));
#7688=DIRECTION('',(0.,0.998206806534276,0.0598595972976968));
#7689=DIRECTION('',(1.,0.,0.));
#7690=DIRECTION('',(0.,0.998206806534276,0.0598595972976968));
#7691=DIRECTION('',(-6.02023267404855E-15,-0.861135749060042,0.508375079730311));
#7692=DIRECTION('',(0.,-0.508375079730311,-0.861135749060042));
#7693=DIRECTION('',(0.,-0.794454616870027,-0.607323523119185));
#7694=DIRECTION('',(0.,0.607323523119185,-0.794454616870027));
#7695=DIRECTION('',(4.33680868994202E-15,7.73255716401966E-10,1.));
#7696=DIRECTION('',(0.,-1.,7.73255716401966E-10));
#7697=DIRECTION('',(0.453176201677274,0.891420961293461,-6.89288522093268E-10));
#7698=DIRECTION('',(-0.891091978558729,0.4530089550745,0.0271656468834936));
#7699=DIRECTION('',(0.,-1.,7.7325572334086E-10));
#7700=DIRECTION('',(0.,-7.7325572334086E-10,-1.));
#7701=DIRECTION('',(0.,0.119146488350838,-0.992876686358212));
#7702=DIRECTION('',(0.,0.992876686358212,0.119146488350838));
#7703=DIRECTION('',(-1.29019271470434E-16,-0.992876686358212,-0.119146488350838));
#7704=DIRECTION('',(0.,0.119146488350838,-0.992876686358212));
#7705=DIRECTION('',(0.45315198291139,0.885083314301473,0.106211144088537));
#7706=DIRECTION('',(-0.891108277171107,0.452977008321971,0.0271637311284328));
#7707=DIRECTION('',(0.,1.,-7.73246751351042E-10));
#7708=DIRECTION('',(0.,7.73246751351042E-10,1.));
#7709=DIRECTION('',(0.707106781186548,0.707106781186548,-5.46768019749067E-10));
#7710=DIRECTION('',(-0.707106781186548,0.707106781186548,-5.46768019749067E-10));
#7711=DIRECTION('',(0.0622843463271165,-0.998058445283944,7.71780535313571E-10));
#7712=DIRECTION('',(0.998051483736373,0.0622839118910778,0.00373498743899531));
#7713=DIRECTION('',(-1.,0.,0.));
#7714=DIRECTION('',(0.,-0.998206806534276,-0.0598595972976968));
#7715=DIRECTION('',(2.61438835408407E-14,0.998355361280305,0.0573286368481928));
#7716=DIRECTION('',(0.,-0.0573286368481928,0.998355361280305));
#7717=DIRECTION('',(4.78356345709162E-14,0.998050876665636,0.0624055092676655));
#7718=DIRECTION('',(0.,-0.0624055092676655,0.998050876665636));
#7719=DIRECTION('',(0.0619112731111743,-0.990972008427439,-0.118917924532179));
#7720=DIRECTION('',(0.998074861320918,0.0619095168400273,0.00371253604231135));
#7721=DIRECTION('',(0.,-0.992876686358212,-0.119146488350839));
#7722=DIRECTION('',(0.,0.119146488350839,-0.992876686358212));
#7723=DIRECTION('',(-0.707106781186547,-0.702069837805921,-0.084249289867442));
#7724=DIRECTION('',(0.707106781186547,-0.702069837805921,-0.084249289867442));
#7725=DIRECTION('',(-1.,0.,0.));
#7726=DIRECTION('',(0.,-0.998206806534276,-0.0598595972976968));
#7727=DIRECTION('',(0.707106781186548,-0.707106781186548,5.46768019749067E-10));
#7728=DIRECTION('',(-0.707106781186548,-0.707106781186548,5.46768019749067E-10));
#7729=DIRECTION('',(0.707106781186547,0.0441273587865628,-0.70572854285945));
#7730=DIRECTION('',(0.707105631077765,-0.0423271960132339,0.705839949971502));
#7731=DIRECTION('',(1.,5.21205021063473E-14,-4.03020189402363E-23));
#7732=DIRECTION('',(-5.20270399601275E-14,0.998206806534276,0.0598595972976968));
#7733=DIRECTION('',(0.707106781186546,-0.0405374678715155,0.705943845995252));
#7734=DIRECTION('',(-0.707105644893387,-0.042327195186239,0.7058399361807));
#7735=DIRECTION('',(1.,1.74498527720923E-14,1.00202424049011E-15));
#7736=DIRECTION('',(-1.74785425776419E-14,0.998206806534276,0.0598595972976968));
#7737=DIRECTION('',(-1.,0.,0.));
#7738=DIRECTION('',(0.,-0.998206806534276,-0.0598595972976968));
#7739=DIRECTION('',(-0.707106781186547,0.702069837805921,0.084249289867442));
#7740=DIRECTION('',(0.707106781186547,0.702069837805921,0.084249289867442));
#7741=DIRECTION('',(0.,-1.,7.73246751351042E-10));
#7742=DIRECTION('',(0.,-7.73246751351042E-10,-1.));
#7743=DIRECTION('',(4.45883176527864E-15,-1.,7.73246938701178E-10));
#7744=DIRECTION('',(0.,-7.73246938701178E-10,-1.));
#7745=DIRECTION('',(-1.,0.,0.));
#7746=DIRECTION('',(0.,-0.998206806534276,-0.0598595972976968));
#7747=DIRECTION('',(-1.,5.20189128194932E-14,3.25260647723305E-15));
#7748=DIRECTION('',(-5.21203325588263E-14,-0.998206806534276,-0.0598595972976968));
#7749=DIRECTION('',(-1.,0.,0.));
#7750=DIRECTION('',(0.,-0.998206806534276,-0.0598595972976968));
#7751=DIRECTION('',(3.14281348345376E-14,0.998355361280304,0.0573286368482167));
#7752=DIRECTION('',(0.,-0.0573286368482167,0.998355361280304));
#7753=DIRECTION('',(3.5924135221833E-14,0.998050876665638,0.0624055092676309));
#7754=DIRECTION('',(0.,-0.0624055092676309,0.998050876665638));
#7755=DIRECTION('',(-1.,0.,0.));
#7756=DIRECTION('',(0.,-0.998206806534276,-0.0598595972976968));
#7757=DIRECTION('',(-1.,1.73540932114344E-14,2.0825136626378E-15));
#7758=DIRECTION('',(-1.74476323940966E-14,-0.998206806534276,-0.0598595972976968));
#7759=DIRECTION('',(0.,0.992876686358212,0.119146488350839));
#7760=DIRECTION('',(0.,-0.119146488350839,0.992876686358212));
#7761=DIRECTION('',(0.,-0.992876686358212,-0.119146488350842));
#7762=DIRECTION('',(0.,0.119146488350842,-0.992876686358212));
#7763=DIRECTION('',(1.,0.,0.));
#7764=DIRECTION('',(0.,0.998206806534276,0.0598595972976968));
#7765=DIRECTION('',(0.,-0.861135749060043,0.50837507973031));
#7766=DIRECTION('',(0.,-0.50837507973031,-0.861135749060043));
#7767=DIRECTION('',(0.,-0.794454616870027,-0.607323523119185));
#7768=DIRECTION('',(0.,0.607323523119185,-0.794454616870027));
#7769=DIRECTION('',(0.,7.73247070540162E-10,1.));
#7770=DIRECTION('',(0.,-1.,7.73247070540162E-10));
#7771=DIRECTION('',(-0.453176201677268,0.891420961293464,-6.89288646993358E-10));
#7772=DIRECTION('',(-0.891091978558733,-0.453008955074494,-0.0271656468834932));
#7773=DIRECTION('',(-0.707106781186547,0.0441273587865628,-0.70572854285945));
#7774=DIRECTION('',(0.707105631077765,0.0423271960132339,-0.705839949971502));
#7775=DIRECTION('',(-0.0622843463270326,-0.998058445283949,7.71745632677234E-10));
#7776=DIRECTION('',(0.998051483736378,-0.0622839118909938,-0.00373498743899028));
#7777=DIRECTION('',(-0.707106781186546,-0.0405374678715155,0.705943845995252));
#7778=DIRECTION('',(-0.707105644893387,0.042327195186239,-0.7058399361807));
#7779=DIRECTION('',(-0.0619112731111174,-0.990972008427445,-0.118917924532156));
#7780=DIRECTION('',(0.998074861320921,-0.0619095168399703,-0.00371253604230793));
#7781=DIRECTION('',(0.,0.119146488350838,-0.992876686358212));
#7782=DIRECTION('',(0.,0.992876686358212,0.119146488350838));
#7783=DIRECTION('',(-0.453151982911396,0.88508331430147,0.106211144088537));
#7784=DIRECTION('',(-0.891108277171105,-0.452977008321977,-0.0271637311284332));
#7785=DIRECTION('',(-0.0622843463270264,-0.99805844528395,7.7174562573834E-10));
#7786=DIRECTION('',(0.998051483736378,-0.0622839118909876,-0.0037349874389899));
#7787=DIRECTION('',(-0.453176201677262,0.891420961293468,-6.89292505018369E-10));
#7788=DIRECTION('',(-0.891091978558736,-0.453008955074487,-0.0271656468834929));
#7789=DIRECTION('',(1.,0.,0.));
#7790=DIRECTION('',(0.,0.998206806534276,0.0598595972976968));
#7791=DIRECTION('',(4.80832178812582E-15,-0.79445461687003,-0.607323523119181));
#7792=DIRECTION('',(0.,0.607323523119181,-0.79445461687003));
#7793=DIRECTION('',(0.,-0.86113574906004,0.508375079730315));
#7794=DIRECTION('',(0.,-0.508375079730315,-0.86113574906004));
#7795=DIRECTION('',(-0.453151982911401,0.885083314301467,0.106211144088536));
#7796=DIRECTION('',(-0.891108277171102,-0.452977008321982,-0.0271637311284335));
#7797=DIRECTION('',(-0.0619112731111334,-0.990972008427443,-0.118917924532169));
#7798=DIRECTION('',(0.99807486132092,-0.0619095168399863,-0.00371253604230889));
#7799=DIRECTION('',(-1.,0.,0.));
#7800=DIRECTION('',(0.,-0.998206806534276,-0.0598595972976968));
#7801=DIRECTION('',(4.02606575996593E-14,0.998050876665638,0.0624055092676265));
#7802=DIRECTION('',(0.,-0.0624055092676265,0.998050876665638));
#7803=DIRECTION('',(1.61027093859033E-14,0.998355361280304,0.0573286368482167));
#7804=DIRECTION('',(0.,-0.0573286368482167,0.998355361280304));
#7805=DIRECTION('',(-0.70710678118655,0.0441273587865582,-0.705728542859447));
#7806=DIRECTION('',(0.707105631077762,0.0423271960132341,-0.705839949971505));
#7807=DIRECTION('',(-1.,6.93585504259909E-14,4.33680863631073E-15));
#7808=DIRECTION('',(-6.94937767451017E-14,-0.998206806534276,-0.0598595972976968));
#7809=DIRECTION('',(0.,7.73246938701178E-10,1.));
#7810=DIRECTION('',(0.,-1.,7.73246938701178E-10));
#7811=DIRECTION('',(1.29799812542246E-16,-1.,7.73246945640072E-10));
#7812=DIRECTION('',(0.,-7.73246945640072E-10,-1.));
#7813=DIRECTION('',(-4.33680868994202E-15,0.119146488350842,-0.992876686358212));
#7814=DIRECTION('',(0.,0.992876686358212,0.119146488350842));
#7815=DIRECTION('',(0.,-0.992876686358211,-0.119146488350851));
#7816=DIRECTION('',(0.,0.119146488350851,-0.992876686358211));
#7817=DIRECTION('',(-0.70710678118655,-0.0405374678715283,0.705943845995247));
#7818=DIRECTION('',(-0.707105644893383,0.0423271951862393,-0.705839936180704));
#7819=DIRECTION('',(-1.,6.94163728457377E-14,8.3300546505512E-15));
#7820=DIRECTION('',(-6.97905295763863E-14,-0.998206806534276,-0.0598595972976968));
#7821=DIRECTION('',(-1.,0.,0.));
#7822=DIRECTION('',(0.,-0.998206806534276,-0.0598595972976968));
#7823=DIRECTION('',(1.,0.,0.));
#7824=DIRECTION('',(0.,0.998206806534276,0.0598595972976968));
#7825=DIRECTION('',(0.,-1.,7.73246751351042E-10));
#7826=DIRECTION('',(0.,-7.73246751351042E-10,-1.));
#7827=DIRECTION('',(0.707106781186548,-0.707106781186548,5.46768019749067E-10));
#7828=DIRECTION('',(-0.707106781186548,-0.707106781186548,5.46768019749067E-10));
#7829=DIRECTION('',(0.,0.992876686358212,0.119146488350839));
#7830=DIRECTION('',(0.,-0.119146488350839,0.992876686358212));
#7831=DIRECTION('',(-0.707106781186547,0.702069837805921,0.084249289867442));
#7832=DIRECTION('',(0.707106781186547,0.702069837805921,0.084249289867442));
#7833=DIRECTION('',(-1.,0.,0.));
#7834=DIRECTION('',(0.,-0.998206806534276,-0.0598595972976968));
#7835=DIRECTION('',(1.,0.,0.));
#7836=DIRECTION('',(0.,0.998206806534276,0.0598595972976968));
#7837=DIRECTION('',(-1.,0.,0.));
#7838=DIRECTION('',(0.,-0.998206806534276,-0.0598595972976968));
#7839=DIRECTION('',(1.10368835607628E-14,0.998050876665636,0.0624055092676655));
#7840=DIRECTION('',(0.,-0.0624055092676655,0.998050876665636));
#7841=DIRECTION('',(-1.16172190106932E-14,0.998355361280303,0.0573286368482275));
#7842=DIRECTION('',(0.,-0.0573286368482275,0.998355361280303));
#7843=DIRECTION('',(0.707106781186547,0.0441273587865888,-0.705728542859449));
#7844=DIRECTION('',(0.707105631077766,-0.0423271960132339,0.705839949971502));
#7845=DIRECTION('',(0.0622843463270903,-0.998058445283946,7.71754271600145E-10));
#7846=DIRECTION('',(0.998051483736374,0.0622839118910515,0.00373498743899374));
#7847=DIRECTION('',(1.,0.,0.));
#7848=DIRECTION('',(0.,0.998206806534276,0.0598595972976968));
#7849=DIRECTION('',(0.707106781186548,0.707106781186548,-5.46768019749067E-10));
#7850=DIRECTION('',(-0.707106781186548,0.707106781186548,-5.46768019749067E-10));
#7851=DIRECTION('',(-1.,0.,0.));
#7852=DIRECTION('',(0.,-0.998206806534276,-0.0598595972976968));
#7853=DIRECTION('',(-0.707106781186547,-0.702069837805921,-0.084249289867442));
#7854=DIRECTION('',(0.707106781186547,-0.702069837805921,-0.084249289867442));
#7855=DIRECTION('',(0.707106781186547,-0.0405374678715523,0.705943845995249));
#7856=DIRECTION('',(-0.707105644893386,-0.0423271951862391,0.7058399361807));
#7857=DIRECTION('',(0.0619112731111287,-0.990972008427442,-0.11891792453218));
#7858=DIRECTION('',(0.99807486132092,0.0619095168399816,0.00371253604230861));
#7859=DIRECTION('',(0.453176201677268,0.891420961293464,-6.89288522093268E-10));
#7860=DIRECTION('',(-0.891091978558733,0.453008955074494,0.0271656468834933));
#7861=DIRECTION('',(0.,1.,-7.73246751351042E-10));
#7862=DIRECTION('',(0.,7.73246751351042E-10,1.));
#7863=DIRECTION('',(0.,-1.,7.73251268570974E-10));
#7864=DIRECTION('',(0.,-7.73251268570974E-10,-1.));
#7865=DIRECTION('',(1.,0.,0.));
#7866=DIRECTION('',(0.,0.998206806534276,0.0598595972976968));
#7867=DIRECTION('',(0.,-0.794454616870026,-0.607323523119186));
#7868=DIRECTION('',(0.,0.607323523119186,-0.794454616870026));
#7869=DIRECTION('',(4.80807143457369E-15,-0.861135749060037,0.50837507973032));
#7870=DIRECTION('',(0.,-0.50837507973032,-0.861135749060037));
#7871=DIRECTION('',(0.,-0.992876686358212,-0.119146488350839));
#7872=DIRECTION('',(0.,0.119146488350839,-0.992876686358212));
#7873=DIRECTION('',(-1.29019271470434E-16,-0.992876686358212,-0.119146488350838));
#7874=DIRECTION('',(0.,0.119146488350838,-0.992876686358212));
#7875=DIRECTION('',(0.453151982911389,0.885083314301473,0.106211144088537));
#7876=DIRECTION('',(-0.891108277171108,0.45297700832197,0.0271637311284328));
#7877=DIRECTION('',(1.,0.,0.));
#7878=DIRECTION('',(0.,0.998206806534276,0.0598595972976968));
#7879=DIRECTION('',(0.,-0.86113574906004,0.508375079730315));
#7880=DIRECTION('',(0.,-0.508375079730315,-0.86113574906004));
#7881=DIRECTION('',(0.,-0.794454616870027,-0.607323523119185));
#7882=DIRECTION('',(0.,0.607323523119185,-0.794454616870027));
#7883=DIRECTION('',(0.,7.73247070540162E-10,1.));
#7884=DIRECTION('',(0.,-1.,7.73247070540162E-10));
#7885=DIRECTION('',(0.,-1.,7.73247070540162E-10));
#7886=DIRECTION('',(0.,-7.73247070540162E-10,-1.));
#7887=DIRECTION('',(4.33680868994202E-15,7.73255716401966E-10,1.));
#7888=DIRECTION('',(0.,-1.,7.73255716401966E-10));
#7889=DIRECTION('',(0.453176201677279,0.891420961293459,-6.89288529032162E-10));
#7890=DIRECTION('',(-0.891091978558727,0.453008955074505,0.0271656468834939));
#7891=DIRECTION('',(0.,0.119146488350833,-0.992876686358213));
#7892=DIRECTION('',(0.,0.992876686358213,0.119146488350833));
#7893=DIRECTION('',(0.453151982911385,0.885083314301474,0.106211144088543));
#7894=DIRECTION('',(-0.89110827717111,0.452977008321966,0.0271637311284326));
#7895=DIRECTION('',(0.,0.119146488350838,-0.992876686358212));
#7896=DIRECTION('',(0.,0.992876686358212,0.119146488350838));
#7897=DIRECTION('',(-1.29019271470434E-16,-0.992876686358212,-0.119146488350838));
#7898=DIRECTION('',(0.,0.119146488350838,-0.992876686358212));
#7899=DIRECTION('',(0.,1.,-7.73246751351042E-10));
#7900=DIRECTION('',(0.,7.73246751351042E-10,1.));
#7901=DIRECTION('',(0.707106781186548,0.707106781186548,-5.46768019749067E-10));
#7902=DIRECTION('',(-0.707106781186548,0.707106781186548,-5.46768019749067E-10));
#7903=DIRECTION('',(0.0622843463271678,-0.998058445283941,7.71826096090944E-10));
#7904=DIRECTION('',(0.99805148373637,0.0622839118911293,0.0037349874389984));
#7905=DIRECTION('',(1.,0.,0.));
#7906=DIRECTION('',(0.,0.998206806534276,0.0598595972976968));
#7907=DIRECTION('',(-6.76127355732683E-14,0.9983553612803,0.0573286368482773));
#7908=DIRECTION('',(0.,-0.0573286368482773,0.9983553612803));
#7909=DIRECTION('',(1.06084863290229E-13,0.998050876665635,0.0624055092676655));
#7910=DIRECTION('',(0.,-0.0624055092676655,0.998050876665636));
#7911=DIRECTION('',(0.061911273111064,-0.990972008427446,-0.11891792453218));
#7912=DIRECTION('',(0.998074861320924,0.061909516839917,0.00371253604230474));
#7913=DIRECTION('',(0.,-0.992876686358212,-0.119146488350839));
#7914=DIRECTION('',(0.,0.119146488350839,-0.992876686358212));
#7915=DIRECTION('',(-0.707106781186547,-0.702069837805921,-0.084249289867442));
#7916=DIRECTION('',(0.707106781186547,-0.702069837805921,-0.084249289867442));
#7917=DIRECTION('',(1.,0.,0.));
#7918=DIRECTION('',(0.,0.998206806534276,0.0598595972976968));
#7919=DIRECTION('',(1.22379483554445E-14,-0.791557591327465,0.611094575014263));
#7920=DIRECTION('',(0.,-0.611094575014263,-0.791557591327465));
#7921=DIRECTION('',(0.,0.748165929095253,-0.663511674758656));
#7922=DIRECTION('',(0.,0.663511674758656,0.748165929095253));
#7923=DIRECTION('',(-1.,0.,0.));
#7924=DIRECTION('',(0.,-0.998206806534276,-0.0598595972976968));
#7925=DIRECTION('',(1.,0.,0.));
#7926=DIRECTION('',(0.,0.998206806534276,0.0598595972976968));
#7927=DIRECTION('',(0.707106781186551,0.0441273587865258,-0.705728542859448));
#7928=DIRECTION('',(0.707105631077761,-0.0423271960132341,0.705839949971506));
#7929=DIRECTION('',(1.,1.38988005616926E-13,-1.07472049455482E-22));
#7930=DIRECTION('',(-1.38738773227007E-13,0.998206806534276,0.0598595972976968));
#7931=DIRECTION('',(0.707106781186551,-0.0405374678715997,0.705943845995242));
#7932=DIRECTION('',(-0.707105644893382,-0.0423271951862393,0.705839936180705));
#7933=DIRECTION('',(1.,1.39598822176739E-13,8.0161939239209E-15));
#7934=DIRECTION('',(-1.39828340621135E-13,0.998206806534276,0.0598595972976968));
#7935=DIRECTION('',(-1.,0.,0.));
#7936=DIRECTION('',(0.,-0.998206806534276,-0.0598595972976968));
#7937=DIRECTION('',(1.,0.,0.));
#7938=DIRECTION('',(0.,0.998206806534276,0.0598595972976968));
#7939=DIRECTION('',(0.,-0.748165929095252,0.663511674758657));
#7940=DIRECTION('',(0.,-0.663511674758657,-0.748165929095252));
#7941=DIRECTION('',(0.,0.748165929095247,-0.663511674758664));
#7942=DIRECTION('',(0.,0.663511674758664,0.748165929095247));
#7943=DIRECTION('',(1.,1.2979981086854E-16,-2.16451597646856E-15));
#7944=DIRECTION('',(2.16840434497101E-15,-0.0598595972976968,0.998206806534276));
#7945=DIRECTION('',(0.,-1.,7.73238278961586E-10));
#7946=DIRECTION('',(0.,-7.73238278961586E-10,-1.));
#7947=DIRECTION('',(-1.,0.,0.));
#7948=DIRECTION('',(0.,-0.998206806534276,-0.0598595972976968));
#7949=DIRECTION('',(-1.,1.38717100851982E-13,8.67361727262146E-15));
#7950=DIRECTION('',(-1.38987553490203E-13,-0.998206806534276,-0.0598595972976968));
#7951=DIRECTION('',(-1.,0.,0.));
#7952=DIRECTION('',(0.,-0.998206806534276,-0.0598595972976968));
#7953=DIRECTION('',(-7.28202180830376E-14,0.998355361280304,0.0573286368482167));
#7954=DIRECTION('',(0.,-0.0573286368482167,0.998355361280304));
#7955=DIRECTION('',(9.19187378703141E-14,0.998050876665641,0.0624055092675811));
#7956=DIRECTION('',(0.,-0.0624055092675811,0.998050876665641));
#7957=DIRECTION('',(-1.,0.,0.));
#7958=DIRECTION('',(0.,-0.998206806534276,-0.0598595972976968));
#7959=DIRECTION('',(-1.,1.38832745691475E-13,1.66601093011024E-14));
#7960=DIRECTION('',(-1.39581059152772E-13,-0.998206806534276,-0.0598595972976968));
#7961=DIRECTION('',(1.,-1.2979981086854E-16,2.16451597646856E-15));
#7962=DIRECTION('',(-2.16840434497101E-15,-0.0598595972976968,0.998206806534276));
#7963=DIRECTION('',(8.78726983922682E-15,-0.992876686358212,-0.119146488350838));
#7964=DIRECTION('',(0.,0.119146488350838,-0.992876686358212));
#7965=DIRECTION('',(0.,1.,-7.73246751351042E-10));
#7966=DIRECTION('',(0.,7.73246751351042E-10,1.));
#7967=DIRECTION('',(-1.06564269435358E-10,1.,-7.73251331021019E-10));
#7968=DIRECTION('',(0.,7.73251331021019E-10,1.));
#7969=DIRECTION('',(-0.707106781186555,0.0441273587865147,-0.705728542859446));
#7970=DIRECTION('',(0.707105631077758,0.0423271960132343,-0.70583994997151));
#7971=DIRECTION('',(-0.0622843463269678,-0.998058445283953,7.71745632677234E-10));
#7972=DIRECTION('',(0.998051483736382,-0.062283911890929,-0.00373498743898639));
#7973=DIRECTION('',(-0.707106781186554,-0.0405374678715974,0.70594384599524));
#7974=DIRECTION('',(-0.707105644893379,0.0423271951862395,-0.705839936180707));
#7975=DIRECTION('',(-0.0619112731112014,-0.990972008427431,-0.118917924532233));
#7976=DIRECTION('',(0.998074861320916,-0.0619095168400546,-0.00371253604231298));
#7977=DIRECTION('',(0.,-0.992876686358212,-0.119146488350839));
#7978=DIRECTION('',(0.,0.119146488350839,-0.992876686358212));
#7979=DIRECTION('',(0.,0.992876686358211,0.119146488350846));
#7980=DIRECTION('',(0.,-0.119146488350846,0.992876686358211));
#7981=DIRECTION('',(1.,0.,0.));
#7982=DIRECTION('',(0.,0.998206806534276,0.0598595972976968));
#7983=DIRECTION('',(0.,-0.988574880193252,0.150730575036713));
#7984=DIRECTION('',(0.,-0.150730575036713,-0.988574880193252));
#7985=DIRECTION('',(0.,-0.993795242449381,-0.111225069498634));
#7986=DIRECTION('',(0.,0.111225069498634,-0.993795242449381));
#7987=DIRECTION('',(1.,1.06564901599231E-10,-8.12382913244209E-12));
#7988=DIRECTION('',(-1.05887520973624E-10,0.998206806534276,0.0598595972976968));
#7989=DIRECTION('',(1.,0.,0.));
#7990=DIRECTION('',(0.,0.998206806534276,0.0598595972976968));
#7991=DIRECTION('',(-0.453176201677268,0.891420961293464,-6.89288646993358E-10));
#7992=DIRECTION('',(-0.891091978558733,-0.453008955074494,-0.0271656468834932));
#7993=DIRECTION('',(1.,0.,0.));
#7994=DIRECTION('',(0.,0.998206806534276,0.0598595972976968));
#7995=DIRECTION('',(0.,-0.794454616870027,-0.607323523119185));
#7996=DIRECTION('',(0.,0.607323523119185,-0.794454616870027));
#7997=DIRECTION('',(0.,-0.861135749060044,0.508375079730309));
#7998=DIRECTION('',(0.,-0.508375079730309,-0.861135749060044));
#7999=DIRECTION('',(-0.453151982911394,0.885083314301471,0.106211144088537));
#8000=DIRECTION('',(-0.891108277171106,-0.452977008321975,-0.0271637311284331));
#8001=DIRECTION('',(1.,0.,0.));
#8002=DIRECTION('',(0.,0.998206806534276,0.0598595972976968));
#8003=DIRECTION('',(1.,0.,0.));
#8004=DIRECTION('',(0.,0.998206806534276,0.0598595972976968));
#8005=DIRECTION('',(-1.,0.,0.));
#8006=DIRECTION('',(0.,-0.998206806534276,-0.0598595972976968));
#8007=DIRECTION('',(-1.,-5.75438487886527E-14,4.44958575256027E-23));
#8008=DIRECTION('',(5.74406615323488E-14,-0.998206806534276,-0.0598595972976968));
#8009=DIRECTION('',(0.,7.73242740670366E-10,1.));
#8010=DIRECTION('',(0.,-1.,7.73242740670366E-10));
#8011=DIRECTION('',(4.58863157782086E-15,-1.,7.73246938701178E-10));
#8012=DIRECTION('',(0.,-7.73246938701178E-10,-1.));
#8013=DIRECTION('',(0.,0.119146488350833,-0.992876686358213));
#8014=DIRECTION('',(0.,0.992876686358213,0.119146488350833));
#8015=DIRECTION('',(0.,-0.992876686358212,-0.119146488350842));
#8016=DIRECTION('',(0.,0.119146488350842,-0.992876686358212));
#8017=DIRECTION('',(-1.,0.,0.));
#8018=DIRECTION('',(0.,-0.998206806534276,-0.0598595972976968));
#8019=DIRECTION('',(1.,0.,0.));
#8020=DIRECTION('',(0.,0.998206806534276,0.0598595972976968));
#8021=DIRECTION('',(1.,0.,0.));
#8022=DIRECTION('',(0.,0.998206806534276,0.0598595972976968));
#8023=DIRECTION('',(-1.07796850036866E-10,-0.988574880177003,0.150730575143279));
#8024=DIRECTION('',(0.,-0.150730575143279,-0.988574880177003));
#8025=DIRECTION('',(0.,-0.993795242449381,-0.111225069498634));
#8026=DIRECTION('',(0.,0.111225069498634,-0.993795242449381));
#8027=DIRECTION('',(-1.,1.06564966499136E-10,-8.12491139043032E-12));
#8028=DIRECTION('',(-1.05887520973624E-10,-0.998206806534276,-0.0598595972976968));
#8029=DIRECTION('',(0.,1.,-6.66686927885962E-10));
#8030=DIRECTION('',(0.,6.66686927885962E-10,1.));
#8031=DIRECTION('',(0.,-1.,7.73246751351042E-10));
#8032=DIRECTION('',(0.,-7.73246751351042E-10,-1.));
#8033=DIRECTION('',(0.707106781186548,-0.707106781186548,5.46768019749067E-10));
#8034=DIRECTION('',(-0.707106781186548,-0.707106781186548,5.46768019749067E-10));
#8035=DIRECTION('',(0.,0.992876686358212,0.119146488350839));
#8036=DIRECTION('',(0.,-0.119146488350839,0.992876686358212));
#8037=DIRECTION('',(-0.707106781186547,0.702069837805921,0.084249289867442));
#8038=DIRECTION('',(0.707106781186547,0.702069837805921,0.084249289867442));
#8039=DIRECTION('',(1.,0.,0.));
#8040=DIRECTION('',(0.,0.998206806534276,0.0598595972976968));
#8041=DIRECTION('',(-6.45096357352268E-17,0.992876686358211,0.119146488350846));
#8042=DIRECTION('',(0.,-0.119146488350846,0.992876686358211));
#8043=DIRECTION('',(0.,-1.,7.73246751351042E-10));
#8044=DIRECTION('',(0.,-7.73246751351042E-10,-1.));
#8045=DIRECTION('',(-8.78786371801499E-15,-1.,7.73246938701178E-10));
#8046=DIRECTION('',(0.,-7.73246938701178E-10,-1.));
#8047=DIRECTION('',(1.,0.,0.));
#8048=DIRECTION('',(0.,0.998206806534276,0.0598595972976968));
#8049=DIRECTION('',(-1.,0.,0.));
#8050=DIRECTION('',(0.,-0.998206806534276,-0.0598595972976968));
#8051=DIRECTION('',(-1.,0.,0.));
#8052=DIRECTION('',(0.,-0.998206806534276,-0.0598595972976968));
#8053=DIRECTION('',(-1.,-1.15142746586697E-14,-1.38172787249088E-15));
#8054=DIRECTION('',(1.15763370106115E-14,-0.998206806534276,-0.0598595972976968));
#8055=DIRECTION('',(0.,0.992876686358212,0.119146488350839));
#8056=DIRECTION('',(0.,-0.119146488350839,0.992876686358212));
#8057=DIRECTION('',(0.,-0.992876686358212,-0.119146488350838));
#8058=DIRECTION('',(0.,0.119146488350838,-0.992876686358212));
#8059=DIRECTION('',(-1.,1.2979981086854E-16,-2.16451597646856E-15));
#8060=DIRECTION('',(2.16840434497101E-15,0.0598595972976968,-0.998206806534276));
#8061=DIRECTION('',(0.,-0.791557591327457,0.611094575014273));
#8062=DIRECTION('',(0.,-0.611094575014273,-0.791557591327457));
#8063=DIRECTION('',(-1.,0.,0.));
#8064=DIRECTION('',(0.,-0.998206806534276,-0.0598595972976968));
#8065=DIRECTION('',(-1.53329341668337E-15,0.748165929095252,-0.663511674758658));
#8066=DIRECTION('',(0.,0.663511674758658,0.748165929095252));
#8067=DIRECTION('',(1.,0.,0.));
#8068=DIRECTION('',(0.,0.998206806534276,0.0598595972976968));
#8069=DIRECTION('',(-1.53329341668337E-15,0.748165929095252,-0.663511674758657));
#8070=DIRECTION('',(0.,0.663511674758658,0.748165929095252));
#8071=DIRECTION('',(0.,0.748165929095252,-0.663511674758657));
#8072=DIRECTION('',(0.,0.663511674758657,0.748165929095252));
#8073=DIRECTION('',(1.,0.,0.));
#8074=DIRECTION('',(0.,0.998206806534276,0.0598595972976968));
#8075=DIRECTION('',(1.,0.,0.));
#8076=DIRECTION('',(0.,0.998206806534276,0.0598595972976968));
#8077=DIRECTION('',(1.,0.,0.));
#8078=DIRECTION('',(0.,0.998206806534276,0.0598595972976968));
#8079=DIRECTION('',(0.707106781186548,-0.309217981878662,0.635912132045684));
#8080=DIRECTION('',(-0.707106781186547,-0.309217981878662,0.635912132045684));
#8081=DIRECTION('',(0.707106781186548,-0.309217981878662,0.635912132045684));
#8082=DIRECTION('',(-0.678598344545847,-0.0439674461896382,0.733192437532738));
#8083=DIRECTION('',(0.707106781186548,-0.309217981878662,0.635912132045684));
#8084=DIRECTION('',(-0.707106781186547,-0.309217981878662,0.635912132045684));
#8085=DIRECTION('',(0.,-0.96734851453457,-0.253449899245909));
#8086=DIRECTION('',(0.713932520474485,-0.177469296321287,0.677351463475333));
#8087=DIRECTION('',(-0.707106781186548,0.309217981878662,-0.635912132045684));
#8088=DIRECTION('',(0.678598344545847,0.0439674461896382,-0.733192437532738));
#8089=DIRECTION('',(0.,-0.796722416007676,-0.604345424265703));
#8090=DIRECTION('',(0.713932520474485,-0.423171433480675,0.55787659396578));
#8091=DIRECTION('',(-0.707106781186548,0.309217981878662,-0.635912132045684));
#8092=DIRECTION('',(0.707106781186547,0.309217981878662,-0.635912132045684));
#8093=DIRECTION('',(0.707106781186548,-0.0423271271682975,0.705838801926955));
#8094=DIRECTION('',(-0.707106781186547,-0.0423271271682975,0.705838801926955));
#8095=DIRECTION('',(-4.02401421674309E-16,-0.990704570759697,0.136031075405016));
#8096=DIRECTION('',(0.713932520474485,0.0952509324398396,0.693705712877074));
#8097=DIRECTION('',(-0.707106781186548,0.0423271271682975,-0.705838801926955));
#8098=DIRECTION('',(0.707106781186548,0.0423271271682973,-0.705838801926955));
#8099=DIRECTION('',(-0.707106781186548,0.0423271271682975,-0.705838801926955));
#8100=DIRECTION('',(0.707106781186547,0.0423271271682975,-0.705838801926955));
#8101=DIRECTION('',(0.707106781186547,0.0423271271682977,-0.705838801926955));
#8102=DIRECTION('',(-0.707106781186547,0.0423271271682977,-0.705838801926955));
#8103=DIRECTION('',(-4.02401421674308E-16,0.990704570759697,-0.136031075405016));
#8104=DIRECTION('',(0.713932520474485,-0.0952509324398397,-0.693705712877075));
#8105=DIRECTION('',(-0.707106781186547,-0.0423271271682976,0.705838801926955));
#8106=DIRECTION('',(-0.707106781186548,0.0423271271682973,-0.705838801926955));
#8107=DIRECTION('',(0.,0.96734851453457,0.253449899245909));
#8108=DIRECTION('',(0.713932520474485,0.177469296321287,-0.677351463475334));
#8109=DIRECTION('',(-0.707106781186547,-0.0423271271682976,0.705838801926955));
#8110=DIRECTION('',(0.707106781186547,-0.0423271271682977,0.705838801926955));
#8111=DIRECTION('',(0.707106781186548,-0.231007648957078,-0.66830791265952));
#8112=DIRECTION('',(-0.707106781186547,-0.231007648957078,-0.66830791265952));
#8113=DIRECTION('',(0.707106781186548,-0.231007648957078,-0.66830791265952));
#8114=DIRECTION('',(0.678598344545847,-0.0439674461896382,0.733192437532737));
#8115=DIRECTION('',(0.707106781186547,-0.231007648957078,-0.66830791265952));
#8116=DIRECTION('',(-0.707106781186547,-0.231007648957078,-0.66830791265952));
#8117=DIRECTION('',(4.02401421674309E-16,0.863234836845957,-0.504802551950299));
#8118=DIRECTION('',(0.713932520474485,-0.353470070188854,-0.604449555951227));
#8119=DIRECTION('',(-0.707106781186548,0.231007648957078,0.66830791265952));
#8120=DIRECTION('',(-0.678598344545847,0.0439674461896382,-0.733192437532737));
#8121=DIRECTION('',(-0.707106781186548,0.231007648957078,0.66830791265952));
#8122=DIRECTION('',(0.707106781186547,0.231007648957078,0.66830791265952));
#8123=DIRECTION('',(0.707106781186547,0.66830791265952,-0.231007648957078));
#8124=DIRECTION('',(-0.707106781186547,0.66830791265952,-0.231007648957078));
#8125=DIRECTION('',(0.,0.504802551950298,0.863234836845958));
#8126=DIRECTION('',(0.713932520474485,0.604449555951227,-0.353470070188854));
#8127=DIRECTION('',(-0.707106781186547,-0.66830791265952,0.231007648957078));
#8128=DIRECTION('',(0.678598344545847,-0.733192437532737,-0.0439674461896382));
#8129=DIRECTION('',(1.60960568669724E-15,0.136031075405016,0.990704570759697));
#8130=DIRECTION('',(0.713932520474485,0.693705712877075,-0.0952509324398397));
#8131=DIRECTION('',(-0.707106781186547,-0.66830791265952,0.231007648957078));
#8132=DIRECTION('',(0.707106781186547,-0.66830791265952,0.231007648957078));
#8133=DIRECTION('',(0.707106781186547,0.529033201915987,-0.46917360461829));
#8134=DIRECTION('',(-0.707106781186547,0.529033201915987,-0.46917360461829));
#8135=DIRECTION('',(0.,0.796722416007675,0.604345424265703));
#8136=DIRECTION('',(0.713932520474485,0.423171433480675,-0.55787659396578));
#8137=DIRECTION('',(-0.707106781186547,-0.529033201915987,0.46917360461829));
#8138=DIRECTION('',(0.577350269189626,-0.81503244459402,-0.04887515652928));
#8139=DIRECTION('',(-0.707106781186547,-0.529033201915987,0.46917360461829));
#8140=DIRECTION('',(0.707106781186547,-0.529033201915987,0.46917360461829));
#8141=DIRECTION('',(0.707106781186547,0.309217981878662,-0.635912132045684));
#8142=DIRECTION('',(-0.707106781186547,0.309217981878662,-0.635912132045684));
#8143=DIRECTION('',(-0.707106781186547,-0.309217981878662,0.635912132045684));
#8144=DIRECTION('',(-0.678598344545847,0.0439674461896382,-0.733192437532737));
#8145=DIRECTION('',(-0.707106781186547,-0.309217981878662,0.635912132045684));
#8146=DIRECTION('',(0.707106781186547,-0.309217981878662,0.635912132045684));
#8147=DIRECTION('',(0.707106781186548,0.231007648957078,0.66830791265952));
#8148=DIRECTION('',(-0.707106781186548,0.231007648957078,0.66830791265952));
#8149=DIRECTION('',(0.,-0.863234836845957,0.504802551950298));
#8150=DIRECTION('',(0.713932520474485,0.353470070188854,0.604449555951227));
#8151=DIRECTION('',(-0.707106781186548,-0.231007648957078,-0.66830791265952));
#8152=DIRECTION('',(0.678598344545847,0.0439674461896382,-0.733192437532738));
#8153=DIRECTION('',(-0.707106781186548,-0.231007648957078,-0.66830791265952));
#8154=DIRECTION('',(0.707106781186548,-0.231007648957078,-0.66830791265952));
#8155=DIRECTION('',(0.707106781186548,0.46917360461829,0.529033201915987));
#8156=DIRECTION('',(-0.707106781186548,0.46917360461829,0.529033201915987));
#8157=DIRECTION('',(0.,-0.604345424265703,0.796722416007675));
#8158=DIRECTION('',(0.713932520474485,0.55787659396578,0.423171433480675));
#8159=DIRECTION('',(-0.707106781186548,-0.46917360461829,-0.529033201915987));
#8160=DIRECTION('',(0.577350269189626,0.04887515652928,-0.815032444594021));
#8161=DIRECTION('',(-0.707106781186548,-0.46917360461829,-0.529033201915987));
#8162=DIRECTION('',(0.707106781186548,-0.46917360461829,-0.529033201915987));
#8163=DIRECTION('',(0.707106781186548,0.635912132045684,0.309217981878662));
#8164=DIRECTION('',(-0.707106781186548,0.635912132045684,0.309217981878662));
#8165=DIRECTION('',(0.,-0.253449899245909,0.96734851453457));
#8166=DIRECTION('',(0.713932520474485,0.677351463475333,0.177469296321287));
#8167=DIRECTION('',(-0.707106781186548,-0.635912132045684,-0.309217981878662));
#8168=DIRECTION('',(0.678598344545847,-0.733192437532738,-0.0439674461896382));
#8169=DIRECTION('',(-0.707106781186548,-0.635912132045684,-0.309217981878662));
#8170=DIRECTION('',(0.707106781186548,-0.635912132045684,-0.309217981878662));
#8171=DIRECTION('',(0.707106781186548,0.705838801926955,0.0423271271682973));
#8172=DIRECTION('',(-0.707106781186548,0.705838801926955,0.0423271271682973));
#8173=DIRECTION('',(-0.707106781186548,-0.705838801926955,-0.0423271271682973));
#8174=DIRECTION('',(0.707106781186548,-0.705838801926955,-0.0423271271682973));
#8175=DIRECTION('',(-0.707106781186548,-0.705838801926955,-0.0423271271682973));
#8176=DIRECTION('',(0.707106781186548,-0.705838801926955,-0.0423271271682973));
#8177=DIRECTION('',(-0.707106781186548,-0.309217981878662,0.635912132045684));
#8178=DIRECTION('',(0.707106781186547,-0.309217981878662,0.635912132045684));
#8179=DIRECTION('',(-0.707106781186548,-0.309217981878662,0.635912132045684));
#8180=DIRECTION('',(-0.678598344545847,0.0439674461896382,-0.733192437532738));
#8181=DIRECTION('',(-0.707106781186548,-0.309217981878662,0.635912132045684));
#8182=DIRECTION('',(0.707106781186547,-0.309217981878662,0.635912132045684));
#8183=DIRECTION('',(0.,0.96734851453457,0.253449899245909));
#8184=DIRECTION('',(-0.713932520474485,-0.177469296321287,0.677351463475333));
#8185=DIRECTION('',(0.,0.796722416007676,0.604345424265703));
#8186=DIRECTION('',(-0.713932520474485,-0.423171433480675,0.55787659396578));
#8187=DIRECTION('',(0.707106781186548,0.309217981878662,-0.635912132045684));
#8188=DIRECTION('',(0.678598344545847,-0.0439674461896382,0.733192437532738));
#8189=DIRECTION('',(0.707106781186548,0.309217981878662,-0.635912132045684));
#8190=DIRECTION('',(-0.707106781186547,0.309217981878662,-0.635912132045684));
#8191=DIRECTION('',(-0.707106781186548,-0.0423271271682975,0.705838801926955));
#8192=DIRECTION('',(0.707106781186547,-0.0423271271682975,0.705838801926955));
#8193=DIRECTION('',(0.707106781186548,0.0423271271682975,-0.705838801926955));
#8194=DIRECTION('',(0.707106781186548,-0.0423271271682973,0.705838801926955));
#8195=DIRECTION('',(-4.02401421674309E-16,0.990704570759697,-0.136031075405016));
#8196=DIRECTION('',(-0.713932520474485,0.0952509324398396,0.693705712877074));
#8197=DIRECTION('',(0.707106781186548,0.0423271271682975,-0.705838801926955));
#8198=DIRECTION('',(-0.707106781186547,0.0423271271682975,-0.705838801926955));
#8199=DIRECTION('',(-0.707106781186547,0.0423271271682977,-0.705838801926955));
#8200=DIRECTION('',(0.707106781186547,0.0423271271682977,-0.705838801926955));
#8201=DIRECTION('',(0.,-0.96734851453457,-0.253449899245909));
#8202=DIRECTION('',(-0.713932520474485,0.177469296321287,-0.677351463475334));
#8203=DIRECTION('',(0.707106781186547,-0.0423271271682976,0.705838801926955));
#8204=DIRECTION('',(-0.707106781186548,-0.0423271271682973,0.705838801926955));
#8205=DIRECTION('',(-4.02401421674308E-16,-0.990704570759697,0.136031075405016));
#8206=DIRECTION('',(-0.713932520474485,-0.0952509324398397,-0.693705712877075));
#8207=DIRECTION('',(0.707106781186547,-0.0423271271682976,0.705838801926955));
#8208=DIRECTION('',(-0.707106781186547,-0.0423271271682977,0.705838801926955));
#8209=DIRECTION('',(-0.707106781186548,-0.231007648957078,-0.66830791265952));
#8210=DIRECTION('',(0.707106781186547,-0.231007648957078,-0.66830791265952));
#8211=DIRECTION('',(-0.707106781186548,-0.231007648957078,-0.66830791265952));
#8212=DIRECTION('',(0.678598344545847,0.0439674461896382,-0.733192437532737));
#8213=DIRECTION('',(-0.707106781186547,-0.231007648957078,-0.66830791265952));
#8214=DIRECTION('',(0.707106781186547,-0.231007648957078,-0.66830791265952));
#8215=DIRECTION('',(0.707106781186548,0.231007648957078,0.66830791265952));
#8216=DIRECTION('',(-0.678598344545847,-0.0439674461896382,0.733192437532737));
#8217=DIRECTION('',(4.02401421674309E-16,-0.863234836845957,0.504802551950299));
#8218=DIRECTION('',(-0.713932520474485,-0.353470070188854,-0.604449555951227));
#8219=DIRECTION('',(0.707106781186548,0.231007648957078,0.66830791265952));
#8220=DIRECTION('',(-0.707106781186547,0.231007648957078,0.66830791265952));
#8221=DIRECTION('',(-0.707106781186547,0.66830791265952,-0.231007648957078));
#8222=DIRECTION('',(0.707106781186547,0.66830791265952,-0.231007648957078));
#8223=DIRECTION('',(0.,-0.504802551950298,-0.863234836845958));
#8224=DIRECTION('',(-0.713932520474485,0.604449555951227,-0.353470070188854));
#8225=DIRECTION('',(1.60960568669724E-15,-0.136031075405016,-0.990704570759697));
#8226=DIRECTION('',(-0.713932520474485,0.693705712877075,-0.0952509324398397));
#8227=DIRECTION('',(0.707106781186547,-0.66830791265952,0.231007648957078));
#8228=DIRECTION('',(0.678598344545847,0.733192437532737,0.0439674461896382));
#8229=DIRECTION('',(0.707106781186547,-0.66830791265952,0.231007648957078));
#8230=DIRECTION('',(-0.707106781186547,-0.66830791265952,0.231007648957078));
#8231=DIRECTION('',(-0.707106781186547,0.529033201915987,-0.46917360461829));
#8232=DIRECTION('',(0.707106781186547,0.529033201915987,-0.46917360461829));
#8233=DIRECTION('',(0.707106781186547,-0.529033201915987,0.46917360461829));
#8234=DIRECTION('',(0.577350269189626,0.81503244459402,0.04887515652928));
#8235=DIRECTION('',(0.,-0.796722416007675,-0.604345424265703));
#8236=DIRECTION('',(-0.713932520474485,0.423171433480675,-0.55787659396578));
#8237=DIRECTION('',(0.707106781186547,-0.529033201915987,0.46917360461829));
#8238=DIRECTION('',(-0.707106781186547,-0.529033201915987,0.46917360461829));
#8239=DIRECTION('',(-0.707106781186547,0.309217981878662,-0.635912132045684));
#8240=DIRECTION('',(0.707106781186547,0.309217981878662,-0.635912132045684));
#8241=DIRECTION('',(0.707106781186547,-0.309217981878662,0.635912132045684));
#8242=DIRECTION('',(-0.678598344545847,-0.0439674461896382,0.733192437532737));
#8243=DIRECTION('',(0.707106781186547,-0.309217981878662,0.635912132045684));
#8244=DIRECTION('',(-0.707106781186547,-0.309217981878662,0.635912132045684));
#8245=DIRECTION('',(-0.707106781186548,0.231007648957078,0.66830791265952));
#8246=DIRECTION('',(0.707106781186548,0.231007648957078,0.66830791265952));
#8247=DIRECTION('',(0.707106781186548,-0.231007648957078,-0.66830791265952));
#8248=DIRECTION('',(0.678598344545847,-0.0439674461896382,0.733192437532738));
#8249=DIRECTION('',(0.,0.863234836845957,-0.504802551950298));
#8250=DIRECTION('',(-0.713932520474485,0.353470070188854,0.604449555951227));
#8251=DIRECTION('',(0.707106781186548,-0.231007648957078,-0.66830791265952));
#8252=DIRECTION('',(-0.707106781186548,-0.231007648957078,-0.66830791265952));
#8253=DIRECTION('',(-0.707106781186548,0.46917360461829,0.529033201915987));
#8254=DIRECTION('',(0.707106781186548,0.46917360461829,0.529033201915987));
#8255=DIRECTION('',(0.707106781186548,-0.46917360461829,-0.529033201915987));
#8256=DIRECTION('',(0.577350269189626,-0.04887515652928,0.815032444594021));
#8257=DIRECTION('',(0.,0.604345424265703,-0.796722416007675));
#8258=DIRECTION('',(-0.713932520474485,0.55787659396578,0.423171433480675));
#8259=DIRECTION('',(0.707106781186548,-0.46917360461829,-0.529033201915987));
#8260=DIRECTION('',(-0.707106781186548,-0.46917360461829,-0.529033201915987));
#8261=DIRECTION('',(-0.707106781186548,0.635912132045684,0.309217981878662));
#8262=DIRECTION('',(0.707106781186548,0.635912132045684,0.309217981878662));
#8263=DIRECTION('',(0.707106781186548,-0.635912132045684,-0.309217981878662));
#8264=DIRECTION('',(0.678598344545847,0.733192437532738,0.0439674461896382));
#8265=DIRECTION('',(0.,0.253449899245909,-0.96734851453457));
#8266=DIRECTION('',(-0.713932520474485,0.677351463475333,0.177469296321287));
#8267=DIRECTION('',(0.707106781186548,-0.635912132045684,-0.309217981878662));
#8268=DIRECTION('',(-0.707106781186548,-0.635912132045684,-0.309217981878662));
#8269=DIRECTION('',(-0.707106781186548,0.705838801926955,0.0423271271682973));
#8270=DIRECTION('',(0.707106781186548,0.705838801926955,0.0423271271682973));
#8271=DIRECTION('',(0.707106781186548,-0.705838801926955,-0.0423271271682973));
#8272=DIRECTION('',(0.707106781186548,0.705838801926955,0.0423271271682973));
#8273=DIRECTION('',(0.707106781186548,-0.705838801926955,-0.0423271271682973));
#8274=DIRECTION('',(-0.707106781186548,-0.705838801926955,-0.0423271271682973));
#8275=DIRECTION('',(-0.707106781186547,0.46917360461829,0.529033201915987));
#8276=DIRECTION('',(0.707106781186547,0.46917360461829,0.529033201915987));
#8277=DIRECTION('',(-0.707106781186547,0.46917360461829,0.529033201915987));
#8278=DIRECTION('',(-0.577350269189626,0.04887515652928,-0.81503244459402));
#8279=DIRECTION('',(0.707106781186547,-0.46917360461829,-0.529033201915987));
#8280=DIRECTION('',(-0.707106781186547,-0.46917360461829,-0.529033201915987));
#8281=DIRECTION('',(0.707106781186547,-0.46917360461829,-0.529033201915987));
#8282=DIRECTION('',(0.577350269189626,-0.04887515652928,0.81503244459402));
#8283=DIRECTION('',(0.707106781186547,-0.46917360461829,-0.529033201915987));
#8284=DIRECTION('',(-0.707106781186547,-0.46917360461829,-0.529033201915987));
#8285=DIRECTION('',(0.,0.604345424265703,-0.796722416007675));
#8286=DIRECTION('',(0.713932520474485,-0.55787659396578,-0.423171433480675));
#8287=DIRECTION('',(0.707106781186547,-0.635912132045684,-0.309217981878662));
#8288=DIRECTION('',(-0.707106781186547,-0.635912132045684,-0.309217981878662));
#8289=DIRECTION('',(0.707106781186547,-0.635912132045684,-0.309217981878662));
#8290=DIRECTION('',(0.678598344545847,0.733192437532737,0.0439674461896382));
#8291=DIRECTION('',(-0.707106781186547,0.635912132045684,0.309217981878662));
#8292=DIRECTION('',(0.707106781186547,0.635912132045684,0.309217981878662));
#8293=DIRECTION('',(-0.707106781186547,0.635912132045684,0.309217981878662));
#8294=DIRECTION('',(-0.678598344545847,-0.733192437532737,-0.0439674461896382));
#8295=DIRECTION('',(0.707106781186547,-0.635912132045684,-0.309217981878662));
#8296=DIRECTION('',(-0.707106781186547,-0.635912132045684,-0.309217981878662));
#8297=DIRECTION('',(0.,0.253449899245909,-0.96734851453457));
#8298=DIRECTION('',(0.713932520474485,-0.677351463475334,-0.177469296321287));
#8299=DIRECTION('',(0.707106781186547,-0.705838801926955,-0.0423271271682974));
#8300=DIRECTION('',(-0.707106781186547,-0.705838801926955,-0.0423271271682975));
#8301=DIRECTION('',(0.707106781186547,-0.705838801926955,-0.0423271271682974));
#8302=DIRECTION('',(0.707106781186548,0.705838801926955,0.0423271271682973));
#8303=DIRECTION('',(-0.707106781186547,0.705838801926955,0.0423271271682974));
#8304=DIRECTION('',(0.707106781186547,0.705838801926955,0.0423271271682975));
#8305=DIRECTION('',(-0.707106781186547,0.705838801926955,0.0423271271682974));
#8306=DIRECTION('',(-0.707106781186548,-0.705838801926955,-0.0423271271682973));
#8307=DIRECTION('',(0.707106781186547,-0.705838801926955,-0.0423271271682975));
#8308=DIRECTION('',(-0.707106781186547,-0.705838801926955,-0.0423271271682975));
#8309=DIRECTION('',(-4.02401421674308E-16,-0.136031075405017,-0.990704570759697));
#8310=DIRECTION('',(0.713932520474485,-0.693705712877074,0.0952509324398399));
#8311=DIRECTION('',(-0.707106781186548,0.668307912659519,-0.231007648957078));
#8312=DIRECTION('',(0.707106781186547,0.66830791265952,-0.231007648957078));
#8313=DIRECTION('',(-0.707106781186548,0.668307912659519,-0.231007648957078));
#8314=DIRECTION('',(-0.678598344545847,-0.733192437532738,-0.0439674461896382));
#8315=DIRECTION('',(0.707106781186548,-0.668307912659519,0.231007648957078));
#8316=DIRECTION('',(-0.707106781186547,-0.66830791265952,0.231007648957078));
#8317=DIRECTION('',(0.707106781186548,-0.668307912659519,0.231007648957078));
#8318=DIRECTION('',(0.678598344545847,0.733192437532738,0.0439674461896382));
#8319=DIRECTION('',(0.707106781186547,-0.668307912659519,0.231007648957078));
#8320=DIRECTION('',(-0.707106781186547,-0.66830791265952,0.231007648957078));
#8321=DIRECTION('',(-8.04802843348619E-16,-0.504802551950298,-0.863234836845958));
#8322=DIRECTION('',(0.713932520474485,-0.604449555951227,0.353470070188854));
#8323=DIRECTION('',(-0.707106781186548,0.529033201915987,-0.46917360461829));
#8324=DIRECTION('',(0.707106781186547,0.529033201915987,-0.46917360461829));
#8325=DIRECTION('',(-0.707106781186548,0.529033201915987,-0.46917360461829));
#8326=DIRECTION('',(-0.577350269189626,-0.815032444594021,-0.04887515652928));
#8327=DIRECTION('',(0.707106781186548,-0.529033201915987,0.46917360461829));
#8328=DIRECTION('',(-0.707106781186547,-0.529033201915987,0.46917360461829));
#8329=DIRECTION('',(0.707106781186548,-0.529033201915987,0.46917360461829));
#8330=DIRECTION('',(0.577350269189626,0.815032444594021,0.04887515652928));
#8331=DIRECTION('',(0.707106781186548,-0.529033201915987,0.46917360461829));
#8332=DIRECTION('',(-0.707106781186547,-0.529033201915987,0.46917360461829));
#8333=DIRECTION('',(0.707106781186547,0.46917360461829,0.529033201915987));
#8334=DIRECTION('',(-0.707106781186547,0.46917360461829,0.529033201915987));
#8335=DIRECTION('',(0.707106781186547,0.46917360461829,0.529033201915987));
#8336=DIRECTION('',(-0.577350269189626,-0.04887515652928,0.81503244459402));
#8337=DIRECTION('',(-0.707106781186547,-0.46917360461829,-0.529033201915987));
#8338=DIRECTION('',(0.707106781186547,-0.46917360461829,-0.529033201915987));
#8339=DIRECTION('',(-0.707106781186547,-0.46917360461829,-0.529033201915987));
#8340=DIRECTION('',(0.577350269189626,0.04887515652928,-0.81503244459402));
#8341=DIRECTION('',(-0.707106781186547,-0.46917360461829,-0.529033201915987));
#8342=DIRECTION('',(0.707106781186547,-0.46917360461829,-0.529033201915987));
#8343=DIRECTION('',(0.,-0.604345424265703,0.796722416007675));
#8344=DIRECTION('',(-0.713932520474485,-0.55787659396578,-0.423171433480675));
#8345=DIRECTION('',(-0.707106781186547,-0.635912132045684,-0.309217981878662));
#8346=DIRECTION('',(0.707106781186547,-0.635912132045684,-0.309217981878662));
#8347=DIRECTION('',(-0.707106781186547,-0.635912132045684,-0.309217981878662));
#8348=DIRECTION('',(0.678598344545847,-0.733192437532737,-0.0439674461896382));
#8349=DIRECTION('',(0.707106781186547,0.635912132045684,0.309217981878662));
#8350=DIRECTION('',(-0.707106781186547,0.635912132045684,0.309217981878662));
#8351=DIRECTION('',(0.707106781186547,0.635912132045684,0.309217981878662));
#8352=DIRECTION('',(-0.678598344545847,0.733192437532737,0.0439674461896382));
#8353=DIRECTION('',(-0.707106781186547,-0.635912132045684,-0.309217981878662));
#8354=DIRECTION('',(0.707106781186547,-0.635912132045684,-0.309217981878662));
#8355=DIRECTION('',(0.,-0.253449899245909,0.96734851453457));
#8356=DIRECTION('',(-0.713932520474485,-0.677351463475334,-0.177469296321287));
#8357=DIRECTION('',(-0.707106781186547,-0.705838801926955,-0.0423271271682974));
#8358=DIRECTION('',(0.707106781186547,-0.705838801926955,-0.0423271271682975));
#8359=DIRECTION('',(-0.707106781186547,-0.705838801926955,-0.0423271271682974));
#8360=DIRECTION('',(0.707106781186548,-0.705838801926955,-0.0423271271682973));
#8361=DIRECTION('',(0.707106781186547,0.705838801926955,0.0423271271682974));
#8362=DIRECTION('',(-0.707106781186547,0.705838801926955,0.0423271271682975));
#8363=DIRECTION('',(0.707106781186547,0.705838801926955,0.0423271271682974));
#8364=DIRECTION('',(-0.707106781186548,0.705838801926955,0.0423271271682973));
#8365=DIRECTION('',(-0.707106781186547,-0.705838801926955,-0.0423271271682975));
#8366=DIRECTION('',(0.707106781186547,-0.705838801926955,-0.0423271271682975));
#8367=DIRECTION('',(-4.02401421674308E-16,0.136031075405017,0.990704570759697));
#8368=DIRECTION('',(-0.713932520474485,-0.693705712877074,0.0952509324398399));
#8369=DIRECTION('',(0.707106781186548,0.668307912659519,-0.231007648957078));
#8370=DIRECTION('',(-0.707106781186547,0.66830791265952,-0.231007648957078));
#8371=DIRECTION('',(0.707106781186548,0.668307912659519,-0.231007648957078));
#8372=DIRECTION('',(-0.678598344545847,0.733192437532738,0.0439674461896382));
#8373=DIRECTION('',(-0.707106781186548,-0.668307912659519,0.231007648957078));
#8374=DIRECTION('',(0.707106781186547,-0.66830791265952,0.231007648957078));
#8375=DIRECTION('',(-0.707106781186548,-0.668307912659519,0.231007648957078));
#8376=DIRECTION('',(0.678598344545847,-0.733192437532738,-0.0439674461896382));
#8377=DIRECTION('',(-0.707106781186547,-0.668307912659519,0.231007648957078));
#8378=DIRECTION('',(0.707106781186547,-0.66830791265952,0.231007648957078));
#8379=DIRECTION('',(-8.04802843348619E-16,0.504802551950298,0.863234836845958));
#8380=DIRECTION('',(-0.713932520474485,-0.604449555951227,0.353470070188854));
#8381=DIRECTION('',(-0.707106781186548,-0.529033201915987,0.46917360461829));
#8382=DIRECTION('',(0.707106781186547,-0.529033201915987,0.46917360461829));
#8383=DIRECTION('',(-0.707106781186548,-0.529033201915987,0.46917360461829));
#8384=DIRECTION('',(0.577350269189626,-0.815032444594021,-0.04887515652928));
#8385=DIRECTION('',(0.707106781186548,0.529033201915987,-0.46917360461829));
#8386=DIRECTION('',(-0.577350269189626,0.815032444594021,0.04887515652928));
#8387=DIRECTION('',(0.707106781186548,0.529033201915987,-0.46917360461829));
#8388=DIRECTION('',(-0.707106781186547,0.529033201915987,-0.46917360461829));
#8389=DIRECTION('',(-0.707106781186548,-0.529033201915987,0.46917360461829));
#8390=DIRECTION('',(0.707106781186547,-0.529033201915987,0.46917360461829));
#8391=DIRECTION('',(0.,0.,1.));
#8392=DIRECTION('',(1.,0.,0.));
#8393=DIRECTION('',(0.,1.15648231731787E-16,-1.));
#8394=DIRECTION('',(0.,1.,1.15648231731787E-16));
#8395=DIRECTION('',(-1.,0.,0.));
#8396=DIRECTION('',(6.16297582203916E-33,1.,1.15648231731787E-16));
#8397=DIRECTION('',(-1.,0.,0.));
#8398=DIRECTION('',(0.,1.,1.15648231731787E-16));
#8399=DIRECTION('',(0.,1.15648231731787E-16,-1.));
#8400=DIRECTION('',(0.,1.,1.15648231731787E-16));
#8401=DIRECTION('',(-1.,0.,0.));
#8402=DIRECTION('',(0.,1.,1.15648231731787E-16));
#8403=DIRECTION('',(-1.,0.,0.));
#8404=DIRECTION('',(0.,1.15648231731787E-16,-1.));
#8405=DIRECTION('',(-0.734509555267755,0.678598344545847,7.84786986028453E-17));
#8406=DIRECTION('',(0.,1.,1.15648231731787E-16));
#8407=DIRECTION('',(-1.,0.,0.));
#8408=DIRECTION('',(6.16297582203916E-33,1.,1.15648231731787E-16));
#8409=DIRECTION('',(0.,-1.15648231731787E-16,1.));
#8410=DIRECTION('',(0.,-1.,-1.15648231731787E-16));
#8411=DIRECTION('',(0.,1.,1.15648231731787E-16));
#8412=DIRECTION('',(-1.,0.,0.));
#8413=DIRECTION('',(8.06980717741469E-33,1.,1.15648231731787E-16));
#8414=DIRECTION('',(1.,0.,0.));
#8415=DIRECTION('',(0.,-1.,-1.15648231731787E-16));
#8416=DIRECTION('',(0.,-1.15648231731787E-16,1.));
#8417=DIRECTION('',(0.734509555267755,0.678598344545847,7.84786986028453E-17));
#8418=DIRECTION('',(1.,0.,0.));
#8419=DIRECTION('',(0.,-1.15648231731787E-16,1.));
#8420=DIRECTION('',(0.,-1.,-1.15648231731787E-16));
#8421=DIRECTION('',(8.06980717741469E-33,1.,1.15648231731787E-16));
#8422=DIRECTION('',(-1.,0.,0.));
#8423=DIRECTION('',(0.,1.,1.15648231731787E-16));
#8424=DIRECTION('',(-1.,0.,0.));
#8425=DIRECTION('',(1.,0.,0.));
#8426=DIRECTION('',(0.,1.,0.));
#8427=DIRECTION('',(1.,0.,0.));
#8428=DIRECTION('',(0.,0.,-1.));
#8429=DIRECTION('',(0.,1.,1.15648231731787E-16));
#8430=DIRECTION('',(0.,-1.15648231731787E-16,1.));
#8431=DIRECTION('',(1.,0.,0.));
#8432=DIRECTION('',(0.,0.,-1.));
#8433=DIRECTION('',(0.,-1.,0.));
#8434=DIRECTION('',(1.,0.,0.));
#8435=DIRECTION('',(0.,1.,0.));
#8436=DIRECTION('',(1.,0.,0.));
#8437=DIRECTION('',(0.,0.,-1.));
#8438=DIRECTION('',(0.,-0.707106781186548,-0.707106781186548));
#8439=DIRECTION('',(0.,-0.996191287063492,0.087194722195694));
#8440=DIRECTION('',(-1.,0.,0.));
#8441=DIRECTION('',(0.,0.,1.));
#8442=DIRECTION('',(-1.,0.,0.));
#8443=DIRECTION('',(-0.866025403784439,5.78241158658936E-17,-0.5));
#8444=DIRECTION('',(-0.5,-1.00154306582477E-16,0.866025403784439));
#8445=DIRECTION('',(-1.,0.,0.));
#8446=DIRECTION('',(0.866025403784439,5.78241158658936E-17,-0.5));
#8447=DIRECTION('',(-0.5,1.00154306582477E-16,-0.866025403784439));
#8448=DIRECTION('',(-1.,0.,0.));
#8449=DIRECTION('',(1.,0.,0.));
#8450=DIRECTION('',(0.,0.,-1.));
#8451=DIRECTION('',(0.,0.707106781186548,-0.707106781186548));
#8452=DIRECTION('',(0.,0.707106781186548,0.707106781186548));
#8453=DIRECTION('',(-0.377964473009228,0.654653670707977,0.654653670707977));
#8454=DIRECTION('',(0.,-0.707106781186548,-0.707106781186548));
#8455=DIRECTION('',(-1.,0.,0.));
#8456=DIRECTION('',(1.,0.,0.));
#8457=DIRECTION('',(0.,1.,0.));
#8458=DIRECTION('',(1.,0.,0.));
#8459=DIRECTION('',(0.,0.,-1.));
#8460=DIRECTION('',(0.,-1.15648231731787E-16,1.));
#8461=DIRECTION('',(0.,-1.,-1.15648231731787E-16));
#8462=DIRECTION('',(1.,0.,0.));
#8463=DIRECTION('',(0.,0.,-1.));
#8464=DIRECTION('',(0.,-1.,0.));
#8465=DIRECTION('',(-1.,0.,0.));
#8466=DIRECTION('',(0.,0.,1.));
#8467=DIRECTION('',(-1.,0.,0.));
#8468=DIRECTION('',(1.,0.,0.));
#8469=DIRECTION('',(0.,0.,-1.));
#8470=DIRECTION('',(-1.,0.,0.));
#8471=DIRECTION('',(0.866025403784439,-5.78241158658936E-17,0.5));
#8472=DIRECTION('',(-0.5,-1.00154306582477E-16,0.866025403784439));
#8473=DIRECTION('',(-0.866025403784439,-5.78241158658936E-17,0.5));
#8474=DIRECTION('',(-0.5,1.00154306582477E-16,-0.866025403784439));
#8475=DIRECTION('',(-1.,0.,0.));
#8476=DIRECTION('',(-0.866025403784439,5.78241158658936E-17,-0.5));
#8477=DIRECTION('',(-0.5,-1.00154306582477E-16,0.866025403784439));
#8478=DIRECTION('',(0.866025403784439,5.78241158658936E-17,-0.5));
#8479=DIRECTION('',(-0.5,1.00154306582477E-16,-0.866025403784439));
#8480=DIRECTION('',(-1.,0.,0.));
#8481=DIRECTION('',(1.,0.,0.));
#8482=DIRECTION('',(0.,0.,-1.));
#8483=DIRECTION('',(0.,0.,-1.));
#8484=DIRECTION('',(-1.,0.,0.));
#8485=DIRECTION('',(0.,-1.,0.));
#8486=DIRECTION('',(-6.67695377216516E-17,1.,0.));
#8487=DIRECTION('',(1.,0.,0.));
#8488=DIRECTION('',(6.67695377216516E-17,1.,0.));
#8489=DIRECTION('',(-6.67695377216516E-17,1.,0.));
#8490=DIRECTION('',(1.,0.,0.));
#8491=DIRECTION('',(6.67695377216516E-17,1.,0.));
#8492=DIRECTION('',(0.,-1.,0.));
#8493=DIRECTION('',(-1.,0.,0.));
#8494=DIRECTION('',(-1.,0.,0.));
#8495=DIRECTION('',(0.,-1.,0.));
#8496=DIRECTION('',(-1.,0.,0.));
#8497=DIRECTION('',(0.,-1.,0.));
#8498=DIRECTION('',(-1.,0.,0.));
#8499=DIRECTION('',(0.,-1.,0.));
#8500=DIRECTION('',(-1.,0.,0.));
#8501=DIRECTION('',(0.,-1.,0.));
#8502=DIRECTION('',(-1.,0.,0.));
#8503=DIRECTION('',(1.,0.,0.));
#8504=DIRECTION('',(0.,0.,1.));
#8505=DIRECTION('',(1.,0.,0.));
#8506=DIRECTION('',(0.,0.,-1.));
#8507=DIRECTION('',(1.,0.,0.));
#8508=DIRECTION('',(0.,0.,-1.));
#8509=DIRECTION('',(1.,0.,0.));
#8510=DIRECTION('',(0.,0.,-1.));
#8511=DIRECTION('',(-1.,0.,0.));
#8512=DIRECTION('',(0.,0.,-1.));
#8513=DIRECTION('',(1.,0.,0.));
#8514=DIRECTION('',(0.,0.,-1.));
#8515=DIRECTION('',(1.,0.,0.));
#8516=DIRECTION('',(0.,0.,-1.));
#8517=DIRECTION('',(0.707106781186548,0.653281482438188,-0.270598050073099));
#8518=DIRECTION('',(-0.707106781186548,0.653281482438188,-0.270598050073099));
#8519=DIRECTION('',(-0.707106781186548,-0.653281482438188,0.270598050073099));
#8520=DIRECTION('',(0.707106781186548,-0.653281482438189,0.270598050073099));
#8521=DIRECTION('',(4.02401421674309E-16,-0.195090322016127,-0.980785280403231));
#8522=DIRECTION('',(0.713932520474485,0.686760081867529,-0.136605073706118));
#8523=DIRECTION('',(-0.707106781186548,-0.653281482438188,0.270598050073099));
#8524=DIRECTION('',(0.707106781186548,-0.653281482438189,0.270598050073099));
#8525=DIRECTION('',(0.,-0.555570233019602,-0.831469612302545));
#8526=DIRECTION('',(0.713932520474485,0.582207084898842,-0.389018336974674));
#8527=DIRECTION('',(0.707106781186548,0.653281482438188,-0.270598050073099));
#8528=DIRECTION('',(-0.707106781186548,0.653281482438189,-0.270598050073099));
#8529=DIRECTION('',(1.,0.,0.));
#8530=DIRECTION('',(0.,0.,1.));
#8531=DIRECTION('',(1.,0.,0.));
#8532=DIRECTION('',(0.,0.,-1.));
#8533=DIRECTION('',(-1.,0.,0.));
#8534=DIRECTION('',(0.,0.,-1.));
#8535=DIRECTION('',(1.,0.,0.));
#8536=DIRECTION('',(0.,0.,-1.));
#8537=DIRECTION('',(1.,0.,0.));
#8538=DIRECTION('',(0.,1.,0.));
#8539=DIRECTION('',(1.,0.,0.));
#8540=DIRECTION('',(0.,0.,-1.));
#8541=DIRECTION('',(1.,0.,0.));
#8542=DIRECTION('',(0.,0.,-1.));
#8543=DIRECTION('',(0.,-0.707106781186548,-0.707106781186548));
#8544=DIRECTION('',(0.,-0.996191287063492,0.087194722195694));
#8545=DIRECTION('',(1.,0.,0.));
#8546=DIRECTION('',(0.,1.,0.));
#8547=DIRECTION('',(1.,0.,0.));
#8548=DIRECTION('',(0.,0.,-1.));
#8549=DIRECTION('',(1.,0.,0.));
#8550=DIRECTION('',(0.,0.,-1.));
#8551=DIRECTION('',(0.,-0.707106781186548,-0.707106781186548));
#8552=DIRECTION('',(0.,-0.996191287063492,0.087194722195694));
#8553=DIRECTION('',(-1.,0.,0.));
#8554=DIRECTION('',(0.,0.,1.));
#8555=DIRECTION('',(-1.,0.,0.));
#8556=DIRECTION('',(1.,0.,0.));
#8557=DIRECTION('',(0.,0.,-1.));
#8558=DIRECTION('',(1.,0.,0.));
#8559=DIRECTION('',(0.,1.,0.));
#8560=DIRECTION('',(1.,0.,0.));
#8561=DIRECTION('',(0.,0.,-1.));
#8562=DIRECTION('',(0.,-0.996191287063492,0.087194722195694));
#8563=DIRECTION('',(-1.,0.,0.));
#8564=DIRECTION('',(0.,0.,1.));
#8565=DIRECTION('',(1.,0.,0.));
#8566=DIRECTION('',(0.,0.,-1.));
#8567=DIRECTION('',(-1.,0.,0.));
#8568=DIRECTION('',(1.,0.,0.));
#8569=DIRECTION('',(0.,0.,-1.));
#8570=DIRECTION('',(-1.,0.,0.));
#8571=DIRECTION('',(0.,0.,1.));
#8572=DIRECTION('',(0.866025403784439,-5.78241158658936E-17,0.5));
#8573=DIRECTION('',(-0.5,-1.00154306582477E-16,0.866025403784439));
#8574=DIRECTION('',(-1.,0.,0.));
#8575=DIRECTION('',(-0.866025403784439,-5.78241158658936E-17,0.5));
#8576=DIRECTION('',(-0.5,1.00154306582477E-16,-0.866025403784439));
#8577=DIRECTION('',(-1.,0.,0.));
#8578=DIRECTION('',(0.,0.707106781186548,-0.707106781186548));
#8579=DIRECTION('',(0.,0.707106781186548,0.707106781186548));
#8580=DIRECTION('',(0.377964473009228,0.654653670707977,0.654653670707977));
#8581=DIRECTION('',(0.,-0.707106781186548,-0.707106781186548));
#8582=DIRECTION('',(-1.,0.,0.));
#8583=DIRECTION('',(1.,0.,0.));
#8584=DIRECTION('',(0.,1.,0.));
#8585=DIRECTION('',(0.,-0.996191287063492,0.087194722195694));
#8586=DIRECTION('',(-1.,0.,0.));
#8587=DIRECTION('',(0.,0.,1.));
#8588=DIRECTION('',(1.,0.,0.));
#8589=DIRECTION('',(0.,0.,-1.));
#8590=DIRECTION('',(-1.,0.,0.));
#8591=DIRECTION('',(1.,0.,0.));
#8592=DIRECTION('',(0.,0.,-1.));
#8593=DIRECTION('',(0.,0.984807753012208,0.173648177666929));
#8594=DIRECTION('',(0.,-0.173648177666929,0.984807753012208));
#8595=DIRECTION('',(0.,0.173648177666929,-0.984807753012208));
#8596=DIRECTION('',(-1.,0.,0.));
#8597=DIRECTION('',(0.,0.173648177666929,-0.984807753012208));
#8598=DIRECTION('',(-1.,0.,0.));
#8599=DIRECTION('',(0.,0.,1.));
#8600=DIRECTION('',(1.,0.,0.));
#8601=DIRECTION('',(0.,0.,-1.));
#8602=DIRECTION('',(-1.,0.,0.));
#8603=DIRECTION('',(1.,0.,0.));
#8604=DIRECTION('',(0.,0.,-1.));
#8605=DIRECTION('',(0.,0.984807753012208,0.17364817766693));
#8606=DIRECTION('',(0.,-0.17364817766693,0.984807753012208));
#8607=DIRECTION('',(0.,0.17364817766693,-0.984807753012208));
#8608=DIRECTION('',(-1.,0.,0.));
#8609=DIRECTION('',(0.,0.17364817766693,-0.984807753012208));
#8610=DIRECTION('',(-1.,0.,0.));
#8611=DIRECTION('',(0.,0.,1.));
#8612=DIRECTION('',(1.,0.,0.));
#8613=DIRECTION('',(0.,0.,-1.));
#8614=DIRECTION('',(-1.,0.,0.));
#8615=DIRECTION('',(1.,0.,0.));
#8616=DIRECTION('',(0.,0.,-1.));
#8617=DIRECTION('',(0.,-0.087194722195694,-0.996191287063492));
#8618=DIRECTION('',(0.,0.996191287063492,-0.087194722195694));
#8619=DIRECTION('',(0.,-0.996191287063492,0.087194722195694));
#8620=DIRECTION('',(-1.,0.,0.));
#8621=DIRECTION('',(0.,-0.996191287063492,0.087194722195694));
#8622=DIRECTION('',(0.,-0.996191287063492,0.087194722195694));
#8623=DIRECTION('',(0.,-0.996191287063492,0.087194722195694));
#8624=DIRECTION('',(0.,-0.996191287063492,0.087194722195694));
#8625=DIRECTION('',(-1.,0.,0.));
#8626=DIRECTION('',(0.,-0.996191287063492,0.087194722195694));
#8627=DIRECTION('',(0.,-0.996191287063492,0.087194722195694));
#8628=DIRECTION('',(0.,-0.996191287063492,0.087194722195694));
#8629=DIRECTION('',(0.,-0.996191287063492,0.087194722195694));
#8630=DIRECTION('',(-1.,0.,0.));
#8631=DIRECTION('',(0.,0.,1.));
#8632=DIRECTION('',(1.,0.,0.));
#8633=DIRECTION('',(0.,0.,-1.));
#8634=DIRECTION('',(1.,0.,0.));
#8635=DIRECTION('',(0.,1.,0.));
#8636=DIRECTION('',(1.,0.,0.));
#8637=DIRECTION('',(0.,1.,0.));
#8638=DIRECTION('',(-1.,0.,0.));
#8639=DIRECTION('',(0.,0.,1.));
#8640=DIRECTION('',(1.,0.,0.));
#8641=DIRECTION('',(0.,0.,-1.));
#8642=DIRECTION('',(-1.,0.,0.));
#8643=DIRECTION('',(0.,0.707106781186548,-0.707106781186548));
#8644=DIRECTION('',(0.,0.707106781186548,0.707106781186548));
#8645=DIRECTION('',(0.,-0.707106781186548,-0.707106781186548));
#8646=DIRECTION('',(1.,0.,0.));
#8647=DIRECTION('',(0.,1.,0.));
#8648=DIRECTION('',(1.,0.,0.));
#8649=DIRECTION('',(0.,0.,-1.));
#8650=DIRECTION('',(1.,0.,0.));
#8651=DIRECTION('',(0.,1.,0.));
#8652=DIRECTION('',(1.,0.,0.));
#8653=DIRECTION('',(0.,0.,-1.));
#8654=DIRECTION('',(-1.,0.,0.));
#8655=DIRECTION('',(0.,0.,-1.));
#8656=DIRECTION('',(1.,0.,0.));
#8657=DIRECTION('',(0.,0.,-1.));
#8658=DIRECTION('',(1.,0.,0.));
#8659=DIRECTION('',(0.,0.,1.));
#8660=DIRECTION('',(1.,0.,0.));
#8661=DIRECTION('',(0.,0.,-1.));
#8662=DIRECTION('',(1.,0.,0.));
#8663=DIRECTION('',(0.,1.,0.));
#8664=DIRECTION('',(1.,0.,0.));
#8665=DIRECTION('',(0.,1.,0.));
#8666=DIRECTION('',(1.,0.,0.));
#8667=DIRECTION('',(0.,0.,-1.));
#8668=DIRECTION('',(-1.,0.,0.));
#8669=DIRECTION('',(0.,0.,-1.));
#8670=DIRECTION('',(-0.866025403784439,-5.78241158658936E-17,0.5));
#8671=DIRECTION('',(-0.5,1.00154306582477E-16,-0.866025403784439));
#8672=DIRECTION('',(1.,0.,0.));
#8673=DIRECTION('',(0.,0.,1.));
#8674=DIRECTION('',(1.,0.,0.));
#8675=DIRECTION('',(0.,1.,0.));
#8676=DIRECTION('',(1.,0.,0.));
#8677=DIRECTION('',(0.,1.,0.));
#8678=DIRECTION('',(-1.,0.,0.));
#8679=DIRECTION('',(0.,0.,-1.));
#8680=DIRECTION('',(1.,0.,0.));
#8681=DIRECTION('',(0.,0.,1.));
#8682=DIRECTION('',(-0.866025403784439,5.78241158658936E-17,-0.5));
#8683=DIRECTION('',(0.5,1.00154306582477E-16,-0.866025403784439));
#8684=DIRECTION('',(1.,0.,0.));
#8685=DIRECTION('',(0.,0.,-1.));
#8686=DIRECTION('',(1.,0.,0.));
#8687=DIRECTION('',(0.,1.,0.));
#8688=DIRECTION('',(0.707106781186548,0.,-0.707106781186548));
#8689=DIRECTION('',(-0.707106781186548,0.,-0.707106781186548));
#8690=DIRECTION('',(0.,-0.98078528040323,-0.195090322016128));
#8691=DIRECTION('',(0.713932520474485,0.136605073706118,-0.686760081867529));
#8692=DIRECTION('',(-0.707106781186548,6.12323399573677E-17,0.707106781186548));
#8693=DIRECTION('',(0.707106781186548,0.,0.707106781186548));
#8694=DIRECTION('',(1.60960568669724E-15,0.980785280403231,-0.195090322016127));
#8695=DIRECTION('',(0.713932520474485,-0.136605073706118,-0.686760081867529));
#8696=DIRECTION('',(-0.707106781186548,6.12323399573677E-17,0.707106781186548));
#8697=DIRECTION('',(0.707106781186548,0.,0.707106781186548));
#8698=DIRECTION('',(-0.707106781186548,6.12323399573677E-17,0.707106781186548));
#8699=DIRECTION('',(0.707106781186548,0.,0.707106781186548));
#8700=DIRECTION('',(0.707106781186548,-6.12323399573677E-17,-0.707106781186548));
#8701=DIRECTION('',(-0.707106781186548,0.,-0.707106781186548));
#8702=DIRECTION('',(0.707106781186548,0.270598050073099,-0.653281482438188));
#8703=DIRECTION('',(-0.707106781186548,0.270598050073099,-0.653281482438188));
#8704=DIRECTION('',(-0.707106781186548,-0.270598050073099,0.653281482438188));
#8705=DIRECTION('',(0.707106781186548,-0.270598050073099,0.653281482438189));
#8706=DIRECTION('',(0.,-0.831469612302545,-0.555570233019602));
#8707=DIRECTION('',(0.713932520474485,0.389018336974674,-0.582207084898842));
#8708=DIRECTION('',(-0.707106781186548,-0.270598050073099,0.653281482438188));
#8709=DIRECTION('',(0.707106781186548,-0.270598050073099,0.653281482438189));
#8710=DIRECTION('',(-0.707106781186548,-0.270598050073099,0.653281482438188));
#8711=DIRECTION('',(0.707106781186548,-0.270598050073099,0.653281482438189));
#8712=DIRECTION('',(0.707106781186548,0.270598050073099,-0.653281482438188));
#8713=DIRECTION('',(-0.707106781186548,0.270598050073099,-0.653281482438189));
#8714=DIRECTION('',(0.707106781186548,0.5,-0.5));
#8715=DIRECTION('',(-0.707106781186548,0.5,-0.5));
#8716=DIRECTION('',(0.,1.,1.15648231731787E-16));
#8717=DIRECTION('',(0.816496580927726,6.67695377216516E-17,-0.577350269189626));
#8718=DIRECTION('',(-0.707106781186548,-0.5,0.5));
#8719=DIRECTION('',(0.707106781186548,-0.5,0.5));
#8720=DIRECTION('',(-0.707106781186548,-0.5,0.5));
#8721=DIRECTION('',(0.707106781186548,-0.5,0.5));
#8722=DIRECTION('',(-0.707106781186548,-0.5,0.5));
#8723=DIRECTION('',(0.707106781186548,-0.5,0.5));
#8724=DIRECTION('',(0.707106781186548,0.5,-0.5));
#8725=DIRECTION('',(-0.707106781186548,0.5,-0.5));
#8726=DIRECTION('',(-0.707106781186548,-0.653281482438188,0.270598050073099));
#8727=DIRECTION('',(0.707106781186548,-0.653281482438189,0.270598050073099));
#8728=DIRECTION('',(0.707106781186548,0.707106781186548,1.57009245868377E-16));
#8729=DIRECTION('',(-0.707106781186547,0.707106781186548,1.57009245868377E-16));
#8730=DIRECTION('',(0.,0.195090322016128,-0.980785280403231));
#8731=DIRECTION('',(0.713932520474485,0.686760081867529,0.136605073706118));
#8732=DIRECTION('',(-0.707106781186548,-0.707106781186548,-9.57769059110098E-17));
#8733=DIRECTION('',(0.707106781186547,-0.707106781186548,-1.57009245868377E-16));
#8734=DIRECTION('',(-0.707106781186548,-0.707106781186548,-9.57769059110098E-17));
#8735=DIRECTION('',(0.707106781186547,-0.707106781186548,-1.57009245868377E-16));
#8736=DIRECTION('',(-0.707106781186548,-0.707106781186548,-9.57769059110098E-17));
#8737=DIRECTION('',(0.707106781186547,-0.707106781186548,-1.57009245868377E-16));
#8738=DIRECTION('',(0.707106781186548,0.707106781186548,9.57769059110098E-17));
#8739=DIRECTION('',(-0.707106781186547,0.707106781186548,1.57009245868377E-16));
#8740=DIRECTION('',(0.707106781186548,0.653281482438188,0.270598050073099));
#8741=DIRECTION('',(-0.707106781186547,0.653281482438188,0.270598050073099));
#8742=DIRECTION('',(-0.707106781186548,-0.653281482438188,-0.270598050073099));
#8743=DIRECTION('',(0.707106781186547,-0.653281482438189,-0.270598050073099));
#8744=DIRECTION('',(0.,0.555570233019602,-0.831469612302546));
#8745=DIRECTION('',(0.713932520474485,0.582207084898842,0.389018336974674));
#8746=DIRECTION('',(-0.707106781186548,-0.653281482438188,-0.270598050073099));
#8747=DIRECTION('',(0.707106781186547,-0.653281482438189,-0.270598050073099));
#8748=DIRECTION('',(-0.707106781186548,-0.653281482438188,-0.270598050073099));
#8749=DIRECTION('',(0.707106781186547,-0.653281482438189,-0.270598050073099));
#8750=DIRECTION('',(0.707106781186548,0.653281482438188,0.270598050073099));
#8751=DIRECTION('',(-0.707106781186547,0.653281482438189,0.270598050073099));
#8752=DIRECTION('',(0.707106781186548,0.5,0.5));
#8753=DIRECTION('',(-0.707106781186547,0.5,0.5));
#8754=DIRECTION('',(8.04802843348619E-16,0.831469612302546,-0.555570233019602));
#8755=DIRECTION('',(0.713932520474485,0.389018336974674,0.582207084898842));
#8756=DIRECTION('',(-0.707106781186548,-0.5,-0.5));
#8757=DIRECTION('',(0.707106781186547,-0.5,-0.5));
#8758=DIRECTION('',(-0.707106781186548,-0.5,-0.5));
#8759=DIRECTION('',(0.707106781186547,-0.5,-0.5));
#8760=DIRECTION('',(-0.707106781186548,-0.5,-0.5));
#8761=DIRECTION('',(0.707106781186547,-0.5,-0.5));
#8762=DIRECTION('',(0.707106781186548,0.5,0.5));
#8763=DIRECTION('',(-0.707106781186547,0.5,0.5));
#8764=DIRECTION('',(0.707106781186547,0.270598050073099,0.653281482438188));
#8765=DIRECTION('',(-0.707106781186547,0.270598050073099,0.653281482438188));
#8766=DIRECTION('',(4.02401421674308E-16,0.980785280403231,-0.195090322016128));
#8767=DIRECTION('',(0.713932520474485,0.136605073706118,0.686760081867529));
#8768=DIRECTION('',(-0.707106781186548,-0.270598050073099,-0.653281482438188));
#8769=DIRECTION('',(0.707106781186547,-0.270598050073099,-0.653281482438189));
#8770=DIRECTION('',(-0.707106781186548,-0.270598050073099,-0.653281482438188));
#8771=DIRECTION('',(0.707106781186547,-0.270598050073099,-0.653281482438189));
#8772=DIRECTION('',(-0.707106781186548,-0.270598050073099,-0.653281482438188));
#8773=DIRECTION('',(0.707106781186547,-0.270598050073099,-0.653281482438189));
#8774=DIRECTION('',(0.707106781186548,0.270598050073099,0.653281482438188));
#8775=DIRECTION('',(-0.707106781186547,0.270598050073099,0.653281482438189));
#8776=DIRECTION('',(0.707106781186547,-1.17756934401283E-16,0.707106781186548));
#8777=DIRECTION('',(-0.707106781186547,-1.17756934401283E-16,0.707106781186548));
#8778=DIRECTION('',(0.,0.98078528040323,0.195090322016129));
#8779=DIRECTION('',(0.713932520474485,-0.136605073706118,0.686760081867529));
#8780=DIRECTION('',(-0.707106781186547,5.65245944439154E-17,-0.707106781186548));
#8781=DIRECTION('',(0.707106781186547,1.17756934401283E-16,-0.707106781186548));
#8782=DIRECTION('',(-0.707106781186547,5.65245944439154E-17,-0.707106781186548));
#8783=DIRECTION('',(0.707106781186547,1.17756934401283E-16,-0.707106781186548));
#8784=DIRECTION('',(-0.707106781186547,5.65245944439154E-17,-0.707106781186548));
#8785=DIRECTION('',(0.707106781186547,1.17756934401283E-16,-0.707106781186548));
#8786=DIRECTION('',(0.707106781186547,-5.65245944439154E-17,0.707106781186548));
#8787=DIRECTION('',(-0.707106781186547,-1.17756934401283E-16,0.707106781186548));
#8788=DIRECTION('',(0.707106781186547,-0.270598050073099,0.653281482438188));
#8789=DIRECTION('',(-0.707106781186547,-0.270598050073099,0.653281482438188));
#8790=DIRECTION('',(-0.707106781186547,0.270598050073099,-0.653281482438188));
#8791=DIRECTION('',(0.707106781186547,0.270598050073099,-0.653281482438188));
#8792=DIRECTION('',(0.,0.831469612302545,0.555570233019602));
#8793=DIRECTION('',(0.713932520474485,-0.389018336974675,0.582207084898842));
#8794=DIRECTION('',(-0.707106781186547,0.270598050073099,-0.653281482438188));
#8795=DIRECTION('',(0.707106781186547,0.270598050073099,-0.653281482438188));
#8796=DIRECTION('',(-0.707106781186547,0.270598050073099,-0.653281482438188));
#8797=DIRECTION('',(0.707106781186547,0.270598050073099,-0.653281482438188));
#8798=DIRECTION('',(0.707106781186547,-0.270598050073099,0.653281482438188));
#8799=DIRECTION('',(-0.707106781186547,-0.270598050073099,0.653281482438188));
#8800=DIRECTION('',(0.707106781186547,-0.5,0.5));
#8801=DIRECTION('',(-0.707106781186547,-0.5,0.5));
#8802=DIRECTION('',(-4.02401421674309E-16,0.555570233019603,0.831469612302545));
#8803=DIRECTION('',(0.713932520474485,-0.582207084898842,0.389018336974674));
#8804=DIRECTION('',(-0.707106781186547,0.5,-0.5));
#8805=DIRECTION('',(0.707106781186547,0.5,-0.5));
#8806=DIRECTION('',(-0.707106781186547,0.5,-0.5));
#8807=DIRECTION('',(0.707106781186547,0.5,-0.5));
#8808=DIRECTION('',(-0.707106781186547,0.5,-0.5));
#8809=DIRECTION('',(0.707106781186547,0.5,-0.5));
#8810=DIRECTION('',(0.707106781186547,-0.5,0.5));
#8811=DIRECTION('',(-0.707106781186547,-0.5,0.5));
#8812=DIRECTION('',(0.707106781186547,-0.653281482438188,0.270598050073099));
#8813=DIRECTION('',(-0.707106781186547,-0.653281482438188,0.270598050073099));
#8814=DIRECTION('',(4.02401421674308E-16,0.195090322016127,0.980785280403231));
#8815=DIRECTION('',(0.713932520474485,-0.686760081867529,0.136605073706118));
#8816=DIRECTION('',(-0.707106781186548,0.653281482438188,-0.270598050073099));
#8817=DIRECTION('',(0.707106781186547,0.653281482438189,-0.270598050073099));
#8818=DIRECTION('',(-0.707106781186548,0.653281482438188,-0.270598050073099));
#8819=DIRECTION('',(0.707106781186547,0.653281482438189,-0.270598050073099));
#8820=DIRECTION('',(-0.707106781186548,0.653281482438188,-0.270598050073099));
#8821=DIRECTION('',(0.707106781186547,0.653281482438189,-0.270598050073099));
#8822=DIRECTION('',(0.707106781186548,-0.653281482438188,0.270598050073099));
#8823=DIRECTION('',(-0.707106781186547,-0.653281482438189,0.270598050073099));
#8824=DIRECTION('',(0.707106781186547,-0.707106781186548,-3.14018491736755E-16));
#8825=DIRECTION('',(-0.707106781186547,-0.707106781186548,-3.14018491736755E-16));
#8826=DIRECTION('',(0.,-0.195090322016129,0.98078528040323));
#8827=DIRECTION('',(0.713932520474485,-0.686760081867529,-0.136605073706118));
#8828=DIRECTION('',(-0.707106781186547,0.707106781186548,2.52786151779387E-16));
#8829=DIRECTION('',(0.707106781186547,0.707106781186548,3.14018491736755E-16));
#8830=DIRECTION('',(-0.707106781186547,0.707106781186548,2.52786151779387E-16));
#8831=DIRECTION('',(0.707106781186547,0.707106781186548,3.14018491736755E-16));
#8832=DIRECTION('',(-0.707106781186547,0.707106781186548,2.52786151779387E-16));
#8833=DIRECTION('',(0.707106781186547,0.707106781186548,3.14018491736755E-16));
#8834=DIRECTION('',(0.707106781186547,-0.707106781186548,-2.52786151779387E-16));
#8835=DIRECTION('',(-0.707106781186547,-0.707106781186548,-3.14018491736755E-16));
#8836=DIRECTION('',(0.707106781186547,-0.653281482438188,-0.270598050073099));
#8837=DIRECTION('',(-0.707106781186547,-0.653281482438188,-0.270598050073099));
#8838=DIRECTION('',(-0.707106781186547,0.653281482438188,0.270598050073099));
#8839=DIRECTION('',(0.707106781186547,0.653281482438189,0.270598050073099));
#8840=DIRECTION('',(0.,-0.555570233019602,0.831469612302545));
#8841=DIRECTION('',(0.713932520474485,-0.582207084898842,-0.389018336974675));
#8842=DIRECTION('',(-0.707106781186547,0.653281482438188,0.270598050073099));
#8843=DIRECTION('',(0.707106781186547,0.653281482438189,0.270598050073099));
#8844=DIRECTION('',(-0.707106781186547,0.653281482438188,0.270598050073099));
#8845=DIRECTION('',(0.707106781186547,0.653281482438189,0.270598050073099));
#8846=DIRECTION('',(0.707106781186547,-0.653281482438188,-0.270598050073099));
#8847=DIRECTION('',(-0.707106781186547,-0.653281482438189,-0.270598050073099));
#8848=DIRECTION('',(0.707106781186547,-0.5,-0.5));
#8849=DIRECTION('',(-0.707106781186547,-0.5,-0.5));
#8850=DIRECTION('',(-0.707106781186547,0.5,0.5));
#8851=DIRECTION('',(0.707106781186547,0.5,0.5));
#8852=DIRECTION('',(0.,-0.831469612302546,0.555570233019602));
#8853=DIRECTION('',(0.713932520474485,-0.389018336974674,-0.582207084898843));
#8854=DIRECTION('',(-0.707106781186547,0.5,0.5));
#8855=DIRECTION('',(0.707106781186547,0.5,0.5));
#8856=DIRECTION('',(-0.707106781186547,0.5,0.5));
#8857=DIRECTION('',(0.707106781186547,0.5,0.5));
#8858=DIRECTION('',(0.707106781186547,-0.5,-0.5));
#8859=DIRECTION('',(-0.707106781186547,-0.5,-0.5));
#8860=DIRECTION('',(0.707106781186547,-0.270598050073099,-0.653281482438189));
#8861=DIRECTION('',(-0.707106781186547,-0.270598050073099,-0.653281482438189));
#8862=DIRECTION('',(-0.707106781186547,0.270598050073099,0.653281482438189));
#8863=DIRECTION('',(0.707106781186547,0.270598050073099,0.653281482438189));
#8864=DIRECTION('',(-0.707106781186547,0.270598050073099,0.653281482438189));
#8865=DIRECTION('',(0.707106781186547,0.270598050073099,0.653281482438189));
#8866=DIRECTION('',(-0.707106781186547,0.270598050073099,0.653281482438189));
#8867=DIRECTION('',(0.707106781186547,0.270598050073099,0.653281482438189));
#8868=DIRECTION('',(0.707106781186547,-0.270598050073099,-0.653281482438189));
#8869=DIRECTION('',(-0.707106781186547,-0.270598050073099,-0.653281482438189));
#8870=DIRECTION('',(-0.707106781186548,0.,-0.707106781186548));
#8871=DIRECTION('',(0.707106781186548,0.,-0.707106781186548));
#8872=DIRECTION('',(0.,-0.98078528040323,-0.195090322016128));
#8873=DIRECTION('',(-0.713932520474485,0.136605073706118,-0.686760081867529));
#8874=DIRECTION('',(-0.707106781186548,-6.12323399573677E-17,-0.707106781186548));
#8875=DIRECTION('',(-0.707106781186548,0.,0.707106781186548));
#8876=DIRECTION('',(-1.60960568669724E-15,0.980785280403231,-0.195090322016127));
#8877=DIRECTION('',(-0.713932520474485,-0.136605073706118,-0.686760081867529));
#8878=DIRECTION('',(-0.707106781186548,-6.12323399573677E-17,-0.707106781186548));
#8879=DIRECTION('',(-0.707106781186548,0.,0.707106781186548));
#8880=DIRECTION('',(0.707106781186548,6.12323399573677E-17,0.707106781186548));
#8881=DIRECTION('',(-0.707106781186548,0.,0.707106781186548));
#8882=DIRECTION('',(-0.707106781186548,-6.12323399573677E-17,-0.707106781186548));
#8883=DIRECTION('',(0.707106781186548,0.,-0.707106781186548));
#8884=DIRECTION('',(-0.707106781186548,0.270598050073099,-0.653281482438188));
#8885=DIRECTION('',(0.707106781186548,0.270598050073099,-0.653281482438188));
#8886=DIRECTION('',(-0.707106781186548,0.270598050073099,-0.653281482438188));
#8887=DIRECTION('',(-0.707106781186548,-0.270598050073099,0.653281482438189));
#8888=DIRECTION('',(-0.707106781186548,0.270598050073099,-0.653281482438188));
#8889=DIRECTION('',(-0.707106781186548,-0.270598050073099,0.653281482438189));
#8890=DIRECTION('',(0.,-0.831469612302545,-0.555570233019602));
#8891=DIRECTION('',(-0.713932520474485,0.389018336974674,-0.582207084898842));
#8892=DIRECTION('',(0.707106781186548,-0.270598050073099,0.653281482438188));
#8893=DIRECTION('',(-0.707106781186548,-0.270598050073099,0.653281482438189));
#8894=DIRECTION('',(-0.707106781186548,0.270598050073099,-0.653281482438188));
#8895=DIRECTION('',(0.707106781186548,0.270598050073099,-0.653281482438189));
#8896=DIRECTION('',(-0.707106781186548,0.5,-0.5));
#8897=DIRECTION('',(0.707106781186548,0.5,-0.5));
#8898=DIRECTION('',(0.,1.,1.15648231731787E-16));
#8899=DIRECTION('',(-0.816496580927726,6.67695377216516E-17,-0.577350269189626));
#8900=DIRECTION('',(-0.707106781186548,0.5,-0.5));
#8901=DIRECTION('',(-0.707106781186548,-0.5,0.5));
#8902=DIRECTION('',(-0.707106781186548,0.5,-0.5));
#8903=DIRECTION('',(-0.707106781186548,-0.5,0.5));
#8904=DIRECTION('',(0.,-0.555570233019602,-0.831469612302545));
#8905=DIRECTION('',(-0.713932520474485,0.582207084898842,-0.389018336974674));
#8906=DIRECTION('',(0.707106781186548,-0.5,0.5));
#8907=DIRECTION('',(-0.707106781186548,-0.5,0.5));
#8908=DIRECTION('',(-0.707106781186548,0.5,-0.5));
#8909=DIRECTION('',(0.707106781186548,0.5,-0.5));
#8910=DIRECTION('',(-0.707106781186548,0.653281482438188,-0.270598050073099));
#8911=DIRECTION('',(0.707106781186548,0.653281482438188,-0.270598050073099));
#8912=DIRECTION('',(-0.707106781186548,0.653281482438188,-0.270598050073099));
#8913=DIRECTION('',(-0.707106781186548,-0.653281482438189,0.270598050073099));
#8914=DIRECTION('',(-4.02401421674309E-16,-0.195090322016127,-0.980785280403231));
#8915=DIRECTION('',(-0.713932520474485,0.686760081867529,-0.136605073706118));
#8916=DIRECTION('',(-0.707106781186548,0.653281482438188,-0.270598050073099));
#8917=DIRECTION('',(-0.707106781186548,-0.653281482438189,0.270598050073099));
#8918=DIRECTION('',(0.707106781186548,-0.653281482438188,0.270598050073099));
#8919=DIRECTION('',(-0.707106781186548,-0.653281482438189,0.270598050073099));
#8920=DIRECTION('',(-0.707106781186548,0.653281482438188,-0.270598050073099));
#8921=DIRECTION('',(0.707106781186548,0.653281482438189,-0.270598050073099));
#8922=DIRECTION('',(-0.707106781186548,0.707106781186548,1.57009245868377E-16));
#8923=DIRECTION('',(0.707106781186547,0.707106781186548,1.57009245868377E-16));
#8924=DIRECTION('',(0.,0.195090322016128,-0.980785280403231));
#8925=DIRECTION('',(-0.713932520474485,0.686760081867529,0.136605073706118));
#8926=DIRECTION('',(-0.707106781186548,0.707106781186548,9.57769059110098E-17));
#8927=DIRECTION('',(-0.707106781186547,-0.707106781186548,-1.57009245868377E-16));
#8928=DIRECTION('',(-0.707106781186548,0.707106781186548,9.57769059110098E-17));
#8929=DIRECTION('',(-0.707106781186547,-0.707106781186548,-1.57009245868377E-16));
#8930=DIRECTION('',(0.707106781186548,-0.707106781186548,-9.57769059110098E-17));
#8931=DIRECTION('',(-0.707106781186547,-0.707106781186548,-1.57009245868377E-16));
#8932=DIRECTION('',(-0.707106781186548,0.707106781186548,9.57769059110098E-17));
#8933=DIRECTION('',(0.707106781186547,0.707106781186548,1.57009245868377E-16));
#8934=DIRECTION('',(-0.707106781186548,0.653281482438188,0.270598050073099));
#8935=DIRECTION('',(0.707106781186547,0.653281482438188,0.270598050073099));
#8936=DIRECTION('',(-0.707106781186548,0.653281482438188,0.270598050073099));
#8937=DIRECTION('',(-0.707106781186547,-0.653281482438189,-0.270598050073099));
#8938=DIRECTION('',(-0.707106781186548,0.653281482438188,0.270598050073099));
#8939=DIRECTION('',(-0.707106781186547,-0.653281482438189,-0.270598050073099));
#8940=DIRECTION('',(0.,0.555570233019602,-0.831469612302546));
#8941=DIRECTION('',(-0.713932520474485,0.582207084898842,0.389018336974674));
#8942=DIRECTION('',(0.707106781186548,-0.653281482438188,-0.270598050073099));
#8943=DIRECTION('',(-0.707106781186547,-0.653281482438189,-0.270598050073099));
#8944=DIRECTION('',(-0.707106781186548,0.653281482438188,0.270598050073099));
#8945=DIRECTION('',(0.707106781186547,0.653281482438189,0.270598050073099));
#8946=DIRECTION('',(-0.707106781186548,0.5,0.5));
#8947=DIRECTION('',(0.707106781186547,0.5,0.5));
#8948=DIRECTION('',(-8.04802843348619E-16,0.831469612302546,-0.555570233019602));
#8949=DIRECTION('',(-0.713932520474485,0.389018336974674,0.582207084898842));
#8950=DIRECTION('',(-0.707106781186548,0.5,0.5));
#8951=DIRECTION('',(-0.707106781186547,-0.5,-0.5));
#8952=DIRECTION('',(-0.707106781186548,0.5,0.5));
#8953=DIRECTION('',(-0.707106781186547,-0.5,-0.5));
#8954=DIRECTION('',(0.707106781186548,-0.5,-0.5));
#8955=DIRECTION('',(-0.707106781186547,-0.5,-0.5));
#8956=DIRECTION('',(-0.707106781186548,0.5,0.5));
#8957=DIRECTION('',(0.707106781186547,0.5,0.5));
#8958=DIRECTION('',(-0.707106781186547,0.270598050073099,0.653281482438188));
#8959=DIRECTION('',(0.707106781186547,0.270598050073099,0.653281482438188));
#8960=DIRECTION('',(-4.02401421674308E-16,0.980785280403231,-0.195090322016128));
#8961=DIRECTION('',(-0.713932520474485,0.136605073706118,0.686760081867529));
#8962=DIRECTION('',(-0.707106781186548,0.270598050073099,0.653281482438188));
#8963=DIRECTION('',(-0.707106781186547,-0.270598050073099,-0.653281482438189));
#8964=DIRECTION('',(-0.707106781186548,0.270598050073099,0.653281482438188));
#8965=DIRECTION('',(-0.707106781186547,-0.270598050073099,-0.653281482438189));
#8966=DIRECTION('',(0.707106781186548,-0.270598050073099,-0.653281482438188));
#8967=DIRECTION('',(-0.707106781186547,-0.270598050073099,-0.653281482438189));
#8968=DIRECTION('',(-0.707106781186548,0.270598050073099,0.653281482438188));
#8969=DIRECTION('',(0.707106781186547,0.270598050073099,0.653281482438189));
#8970=DIRECTION('',(-0.707106781186547,-1.17756934401283E-16,0.707106781186548));
#8971=DIRECTION('',(0.707106781186547,-1.17756934401283E-16,0.707106781186548));
#8972=DIRECTION('',(0.,0.98078528040323,0.195090322016129));
#8973=DIRECTION('',(-0.713932520474485,-0.136605073706118,0.686760081867529));
#8974=DIRECTION('',(-0.707106781186547,-5.65245944439154E-17,0.707106781186548));
#8975=DIRECTION('',(-0.707106781186547,1.17756934401283E-16,-0.707106781186548));
#8976=DIRECTION('',(-0.707106781186547,-5.65245944439154E-17,0.707106781186548));
#8977=DIRECTION('',(-0.707106781186547,1.17756934401283E-16,-0.707106781186548));
#8978=DIRECTION('',(0.707106781186547,5.65245944439154E-17,-0.707106781186548));
#8979=DIRECTION('',(-0.707106781186547,1.17756934401283E-16,-0.707106781186548));
#8980=DIRECTION('',(-0.707106781186547,-5.65245944439154E-17,0.707106781186548));
#8981=DIRECTION('',(0.707106781186547,-1.17756934401283E-16,0.707106781186548));
#8982=DIRECTION('',(-0.707106781186547,-0.270598050073099,0.653281482438188));
#8983=DIRECTION('',(0.707106781186547,-0.270598050073099,0.653281482438188));
#8984=DIRECTION('',(-0.707106781186547,-0.270598050073099,0.653281482438188));
#8985=DIRECTION('',(-0.707106781186547,0.270598050073099,-0.653281482438188));
#8986=DIRECTION('',(-0.707106781186547,-0.270598050073099,0.653281482438188));
#8987=DIRECTION('',(-0.707106781186547,0.270598050073099,-0.653281482438188));
#8988=DIRECTION('',(0.,0.831469612302545,0.555570233019602));
#8989=DIRECTION('',(-0.713932520474485,-0.389018336974675,0.582207084898842));
#8990=DIRECTION('',(0.707106781186547,0.270598050073099,-0.653281482438188));
#8991=DIRECTION('',(-0.707106781186547,0.270598050073099,-0.653281482438188));
#8992=DIRECTION('',(-0.707106781186547,-0.270598050073099,0.653281482438188));
#8993=DIRECTION('',(0.707106781186547,-0.270598050073099,0.653281482438188));
#8994=DIRECTION('',(-0.707106781186547,-0.5,0.5));
#8995=DIRECTION('',(0.707106781186547,-0.5,0.5));
#8996=DIRECTION('',(4.02401421674309E-16,0.555570233019603,0.831469612302545));
#8997=DIRECTION('',(-0.713932520474485,-0.582207084898842,0.389018336974674));
#8998=DIRECTION('',(-0.707106781186547,-0.5,0.5));
#8999=DIRECTION('',(-0.707106781186547,0.5,-0.5));
#9000=DIRECTION('',(-0.707106781186547,-0.5,0.5));
#9001=DIRECTION('',(-0.707106781186547,0.5,-0.5));
#9002=DIRECTION('',(0.707106781186547,0.5,-0.5));
#9003=DIRECTION('',(-0.707106781186547,0.5,-0.5));
#9004=DIRECTION('',(-0.707106781186547,-0.5,0.5));
#9005=DIRECTION('',(0.707106781186547,-0.5,0.5));
#9006=DIRECTION('',(-0.707106781186547,-0.653281482438188,0.270598050073099));
#9007=DIRECTION('',(0.707106781186547,-0.653281482438188,0.270598050073099));
#9008=DIRECTION('',(-4.02401421674308E-16,0.195090322016127,0.980785280403231));
#9009=DIRECTION('',(-0.713932520474485,-0.686760081867529,0.136605073706118));
#9010=DIRECTION('',(-0.707106781186548,-0.653281482438188,0.270598050073099));
#9011=DIRECTION('',(-0.707106781186547,0.653281482438189,-0.270598050073099));
#9012=DIRECTION('',(-0.707106781186548,-0.653281482438188,0.270598050073099));
#9013=DIRECTION('',(-0.707106781186547,0.653281482438189,-0.270598050073099));
#9014=DIRECTION('',(0.707106781186548,0.653281482438188,-0.270598050073099));
#9015=DIRECTION('',(-0.707106781186547,0.653281482438189,-0.270598050073099));
#9016=DIRECTION('',(-0.707106781186548,-0.653281482438188,0.270598050073099));
#9017=DIRECTION('',(0.707106781186547,-0.653281482438189,0.270598050073099));
#9018=DIRECTION('',(-0.707106781186547,-0.707106781186548,-3.14018491736755E-16));
#9019=DIRECTION('',(0.707106781186547,-0.707106781186548,-3.14018491736755E-16));
#9020=DIRECTION('',(0.,-0.195090322016129,0.98078528040323));
#9021=DIRECTION('',(-0.713932520474485,-0.686760081867529,-0.136605073706118));
#9022=DIRECTION('',(-0.707106781186547,-0.707106781186548,-2.52786151779387E-16));
#9023=DIRECTION('',(-0.707106781186547,0.707106781186548,3.14018491736755E-16));
#9024=DIRECTION('',(-0.707106781186547,-0.707106781186548,-2.52786151779387E-16));
#9025=DIRECTION('',(-0.707106781186547,0.707106781186548,3.14018491736755E-16));
#9026=DIRECTION('',(0.707106781186547,0.707106781186548,2.52786151779387E-16));
#9027=DIRECTION('',(-0.707106781186547,0.707106781186548,3.14018491736755E-16));
#9028=DIRECTION('',(-0.707106781186547,-0.707106781186548,-2.52786151779387E-16));
#9029=DIRECTION('',(0.707106781186547,-0.707106781186548,-3.14018491736755E-16));
#9030=DIRECTION('',(-0.707106781186547,-0.653281482438188,-0.270598050073099));
#9031=DIRECTION('',(0.707106781186547,-0.653281482438188,-0.270598050073099));
#9032=DIRECTION('',(-0.707106781186547,-0.653281482438188,-0.270598050073099));
#9033=DIRECTION('',(-0.707106781186547,0.653281482438189,0.270598050073099));
#9034=DIRECTION('',(-0.707106781186547,-0.653281482438188,-0.270598050073099));
#9035=DIRECTION('',(-0.707106781186547,0.653281482438189,0.270598050073099));
#9036=DIRECTION('',(0.,-0.555570233019602,0.831469612302545));
#9037=DIRECTION('',(-0.713932520474485,-0.582207084898842,-0.389018336974675));
#9038=DIRECTION('',(0.707106781186547,0.653281482438188,0.270598050073099));
#9039=DIRECTION('',(-0.707106781186547,0.653281482438189,0.270598050073099));
#9040=DIRECTION('',(-0.707106781186547,-0.653281482438188,-0.270598050073099));
#9041=DIRECTION('',(0.707106781186547,-0.653281482438189,-0.270598050073099));
#9042=DIRECTION('',(-0.707106781186547,-0.5,-0.5));
#9043=DIRECTION('',(0.707106781186547,-0.5,-0.5));
#9044=DIRECTION('',(-0.707106781186547,-0.5,-0.5));
#9045=DIRECTION('',(-0.707106781186547,0.5,0.5));
#9046=DIRECTION('',(-0.707106781186547,-0.5,-0.5));
#9047=DIRECTION('',(-0.707106781186547,0.5,0.5));
#9048=DIRECTION('',(0.,-0.831469612302546,0.555570233019602));
#9049=DIRECTION('',(-0.713932520474485,-0.389018336974674,-0.582207084898843));
#9050=DIRECTION('',(0.707106781186547,0.5,0.5));
#9051=DIRECTION('',(-0.707106781186547,0.5,0.5));
#9052=DIRECTION('',(-0.707106781186547,-0.5,-0.5));
#9053=DIRECTION('',(0.707106781186547,-0.5,-0.5));
#9054=DIRECTION('',(-0.707106781186547,-0.270598050073099,-0.653281482438189));
#9055=DIRECTION('',(0.707106781186547,-0.270598050073099,-0.653281482438189));
#9056=DIRECTION('',(-0.707106781186547,-0.270598050073099,-0.653281482438189));
#9057=DIRECTION('',(-0.707106781186547,0.270598050073099,0.653281482438189));
#9058=DIRECTION('',(-0.707106781186547,-0.270598050073099,-0.653281482438189));
#9059=DIRECTION('',(-0.707106781186547,0.270598050073099,0.653281482438189));
#9060=DIRECTION('',(0.707106781186547,0.270598050073099,0.653281482438189));
#9061=DIRECTION('',(-0.707106781186547,0.270598050073099,0.653281482438189));
#9062=DIRECTION('',(-0.707106781186547,-0.270598050073099,-0.653281482438189));
#9063=DIRECTION('',(0.707106781186547,-0.270598050073099,-0.653281482438189));
#9064=DIRECTION('',(0.,1.,1.15648231731787E-16));
#9065=DIRECTION('',(0.,-1.15648231731787E-16,1.));
#9066=DIRECTION('',(0.5,1.00154306582477E-16,-0.866025403784439));
#9067=DIRECTION('',(0.866025403784439,-5.78241158658936E-17,0.5));
#9068=DIRECTION('',(0.5,0.,-0.866025403784439));
#9069=DIRECTION('',(0.866025403784439,-5.78241158658936E-17,0.5));
#9070=DIRECTION('',(-0.5,-1.00154306582477E-16,0.866025403784439));
#9071=DIRECTION('',(0.5,1.00154306582477E-16,-0.866025403784439));
#9072=DIRECTION('',(-0.866025403784439,-5.78241158658936E-17,0.5));
#9073=DIRECTION('',(0.5,0.,0.866025403784439));
#9074=DIRECTION('',(-0.866025403784439,-5.78241158658936E-17,0.5));
#9075=DIRECTION('',(-0.5,1.00154306582477E-16,-0.866025403784439));
#9076=DIRECTION('',(0.5,-1.00154306582477E-16,0.866025403784439));
#9077=DIRECTION('',(0.,1.,1.15648231731787E-16));
#9078=DIRECTION('',(0.,-1.15648231731787E-16,1.));
#9079=DIRECTION('',(0.,1.,1.15648231731787E-16));
#9080=DIRECTION('',(0.,-1.15648231731787E-16,1.));
#9081=DIRECTION('',(-0.5,1.00154306582477E-16,-0.866025403784439));
#9082=DIRECTION('',(0.866025403784439,5.78241158658936E-17,-0.5));
#9083=DIRECTION('',(-0.5,0.,-0.866025403784439));
#9084=DIRECTION('',(0.866025403784439,5.78241158658936E-17,-0.5));
#9085=DIRECTION('',(-0.5,1.00154306582477E-16,-0.866025403784439));
#9086=DIRECTION('',(-0.5,1.00154306582477E-16,-0.866025403784439));
#9087=DIRECTION('',(-0.866025403784439,5.78241158658936E-17,-0.5));
#9088=DIRECTION('',(-0.5,0.,0.866025403784439));
#9089=DIRECTION('',(-0.866025403784439,5.78241158658936E-17,-0.5));
#9090=DIRECTION('',(-0.5,-1.00154306582477E-16,0.866025403784439));
#9091=DIRECTION('',(-0.5,-1.00154306582477E-16,0.866025403784439));
#9092=DIRECTION('',(0.,1.,1.15648231731787E-16));
#9093=DIRECTION('',(0.,-1.15648231731787E-16,1.));
#9094=DIRECTION('',(0.,-1.15648231731787E-16,1.));
#9095=DIRECTION('',(0.,-1.,-1.15648231731787E-16));
#9096=DIRECTION('',(0.,1.,1.15648231731787E-16));
#9097=DIRECTION('',(1.,0.,0.));
#9098=DIRECTION('',(-0.866025403784439,5.78241158658936E-17,-0.5));
#9099=DIRECTION('',(-0.5,0.,0.866025403784439));
#9100=DIRECTION('',(-0.5,-1.00154306582477E-16,0.866025403784439));
#9101=DIRECTION('',(0.,1.,1.15648231731787E-16));
#9102=DIRECTION('',(0.,-1.15648231731787E-16,1.));
#9103=DIRECTION('',(-0.866025403784439,-5.78241158658936E-17,0.5));
#9104=DIRECTION('',(0.5,0.,0.866025403784439));
#9105=DIRECTION('',(0.,1.,1.15648231731787E-16));
#9106=DIRECTION('',(0.5,-1.00154306582477E-16,0.866025403784439));
#9107=DIRECTION('',(0.,1.,1.15648231731787E-16));
#9108=DIRECTION('',(0.,-1.15648231731787E-16,1.));
#9109=DIRECTION('',(-1.,0.,0.));
#9110=DIRECTION('',(0.,1.15648231731787E-16,-1.));
#9111=DIRECTION('',(0.,1.,1.15648231731787E-16));
#9112=DIRECTION('',(-1.,0.,0.));
#9113=DIRECTION('',(0.,0.,1.));
#9114=DIRECTION('',(-1.,0.,0.));
#9115=DIRECTION('',(0.,0.,1.));
#9116=CARTESIAN_POINT('',(0.,0.,0.));
#9117=CARTESIAN_POINT('',(-0.00885857864376269,-4.33680868994202E-19,-0.0025));
#9118=CARTESIAN_POINT('',(-0.00837573593128807,-0.00211647683300135,-0.00292424942743267));
#9119=CARTESIAN_POINT('',(-0.00816957042050186,-0.00190852298131868,-0.00291271149967782));
#9120=CARTESIAN_POINT('',(-0.00796366675224257,-0.00170029592303298,-0.00290138398004804));
#9121=CARTESIAN_POINT('',(-0.00775865218057744,-0.00149116279495656,-0.00289069172533218));
#9122=CARTESIAN_POINT('',(-0.00775865218057745,-0.00149116279495655,-0.00289069172533216));
#9123=CARTESIAN_POINT('',(-0.00837573593128807,-0.00211647683300135,-0.00292424942743267));
#9124=CARTESIAN_POINT('',(-0.00837573593128732,-0.00205259540094028,-0.00316806727307453));
#9125=CARTESIAN_POINT('',(-0.00816957145789393,-0.00186570148238284,-0.00307615342824191));
#9126=CARTESIAN_POINT('',(-0.0079636664770477,-0.00167867049790117,-0.00298392119053737));
#9127=CARTESIAN_POINT('',(-0.00775865218057744,-0.00149116279495659,-0.0028906917253321));
#9128=CARTESIAN_POINT('',(-0.00837573593128807,-0.00205259540093753,-0.00316806727307845));
#9129=CARTESIAN_POINT('',(-0.00837573593128807,-4.33680868994202E-19,-0.0025));
#9130=CARTESIAN_POINT('',(-0.00885857864376269,-4.33680868994202E-19,-0.0025));
#9131=CARTESIAN_POINT('',(-0.00837573593128806,-0.00179301639997538,-0.00370189598165889));
#9132=CARTESIAN_POINT('',(-0.00816957054994353,-0.00160530758434814,-0.00361165588928068));
#9133=CARTESIAN_POINT('',(-0.00796366689276575,-0.00141726573295138,-0.00352150558533405));
#9134=CARTESIAN_POINT('',(-0.00775865218057744,-0.00122814353545594,-0.00343159538514502));
#9135=CARTESIAN_POINT('',(-0.00775865218057745,-0.00122814353545593,-0.003431595385145));
#9136=CARTESIAN_POINT('',(-0.00837573593128807,-0.00179301639997541,-0.00370189598165883));
#9137=CARTESIAN_POINT('',(-0.00837573593128732,-0.00164069260234458,-0.00390270793322281));
#9138=CARTESIAN_POINT('',(-0.00816957145789381,-0.00150319904186086,-0.00374626940698572));
#9139=CARTESIAN_POINT('',(-0.00796366647704698,-0.0013657006926519,-0.00358948427123224));
#9140=CARTESIAN_POINT('',(-0.00775865218057744,-0.00122814353545599,-0.00343159538514496));
#9141=CARTESIAN_POINT('',(-0.00837573593128807,-0.00164069260234053,-0.00390270793322538));
#9142=CARTESIAN_POINT('',(-0.00837573593128807,-4.33680868994202E-19,-0.0025));
#9143=CARTESIAN_POINT('',(-0.00885857864376269,-4.33680868994202E-19,-0.0025));
#9144=CARTESIAN_POINT('',(-0.00837573593128806,-0.00119658547378727,-0.00429656476789172));
#9145=CARTESIAN_POINT('',(-0.00816957059366046,-0.00105769855869624,-0.00414136077259284));
#9146=CARTESIAN_POINT('',(-0.00796366694022868,-0.000918469571712874,-0.00398611225388128));
#9147=CARTESIAN_POINT('',(-0.00775865218057744,-0.000778150555831014,-0.00383067209250272));
#9148=CARTESIAN_POINT('',(-0.00775865218057745,-0.000778150555831022,-0.00383067209250271));
#9149=CARTESIAN_POINT('',(-0.00837573593128807,-0.00119658547378734,-0.00429656476789163));
#9150=CARTESIAN_POINT('',(-0.00837573593128732,-0.000979009227957392,-0.004423799026117));
#9151=CARTESIAN_POINT('',(-0.00816957145789285,-0.000911848173748616,-0.0042266521659754));
#9152=CARTESIAN_POINT('',(-0.00796366647704123,-0.000844815337052774,-0.00402918324782629));
#9153=CARTESIAN_POINT('',(-0.00775865218057745,-0.000778150555831086,-0.00383067209250269));
#9154=CARTESIAN_POINT('',(-0.00837573593128807,-0.000979009227952672,-0.00442379902611782));
#9155=CARTESIAN_POINT('',(-0.00837573593128807,-4.33680868994202E-19,-0.0025));
#9156=CARTESIAN_POINT('',(-0.00885857864376269,-4.33680868994202E-19,-0.0025));
#9157=CARTESIAN_POINT('',(-0.00837573593128807,-0.00041798525628944,-0.00461772285411314));
#9158=CARTESIAN_POINT('',(-0.00816957053089919,-0.000349064454759951,-0.00442118327828392));
#9159=CARTESIAN_POINT('',(-0.00796366687209278,-0.000279844677029569,-0.00422447171702726));
#9160=CARTESIAN_POINT('',(-0.00775865218057745,-0.000209691208033184,-0.00402716603634946));
#9161=CARTESIAN_POINT('',(-0.00775865218057746,-0.000209691208033192,-0.00402716603634945));
#9162=CARTESIAN_POINT('',(-0.00837573593128807,-0.000417985256289483,-0.00461772285411312));
#9163=CARTESIAN_POINT('',(-0.00837573593128807,-0.000168280573349774,-0.00465200915656543));
#9164=CARTESIAN_POINT('',(-0.00816957042447588,-0.000181676754252575,-0.00444416674301262));
#9165=CARTESIAN_POINT('',(-0.00796366675655931,-0.000195314485060015,-0.00423607822185598));
#9166=CARTESIAN_POINT('',(-0.00775865218057745,-0.000209691208033258,-0.00402716603634945));
#9167=CARTESIAN_POINT('',(-0.00837573593128807,-0.000168280573349766,-0.00465200915656543));
#9168=CARTESIAN_POINT('',(-0.00837573593128807,-4.33680868994202E-19,-0.0025));
#9169=CARTESIAN_POINT('',(-0.00885857864376269,-4.33680868994202E-19,-0.0025));
#9170=CARTESIAN_POINT('',(-0.00837834825740513,0.000424395637110297,-0.00461911178362339));
#9171=CARTESIAN_POINT('',(-0.00817130919699841,0.000412806852443013,-0.00441028244223088));
#9172=CARTESIAN_POINT('',(-0.00796453268196332,0.000401429141428832,-0.00420117924849478));
#9173=CARTESIAN_POINT('',(-0.00775865218057744,0.000390691725332168,-0.00399116279495656));
#9174=CARTESIAN_POINT('',(-0.00775865218057745,0.000390691725332152,-0.00399116279495655));
#9175=CARTESIAN_POINT('',(-0.00837834825740513,0.000424395637110292,-0.00461911178362339));
#9176=CARTESIAN_POINT('',(-0.00841701333911598,0.000686462956004626,-0.00459000843485216));
#9177=CARTESIAN_POINT('',(-0.00819704477759665,0.000588468009773468,-0.00439066509067848));
#9178=CARTESIAN_POINT('',(-0.00797734592125212,0.000490141865334634,-0.00419118182615949));
#9179=CARTESIAN_POINT('',(-0.00775865218057686,0.000390691725330069,-0.00399116279495823));
#9180=CARTESIAN_POINT('',(-0.00841701333911598,0.000686462956004626,-0.00459000843485216));
#9181=CARTESIAN_POINT('',(-0.0084170133391159,0.000686462956004652,-0.00459000843485215));
#9182=CARTESIAN_POINT('',(-0.00839895079675939,0.000600425105882137,-0.00459925567208384));
#9183=CARTESIAN_POINT('',(-0.00838572010594201,0.000512394669121498,-0.00460900640224062));
#9184=CARTESIAN_POINT('',(-0.00837834825740512,0.000424395637110292,-0.00461911178362339));
#9185=CARTESIAN_POINT('',(-0.00885857864376269,-4.33680868994202E-19,-0.0025));
#9186=CARTESIAN_POINT('',(-0.00841678241043753,0.00043170095182363,-0.000343153930030876));
#9187=CARTESIAN_POINT('',(-0.00819689163773594,0.000358256329843413,-0.000552705812758546));
#9188=CARTESIAN_POINT('',(-0.00797727091330038,0.000284499810161753,-0.000762435784134626));
#9189=CARTESIAN_POINT('',(-0.00775865218057763,0.00020969120803312,-0.00097283396365025));
#9190=CARTESIAN_POINT('',(-0.00775865218057766,0.000209691208033148,-0.000972833963650298));
#9191=CARTESIAN_POINT('',(-0.00841678241043756,0.000431700951823819,-0.000343153930030977));
#9192=CARTESIAN_POINT('',(-0.00837823075653323,0.000168118480232431,-0.000345475756679917));
#9193=CARTESIAN_POINT('',(-0.0081712309878256,0.000181566359332386,-0.000554154097912517));
#9194=CARTESIAN_POINT('',(-0.00796449373537448,0.000195256492864704,-0.000763079077322316));
#9195=CARTESIAN_POINT('',(-0.00775865218057768,0.000209691208033231,-0.00097283396365032));
#9196=CARTESIAN_POINT('',(-0.00837823075653323,0.000168118480232428,-0.000345475756679919));
#9197=CARTESIAN_POINT('',(-0.00837823075653323,0.000168118480232428,-0.000345475756679918));
#9198=CARTESIAN_POINT('',(-0.00838554890343894,0.000256446406831171,-0.000345027631604803));
#9199=CARTESIAN_POINT('',(-0.00839866603244636,0.000344754899581576,-0.000344227046322182));
#9200=CARTESIAN_POINT('',(-0.00841678241043756,0.00043170095182382,-0.000343153930030978));
#9201=CARTESIAN_POINT('',(-0.00885857864376269,-4.33680868994202E-19,-0.0025));
#9202=CARTESIAN_POINT('',(-0.00837573593128807,-0.000424249427432671,-0.000383523166998648));
#9203=CARTESIAN_POINT('',(-0.00816957042050195,-0.000412711499677818,-0.000591477018681234));
#9204=CARTESIAN_POINT('',(-0.00796366675224091,-0.000401383980047955,-0.000799704076968727));
#9205=CARTESIAN_POINT('',(-0.00775865218057745,-0.000390691725332176,-0.00100883720504343));
#9206=CARTESIAN_POINT('',(-0.00775865218057746,-0.000390691725332165,-0.00100883720504344));
#9207=CARTESIAN_POINT('',(-0.00837573593128807,-0.000424249427432666,-0.000383523166998648));
#9208=CARTESIAN_POINT('',(-0.00837573593128732,-0.000668067273074528,-0.000447404599059718));
#9209=CARTESIAN_POINT('',(-0.00816957145789394,-0.000576153428241916,-0.00063429851761716));
#9210=CARTESIAN_POINT('',(-0.00796366647704772,-0.000483921190537373,-0.000821329502098818));
#9211=CARTESIAN_POINT('',(-0.00775865218057746,-0.000390691725332111,-0.0010088372050434));
#9212=CARTESIAN_POINT('',(-0.00837573593128807,-0.000668067273078449,-0.000447404599062469));
#9213=CARTESIAN_POINT('',(-0.00837573593128807,-4.33680868994202E-19,-0.0025));
#9214=CARTESIAN_POINT('',(-0.00885857864376269,-4.33680868994202E-19,-0.0025));
#9215=CARTESIAN_POINT('',(-0.00837573593128806,-0.00120189598165888,-0.000706983600024618));
#9216=CARTESIAN_POINT('',(-0.00816957054994353,-0.00111165588928068,-0.000894692415651858));
#9217=CARTESIAN_POINT('',(-0.00796366689276575,-0.00102150558533406,-0.00108273426704862));
#9218=CARTESIAN_POINT('',(-0.00775865218057745,-0.000931595385145021,-0.00127185646454405));
#9219=CARTESIAN_POINT('',(-0.00775865218057746,-0.000931595385145008,-0.00127185646454406));
#9220=CARTESIAN_POINT('',(-0.00837573593128807,-0.00120189598165882,-0.000706983600024599));
#9221=CARTESIAN_POINT('',(-0.00837573593128732,-0.00140270793322281,-0.00085930739765542));
#9222=CARTESIAN_POINT('',(-0.00816957145789381,-0.00124626940698573,-0.000996800958139137));
#9223=CARTESIAN_POINT('',(-0.00796366647704698,-0.00108948427123225,-0.0011342993073481));
#9224=CARTESIAN_POINT('',(-0.00775865218057746,-0.000931595385144969,-0.00127185646454401));
#9225=CARTESIAN_POINT('',(-0.00837573593128807,-0.00140270793322538,-0.000859307397659463));
#9226=CARTESIAN_POINT('',(-0.00837573593128807,-4.33680868994202E-19,-0.0025));
#9227=CARTESIAN_POINT('',(-0.00885857864376269,-4.33680868994202E-19,-0.0025));
#9228=CARTESIAN_POINT('',(-0.00837573593128805,-0.00179656476789172,-0.00130341452621273));
#9229=CARTESIAN_POINT('',(-0.00816957059366047,-0.00164136077259284,-0.00144230144130376));
#9230=CARTESIAN_POINT('',(-0.0079636669402287,-0.00148611225388129,-0.00158153042828712));
#9231=CARTESIAN_POINT('',(-0.00775865218057746,-0.00133067209250274,-0.00172184944416897));
#9232=CARTESIAN_POINT('',(-0.00775865218057746,-0.00133067209250272,-0.00172184944416897));
#9233=CARTESIAN_POINT('',(-0.00837573593128807,-0.00179656476789163,-0.00130341452621266));
#9234=CARTESIAN_POINT('',(-0.00837573593128732,-0.001923799026117,-0.00152099077204261));
#9235=CARTESIAN_POINT('',(-0.00816957145789286,-0.00172665216597541,-0.00158815182625138));
#9236=CARTESIAN_POINT('',(-0.00796366647704124,-0.0015291832478263,-0.00165518466294722));
#9237=CARTESIAN_POINT('',(-0.00775865218057746,-0.0013306720925027,-0.00172184944416891));
#9238=CARTESIAN_POINT('',(-0.00837573593128807,-0.00192379902611783,-0.00152099077204733));
#9239=CARTESIAN_POINT('',(-0.00837573593128807,-4.33680868994202E-19,-0.0025));
#9240=CARTESIAN_POINT('',(-0.00885857864376269,-4.33680868994202E-19,-0.0025));
#9241=CARTESIAN_POINT('',(-0.00837573593128806,-0.00211772285411314,-0.00208201474371056));
#9242=CARTESIAN_POINT('',(-0.00816957053089918,-0.00192118327828392,-0.00215093554524005));
#9243=CARTESIAN_POINT('',(-0.00796366687209277,-0.00172447171702726,-0.00222015532297043));
#9244=CARTESIAN_POINT('',(-0.00775865218057745,-0.00152716603634946,-0.00229030879196682));
#9245=CARTESIAN_POINT('',(-0.00775865218057746,-0.00152716603634945,-0.00229030879196681));
#9246=CARTESIAN_POINT('',(-0.00837573593128807,-0.00211772285411311,-0.00208201474371052));
#9247=CARTESIAN_POINT('',(-0.00837573593128732,-0.00215200915656647,-0.00233171942664556));
#9248=CARTESIAN_POINT('',(-0.00816957145789475,-0.00194416778483883,-0.00231832331289207));
#9249=CARTESIAN_POINT('',(-0.00796366647705264,-0.0017360779370355,-0.00230468549533948));
#9250=CARTESIAN_POINT('',(-0.00775865218057746,-0.00152716603634945,-0.00229030879196675));
#9251=CARTESIAN_POINT('',(-0.00837573593128807,-0.00215200915656543,-0.00233171942665023));
#9252=CARTESIAN_POINT('',(-0.00837573593128807,-4.33680868994202E-19,-0.0025));
#9253=CARTESIAN_POINT('',(-0.00885857864376269,-4.33680868994202E-19,-0.0025));
#9254=CARTESIAN_POINT('',(-0.00714142135623731,-4.33680868994202E-19,-0.0025));
#9255=CARTESIAN_POINT('',(-0.00714142135623731,-0.000922606684423312,-0.00255532607494983));
#9256=CARTESIAN_POINT('',(-0.00726384014656228,0.00101250710887815,-0.0022347183348347));
#9257=CARTESIAN_POINT('',(-0.00723012493954179,0.000965859780689259,-0.00218970345558643));
#9258=CARTESIAN_POINT('',(-0.00717009820957621,0.000865090408598855,-0.00208029271323961));
#9259=CARTESIAN_POINT('',(-0.00722968142738461,0.000840602150122507,-0.00193277875508208));
#9260=CARTESIAN_POINT('',(-0.00726384014656186,0.000833915696245052,-0.0018674420034835));
#9261=CARTESIAN_POINT('',(-0.00726384014656222,0.00101250710887813,-0.0022347183348348));
#9262=CARTESIAN_POINT('',(-0.00726384014656227,0.000833915696245689,-0.00186744200348372));
#9263=CARTESIAN_POINT('',(-0.00726384014656215,0.00103695349258355,-0.00264238139492277));
#9264=CARTESIAN_POINT('',(-0.00722985182285353,0.00101087386376885,-0.0025824604083842));
#9265=CARTESIAN_POINT('',(-0.00717027348596198,0.000960003222266047,-0.00244384482432465));
#9266=CARTESIAN_POINT('',(-0.00722960591899883,0.000993639679640135,-0.00229777950773133));
#9267=CARTESIAN_POINT('',(-0.0072638401465622,0.00101250710887808,-0.00223471833483478));
#9268=CARTESIAN_POINT('',(-0.00726384014656217,0.0010369534925836,-0.00264238139492274));
#9269=CARTESIAN_POINT('',(-0.00726384014656224,0.000903533107050171,-0.0030283681783244));
#9270=CARTESIAN_POINT('',(-0.00722992827175435,0.000902372057971604,-0.00296317513072817));
#9271=CARTESIAN_POINT('',(-0.00717017811919718,0.000908485633147884,-0.00281510515605707));
#9272=CARTESIAN_POINT('',(-0.0072297180704103,0.000995525957562027,-0.0026932548598948));
#9273=CARTESIAN_POINT('',(-0.00726384014655865,0.00103695349258092,-0.00264238139491758));
#9274=CARTESIAN_POINT('',(-0.00726384014656225,0.000903533107050198,-0.00302836817832439));
#9275=CARTESIAN_POINT('',(-0.00726384014656227,0.00063255799651629,-0.00333391569624569));
#9276=CARTESIAN_POINT('',(-0.0072300949227478,0.000656316295751287,-0.00327353903019615));
#9277=CARTESIAN_POINT('',(-0.00717008337975803,0.000718739978208665,-0.00313869383931116));
#9278=CARTESIAN_POINT('',(-0.00722974119585586,0.00084582975679695,-0.0030594943906911));
#9279=CARTESIAN_POINT('',(-0.00726384014655958,0.000903533107049832,-0.00302836817831999));
#9280=CARTESIAN_POINT('',(-0.00726384014656227,0.00063255799651629,-0.0033339156962457));
#9281=CARTESIAN_POINT('',(-0.00726384014656229,0.0002652816651653,-0.00351250710887816));
#9282=CARTESIAN_POINT('',(-0.00723012493954173,0.000310296544413657,-0.00346585978068917));
#9283=CARTESIAN_POINT('',(-0.00717009820957624,0.000419707286760354,-0.0033650904085989));
#9284=CARTESIAN_POINT('',(-0.00722968142738462,0.000567221244917922,-0.00334060215012251));
#9285=CARTESIAN_POINT('',(-0.00726384014656187,0.000632557996516503,-0.00333391569624505));
#9286=CARTESIAN_POINT('',(-0.00726384014656222,0.000265281665165201,-0.00351250710887814));
#9287=CARTESIAN_POINT('',(-0.00726384014655896,-0.000142381394917162,-0.00353695349258111));
#9288=CARTESIAN_POINT('',(-0.00722985182285132,-8.24604083792647E-5,-0.00351087386376702));
#9289=CARTESIAN_POINT('',(-0.00717027348596279,5.61551756792876E-5,-0.00346000322226639));
#9290=CARTESIAN_POINT('',(-0.00722960591899936,0.000202220492269659,-0.00349363967964043));
#9291=CARTESIAN_POINT('',(-0.0072638401465622,0.000265281665165224,-0.00351250710887809));
#9292=CARTESIAN_POINT('',(-0.00726384014655902,-0.000142381394917082,-0.00353695349258127));
#9293=CARTESIAN_POINT('',(-0.00726384014655984,-0.000528368178319773,-0.00340353310705009));
#9294=CARTESIAN_POINT('',(-0.00722992827175257,-0.000463175130724,-0.00340237205797175));
#9295=CARTESIAN_POINT('',(-0.00717017811919773,-0.000315105156054237,-0.00340848563314927));
#9296=CARTESIAN_POINT('',(-0.00722971807041095,-0.000193254859893727,-0.00349552595756286));
#9297=CARTESIAN_POINT('',(-0.00726384014655898,-0.000142381394917093,-0.00353695349258132));
#9298=CARTESIAN_POINT('',(-0.00726384014655982,-0.00052836817831978,-0.00340353310705015));
#9299=CARTESIAN_POINT('',(-0.00726384014656192,-0.000833915696245062,-0.00313255799651654));
#9300=CARTESIAN_POINT('',(-0.00723009492274751,-0.000773539030195542,-0.00315631629575156));
#9301=CARTESIAN_POINT('',(-0.00717008337975806,-0.000638693839310678,-0.00321873997820913));
#9302=CARTESIAN_POINT('',(-0.00722974119585606,-0.000559494390690865,-0.00334582975679735));
#9303=CARTESIAN_POINT('',(-0.00726384014655979,-0.0005283681783198,-0.00340353310705018));
#9304=CARTESIAN_POINT('',(-0.00726384014656188,-0.000833915696245079,-0.00313255799651649));
#9305=CARTESIAN_POINT('',(-0.00726384014656229,-0.00101250710887815,-0.0027652816651653));
#9306=CARTESIAN_POINT('',(-0.00723012493954172,-0.000965859780689168,-0.00281029654441366));
#9307=CARTESIAN_POINT('',(-0.00717009820957625,-0.000865090408598899,-0.00291970728676035));
#9308=CARTESIAN_POINT('',(-0.00722968142738462,-0.000840602150122507,-0.00306722124491793));
#9309=CARTESIAN_POINT('',(-0.00726384014656187,-0.000833915696245054,-0.0031325579965165));
#9310=CARTESIAN_POINT('',(-0.00726384014656222,-0.00101250710887814,-0.00276528166516521));
#9311=CARTESIAN_POINT('',(-0.00726384014656209,-0.00103695349258349,-0.00235761860507715));
#9312=CARTESIAN_POINT('',(-0.0072298592299086,-0.00101087954728675,-0.00241752653307082));
#9313=CARTESIAN_POINT('',(-0.00717026641622095,-0.000959994278134935,-0.00255622615682628));
#9314=CARTESIAN_POINT('',(-0.00722961225362984,-0.000993643170830411,-0.00270223216097833));
#9315=CARTESIAN_POINT('',(-0.0072638401465622,-0.00101250710887808,-0.00276528166516523));
#9316=CARTESIAN_POINT('',(-0.00726384014656211,-0.00103695349258354,-0.00235761860507717));
#9317=CARTESIAN_POINT('',(-0.00726384014655983,-0.000903533107050088,-0.00197163182168024));
#9318=CARTESIAN_POINT('',(-0.00722992827175264,-0.000902372057971752,-0.00203682486927587));
#9319=CARTESIAN_POINT('',(-0.00717017811919784,-0.000908485633149185,-0.00218489484394529));
#9320=CARTESIAN_POINT('',(-0.00722971807041068,-0.000995525957562479,-0.00230674514010575));
#9321=CARTESIAN_POINT('',(-0.0072638401465586,-0.00103695349258086,-0.00235761860508234));
#9322=CARTESIAN_POINT('',(-0.00726384014655981,-0.00090353310705014,-0.00197163182168022));
#9323=CARTESIAN_POINT('',(-0.00726384014656179,-0.000632557996516626,-0.00166608430375516));
#9324=CARTESIAN_POINT('',(-0.00723009492274742,-0.000656316295751647,-0.00172646096980465));
#9325=CARTESIAN_POINT('',(-0.0071700833797581,-0.00071873997820925,-0.00186130616068942));
#9326=CARTESIAN_POINT('',(-0.00722974119585608,-0.000845829756797375,-0.00194050560930915));
#9327=CARTESIAN_POINT('',(-0.00726384014655978,-0.000903533107050173,-0.0019716318216802));
#9328=CARTESIAN_POINT('',(-0.00726384014656262,-0.000632557996518252,-0.00166608430375533));
#9329=CARTESIAN_POINT('',(-0.00726384014656226,-0.000265281665165338,-0.00148749289112188));
#9330=CARTESIAN_POINT('',(-0.00723012493954163,-0.000310296544413794,-0.00153414021931097));
#9331=CARTESIAN_POINT('',(-0.00717009820957598,-0.000419707286761294,-0.00163490959140177));
#9332=CARTESIAN_POINT('',(-0.00722968142738525,-0.000567221244919396,-0.00165939784987773));
#9333=CARTESIAN_POINT('',(-0.00726384014656275,-0.000632557996518186,-0.00166608430375512));
#9334=CARTESIAN_POINT('',(-0.00726384014656235,-0.000265281665165533,-0.00148749289112181));
#9335=CARTESIAN_POINT('',(-0.00726384014655896,0.000142381394917159,-0.00146304650741889));
#9336=CARTESIAN_POINT('',(-0.0072298518228513,8.24604083792133E-5,-0.001489126136233));
#9337=CARTESIAN_POINT('',(-0.00717027348596275,-5.61551756794869E-5,-0.00153999677773365));
#9338=CARTESIAN_POINT('',(-0.00722960591899948,-0.000202220492269927,-0.00150636032035951));
#9339=CARTESIAN_POINT('',(-0.00726384014656236,-0.00026528166516553,-0.00148749289112183));
#9340=CARTESIAN_POINT('',(-0.00726384014655902,0.000142381394917079,-0.00146304650741873));
#9341=CARTESIAN_POINT('',(-0.00726384014656224,0.000528368178324398,-0.00159646689294983));
#9342=CARTESIAN_POINT('',(-0.0072299282717543,0.000463175130728077,-0.0015976279420284));
#9343=CARTESIAN_POINT('',(-0.00717017811919709,0.000315105156056689,-0.00159151436685205));
#9344=CARTESIAN_POINT('',(-0.00722971807041053,0.000193254859894354,-0.00150447404243765));
#9345=CARTESIAN_POINT('',(-0.00726384014655898,0.000142381394917092,-0.00146304650741868));
#9346=CARTESIAN_POINT('',(-0.00726384014656225,0.000528368178324389,-0.0015964668929498));
#9347=CARTESIAN_POINT('',(-0.00726384014656227,0.000833915696245691,-0.00186744200348371));
#9348=CARTESIAN_POINT('',(-0.00723009492274779,0.000773539030196146,-0.00184368370424871));
#9349=CARTESIAN_POINT('',(-0.00717008337975803,0.000638693839311162,-0.00178126002179133));
#9350=CARTESIAN_POINT('',(-0.00722974119585586,0.0005594943906911,-0.00165417024320305));
#9351=CARTESIAN_POINT('',(-0.00726384014655958,0.000528368178319987,-0.00159646689295017));
#9352=CARTESIAN_POINT('',(0.00885857864376269,-4.33680868994202E-19,-0.0025));
#9353=CARTESIAN_POINT('',(0.00837573593128806,-0.00192379902611781,-0.00152099077204727));
#9354=CARTESIAN_POINT('',(0.00816957054994348,-0.00172665129773982,-0.0015881521220339));
#9355=CARTESIAN_POINT('',(0.00796366689276729,-0.00152918365036534,-0.00165518452776501));
#9356=CARTESIAN_POINT('',(0.00775865218057744,-0.00133067209250269,-0.00172184944416892));
#9357=CARTESIAN_POINT('',(0.00837573593128807,-0.00192379902611783,-0.00152099077204733));
#9358=CARTESIAN_POINT('',(0.00775865218057746,-0.00133067209250269,-0.00172184944416893));
#9359=CARTESIAN_POINT('',(0.00775865218057746,-0.00133067209250273,-0.00172184944416897));
#9360=CARTESIAN_POINT('',(0.00796366663288354,-0.00148611202085523,-0.0015815306386445));
#9361=CARTESIAN_POINT('',(0.00816957025124588,-0.0016413605148185,-0.00144230167197732));
#9362=CARTESIAN_POINT('',(0.00837573593128807,-0.00179656476789163,-0.00130341452621266));
#9363=CARTESIAN_POINT('',(0.00837573593128807,-0.00179656476789163,-0.00130341452621266));
#9364=CARTESIAN_POINT('',(0.00837573593128807,-4.33680868994202E-19,-0.0025));
#9365=CARTESIAN_POINT('',(0.00885857864376269,-4.33680868994202E-19,-0.0025));
#9366=CARTESIAN_POINT('',(0.00837573593128805,-0.00140270793322532,-0.000859307397659373));
#9367=CARTESIAN_POINT('',(0.00816957059366024,-0.00124626875120344,-0.000996801534511286));
#9368=CARTESIAN_POINT('',(0.00796366694023576,-0.00108948462795059,-0.00113429899656523));
#9369=CARTESIAN_POINT('',(0.00775865218057744,-0.00093159538514496,-0.00127185646454402));
#9370=CARTESIAN_POINT('',(0.00837573593128807,-0.00140270793322538,-0.000859307397659465));
#9371=CARTESIAN_POINT('',(0.00775865218057746,-0.000931595385144962,-0.00127185646454403));
#9372=CARTESIAN_POINT('',(0.00775865218057746,-0.000931595385145013,-0.00127185646454405));
#9373=CARTESIAN_POINT('',(0.00796366663288355,-0.00102150547136144,-0.00108273450678504));
#9374=CARTESIAN_POINT('',(0.00816957025124588,-0.00111165575853847,-0.000894692687609161));
#9375=CARTESIAN_POINT('',(0.00837573593128807,-0.00120189598165882,-0.000706983600024599));
#9376=CARTESIAN_POINT('',(0.00837573593128807,-0.00120189598165882,-0.0007069836000246));
#9377=CARTESIAN_POINT('',(0.00837573593128807,-4.33680868994202E-19,-0.0025));
#9378=CARTESIAN_POINT('',(0.00885857864376269,-4.33680868994202E-19,-0.0025));
#9379=CARTESIAN_POINT('',(0.00837573593128806,-0.000668067273078411,-0.000447404599062443));
#9380=CARTESIAN_POINT('',(0.0081695705308989,-0.000576153014965395,-0.000634299357967694));
#9381=CARTESIAN_POINT('',(0.00796366687210041,-0.000483921370186069,-0.00082132914078049));
#9382=CARTESIAN_POINT('',(0.00775865218057745,-0.000390691725332106,-0.00100883720504341));
#9383=CARTESIAN_POINT('',(0.00837573593128807,-0.00066806727307845,-0.000447404599062471));
#9384=CARTESIAN_POINT('',(0.00775865218057745,-0.000390691725332111,-0.00100883720504343));
#9385=CARTESIAN_POINT('',(0.00837573593128807,-0.000424249427432672,-0.000383523166998647));
#9386=CARTESIAN_POINT('',(0.00816957042368063,-0.000412711499855712,-0.000591477015474974));
#9387=CARTESIAN_POINT('',(0.00796366675569067,-0.000401383980227872,-0.000799704073449663));
#9388=CARTESIAN_POINT('',(0.00775865218057745,-0.000390691725332176,-0.00100883720504343));
#9389=CARTESIAN_POINT('',(0.00837573593128807,-0.000424249427432665,-0.000383523166998649));
#9390=CARTESIAN_POINT('',(0.00837573593128807,-4.33680868994202E-19,-0.0025));
#9391=CARTESIAN_POINT('',(0.00885857864376269,-4.33680868994202E-19,-0.0025));
#9392=CARTESIAN_POINT('',(0.00837823075653323,0.000168118480232431,-0.000345475756679919));
#9393=CARTESIAN_POINT('',(0.00817123098784785,0.000181566359330941,-0.000554154097890083));
#9394=CARTESIAN_POINT('',(0.00796449373539349,0.00019525649286337,-0.00076307907730294));
#9395=CARTESIAN_POINT('',(0.00775865218057743,0.000209691208033249,-0.000972833963650574));
#9396=CARTESIAN_POINT('',(0.00837823075653323,0.000168118480232428,-0.000345475756679919));
#9397=CARTESIAN_POINT('',(0.00775865218057744,0.00020969120803324,-0.000972833963650578));
#9398=CARTESIAN_POINT('',(0.00775865218057744,0.00020969120803319,-0.00097283396365056));
#9399=CARTESIAN_POINT('',(0.00797727109590352,0.000284499872646403,-0.000762435608397899));
#9400=CARTESIAN_POINT('',(0.0081968911993522,0.000358256183421223,-0.000552706230530358));
#9401=CARTESIAN_POINT('',(0.00841678241043756,0.000431700951823819,-0.000343153930030978));
#9402=CARTESIAN_POINT('',(0.00841678241043756,0.000431700951823819,-0.000343153930030977));
#9403=CARTESIAN_POINT('',(0.00841678241043748,0.000431700951823845,-0.000343153930030982));
#9404=CARTESIAN_POINT('',(0.00839875812388916,0.000345196874650056,-0.000344221591322976));
#9405=CARTESIAN_POINT('',(0.00838556660705873,0.000256660084425957,-0.000345026547527638));
#9406=CARTESIAN_POINT('',(0.00837823075653323,0.000168118480232428,-0.000345475756679918));
#9407=CARTESIAN_POINT('',(0.00885857864376269,-4.33680868994202E-19,-0.0025));
#9408=CARTESIAN_POINT('',(0.00841701333911598,0.000686462956004627,-0.00459000843485216));
#9409=CARTESIAN_POINT('',(0.00819704477759779,0.000588468009773977,-0.00439066509067951));
#9410=CARTESIAN_POINT('',(0.0079773459212544,0.000490141865335651,-0.00419118182616156));
#9411=CARTESIAN_POINT('',(0.00775865218058026,0.000390691725331615,-0.00399116279496134));
#9412=CARTESIAN_POINT('',(0.00841701333911598,0.000686462956004627,-0.00459000843485216));
#9413=CARTESIAN_POINT('',(0.00775865218058064,0.000390691725331941,-0.00399116279496077));
#9414=CARTESIAN_POINT('',(0.00775865218058111,0.000390691725332355,-0.0039911627949603));
#9415=CARTESIAN_POINT('',(0.00796453254625127,0.000401429134350958,-0.00420117911005638));
#9416=CARTESIAN_POINT('',(0.00817130904656292,0.000412806844022546,-0.00441028229049457));
#9417=CARTESIAN_POINT('',(0.00837834825740512,0.000424395637110291,-0.00461911178362339));
#9418=CARTESIAN_POINT('',(0.00837834825740512,0.000424395637110291,-0.00461911178362339));
#9419=CARTESIAN_POINT('',(0.00837834825740512,0.000424395637110291,-0.00461911178362339));
#9420=CARTESIAN_POINT('',(0.00838570189466784,0.000512177277989465,-0.00460903136638225));
#9421=CARTESIAN_POINT('',(0.00839885742142313,0.000599980328340027,-0.00459930347620077));
#9422=CARTESIAN_POINT('',(0.00841701333911598,0.000686462956004628,-0.00459000843485216));
#9423=CARTESIAN_POINT('',(0.00885857864376269,-4.33680868994202E-19,-0.0025));
#9424=CARTESIAN_POINT('',(0.00837573593128807,-0.000168280573349765,-0.00465200915656543));
#9425=CARTESIAN_POINT('',(0.00816957020120133,-0.000181676768760455,-0.004444166517922));
#9426=CARTESIAN_POINT('',(0.00796366553316823,-0.000195314570851607,-0.00423607697520702));
#9427=CARTESIAN_POINT('',(0.00775865218057842,-0.000209691208034037,-0.00402716603635089));
#9428=CARTESIAN_POINT('',(0.00837573593128807,-0.000168280573349765,-0.00465200915656543));
#9429=CARTESIAN_POINT('',(0.00775865218057855,-0.000209691208033851,-0.00402716603635074));
#9430=CARTESIAN_POINT('',(0.00775865218057871,-0.000209691208033622,-0.00402716603635066));
#9431=CARTESIAN_POINT('',(0.00796366663288438,-0.000279844595175444,-0.00422447148681363));
#9432=CARTESIAN_POINT('',(0.0081695702512463,-0.000349064361272428,-0.00442118301168794));
#9433=CARTESIAN_POINT('',(0.00837573593128807,-0.000417985256289483,-0.00461772285411311));
#9434=CARTESIAN_POINT('',(0.00837573593128807,-0.000417985256289483,-0.00461772285411311));
#9435=CARTESIAN_POINT('',(0.00837573593128807,-4.33680868994202E-19,-0.0025));
#9436=CARTESIAN_POINT('',(0.00885857864376269,-4.33680868994202E-19,-0.0025));
#9437=CARTESIAN_POINT('',(0.00837573593128806,-0.000979009227952734,-0.00442379902611781));
#9438=CARTESIAN_POINT('',(0.00816957054994347,-0.000911847877966099,-0.00422665129773981));
#9439=CARTESIAN_POINT('',(0.00796366689276729,-0.000844815472234986,-0.00402918365036534));
#9440=CARTESIAN_POINT('',(0.00775865218057744,-0.000778150555831082,-0.00383067209250268));
#9441=CARTESIAN_POINT('',(0.00837573593128807,-0.00097900922795267,-0.00442379902611782));
#9442=CARTESIAN_POINT('',(0.00775865218057745,-0.000778150555831068,-0.00383067209250268));
#9443=CARTESIAN_POINT('',(0.00775865218057745,-0.000778150555831026,-0.00383067209250272));
#9444=CARTESIAN_POINT('',(0.00796366663288354,-0.000918469361355496,-0.00398611202085522));
#9445=CARTESIAN_POINT('',(0.00816957025124587,-0.00105769832802268,-0.0041413605148185));
#9446=CARTESIAN_POINT('',(0.00837573593128807,-0.00119658547378734,-0.00429656476789163));
#9447=CARTESIAN_POINT('',(0.00837573593128807,-0.00119658547378734,-0.00429656476789163));
#9448=CARTESIAN_POINT('',(0.00837573593128807,-4.33680868994202E-19,-0.0025));
#9449=CARTESIAN_POINT('',(0.00885857864376269,-4.33680868994202E-19,-0.0025));
#9450=CARTESIAN_POINT('',(0.00837573593128805,-0.00164069260234063,-0.00390270793322532));
#9451=CARTESIAN_POINT('',(0.00816957059366024,-0.00150319846548871,-0.00374626875120343));
#9452=CARTESIAN_POINT('',(0.00796366694023576,-0.00136570100343477,-0.00358948462795059));
#9453=CARTESIAN_POINT('',(0.00775865218057743,-0.00122814353545598,-0.00343159538514495));
#9454=CARTESIAN_POINT('',(0.00837573593128807,-0.00164069260234053,-0.00390270793322538));
#9455=CARTESIAN_POINT('',(0.00775865218057744,-0.00122814353545596,-0.00343159538514496));
#9456=CARTESIAN_POINT('',(0.00775865218057744,-0.00122814353545594,-0.00343159538514501));
#9457=CARTESIAN_POINT('',(0.00796366663288353,-0.00141726549321495,-0.00352150547136143));
#9458=CARTESIAN_POINT('',(0.00816957025124587,-0.00160530731239083,-0.00361165575853847));
#9459=CARTESIAN_POINT('',(0.00837573593128807,-0.0017930163999754,-0.00370189598165882));
#9460=CARTESIAN_POINT('',(0.00837573593128807,-0.00179301639997541,-0.00370189598165882));
#9461=CARTESIAN_POINT('',(0.00837573593128807,-4.33680868994202E-19,-0.0025));
#9462=CARTESIAN_POINT('',(0.00885857864376269,-4.33680868994202E-19,-0.0025));
#9463=CARTESIAN_POINT('',(0.00837573593128806,-0.00205259540093756,-0.00316806727307841));
#9464=CARTESIAN_POINT('',(0.00816957053089889,-0.0018657006420323,-0.00307615301496539));
#9465=CARTESIAN_POINT('',(0.00796366687210039,-0.0016786708592195,-0.00298392137018606));
#9466=CARTESIAN_POINT('',(0.00775865218057743,-0.00149116279495657,-0.0028906917253321));
#9467=CARTESIAN_POINT('',(0.00837573593128807,-0.00205259540093753,-0.00316806727307845));
#9468=CARTESIAN_POINT('',(0.00775865218057744,-0.00149116279495656,-0.00289069172533211));
#9469=CARTESIAN_POINT('',(0.00775865218057744,-0.00149116279495656,-0.00289069172533217));
#9470=CARTESIAN_POINT('',(0.00796366663288353,-0.00170029580127612,-0.00290138397382302));
#9471=CARTESIAN_POINT('',(0.00816957025124587,-0.00190852281059452,-0.00291271149020549));
#9472=CARTESIAN_POINT('',(0.00837573593128807,-0.00211647683300135,-0.00292424942743266));
#9473=CARTESIAN_POINT('',(0.00837573593128807,-0.00211647683300135,-0.00292424942743266));
#9474=CARTESIAN_POINT('',(0.00837573593128807,-4.33680868994202E-19,-0.0025));
#9475=CARTESIAN_POINT('',(0.00885857864376269,-4.33680868994202E-19,-0.0025));
#9476=CARTESIAN_POINT('',(0.00837573593128807,-0.00215200915656543,-0.00233171942665023));
#9477=CARTESIAN_POINT('',(0.00816957042109215,-0.00194416673960136,-0.00231832324552756));
#9478=CARTESIAN_POINT('',(0.00796366675289525,-0.00173607821812225,-0.00230468551468305));
#9479=CARTESIAN_POINT('',(0.00775865218057744,-0.00152716603634943,-0.00229030879196674));
#9480=CARTESIAN_POINT('',(0.00837573593128807,-0.00215200915656543,-0.00233171942665023));
#9481=CARTESIAN_POINT('',(0.00775865218057744,-0.00152716603634942,-0.00229030879196681));
#9482=CARTESIAN_POINT('',(0.00775865218057743,-0.00152716603634943,-0.00229030879196682));
#9483=CARTESIAN_POINT('',(0.00796366663288353,-0.00172447148681281,-0.00222015540482485));
#9484=CARTESIAN_POINT('',(0.00816957025124587,-0.00192118301168753,-0.00215093563872772));
#9485=CARTESIAN_POINT('',(0.00837573593128807,-0.00211772285411311,-0.00208201474371052));
#9486=CARTESIAN_POINT('',(0.00837573593128807,-0.00211772285411311,-0.00208201474371052));
#9487=CARTESIAN_POINT('',(0.00837573593128807,-4.33680868994202E-19,-0.0025));
#9488=CARTESIAN_POINT('',(0.00885857864376269,-4.33680868994202E-19,-0.0025));
#9489=CARTESIAN_POINT('',(0.00842111545126211,0.00209372585726748,-0.00181170963822574));
#9490=CARTESIAN_POINT('',(0.00819977516836577,0.00189314563067409,-0.00191030860219072));
#9491=CARTESIAN_POINT('',(0.00797870531765859,0.00169242514090387,-0.0020092399543622));
#9492=CARTESIAN_POINT('',(0.00775865218057716,0.0014911627949587,-0.00210930827466995));
#9493=CARTESIAN_POINT('',(0.00842111545126211,0.00209372585726748,-0.00181170963822574));
#9494=CARTESIAN_POINT('',(0.00775865218057775,0.0014911627949569,-0.00210930827466763));
#9495=CARTESIAN_POINT('',(0.00842111545126209,0.00216223947391519,-0.00207320725762386));
#9496=CARTESIAN_POINT('',(0.00819977571597082,0.00193908120343958,-0.00208562990373545));
#9497=CARTESIAN_POINT('',(0.00797870670671284,0.00171563801651915,-0.00209783163168699));
#9498=CARTESIAN_POINT('',(0.00775865218057771,0.00149116279495694,-0.00210930827466757));
#9499=CARTESIAN_POINT('',(0.00842111545126211,0.00216223947391518,-0.00207320725762402));
#9500=CARTESIAN_POINT('',(0.00842111545126211,0.00216223947391518,-0.00207320725762402));
#9501=CARTESIAN_POINT('',(0.00846438846236824,0.00222302668480974,-0.00215770869644377));
#9502=CARTESIAN_POINT('',(0.00856988394744697,0.00235614318450526,-0.00235803584999455));
#9503=CARTESIAN_POINT('',(0.00846447190526166,0.00224809797265867,-0.00257400081783396));
#9504=CARTESIAN_POINT('',(0.00842111545126211,0.00219774778432666,-0.00266533681982264));
#9505=CARTESIAN_POINT('',(0.00842111545126211,0.00219774778432666,-0.00266533681982264));
#9506=CARTESIAN_POINT('',(0.00842111545126211,0.00219774778432666,-0.00266533681982264));
#9507=CARTESIAN_POINT('',(0.0081997751683669,0.00197470362839392,-0.0026796716549793));
#9508=CARTESIAN_POINT('',(0.00797870531766085,0.00175140268672321,-0.00269425990040285));
#9509=CARTESIAN_POINT('',(0.00775865218058053,0.00152716603635404,-0.00270969120803573));
#9510=CARTESIAN_POINT('',(0.00775865218058094,0.0015271660363536,-0.00270969120803517));
#9511=CARTESIAN_POINT('',(0.00775865218058145,0.0015271660363533,-0.00270969120803456));
#9512=CARTESIAN_POINT('',(0.00797870708202046,0.00173894638142999,-0.00278499124917549));
#9513=CARTESIAN_POINT('',(0.00819977530778436,0.00195004961746252,-0.00285922606341939));
#9514=CARTESIAN_POINT('',(0.00842111545126211,0.00216097530589915,-0.00293314814416761));
#9515=CARTESIAN_POINT('',(0.00842111545126211,0.00216097530589916,-0.00293314814416761));
#9516=CARTESIAN_POINT('',(0.00842111545126211,0.00216097530589916,-0.00293314814416761));
#9517=CARTESIAN_POINT('',(0.00846435437768171,0.00218477930085437,-0.00303439973714863));
#9518=CARTESIAN_POINT('',(0.00856989155779101,0.00223128830864431,-0.00327004199065773));
#9519=CARTESIAN_POINT('',(0.00846448905327578,0.00204868503955777,-0.00342865193555768));
#9520=CARTESIAN_POINT('',(0.00842111545126257,0.0019671825338558,-0.00349379296938369));
#9521=CARTESIAN_POINT('',(0.00842111545126257,0.0019671825338558,-0.00349379296938369));
#9522=CARTESIAN_POINT('',(0.0084211154512625,0.00196718253385573,-0.00349379296938411));
#9523=CARTESIAN_POINT('',(0.00819977582730145,0.00175563152921624,-0.00342168154170366));
#9524=CARTESIAN_POINT('',(0.00797870680721649,0.00154374649229774,-0.00334970602193664));
#9525=CARTESIAN_POINT('',(0.00775865218057771,0.00133067209250297,-0.00327815055583144));
#9526=CARTESIAN_POINT('',(0.00775865218057775,0.00133067209250295,-0.00327815055583136));
#9527=CARTESIAN_POINT('',(0.00775865218057779,0.00133067209250298,-0.00327815055583127));
#9528=CARTESIAN_POINT('',(0.00797870708202136,0.00149751554050993,-0.00342876355200319));
#9529=CARTESIAN_POINT('',(0.00819977530778986,0.00166414106601491,-0.00357813328843429));
#9530=CARTESIAN_POINT('',(0.00842111545127222,0.00183072223685753,-0.0037271461522662));
#9531=CARTESIAN_POINT('',(0.00842111545127217,0.00183072223685753,-0.00372714615226627));
#9532=CARTESIAN_POINT('',(0.00842111545127217,0.00183072223685753,-0.00372714615226627));
#9533=CARTESIAN_POINT('',(0.00846412237640362,0.00181405685502337,-0.00382924902617354));
#9534=CARTESIAN_POINT('',(0.0085700148665338,0.00176717574391581,-0.00406507274932971));
#9535=CARTESIAN_POINT('',(0.00846447107174668,0.00153731691506218,-0.00414197235850216));
#9536=CARTESIAN_POINT('',(0.00842111545126357,0.00143713157515981,-0.00417095314811248));
#9537=CARTESIAN_POINT('',(0.00842111545126357,0.0014371315751598,-0.00417095314811248));
#9538=CARTESIAN_POINT('',(0.0084211154512635,0.00143713157515949,-0.00417095314811295));
#9539=CARTESIAN_POINT('',(0.00819977586609546,0.00126927980996685,-0.00402337383730853));
#9540=CARTESIAN_POINT('',(0.00797870684224121,0.00110106739761778,-0.00387579223219323));
#9541=CARTESIAN_POINT('',(0.00775865218057771,0.000931595385145082,-0.00372814353545642));
#9542=CARTESIAN_POINT('',(0.00775865218057775,0.000931595385145095,-0.00372814353545634));
#9543=CARTESIAN_POINT('',(0.00842111545126252,0.00122175830277919,-0.00433432228277757));
#9544=CARTESIAN_POINT('',(0.00819977579556703,0.00112488233622829,-0.00413290493745912));
#9545=CARTESIAN_POINT('',(0.00797870677856668,0.00102810140047728,-0.00393113974336943));
#9546=CARTESIAN_POINT('',(0.00775865218057774,0.000931595385145413,-0.00372814353545621));
#9547=CARTESIAN_POINT('',(0.00842111545126257,0.00122175830277888,-0.00433432228277766));
#9548=CARTESIAN_POINT('',(0.00842111545126257,0.00122175830277888,-0.00433432228277767));
#9549=CARTESIAN_POINT('',(0.00846064998555024,0.00117168633257635,-0.00441517410817212));
#9550=CARTESIAN_POINT('',(0.00850666799834997,0.00111866788821652,-0.00450022058338098));
#9551=CARTESIAN_POINT('',(0.00851583504972281,0.00103146516426159,-0.00455426363189727));
#9552=CARTESIAN_POINT('',(0.00851583504972263,0.0010314651642615,-0.00455426363189713));
#9553=CARTESIAN_POINT('',(0.00851583504972265,0.00103146516426149,-0.00455426363189716));
#9554=CARTESIAN_POINT('',(0.0085778255374386,0.00120409118388435,-0.00453695252851513));
#9555=CARTESIAN_POINT('',(0.00865502722320484,0.0013704710259241,-0.00452094696133554));
#9556=CARTESIAN_POINT('',(0.00874142135623731,0.0015330449474933,-0.00450541324358731));
#9557=CARTESIAN_POINT('',(0.00874142135623731,0.0015330449474933,-0.00450541324358731));
#9558=CARTESIAN_POINT('',(0.00874142135623731,-4.33680868994202E-19,-0.0025));
#9559=CARTESIAN_POINT('',(0.00874142135623731,0.00128327294719179,-0.000326265970364407));
#9560=CARTESIAN_POINT('',(0.00874142135623731,0.00128327294719179,-0.000326265970364407));
#9561=CARTESIAN_POINT('',(0.00865488152580583,0.00111974165017718,-0.00033021957962635));
#9562=CARTESIAN_POINT('',(0.00857744439477973,0.000951900064750738,-0.000334165433614855));
#9563=CARTESIAN_POINT('',(0.00851576319288365,0.000779298984868846,-0.000337528682194765));
#9564=CARTESIAN_POINT('',(0.00851576319288365,0.000779298984868847,-0.000337528682194765));
#9565=CARTESIAN_POINT('',(0.00851576319288376,0.000779298984868923,-0.000337528682194661));
#9566=CARTESIAN_POINT('',(0.00850640194378839,0.000871775644245589,-0.00038080545930513));
#9567=CARTESIAN_POINT('',(0.00846056885120285,0.000934539526257649,-0.000458681337154602));
#9568=CARTESIAN_POINT('',(0.00842111545126256,0.000993792969383686,-0.0005328174661442));
#9569=CARTESIAN_POINT('',(0.00842111545126256,0.000993792969383688,-0.000532817466144199));
#9570=CARTESIAN_POINT('',(0.0084211154512625,0.000993792969384099,-0.000532817466144274));
#9571=CARTESIAN_POINT('',(0.00819977582730145,0.000921681541703651,-0.000744368470783756));
#9572=CARTESIAN_POINT('',(0.00797870680721649,0.000849706021936629,-0.000956253507702255));
#9573=CARTESIAN_POINT('',(0.00775865218057771,0.000778150555831436,-0.00116932790749702));
#9574=CARTESIAN_POINT('',(0.00775865218057776,0.000778150555831363,-0.00116932790749704));
#9575=CARTESIAN_POINT('',(0.0077586521805778,0.000778150555831269,-0.00116932790749701));
#9576=CARTESIAN_POINT('',(0.00797870708202136,0.000928763552003185,-0.00100248445949007));
#9577=CARTESIAN_POINT('',(0.00819977530778987,0.00107813328843429,-0.000835858933985094));
#9578=CARTESIAN_POINT('',(0.00842111545127222,0.00122714615226619,-0.000669277763142478));
#9579=CARTESIAN_POINT('',(0.00842111545127216,0.00122714615226626,-0.000669277763142471));
#9580=CARTESIAN_POINT('',(0.00842111545127216,0.00122714615226626,-0.000669277763142471));
#9581=CARTESIAN_POINT('',(0.00846412237640361,0.00132924902617353,-0.000685943144976634));
#9582=CARTESIAN_POINT('',(0.0085700148665338,0.0015650727493297,-0.000732824256084187));
#9583=CARTESIAN_POINT('',(0.00846447107174668,0.00164197235850216,-0.000962683084937816));
#9584=CARTESIAN_POINT('',(0.00842111545126357,0.00167095314811247,-0.00106286842484019));
#9585=CARTESIAN_POINT('',(0.00842111545126357,0.00167095314811247,-0.0010628684248402));
#9586=CARTESIAN_POINT('',(0.0084211154512635,0.00167095314811294,-0.00106286842484051));
#9587=CARTESIAN_POINT('',(0.00819977586609545,0.00152337383730853,-0.00123072019003314));
#9588=CARTESIAN_POINT('',(0.00797870684224121,0.00137579223219322,-0.00139893260238222));
#9589=CARTESIAN_POINT('',(0.00775865218057771,0.00122814353545641,-0.00156840461485491));
#9590=CARTESIAN_POINT('',(0.00775865218057775,0.00122814353545634,-0.0015684046148549));
#9591=CARTESIAN_POINT('',(0.00842111545126251,0.00183432228277756,-0.00127824169722081));
#9592=CARTESIAN_POINT('',(0.00819977579556703,0.00163290493745911,-0.00137511766377172));
#9593=CARTESIAN_POINT('',(0.00797870677856667,0.00143113974336941,-0.00147189859952272));
#9594=CARTESIAN_POINT('',(0.00775865218057773,0.0012281435354562,-0.00156840461485459));
#9595=CARTESIAN_POINT('',(0.00842111545126256,0.00183432228277766,-0.00127824169722112));
#9596=CARTESIAN_POINT('',(0.00842111545126256,0.00183432228277766,-0.00127824169722112));
#9597=CARTESIAN_POINT('',(0.00846426315197557,0.0019225633719185,-0.00133288987819345));
#9598=CARTESIAN_POINT('',(0.00856990449575545,0.00212193162992062,-0.00146602656538409));
#9599=CARTESIAN_POINT('',(0.0084645492414191,0.00210531121933505,-0.00170787310608599));
#9600=CARTESIAN_POINT('',(0.00842111545126211,0.00209372585726748,-0.00181170963822574));
#9601=CARTESIAN_POINT('',(-0.011,0.0117970269504522,-0.00179256615168162));
#9602=CARTESIAN_POINT('',(-0.011,0.0252248341941042,-0.00218789719835594));
#9603=CARTESIAN_POINT('',(-0.011,0.0251771755987639,-0.00179074652381266));
#9604=CARTESIAN_POINT('',(-0.011,0.0251803441663048,-0.00179037910137619));
#9605=CARTESIAN_POINT('',(-0.011,0.0119867547532097,-0.00337361410969782));
#9606=CARTESIAN_POINT('',(-0.011,0.00614607123881422,-0.00407450369636073));
#9607=CARTESIAN_POINT('',(-0.011,0.0019241838568001,-0.000330318805623767));
#9608=CARTESIAN_POINT('',(-0.011,0.0019241838568001,-0.000330318805623767));
#9609=CARTESIAN_POINT('',(-0.011,4.33680868994202E-19,-0.0025));
#9610=CARTESIAN_POINT('',(-0.011,0.00177217426754136,-0.000204482985150354));
#9611=CARTESIAN_POINT('',(-0.011,0.0252262590711183,-0.000204483003286149));
#9612=CARTESIAN_POINT('',(-0.011,0.0252119485708418,-0.000204483003275084));
#9613=CARTESIAN_POINT('',(-0.011,0.0250913641107058,-0.000995342907416687));
#9614=CARTESIAN_POINT('',(0.011,0.0125383050390143,-4.48299347522926E-6));
#9615=CARTESIAN_POINT('',(-0.0016,0.00135516804059915,-4.48298482790466E-6));
#9616=CARTESIAN_POINT('',(-0.00136374681166459,0.000890445834368687,-4.48298446855972E-6));
#9617=CARTESIAN_POINT('',(-0.00120176743446124,0.000378010067116037,-4.48298407232078E-6));
#9618=CARTESIAN_POINT('',(-0.00123431457505076,-0.000143532671160979,-4.48298366903955E-6));
#9619=CARTESIAN_POINT('',(-0.0016,0.00135516804059915,-4.48298482790465E-6));
#9620=CARTESIAN_POINT('',(-0.00123431457505076,-0.000143532671160979,-4.48298366903955E-6));
#9621=CARTESIAN_POINT('',(0.00171715728752538,-0.000143532671160979,-4.48298366903955E-6));
#9622=CARTESIAN_POINT('',(0.00123431457505076,-0.000143532671160979,-4.48298366903955E-6));
#9623=CARTESIAN_POINT('',(0.00123431457505076,-0.000143532671160979,-4.48298366903955E-6));
#9624=CARTESIAN_POINT('',(0.00120163670855995,0.000380104848509609,-4.48298407394056E-6));
#9625=CARTESIAN_POINT('',(0.00136347262127248,0.000889906487726029,-4.4829844681431E-6));
#9626=CARTESIAN_POINT('',(0.0016,0.00135516804059916,-4.48298482790508E-6));
#9627=CARTESIAN_POINT('',(0.0016,0.00135516804059916,-4.48298482790508E-6));
#9628=CARTESIAN_POINT('',(0.0016,0.0125383050390143,-4.48299347522926E-6));
#9629=CARTESIAN_POINT('',(0.0016,0.00177217426769601,-4.48298515035375E-6));
#9630=CARTESIAN_POINT('',(0.011,0.00177217426769601,-4.48298515035375E-6));
#9631=CARTESIAN_POINT('',(0.0054,0.00177217426769601,-4.48298515035375E-6));
#9632=CARTESIAN_POINT('',(0.0054,0.000665936409659247,-4.482984294959E-6));
#9633=CARTESIAN_POINT('',(0.0054,0.00135516804059915,-4.48298482790508E-6));
#9634=CARTESIAN_POINT('',(0.0054,0.00135516804059915,-4.48298482790508E-6));
#9635=CARTESIAN_POINT('',(0.00563652733306231,0.000889906577551847,-4.48298446814317E-6));
#9636=CARTESIAN_POINT('',(0.00579836329007589,0.000380104826650024,-4.48298407394098E-6));
#9637=CARTESIAN_POINT('',(0.00576568542494924,-0.000143532671160979,-4.48298366903999E-6));
#9638=CARTESIAN_POINT('',(0.00576568542494924,-0.000143532671160979,-4.48298366903955E-6));
#9639=CARTESIAN_POINT('',(0.00871715728752538,-0.000143532671160979,-4.48298366903955E-6));
#9640=CARTESIAN_POINT('',(0.00823431457505076,-0.000143532671160979,-4.48298366903955E-6));
#9641=CARTESIAN_POINT('',(0.00823431457505076,-0.000143532671160979,-4.48298366903955E-6));
#9642=CARTESIAN_POINT('',(0.00820163670855995,0.000380104848509609,-4.48298407394056E-6));
#9643=CARTESIAN_POINT('',(0.00836347262127248,0.000889906487726028,-4.4829844681431E-6));
#9644=CARTESIAN_POINT('',(0.0086,0.00135516804059915,-4.48298482790508E-6));
#9645=CARTESIAN_POINT('',(0.0086,0.00135516804059915,-4.48298482790508E-6));
#9646=CARTESIAN_POINT('',(0.0086,0.0125383050390143,-4.48299347522926E-6));
#9647=CARTESIAN_POINT('',(0.0086,0.00177217426769601,-4.48298515035375E-6));
#9648=CARTESIAN_POINT('',(0.011,0.00177217426769601,-4.48298515035375E-6));
#9649=CARTESIAN_POINT('',(0.0108,0.00177217426769601,-4.48298515035375E-6));
#9650=CARTESIAN_POINT('',(0.0108,0.0125383050390143,-4.48299347522926E-6));
#9651=CARTESIAN_POINT('',(0.0108,0.0252119485709751,-4.4830032750829E-6));
#9652=CARTESIAN_POINT('',(0.011,0.0252119485709751,-4.4830032750829E-6));
#9653=CARTESIAN_POINT('',(-0.0108,0.0252119485709751,-4.4830032750829E-6));
#9654=CARTESIAN_POINT('',(-0.0108,0.00103072538812937,-4.48298457703068E-6));
#9655=CARTESIAN_POINT('',(-0.0108,0.00177217426769601,-4.48298515035375E-6));
#9656=CARTESIAN_POINT('',(-0.0088,0.00177217426769601,-4.48298515035375E-6));
#9657=CARTESIAN_POINT('',(-0.0086,0.00177217426769601,-4.48298515035375E-6));
#9658=CARTESIAN_POINT('',(-0.0086,0.000665936409659247,-4.482984294959E-6));
#9659=CARTESIAN_POINT('',(-0.0086,0.00135516804059915,-4.48298482790508E-6));
#9660=CARTESIAN_POINT('',(-0.0086,0.00135516804059915,-4.48298482790508E-6));
#9661=CARTESIAN_POINT('',(-0.00836374681166459,0.000890445834368687,-4.48298446856015E-6));
#9662=CARTESIAN_POINT('',(-0.00820176743446123,0.000378010067116038,-4.48298407232078E-6));
#9663=CARTESIAN_POINT('',(-0.00823431457505076,-0.000143532671160979,-4.48298366903955E-6));
#9664=CARTESIAN_POINT('',(-0.00823431457505076,-0.000143532671160979,-4.48298366903955E-6));
#9665=CARTESIAN_POINT('',(-0.00528284271247462,-0.000143532671160979,-4.48298366903955E-6));
#9666=CARTESIAN_POINT('',(-0.00576568542494924,-0.000143532671160979,-4.48298366903955E-6));
#9667=CARTESIAN_POINT('',(-0.00576568542494924,-0.000143532671160979,-4.48298366903955E-6));
#9668=CARTESIAN_POINT('',(-0.00579836329144005,0.000380104848509609,-4.48298407394056E-6));
#9669=CARTESIAN_POINT('',(-0.00563652737872752,0.000889906487726028,-4.4829844681431E-6));
#9670=CARTESIAN_POINT('',(-0.0054,0.00135516804059916,-4.48298482790509E-6));
#9671=CARTESIAN_POINT('',(-0.0054,0.00135516804059916,-4.48298482790465E-6));
#9672=CARTESIAN_POINT('',(-0.0054,0.0125383050390143,-4.48299347522926E-6));
#9673=CARTESIAN_POINT('',(-0.0054,0.00177217426769601,-4.48298515035375E-6));
#9674=CARTESIAN_POINT('',(-0.0018,0.00177217426769601,-4.48298515035375E-6));
#9675=CARTESIAN_POINT('',(-0.0016,0.00177217426769601,-4.48298515035375E-6));
#9676=CARTESIAN_POINT('',(-0.0016,0.000665936409659245,-4.482984294959E-6));
#9677=CARTESIAN_POINT('',(0.011,0.012675740865203,-0.00349236976773021));
#9678=CARTESIAN_POINT('',(0.0086,0.0016427627614778,-0.0048163414302457));
#9679=CARTESIAN_POINT('',(0.00836390563565442,0.00118163009437493,-0.00487167794756356));
#9680=CARTESIAN_POINT('',(0.00820198252010109,0.000673202567894964,-0.00493268990926365));
#9681=CARTESIAN_POINT('',(0.00823431457505076,0.000155685162421065,-0.00499479266821634));
#9682=CARTESIAN_POINT('',(0.0086,0.0016427627614778,-0.0048163414302457));
#9683=CARTESIAN_POINT('',(0.00823431457505076,0.000155685162421064,-0.00499479266821634));
#9684=CARTESIAN_POINT('',(0.011,0.000155685162421063,-0.00499479266821634));
#9685=CARTESIAN_POINT('',(0.00576568542494924,0.000155685162421064,-0.00499479266821634));
#9686=CARTESIAN_POINT('',(0.00576568542494924,0.000155685162421064,-0.00499479266821634));
#9687=CARTESIAN_POINT('',(0.00579814756277396,0.000675284716774581,-0.00493244004870126));
#9688=CARTESIAN_POINT('',(0.00563636977664552,0.00118109216705601,-0.00487174249953857));
#9689=CARTESIAN_POINT('',(0.0054,0.0016427627614778,-0.00481634143024571));
#9690=CARTESIAN_POINT('',(0.0054,0.0016427627614778,-0.00481634143024571));
#9691=CARTESIAN_POINT('',(0.0054,0.012675740865203,-0.00349236976773021));
#9692=CARTESIAN_POINT('',(0.0054,0.00616990053648438,-0.00427307903363237));
#9693=CARTESIAN_POINT('',(0.011,0.00616990053648438,-0.00427307903363237));
#9694=CARTESIAN_POINT('',(0.0016,0.00616990053648438,-0.00427307903363237));
#9695=CARTESIAN_POINT('',(0.0016,0.000958331021338597,-0.00489847412554803));
#9696=CARTESIAN_POINT('',(0.0016,0.0016427627614778,-0.0048163414302457));
#9697=CARTESIAN_POINT('',(0.0016,0.0016427627614778,-0.0048163414302457));
#9698=CARTESIAN_POINT('',(0.00136390563565442,0.00118163009437493,-0.00487167794756356));
#9699=CARTESIAN_POINT('',(0.00120198252010108,0.000673202567894963,-0.00493268990926365));
#9700=CARTESIAN_POINT('',(0.00123431457505076,0.000155685162421064,-0.00499479266821634));
#9701=CARTESIAN_POINT('',(0.00123431457505076,0.000155685162421064,-0.00499479266821634));
#9702=CARTESIAN_POINT('',(0.011,0.000155685162421063,-0.00499479266821634));
#9703=CARTESIAN_POINT('',(-0.00123431457505076,0.000155685162421064,-0.00499479266821634));
#9704=CARTESIAN_POINT('',(-0.00123431457505076,0.000155685162421064,-0.00499479266821634));
#9705=CARTESIAN_POINT('',(-0.00120185243722604,0.000675284716774581,-0.00493244004870126));
#9706=CARTESIAN_POINT('',(-0.00136363022335448,0.00118109216705601,-0.00487174249953857));
#9707=CARTESIAN_POINT('',(-0.0016,0.0016427627614778,-0.00481634143024571));
#9708=CARTESIAN_POINT('',(-0.0016,0.0016427627614778,-0.00481634143024571));
#9709=CARTESIAN_POINT('',(-0.0016,0.012675740865203,-0.00349236976773021));
#9710=CARTESIAN_POINT('',(-0.0016,0.00616990053648438,-0.00427307903363237));
#9711=CARTESIAN_POINT('',(-0.0052,0.00616990053648438,-0.00427307903363237));
#9712=CARTESIAN_POINT('',(-0.0054,0.00616990053648438,-0.00427307903363237));
#9713=CARTESIAN_POINT('',(-0.0054,0.000958331021338599,-0.00489847412554803));
#9714=CARTESIAN_POINT('',(-0.0054,0.00164276276147781,-0.0048163414302457));
#9715=CARTESIAN_POINT('',(-0.0054,0.00164276276147781,-0.0048163414302457));
#9716=CARTESIAN_POINT('',(-0.00563636650469092,0.00118109855774288,-0.00487174173264786));
#9717=CARTESIAN_POINT('',(-0.00579814746535974,0.000675283157530913,-0.00493244023581253));
#9718=CARTESIAN_POINT('',(-0.00576568542494924,0.000155685162421065,-0.00499479266821634));
#9719=CARTESIAN_POINT('',(-0.00576568542494924,0.000155685162421064,-0.00499479266821634));
#9720=CARTESIAN_POINT('',(0.011,0.000155685162421063,-0.00499479266821634));
#9721=CARTESIAN_POINT('',(-0.00823431457505076,0.000155685162421064,-0.00499479266821634));
#9722=CARTESIAN_POINT('',(-0.00823431457505076,0.000155685162421064,-0.00499479266821634));
#9723=CARTESIAN_POINT('',(-0.00820185243722604,0.000675284716774581,-0.00493244004870126));
#9724=CARTESIAN_POINT('',(-0.00836363022335448,0.00118109216705601,-0.00487174249953857));
#9725=CARTESIAN_POINT('',(-0.0086,0.0016427627614778,-0.00481634143024571));
#9726=CARTESIAN_POINT('',(-0.0086,0.0016427627614778,-0.00481634143024571));
#9727=CARTESIAN_POINT('',(-0.0086,0.012675740865203,-0.00349236976773021));
#9728=CARTESIAN_POINT('',(-0.0086,0.00616990053648438,-0.00427307903363237));
#9729=CARTESIAN_POINT('',(-0.011,0.00616990053648438,-0.00427307903363237));
#9730=CARTESIAN_POINT('',(-0.0108,0.00616990053648438,-0.00427307903363237));
#9731=CARTESIAN_POINT('',(-0.0108,0.012675740865203,-0.00349236976773021));
#9732=CARTESIAN_POINT('',(-0.0108,0.025201004896434,-0.0019893218610843));
#9733=CARTESIAN_POINT('',(0.011,0.025201004896434,-0.0019893218610843));
#9734=CARTESIAN_POINT('',(0.0108,0.025201004896434,-0.0019893218610843));
#9735=CARTESIAN_POINT('',(0.0108,0.0060806341352324,-0.00428379111740171));
#9736=CARTESIAN_POINT('',(0.0108,0.00616990053648438,-0.00427307903363237));
#9737=CARTESIAN_POINT('',(0.011,0.00616990053648438,-0.00427307903363237));
#9738=CARTESIAN_POINT('',(0.0086,0.00616990053648438,-0.00427307903363237));
#9739=CARTESIAN_POINT('',(0.0086,0.000958331021338599,-0.00489847412554803));
#9740=CARTESIAN_POINT('',(-0.0088,0.00168642414907188,-0.00392649575108867));
#9741=CARTESIAN_POINT('',(-0.0088,0.00344359774310769,-0.00194513285337986));
#9742=CARTESIAN_POINT('',(-0.0088,0.00179148152184837,-0.000479951991442818));
#9743=CARTESIAN_POINT('',(-0.0088,0.00588057014153562,-0.00410636417191492));
#9744=CARTESIAN_POINT('',(-0.0088,0.0017672417993079,-0.00459996890062299));
#9745=CARTESIAN_POINT('',(-0.0088,0.00161893346380763,-0.00461776609297406));
#9746=CARTESIAN_POINT('',(-0.0088,-4.33680868994202E-19,-0.0025));
#9747=CARTESIAN_POINT('',(-0.0088,0.0013551680404445,-0.000204482984827905));
#9748=CARTESIAN_POINT('',(-0.0088,0.00103072538797472,-0.000204482984577031));
#9749=CARTESIAN_POINT('',(-0.0088,0.00157217426754136,-0.000204482984995704));
#9750=CARTESIAN_POINT('',(-0.0088,0.00177217426754136,-0.000204482985150353));
#9751=CARTESIAN_POINT('',(-0.0088,0.00164995535253851,-0.000362794503415846));
#9752=CARTESIAN_POINT('',(-0.0088,4.33680868994202E-19,-0.0025));
#9753=CARTESIAN_POINT('',(0.0052,0.00168642414907188,-0.00392649575108867));
#9754=CARTESIAN_POINT('',(0.0052,0.00386965844737696,-0.00232298519928984));
#9755=CARTESIAN_POINT('',(0.0052,0.00179148152184837,-0.00047995199144282));
#9756=CARTESIAN_POINT('',(0.0052,0.00588057014153562,-0.00410636417191492));
#9757=CARTESIAN_POINT('',(0.0052,0.0017672417993079,-0.00459996890062299));
#9758=CARTESIAN_POINT('',(0.0052,0.00161893346380763,-0.00461776609297406));
#9759=CARTESIAN_POINT('',(0.0052,-4.33680868994202E-19,-0.0025));
#9760=CARTESIAN_POINT('',(0.0052,0.0013551680404445,-0.000204482984827905));
#9761=CARTESIAN_POINT('',(0.0052,0.00103072538797472,-0.000204482984577031));
#9762=CARTESIAN_POINT('',(0.0052,0.00157217426754136,-0.000204482984995704));
#9763=CARTESIAN_POINT('',(0.0052,0.00177217426754136,-0.000204482985150353));
#9764=CARTESIAN_POINT('',(0.0052,0.00164995535253851,-0.000362794503415846));
#9765=CARTESIAN_POINT('',(0.0052,4.33680868994202E-19,-0.0025));
#9766=CARTESIAN_POINT('',(0.0018,0.00168642414907188,-0.00392649575108867));
#9767=CARTESIAN_POINT('',(0.0018,-4.33680868994202E-19,-0.0025));
#9768=CARTESIAN_POINT('',(0.0018,0.0013551680404445,-0.000204482984827905));
#9769=CARTESIAN_POINT('',(0.0018,0.00161893346380764,-0.00461776609297406));
#9770=CARTESIAN_POINT('',(0.0018,0.00605680483756224,-0.00408521578013007));
#9771=CARTESIAN_POINT('',(0.0018,0.00588057014153562,-0.00410636417191492));
#9772=CARTESIAN_POINT('',(0.0018,0.00386965844737696,-0.00232298519928984));
#9773=CARTESIAN_POINT('',(0.0018,0.00179148152184837,-0.00047995199144282));
#9774=CARTESIAN_POINT('',(0.0018,4.33680868994202E-19,-0.0025));
#9775=CARTESIAN_POINT('',(0.0018,0.00164995535253851,-0.000362794503415846));
#9776=CARTESIAN_POINT('',(0.0018,0.00177217426754136,-0.000204482985150353));
#9777=CARTESIAN_POINT('',(0.0018,0.00157217426754136,-0.000204482984995704));
#9778=CARTESIAN_POINT('',(0.0018,0.00168642415194992,-0.000204482985084047));
#9779=CARTESIAN_POINT('',(-0.0052,0.00168642414907188,-0.00392649575108868));
#9780=CARTESIAN_POINT('',(-0.0052,-4.33680868994202E-19,-0.0025));
#9781=CARTESIAN_POINT('',(-0.0052,0.00135516804044451,-0.000204482984827905));
#9782=CARTESIAN_POINT('',(-0.0052,0.00161893346380764,-0.00461776609297406));
#9783=CARTESIAN_POINT('',(-0.0052,0.00605680483756224,-0.00408521578013007));
#9784=CARTESIAN_POINT('',(-0.0052,0.00588057014153562,-0.00410636417191492));
#9785=CARTESIAN_POINT('',(-0.0052,0.00386965844737696,-0.00232298519928984));
#9786=CARTESIAN_POINT('',(-0.0052,0.00179148152184837,-0.000479951991442818));
#9787=CARTESIAN_POINT('',(-0.0052,4.33680868994202E-19,-0.0025));
#9788=CARTESIAN_POINT('',(-0.0052,0.00164995535253851,-0.000362794503415846));
#9789=CARTESIAN_POINT('',(-0.0052,0.00177217426754136,-0.000204482985150353));
#9790=CARTESIAN_POINT('',(-0.0052,0.00157217426754136,-0.000204482984995704));
#9791=CARTESIAN_POINT('',(-0.0052,0.00168642415194992,-0.000204482985084047));
#9792=CARTESIAN_POINT('',(-0.0018,0.00168642414907188,-0.00392649575108867));
#9793=CARTESIAN_POINT('',(-0.0018,0.00344359774310769,-0.00194513285337986));
#9794=CARTESIAN_POINT('',(-0.0018,0.00179148152184837,-0.000479951991442818));
#9795=CARTESIAN_POINT('',(-0.0018,0.00588057014153562,-0.00410636417191492));
#9796=CARTESIAN_POINT('',(-0.0018,0.0017672417993079,-0.00459996890062299));
#9797=CARTESIAN_POINT('',(-0.0018,0.00161893346380763,-0.00461776609297406));
#9798=CARTESIAN_POINT('',(-0.0018,-4.33680868994202E-19,-0.0025));
#9799=CARTESIAN_POINT('',(-0.0018,0.0013551680404445,-0.000204482984827905));
#9800=CARTESIAN_POINT('',(-0.0018,0.00103072538797472,-0.000204482984577031));
#9801=CARTESIAN_POINT('',(-0.0018,0.00157217426754136,-0.000204482984995704));
#9802=CARTESIAN_POINT('',(-0.0018,0.00177217426754136,-0.000204482985150353));
#9803=CARTESIAN_POINT('',(-0.0018,0.00164995535253851,-0.000362794503415846));
#9804=CARTESIAN_POINT('',(-0.0018,4.33680868994202E-19,-0.0025));
#9805=CARTESIAN_POINT('',(0.0088,0.00168642414907188,-0.00392649575108867));
#9806=CARTESIAN_POINT('',(0.0088,-4.33680868994202E-19,-0.0025));
#9807=CARTESIAN_POINT('',(0.0088,0.0013551680404445,-0.000204482984827905));
#9808=CARTESIAN_POINT('',(0.0088,0.00161893346380764,-0.00461776609297406));
#9809=CARTESIAN_POINT('',(0.0088,0.00605680483756224,-0.00408521578013007));
#9810=CARTESIAN_POINT('',(0.0088,0.00588057014153562,-0.00410636417191492));
#9811=CARTESIAN_POINT('',(0.0088,0.00386965844737696,-0.00232298519928984));
#9812=CARTESIAN_POINT('',(0.0088,0.00179148152184837,-0.000479951991442818));
#9813=CARTESIAN_POINT('',(0.0088,4.33680868994202E-19,-0.0025));
#9814=CARTESIAN_POINT('',(0.0088,0.00164995535253851,-0.000362794503415846));
#9815=CARTESIAN_POINT('',(0.0088,0.00177217426754136,-0.000204482985150353));
#9816=CARTESIAN_POINT('',(0.0088,0.00157217426754136,-0.000204482984995704));
#9817=CARTESIAN_POINT('',(0.0088,0.00168642415194992,-0.000204482985084047));
#9818=CARTESIAN_POINT('',(0.011,-4.33680868994202E-19,-0.0025));
#9819=CARTESIAN_POINT('',(0.00576568542494924,-4.33680868994202E-19,-0.0025));
#9820=CARTESIAN_POINT('',(0.00576568542494924,-0.000156013773169162,-4.87280833591204E-6));
#9821=CARTESIAN_POINT('',(0.00576568542494924,0.00014332159212054,-0.00499588840320076));
#9822=CARTESIAN_POINT('',(0.011,0.00014332159212054,-0.00499588840320076));
#9823=CARTESIAN_POINT('',(0.00823431457505076,0.00014332159212054,-0.00499588840320076));
#9824=CARTESIAN_POINT('',(0.00823431457505076,-4.33680868994202E-19,-0.0025));
#9825=CARTESIAN_POINT('',(0.00823431457505076,-0.000156013773169162,-4.87280833591204E-6));
#9826=CARTESIAN_POINT('',(0.011,-0.000156013773169162,-4.87280833591204E-6));
#9827=CARTESIAN_POINT('',(0.011,0.0117970269504522,-0.00179256615168162));
#9828=CARTESIAN_POINT('',(0.011,0.00621333647018414,-0.00413415793158266));
#9829=CARTESIAN_POINT('',(0.011,0.0019241838568001,-0.000330318805623767));
#9830=CARTESIAN_POINT('',(0.011,0.00614607123881422,-0.00407450369636073));
#9831=CARTESIAN_POINT('',(0.011,0.0251780034394917,-0.00179064718185309));
#9832=CARTESIAN_POINT('',(0.011,0.0251771755987639,-0.00179074652381266));
#9833=CARTESIAN_POINT('',(0.011,0.0252248341941042,-0.00218789719835594));
#9834=CARTESIAN_POINT('',(0.011,0.0251803441663048,-0.00179037910137619));
#9835=CARTESIAN_POINT('',(0.011,0.0250913641107058,-0.000995342907416687));
#9836=CARTESIAN_POINT('',(0.011,0.0252119485708418,-0.000204483003275083));
#9837=CARTESIAN_POINT('',(0.011,0.0117970269516802,-0.000204482992902038));
#9838=CARTESIAN_POINT('',(0.011,0.00177217426754136,-0.000204482985150354));
#9839=CARTESIAN_POINT('',(0.011,4.33680868994202E-19,-0.0025));
#9840=CARTESIAN_POINT('',(0.011,-4.33680868994202E-19,-0.0025));
#9841=CARTESIAN_POINT('',(-0.00823431457505076,-4.33680868994202E-19,-0.0025));
#9842=CARTESIAN_POINT('',(-0.00823431457505076,-0.000156013773169162,-4.87280833591204E-6));
#9843=CARTESIAN_POINT('',(-0.00823431457505076,0.00014332159212054,-0.00499588840320076));
#9844=CARTESIAN_POINT('',(0.011,0.00014332159212054,-0.00499588840320076));
#9845=CARTESIAN_POINT('',(-0.00576568542494924,0.00014332159212054,-0.00499588840320076));
#9846=CARTESIAN_POINT('',(-0.00576568542494924,-4.33680868994202E-19,-0.0025));
#9847=CARTESIAN_POINT('',(-0.00576568542494924,-0.000156013773169162,-4.87280833591204E-6));
#9848=CARTESIAN_POINT('',(0.011,-0.000156013773169162,-4.87280833591204E-6));
#9849=CARTESIAN_POINT('',(0.011,-4.33680868994202E-19,-0.0025));
#9850=CARTESIAN_POINT('',(-0.00123431457505076,-4.33680868994202E-19,-0.0025));
#9851=CARTESIAN_POINT('',(-0.00123431457505076,-0.000156013773169162,-4.87280833591204E-6));
#9852=CARTESIAN_POINT('',(-0.00123431457505076,0.00014332159212054,-0.00499588840320076));
#9853=CARTESIAN_POINT('',(0.011,0.00014332159212054,-0.00499588840320076));
#9854=CARTESIAN_POINT('',(0.00123431457505076,0.00014332159212054,-0.00499588840320076));
#9855=CARTESIAN_POINT('',(0.00123431457505076,-4.33680868994202E-19,-0.0025));
#9856=CARTESIAN_POINT('',(0.00123431457505076,-0.000156013773169162,-4.87280833591204E-6));
#9857=CARTESIAN_POINT('',(0.011,-0.000156013773169162,-4.87280833591204E-6));
#9858=CARTESIAN_POINT('',(0.011,0.0250913641107058,-0.000995342907416687));
#9859=CARTESIAN_POINT('',(0.0108,0.0250913641107058,-0.000995342907416687));
#9860=CARTESIAN_POINT('',(0.0108,0.0252420946858491,-6.76802723968261E-6));
#9861=CARTESIAN_POINT('',(0.0108,0.0252025891802044,-0.00198913814986606));
#9862=CARTESIAN_POINT('',(0.011,0.0252025891802044,-0.00198913814986606));
#9863=CARTESIAN_POINT('',(-0.0108,0.0252025891802044,-0.00198913814986606));
#9864=CARTESIAN_POINT('',(-0.0108,0.0250913641107058,-0.000995342907416687));
#9865=CARTESIAN_POINT('',(-0.0108,0.0252420946858491,-6.76802723968261E-6));
#9866=CARTESIAN_POINT('',(0.011,0.0252420946858491,-6.76802723968218E-6));
#9867=CARTESIAN_POINT('',(-0.011002,4.33680868994202E-19,-0.0025));
#9868=CARTESIAN_POINT('',(-0.011002,0.00164995535253851,-0.000362794503415846));
#9869=CARTESIAN_POINT('',(-0.0108,0.00164995535253851,-0.000362794503415846));
#9870=CARTESIAN_POINT('',(-0.0108,4.33680868994202E-19,-0.0025));
#9871=CARTESIAN_POINT('',(-0.0108,0.00179148152184837,-0.000479951991442818));
#9872=CARTESIAN_POINT('',(-0.011002,0.00179148152184837,-0.000479951991442818));
#9873=CARTESIAN_POINT('',(-0.011002,0.00386965844737696,-0.00232298519928984));
#9874=CARTESIAN_POINT('',(-0.0108,0.0060806341352324,-0.00428379111740171));
#9875=CARTESIAN_POINT('',(-0.0108,0.00601336890386249,-0.00422413688217978));
#9876=CARTESIAN_POINT('',(-0.0088,0.00601336890386249,-0.00422413688217978));
#9877=CARTESIAN_POINT('',(-0.00874958532322996,0.00601336890386249,-0.00422413688217978));
#9878=CARTESIAN_POINT('',(-0.0086,0.00588057014153562,-0.00410636417191492));
#9879=CARTESIAN_POINT('',(0.005002,0.00386965844737696,-0.00232298519928984));
#9880=CARTESIAN_POINT('',(0.0016,0.00588057014153562,-0.00410636417191492));
#9881=CARTESIAN_POINT('',(0.00174958532322996,0.00601336890386248,-0.00422413688217978));
#9882=CARTESIAN_POINT('',(0.005002,0.00601336890386248,-0.00422413688217978));
#9883=CARTESIAN_POINT('',(0.00525041467677004,0.00601336890386248,-0.00422413688217978));
#9884=CARTESIAN_POINT('',(0.0054,0.00588057014153562,-0.00410636417191492));
#9885=CARTESIAN_POINT('',(0.005002,0.00179148152184837,-0.00047995199144282));
#9886=CARTESIAN_POINT('',(0.005002,4.33680868994202E-19,-0.0025));
#9887=CARTESIAN_POINT('',(0.005002,0.00164995535253851,-0.000362794503415846));
#9888=CARTESIAN_POINT('',(-0.005002,4.33680868994202E-19,-0.0025));
#9889=CARTESIAN_POINT('',(-0.005002,0.00164995535253851,-0.000362794503415846));
#9890=CARTESIAN_POINT('',(-0.005002,0.00179148152184837,-0.000479951991442818));
#9891=CARTESIAN_POINT('',(-0.005002,0.00386965844737696,-0.00232298519928984));
#9892=CARTESIAN_POINT('',(-0.0054,0.00588057014153562,-0.00410636417191492));
#9893=CARTESIAN_POINT('',(-0.00525041467677004,0.00601336890386249,-0.00422413688217978));
#9894=CARTESIAN_POINT('',(-0.0018,0.00601336890386249,-0.00422413688217978));
#9895=CARTESIAN_POINT('',(-0.00174958532322996,0.00601336890386249,-0.00422413688217978));
#9896=CARTESIAN_POINT('',(-0.0016,0.00588057014153562,-0.00410636417191492));
#9897=CARTESIAN_POINT('',(0.011002,0.00386965844737696,-0.00232298519928984));
#9898=CARTESIAN_POINT('',(0.011002,0.00601336890386248,-0.00422413688217978));
#9899=CARTESIAN_POINT('',(0.00874958532322996,0.00601336890386248,-0.00422413688217978));
#9900=CARTESIAN_POINT('',(0.0108,0.00601336890386248,-0.00422413688217978));
#9901=CARTESIAN_POINT('',(0.0108,0.00179148152184837,-0.000479951991442818));
#9902=CARTESIAN_POINT('',(0.0108,0.00179148152184837,-0.000479951991442818));
#9903=CARTESIAN_POINT('',(0.011002,0.00179148152184837,-0.000479951991442818));
#9904=CARTESIAN_POINT('',(0.0086,0.00588057014153562,-0.00410636417191492));
#9905=CARTESIAN_POINT('',(0.011002,4.33680868994202E-19,-0.0025));
#9906=CARTESIAN_POINT('',(0.0108,4.33680868994202E-19,-0.0025));
#9907=CARTESIAN_POINT('',(0.0108,0.00164995535253851,-0.000362794503415846));
#9908=CARTESIAN_POINT('',(0.011002,0.00164995535253851,-0.000362794503415846));
#9909=CARTESIAN_POINT('',(0.00885857864376269,-4.33680868994202E-19,-0.0025));
#9910=CARTESIAN_POINT('',(0.00726384014656209,0.00103695349258349,-0.00264238139492286));
#9911=CARTESIAN_POINT('',(0.00722985723399695,0.00101087801580096,-0.00258246994816209));
#9912=CARTESIAN_POINT('',(0.00717026128933303,0.000959990098759749,-0.00244376077308514));
#9913=CARTESIAN_POINT('',(0.00722962436071583,0.000993649843380198,-0.00229774553715884));
#9914=CARTESIAN_POINT('',(0.00726384014656245,0.00101250710887821,-0.00223471833483428));
#9915=CARTESIAN_POINT('',(0.00726384014656211,0.00103695349258354,-0.00264238139492283));
#9916=CARTESIAN_POINT('',(0.00726384014656242,0.0010125071088782,-0.00223471833483427));
#9917=CARTESIAN_POINT('',(0.00726384014656224,0.00101250710887808,-0.00223471833483463));
#9918=CARTESIAN_POINT('',(0.00723012493954175,0.000965859780689197,-0.00218970345558636));
#9919=CARTESIAN_POINT('',(0.00717009820957623,0.000865090408598838,-0.00208029271323955));
#9920=CARTESIAN_POINT('',(0.00722968142738463,0.000840602150122504,-0.00193277875508206));
#9921=CARTESIAN_POINT('',(0.00726384014656187,0.000833915696245052,-0.0018674420034835));
#9922=CARTESIAN_POINT('',(0.00726384014656227,0.000833915696245689,-0.00186744200348371));
#9923=CARTESIAN_POINT('',(0.00726384014656227,0.00083391569624569,-0.00186744200348371));
#9924=CARTESIAN_POINT('',(0.00723009492274779,0.000773539030196144,-0.00184368370424871));
#9925=CARTESIAN_POINT('',(0.00717008337975803,0.00063869383931116,-0.00178126002179133));
#9926=CARTESIAN_POINT('',(0.00722974119585586,0.000559494390691099,-0.00165417024320305));
#9927=CARTESIAN_POINT('',(0.00726384014655958,0.000528368178319986,-0.00159646689295017));
#9928=CARTESIAN_POINT('',(0.00726384014656225,0.00052836817832439,-0.0015964668929498));
#9929=CARTESIAN_POINT('',(0.00726384014656224,0.000528368178324399,-0.00159646689294983));
#9930=CARTESIAN_POINT('',(0.00722992827175437,0.00046317513072823,-0.0015976279420284));
#9931=CARTESIAN_POINT('',(0.00717017811919718,0.000315105156057325,-0.0015915143668522));
#9932=CARTESIAN_POINT('',(0.00722971807041027,0.000193254859894855,-0.00150447404243801));
#9933=CARTESIAN_POINT('',(0.0072638401465586,0.000142381394917663,-0.00146304650741915));
#9934=CARTESIAN_POINT('',(0.00726384014656211,0.000142381394922827,-0.00146304650741646));
#9935=CARTESIAN_POINT('',(0.00726384014656209,0.000142381394922854,-0.00146304650741651));
#9936=CARTESIAN_POINT('',(0.00722985723399699,8.24699481621429E-5,-0.00148912198419902));
#9937=CARTESIAN_POINT('',(0.00717026128933309,-5.6239226914611E-5,-0.0015400099012402));
#9938=CARTESIAN_POINT('',(0.00722962436071568,-0.000202254462840828,-0.00150635015661988));
#9939=CARTESIAN_POINT('',(0.00726384014656224,-0.000265281665165344,-0.00148749289112191));
#9940=CARTESIAN_POINT('',(0.00726384014656227,-0.00026528166516532,-0.00148749289112187));
#9941=CARTESIAN_POINT('',(0.00726384014656227,-0.000265281665165323,-0.00148749289112187));
#9942=CARTESIAN_POINT('',(0.00723012493954178,-0.000310296544413592,-0.00153414021931076));
#9943=CARTESIAN_POINT('',(0.00717009820957622,-0.000419707286760406,-0.00163490959140115));
#9944=CARTESIAN_POINT('',(0.00722968142738462,-0.000567221244917929,-0.00165939784987749));
#9945=CARTESIAN_POINT('',(0.00726384014656187,-0.000632557996516503,-0.00166608430375495));
#9946=CARTESIAN_POINT('',(0.00726384014656227,-0.000632557996516289,-0.00166608430375431));
#9947=CARTESIAN_POINT('',(0.00726384014656227,-0.000632557996516291,-0.00166608430375431));
#9948=CARTESIAN_POINT('',(0.00723009492274779,-0.000656316295751288,-0.00172646096980385));
#9949=CARTESIAN_POINT('',(0.00717008337975803,-0.000718739978208669,-0.00186130616068884));
#9950=CARTESIAN_POINT('',(0.00722974119585586,-0.000845829756796951,-0.0019405056093089));
#9951=CARTESIAN_POINT('',(0.00726384014655958,-0.000903533107049833,-0.00197163182168001));
#9952=CARTESIAN_POINT('',(0.00726384014656225,-0.000903533107050198,-0.00197163182167561));
#9953=CARTESIAN_POINT('',(0.00726384014656224,-0.000903533107050171,-0.0019716318216756));
#9954=CARTESIAN_POINT('',(0.00722992827175431,-0.000902372057971603,-0.00203682486927189));
#9955=CARTESIAN_POINT('',(0.00717017811919708,-0.000908485633147879,-0.00218489484394314));
#9956=CARTESIAN_POINT('',(0.00722971807041054,-0.000995525957562368,-0.00230674514010567));
#9957=CARTESIAN_POINT('',(0.00726384014655898,-0.00103695349258132,-0.00235761860508291));
#9958=CARTESIAN_POINT('',(0.00726384014655902,-0.00103695349258127,-0.00235761860508292));
#9959=CARTESIAN_POINT('',(0.00726384014655896,-0.00103695349258111,-0.00235761860508284));
#9960=CARTESIAN_POINT('',(0.00722984990003444,-0.00101087238836768,-0.00241754298152268));
#9961=CARTESIAN_POINT('',(0.00717026844483256,-0.00095999914076949,-0.00255616755929719));
#9962=CARTESIAN_POINT('',(0.00722961778055685,-0.000993646216872675,-0.00270224234185656));
#9963=CARTESIAN_POINT('',(0.00726384014656224,-0.0010125071088781,-0.00276528166516534));
#9964=CARTESIAN_POINT('',(0.00726384014656227,-0.00101250710887814,-0.00276528166516532));
#9965=CARTESIAN_POINT('',(0.00726384014656227,-0.00101250710887813,-0.00276528166516532));
#9966=CARTESIAN_POINT('',(0.00723012493954178,-0.000965859780689246,-0.00281029654441358));
#9967=CARTESIAN_POINT('',(0.00717009820957621,-0.000865090408598849,-0.00291970728676041));
#9968=CARTESIAN_POINT('',(0.00722968142738462,-0.000840602150122506,-0.00306722124491793));
#9969=CARTESIAN_POINT('',(0.00726384014656187,-0.000833915696245053,-0.00313255799651651));
#9970=CARTESIAN_POINT('',(0.00726384014656227,-0.000833915696245695,-0.0031325579965163));
#9971=CARTESIAN_POINT('',(0.00726384014656227,-0.000833915696245693,-0.00313255799651629));
#9972=CARTESIAN_POINT('',(0.0072300949227478,-0.000773539030196148,-0.00315631629575129));
#9973=CARTESIAN_POINT('',(0.00717008337975802,-0.000638693839311161,-0.00321873997820867));
#9974=CARTESIAN_POINT('',(0.00722974119585586,-0.000559494390691097,-0.00334582975679696));
#9975=CARTESIAN_POINT('',(0.00726384014655958,-0.000528368178319985,-0.00340353310704984));
#9976=CARTESIAN_POINT('',(0.00726384014656225,-0.000528368178324394,-0.0034035331070502));
#9977=CARTESIAN_POINT('',(0.00726384014656224,-0.000528368178324402,-0.00340353310705017));
#9978=CARTESIAN_POINT('',(0.00722992827175437,-0.000463175130728216,-0.00340237205797161));
#9979=CARTESIAN_POINT('',(0.00717017811919718,-0.000315105156057294,-0.00340848563314781));
#9980=CARTESIAN_POINT('',(0.00722971807041027,-0.00019325485989485,-0.00349552595756199));
#9981=CARTESIAN_POINT('',(0.0072638401465586,-0.000142381394917663,-0.00353695349258085));
#9982=CARTESIAN_POINT('',(0.00726384014656211,-0.000142381394922829,-0.00353695349258354));
#9983=CARTESIAN_POINT('',(0.00726384014656209,-0.000142381394922857,-0.00353695349258349));
#9984=CARTESIAN_POINT('',(0.00722985723399699,-8.24699481621461E-5,-0.00351087801580098));
#9985=CARTESIAN_POINT('',(0.00717026128933309,5.62392269146085E-5,-0.0034599900987598));
#9986=CARTESIAN_POINT('',(0.00722962436071568,0.000202254462840827,-0.00349364984338012));
#9987=CARTESIAN_POINT('',(0.00726384014656224,0.000265281665165343,-0.0035125071088781));
#9988=CARTESIAN_POINT('',(0.00726384014656227,0.00026528166516532,-0.00351250710887814));
#9989=CARTESIAN_POINT('',(0.00726384014656227,0.000265281665165321,-0.00351250710887813));
#9990=CARTESIAN_POINT('',(0.00723012493954178,0.000310296544413585,-0.00346585978068925));
#9991=CARTESIAN_POINT('',(0.00717009820957622,0.00041970728676041,-0.00336509040859885));
#9992=CARTESIAN_POINT('',(0.00722968142738462,0.000567221244917925,-0.00334060215012251));
#9993=CARTESIAN_POINT('',(0.00726384014656187,0.000632557996516504,-0.00333391569624505));
#9994=CARTESIAN_POINT('',(0.00726384014656227,0.000632557996516291,-0.0033339156962457));
#9995=CARTESIAN_POINT('',(0.00726384014656227,0.00063255799651629,-0.00333391569624569));
#9996=CARTESIAN_POINT('',(0.0072300949227478,0.000656316295751287,-0.00327353903019615));
#9997=CARTESIAN_POINT('',(0.00717008337975803,0.000718739978208666,-0.00313869383931116));
#9998=CARTESIAN_POINT('',(0.00722974119585586,0.000845829756796951,-0.0030594943906911));
#9999=CARTESIAN_POINT('',(0.00726384014655958,0.000903533107049832,-0.00302836817831999));
#10000=CARTESIAN_POINT('',(0.00726384014656225,0.000903533107050199,-0.00302836817832439));
#10001=CARTESIAN_POINT('',(0.00726384014656224,0.000903533107050171,-0.0030283681783244));
#10002=CARTESIAN_POINT('',(0.00722992827175437,0.000902372057971605,-0.00296317513072822));
#10003=CARTESIAN_POINT('',(0.00717017811919718,0.000908485633147804,-0.00281510515605731));
#10004=CARTESIAN_POINT('',(0.00722971807041027,0.000995525957561989,-0.00269325485989485));
#10005=CARTESIAN_POINT('',(0.0072638401465586,0.00103695349258085,-0.00264238139491767));
#10006=CARTESIAN_POINT('',(0.00714142135623731,-4.33680868994202E-19,-0.0025));
#10007=CARTESIAN_POINT('',(0.00714142135623731,0.000922606684423311,-0.00244467392505017));
#10008=CARTESIAN_POINT('',(0.00514142135623731,-4.33680868994202E-19,-0.0025));
#10009=CARTESIAN_POINT('',(0.00685857864376269,-4.33680868994202E-19,-0.0025));
#10010=CARTESIAN_POINT('',(0.00685857864376269,-0.000922606684423312,-0.00255532607494983));
#10011=CARTESIAN_POINT('',(0.00525857864376269,0.0015330449474933,-0.00450541324358731));
#10012=CARTESIAN_POINT('',(0.00549030759952088,0.00109698425961549,-0.00454707825099571));
#10013=CARTESIAN_POINT('',(0.00565714648783173,0.000617596636314197,-0.00459373368685108));
#10014=CARTESIAN_POINT('',(0.00562426406871193,0.000123748371176588,-0.00465502856174565));
#10015=CARTESIAN_POINT('',(0.00525857864376269,0.0015330449474933,-0.00450541324358731));
#10016=CARTESIAN_POINT('',(0.00562426406871193,0.000123748371176588,-0.00465502856174565));
#10017=CARTESIAN_POINT('',(0.00562426406871193,-4.33680868994202E-19,-0.0025));
#10018=CARTESIAN_POINT('',(0.00562426406871193,-0.000134707199558323,-0.00034562869224093));
#10019=CARTESIAN_POINT('',(0.00562426406871193,-0.000134707199558323,-0.00034562869224093));
#10020=CARTESIAN_POINT('',(0.00565736456077557,0.000363215984694563,-0.00034765999367211));
#10021=CARTESIAN_POINT('',(0.00549045984210541,0.000845095140172483,-0.000336859562342426));
#10022=CARTESIAN_POINT('',(0.00525857864376269,0.00128327294719179,-0.000326265970364407));
#10023=CARTESIAN_POINT('',(0.00525857864376269,0.00128327294719179,-0.000326265970364407));
#10024=CARTESIAN_POINT('',(0.00525857864376269,-4.33680868994202E-19,-0.0025));
#10025=CARTESIAN_POINT('',(-0.00185857864376269,-4.33680868994202E-19,-0.0025));
#10026=CARTESIAN_POINT('',(-0.00014142135623731,-4.33680868994202E-19,-0.0025));
#10027=CARTESIAN_POINT('',(-0.00014142135623731,-0.000922606684423312,-0.00255532607494983));
#10028=CARTESIAN_POINT('',(-0.00174142135623731,0.0015330449474933,-0.00450541324358731));
#10029=CARTESIAN_POINT('',(-0.00150969240047912,0.0010969842596155,-0.00454707825099571));
#10030=CARTESIAN_POINT('',(-0.00134285351216827,0.000617596636314199,-0.00459373368685108));
#10031=CARTESIAN_POINT('',(-0.00137573593128807,0.00012374837117659,-0.00465502856174565));
#10032=CARTESIAN_POINT('',(-0.00174142135623731,0.0015330449474933,-0.00450541324358731));
#10033=CARTESIAN_POINT('',(-0.00137573593128807,0.00012374837117659,-0.00465502856174565));
#10034=CARTESIAN_POINT('',(-0.00137573593128807,-4.33680868994202E-19,-0.0025));
#10035=CARTESIAN_POINT('',(-0.00137573593128807,-0.000134707199558322,-0.00034562869224093));
#10036=CARTESIAN_POINT('',(-0.00137573593128807,-0.000134707199558322,-0.00034562869224093));
#10037=CARTESIAN_POINT('',(-0.00134278525646625,0.000360962317952763,-0.00034765079973091));
#10038=CARTESIAN_POINT('',(-0.00150976375398301,0.000845517661896455,-0.000336849347259248));
#10039=CARTESIAN_POINT('',(-0.00174142135623731,0.00128327294719179,-0.000326265970364408));
#10040=CARTESIAN_POINT('',(-0.00174142135623731,0.00128327294719179,-0.000326265970364407));
#10041=CARTESIAN_POINT('',(-0.00174142135623731,-4.33680868994202E-19,-0.0025));
#10042=CARTESIAN_POINT('',(0.00185857864376269,-4.33680868994202E-19,-0.0025));
#10043=CARTESIAN_POINT('',(0.000141421356237309,-4.33680868994202E-19,-0.0025));
#10044=CARTESIAN_POINT('',(0.000141421356237309,0.000922606684423311,-0.00244467392505017));
#10045=CARTESIAN_POINT('',(0.00174142135623731,0.00128327294719179,-0.000326265970364407));
#10046=CARTESIAN_POINT('',(0.00150954010475524,0.000845095039756911,-0.000336859564770119));
#10047=CARTESIAN_POINT('',(0.00134263543644348,0.000363216026527707,-0.00034765999384277));
#10048=CARTESIAN_POINT('',(0.00137573593128807,-0.000134707199558322,-0.00034562869224093));
#10049=CARTESIAN_POINT('',(0.00174142135623731,0.00128327294719179,-0.000326265970364407));
#10050=CARTESIAN_POINT('',(0.00137573593128807,-0.000134707199558322,-0.00034562869224093));
#10051=CARTESIAN_POINT('',(0.00137573593128807,-4.33680868994202E-19,-0.0025));
#10052=CARTESIAN_POINT('',(0.00137573593128807,0.00012374837117659,-0.00465502856174565));
#10053=CARTESIAN_POINT('',(0.00137573593128807,0.00012374837117659,-0.00465502856174565));
#10054=CARTESIAN_POINT('',(0.0013430026015567,0.000615357520768598,-0.00459401159874615));
#10055=CARTESIAN_POINT('',(0.00150991738734371,0.00109740763323584,-0.0045470377982204));
#10056=CARTESIAN_POINT('',(0.00174142135623731,0.0015330449474933,-0.00450541324358731));
#10057=CARTESIAN_POINT('',(0.00174142135623731,0.0015330449474933,-0.00450541324358731));
#10058=CARTESIAN_POINT('',(0.00174142135623731,-4.33680868994202E-19,-0.0025));
#10059=CARTESIAN_POINT('',(-0.00885857864376269,-4.33680868994202E-19,-0.0025));
#10060=CARTESIAN_POINT('',(-0.00842111545126135,0.00216223947391565,-0.00207320725761906));
#10061=CARTESIAN_POINT('',(-0.00819977650177059,0.00193908199569665,-0.00208562985962775));
#10062=CARTESIAN_POINT('',(-0.00797870635956132,0.00171563766239368,-0.00209783164979221));
#10063=CARTESIAN_POINT('',(-0.00775865218057771,0.00149116279495694,-0.00210930827466757));
#10064=CARTESIAN_POINT('',(-0.00775865218057776,0.0014911627949569,-0.00210930827466763));
#10065=CARTESIAN_POINT('',(-0.00842111545126211,0.00216223947391518,-0.00207320725762402));
#10066=CARTESIAN_POINT('',(-0.00842111545126207,0.00209372585726764,-0.00181170963822597));
#10067=CARTESIAN_POINT('',(-0.00819977577735498,0.00189314618254488,-0.00191030833090861));
#10068=CARTESIAN_POINT('',(-0.00797870676213245,0.00169242646202889,-0.00200923929749155));
#10069=CARTESIAN_POINT('',(-0.00775865218057775,0.00149116279495707,-0.00210930827466792));
#10070=CARTESIAN_POINT('',(-0.00842111545126211,0.00209372585726748,-0.00181170963822574));
#10071=CARTESIAN_POINT('',(-0.00842111545126256,0.00183432228277766,-0.00127824169722112));
#10072=CARTESIAN_POINT('',(-0.00846426315197557,0.0019225633719185,-0.00133288987819345));
#10073=CARTESIAN_POINT('',(-0.00856990449575545,0.00212193162992062,-0.00146602656538408));
#10074=CARTESIAN_POINT('',(-0.0084645492414191,0.00210531121933505,-0.00170787310608599));
#10075=CARTESIAN_POINT('',(-0.00842111545126211,0.00209372585726748,-0.00181170963822574));
#10076=CARTESIAN_POINT('',(-0.00842111545126256,0.00183432228277766,-0.00127824169722112));
#10077=CARTESIAN_POINT('',(-0.0084211154512618,0.0018343222827762,-0.00127824169721636));
#10078=CARTESIAN_POINT('',(-0.00819977650177061,0.00163290558009804,-0.0013751173546757));
#10079=CARTESIAN_POINT('',(-0.00797870635956087,0.00143113935684448,-0.00147189878327975));
#10080=CARTESIAN_POINT('',(-0.00775865218057774,0.00122814353545621,-0.00156840461485459));
#10081=CARTESIAN_POINT('',(-0.00775865218057776,0.00122814353545635,-0.0015684046148549));
#10082=CARTESIAN_POINT('',(-0.00842111545126282,0.00167095314811666,-0.00106286842484289));
#10083=CARTESIAN_POINT('',(-0.00819977650177302,0.00152337426115397,-0.00123071970797217));
#10084=CARTESIAN_POINT('',(-0.00797870635956502,0.001375791908335,-0.00139893297410852));
#10085=CARTESIAN_POINT('',(-0.00775865218057772,0.00122814353545642,-0.00156840461485491));
#10086=CARTESIAN_POINT('',(-0.00842111545126357,0.00167095314811247,-0.0010628684248402));
#10087=CARTESIAN_POINT('',(-0.00842111545127216,0.00122714615226626,-0.000669277763142471));
#10088=CARTESIAN_POINT('',(-0.00846412237640361,0.00132924902617353,-0.000685943144976634));
#10089=CARTESIAN_POINT('',(-0.0085700148665338,0.0015650727493297,-0.000732824256084186));
#10090=CARTESIAN_POINT('',(-0.00846447107174668,0.00164197235850216,-0.000962683084937816));
#10091=CARTESIAN_POINT('',(-0.00842111545126356,0.00167095314811247,-0.00106286842484019));
#10092=CARTESIAN_POINT('',(-0.00842111545127217,0.00122714615226626,-0.00066927776314247));
#10093=CARTESIAN_POINT('',(-0.00842111545127213,0.00122714615226584,-0.000669277763142045));
#10094=CARTESIAN_POINT('',(-0.00819977586610076,0.00107813366430573,-0.000835858513798361));
#10095=CARTESIAN_POINT('',(-0.0079787068422389,0.000928763387887879,-0.0010024846412905));
#10096=CARTESIAN_POINT('',(-0.00775865218057775,0.000778150555831123,-0.0011693279074968));
#10097=CARTESIAN_POINT('',(-0.00775865218057776,0.000778150555831364,-0.00116932790749704));
#10098=CARTESIAN_POINT('',(-0.00842111545126181,0.00099379296938859,-0.000532817466145073));
#10099=CARTESIAN_POINT('',(-0.00819977650177116,0.000921681761447482,-0.000744367826142291));
#10100=CARTESIAN_POINT('',(-0.00797870635956207,0.000849705876372226,-0.000956253941156883));
#10101=CARTESIAN_POINT('',(-0.00775865218057772,0.000778150555831437,-0.00116932790749702));
#10102=CARTESIAN_POINT('',(-0.00842111545126257,0.000993792969383689,-0.0005328174661442));
#10103=CARTESIAN_POINT('',(-0.00851576319288378,0.000779298984868707,-0.00033752868219456));
#10104=CARTESIAN_POINT('',(-0.00850640194378848,0.000871775644245494,-0.000380805459304995));
#10105=CARTESIAN_POINT('',(-0.00846056885120288,0.000934539526257602,-0.000458681337154543));
#10106=CARTESIAN_POINT('',(-0.00842111545126256,0.000993792969383685,-0.000532817466144198));
#10107=CARTESIAN_POINT('',(-0.00851576319288352,0.000779298984868532,-0.000337528682194798));
#10108=CARTESIAN_POINT('',(-0.00851576319288354,0.000779298984868525,-0.000337528682194771));
#10109=CARTESIAN_POINT('',(-0.00857776948477697,0.000952809756567067,-0.000334147707655601));
#10110=CARTESIAN_POINT('',(-0.00865499689893369,0.00111995966674994,-0.000330214308755531));
#10111=CARTESIAN_POINT('',(-0.00874142135623731,0.00128327294719179,-0.000326265970364408));
#10112=CARTESIAN_POINT('',(-0.00874142135623731,0.00128327294719179,-0.000326265970364408));
#10113=CARTESIAN_POINT('',(-0.00874142135623731,-4.33680868994202E-19,-0.0025));
#10114=CARTESIAN_POINT('',(-0.00874142135623731,0.0015330449474933,-0.00450541324358731));
#10115=CARTESIAN_POINT('',(-0.00874142135623731,0.0015330449474933,-0.00450541324358731));
#10116=CARTESIAN_POINT('',(-0.00865491227622402,0.00137025472209897,-0.00452096762887271));
#10117=CARTESIAN_POINT('',(-0.00857749988823204,0.0012031843427157,-0.00453704346742026));
#10118=CARTESIAN_POINT('',(-0.00851583504972278,0.00103146516426183,-0.00455426363189712));
#10119=CARTESIAN_POINT('',(-0.00851583504972278,0.00103146516426183,-0.00455426363189712));
#10120=CARTESIAN_POINT('',(-0.00842111545126257,0.00122175830277888,-0.00433432228277767));
#10121=CARTESIAN_POINT('',(-0.0084606499855502,0.00117168633257639,-0.00441517410817205));
#10122=CARTESIAN_POINT('',(-0.00850666799834987,0.00111866788821663,-0.0045002205833808));
#10123=CARTESIAN_POINT('',(-0.00851583504972278,0.00103146516426184,-0.00455426363189712));
#10124=CARTESIAN_POINT('',(-0.00842111545126257,0.00122175830277888,-0.00433432228277766));
#10125=CARTESIAN_POINT('',(-0.00842111545126181,0.00122175830278364,-0.00433432228277621));
#10126=CARTESIAN_POINT('',(-0.00819977650177062,0.00112488264532431,-0.00413290558009804));
#10127=CARTESIAN_POINT('',(-0.00797870635956087,0.00102810121672025,-0.00393113935684449));
#10128=CARTESIAN_POINT('',(-0.00775865218057774,0.000931595385145414,-0.00372814353545621));
#10129=CARTESIAN_POINT('',(-0.00775865218057776,0.000931595385145096,-0.00372814353545634));
#10130=CARTESIAN_POINT('',(-0.00842111545126282,0.00143713157515711,-0.00417095314811667));
#10131=CARTESIAN_POINT('',(-0.00819977650177302,0.00126928029202782,-0.00402337426115397));
#10132=CARTESIAN_POINT('',(-0.00797870635956502,0.00110106702589148,-0.00387579190833501));
#10133=CARTESIAN_POINT('',(-0.00775865218057771,0.000931595385145088,-0.00372814353545642));
#10134=CARTESIAN_POINT('',(-0.00842111545126357,0.0014371315751598,-0.00417095314811248));
#10135=CARTESIAN_POINT('',(-0.00842111545127217,0.00183072223685753,-0.00372714615226627));
#10136=CARTESIAN_POINT('',(-0.00846412237640362,0.00181405685502337,-0.00382924902617354));
#10137=CARTESIAN_POINT('',(-0.0085700148665338,0.00176717574391581,-0.00406507274932971));
#10138=CARTESIAN_POINT('',(-0.00846447107174668,0.00153731691506218,-0.00414197235850217));
#10139=CARTESIAN_POINT('',(-0.00842111545126357,0.0014371315751598,-0.00417095314811248));
#10140=CARTESIAN_POINT('',(-0.00842111545127217,0.00183072223685753,-0.00372714615226627));
#10141=CARTESIAN_POINT('',(-0.00842111545127214,0.00183072223685796,-0.00372714615226584));
#10142=CARTESIAN_POINT('',(-0.00819977586610077,0.00166414148620164,-0.00357813366430573));
#10143=CARTESIAN_POINT('',(-0.0079787068422389,0.0014975153587095,-0.00342876338788789));
#10144=CARTESIAN_POINT('',(-0.00775865218057775,0.0013306720925032,-0.00327815055583113));
#10145=CARTESIAN_POINT('',(-0.00775865218057776,0.00133067209250296,-0.00327815055583136));
#10146=CARTESIAN_POINT('',(-0.00842111545126181,0.00196718253385492,-0.00349379296938859));
#10147=CARTESIAN_POINT('',(-0.00819977650177116,0.00175563217385771,-0.00342168176144749));
#10148=CARTESIAN_POINT('',(-0.00797870635956207,0.00154374605884311,-0.00334970587637223));
#10149=CARTESIAN_POINT('',(-0.00775865218057772,0.00133067209250298,-0.00327815055583144));
#10150=CARTESIAN_POINT('',(-0.00842111545126257,0.0019671825338558,-0.00349379296938369));
#10151=CARTESIAN_POINT('',(-0.00842111545126211,0.00216097530589916,-0.00293314814416761));
#10152=CARTESIAN_POINT('',(-0.00846435437768171,0.00218477930085437,-0.00303439973714863));
#10153=CARTESIAN_POINT('',(-0.00856989155779102,0.00223128830864432,-0.00327004199065774));
#10154=CARTESIAN_POINT('',(-0.00846448905327578,0.00204868503955777,-0.00342865193555768));
#10155=CARTESIAN_POINT('',(-0.00842111545126257,0.0019671825338558,-0.00349379296938369));
#10156=CARTESIAN_POINT('',(-0.00842111545126211,0.00216097530589915,-0.00293314814416761));
#10157=CARTESIAN_POINT('',(-0.00842111545126206,0.00216097530589933,-0.00293314814416729));
#10158=CARTESIAN_POINT('',(-0.00819977581066584,0.00195005009668274,-0.00285922623136894));
#10159=CARTESIAN_POINT('',(-0.00797870679219852,0.00173894610250622,-0.00278499115000187));
#10160=CARTESIAN_POINT('',(-0.00775865218057775,0.00152716603634993,-0.0027096912080331));
#10161=CARTESIAN_POINT('',(-0.00775865218057776,0.0015271660363498,-0.00270969120803341));
#10162=CARTESIAN_POINT('',(-0.00842111545126209,0.00219774778432669,-0.0026653368198228));
#10163=CARTESIAN_POINT('',(-0.0081997757165164,0.00197470418076312,-0.00267967161947922));
#10164=CARTESIAN_POINT('',(-0.00797870670720909,0.0017514041026873,-0.00269425980295783));
#10165=CARTESIAN_POINT('',(-0.00775865218057772,0.00152716603634985,-0.00270969120803347));
#10166=CARTESIAN_POINT('',(-0.00842111545126211,0.00219774778432666,-0.00266533681982264));
#10167=CARTESIAN_POINT('',(-0.00842111545126211,0.00216223947391518,-0.00207320725762402));
#10168=CARTESIAN_POINT('',(-0.00846438846236824,0.00222302668480974,-0.00215770869644377));
#10169=CARTESIAN_POINT('',(-0.00856988394744697,0.00235614318450526,-0.00235803584999455));
#10170=CARTESIAN_POINT('',(-0.00846447190526166,0.00224809797265867,-0.00257400081783396));
#10171=CARTESIAN_POINT('',(-0.00842111545126211,0.00219774778432666,-0.00266533681982264));
#10172=CARTESIAN_POINT('',(-0.00514142135623731,-4.33680868994202E-19,-0.0025));
#10173=CARTESIAN_POINT('',(-0.00685857864376269,-4.33680868994202E-19,-0.0025));
#10174=CARTESIAN_POINT('',(-0.00685857864376269,0.000922606684423311,-0.00244467392505017));
#10175=CARTESIAN_POINT('',(-0.00525857864376269,0.00128327294719179,-0.000326265970364407));
#10176=CARTESIAN_POINT('',(-0.00549045989524476,0.00084509503975691,-0.00033685956477012));
#10177=CARTESIAN_POINT('',(-0.00565736456355652,0.000363216026527701,-0.000347659993842771));
#10178=CARTESIAN_POINT('',(-0.00562426406871193,-0.00013470719955833,-0.00034562869224093));
#10179=CARTESIAN_POINT('',(-0.00525857864376269,0.00128327294719179,-0.000326265970364407));
#10180=CARTESIAN_POINT('',(-0.00562426406871193,-0.00013470719955833,-0.00034562869224093));
#10181=CARTESIAN_POINT('',(-0.00562426406871193,-4.33680868994202E-19,-0.0025));
#10182=CARTESIAN_POINT('',(-0.00562426406871193,0.000123748371176575,-0.00465502856174565));
#10183=CARTESIAN_POINT('',(-0.00562426406871193,0.000123748371176575,-0.00465502856174565));
#10184=CARTESIAN_POINT('',(-0.00565714628935844,0.000617593655520969,-0.00459373405681765));
#10185=CARTESIAN_POINT('',(-0.0054903037923405,0.00109699142385482,-0.00454707756646236));
#10186=CARTESIAN_POINT('',(-0.00525857864376269,0.0015330449474933,-0.00450541324358731));
#10187=CARTESIAN_POINT('',(-0.00525857864376269,0.0015330449474933,-0.00450541324358731));
#10188=CARTESIAN_POINT('',(-0.00525857864376269,-4.33680868994202E-19,-0.0025));
#10189=CARTESIAN_POINT('',(0.0016,-4.33680868994202E-19,-0.0025));
#10190=CARTESIAN_POINT('',(0.0016,0.0013551680404445,-0.000204482984827906));
#10191=CARTESIAN_POINT('',(0.0016,0.00161893346380764,-0.00461776609297406));
#10192=CARTESIAN_POINT('',(0.0016,0.0013551680404445,-0.000204482984827905));
#10193=CARTESIAN_POINT('',(0.0016,0.00135516804044451,-0.000204482984827905));
#10194=CARTESIAN_POINT('',(0.0016,0.0013551680404445,-0.000204482984827905));
#10195=CARTESIAN_POINT('',(0.0016,0.00161893346380764,-0.00461776609297406));
#10196=CARTESIAN_POINT('',(0.0016,0.00161893346380764,-0.00461776609297406));
#10197=CARTESIAN_POINT('',(0.0016,0.00161893346380764,-0.00461776609297406));
#10198=CARTESIAN_POINT('',(0.0016,0.0125383050388597,-0.00020448299347523));
#10199=CARTESIAN_POINT('',(0.0016,0.00177217426754136,-0.000204482985150353));
#10200=CARTESIAN_POINT('',(0.00137573593128807,-0.000134707199558315,-0.00034562869224093));
#10201=CARTESIAN_POINT('',(0.00171489586416085,-0.00011354175069867,-4.48298369222998E-6));
#10202=CARTESIAN_POINT('',(0.00123431457505076,-0.000143532671160979,-4.48298366903968E-6));
#10203=CARTESIAN_POINT('',(0.00134319627839443,0.000354779191656881,-0.000347625589810844));
#10204=CARTESIAN_POINT('',(0.00169838185445324,0.000307515185200626,-4.48298401798612E-6));
#10205=CARTESIAN_POINT('',(0.00120177491005444,0.000377889856892826,-4.48298407222796E-6));
#10206=CARTESIAN_POINT('',(0.00150598122134867,0.000838369967122302,-0.000337022168713354));
#10207=CARTESIAN_POINT('',(0.00176218846603344,0.000696896183873293,-4.48298431893223E-6));
#10208=CARTESIAN_POINT('',(0.00136455984954883,0.000892045188734845,-4.48298446979687E-6));
#10209=CARTESIAN_POINT('',(0.00174142135623646,0.00128327294719249,-0.000326265970364391));
#10210=CARTESIAN_POINT('',(0.00196161277007949,0.0011713331200195,-4.48298468575545E-6));
#10211=CARTESIAN_POINT('',(0.00159999999999915,0.00135516804059988,-4.48298482790511E-6));
#10212=CARTESIAN_POINT('',(0.00123431457505076,-0.000143532671315636,-0.000204482983669039));
#10213=CARTESIAN_POINT('',(0.00123431457505076,-4.33680868994202E-19,-0.0025));
#10214=CARTESIAN_POINT('',(0.00123431457505076,0.000131855864750901,-0.0047962173309447));
#10215=CARTESIAN_POINT('',(0.00123431457505076,-0.000143532671315629,-0.000204482983669039));
#10216=CARTESIAN_POINT('',(0.00174142135623731,0.0015330449474933,-0.00450541324358731));
#10217=CARTESIAN_POINT('',(0.00196162596664223,0.00146024296946956,-0.0048382440416889));
#10218=CARTESIAN_POINT('',(0.0016,0.0016427627614778,-0.00481634143024571));
#10219=CARTESIAN_POINT('',(0.00150712712099434,0.00109215701344004,-0.00454753947390471));
#10220=CARTESIAN_POINT('',(0.00176324781631644,0.000991618217049232,-0.0048944796189479));
#10221=CARTESIAN_POINT('',(0.00136570575097649,0.00118514608640422,-0.00487125602396609));
#10222=CARTESIAN_POINT('',(0.00134356380891546,0.000606928900818571,-0.00459505772790167));
#10223=CARTESIAN_POINT('',(0.00169860078464706,0.000601017477058227,-0.00494135221365881));
#10224=CARTESIAN_POINT('',(0.00120214244956661,0.000670642572352749,-0.00493299711204446));
#10225=CARTESIAN_POINT('',(0.00137573593128807,0.000123748371176591,-0.00465502856174565));
#10226=CARTESIAN_POINT('',(0.00171492287864131,0.00018528506241192,-0.00499124064187923));
#10227=CARTESIAN_POINT('',(0.00123431457505076,0.00015568516242107,-0.00499479266821634));
#10228=CARTESIAN_POINT('',(0.00123431457505076,0.000131855864750896,-0.0047962173309447));
#10229=CARTESIAN_POINT('',(0.0016,0.0017672417993079,-0.00459996890062299));
#10230=CARTESIAN_POINT('',(0.0016,0.00614607123881421,-0.00407450369636073));
#10231=CARTESIAN_POINT('',(0.005002,0.00177217426754136,-0.000204482985150353));
#10232=CARTESIAN_POINT('',(0.0054,0.00177217426754136,-0.000204482985150353));
#10233=CARTESIAN_POINT('',(0.00123431457505076,-0.000143532671315635,-0.000204482983669039));
#10234=CARTESIAN_POINT('',(0.00123431457505076,-0.000143532671315629,-0.00020448298366904));
#10235=CARTESIAN_POINT('',(0.00123431457505076,0.000131855864750893,-0.0047962173309447));
#10236=CARTESIAN_POINT('',(0.00123431457505076,0.000131855864750896,-0.0047962173309447));
#10237=CARTESIAN_POINT('',(0.011,0.00614607123881421,-0.00407450369636073));
#10238=CARTESIAN_POINT('',(0.0054,0.00614607123881421,-0.00407450369636073));
#10239=CARTESIAN_POINT('',(0.0054,0.00168642415194992,-0.000204482985084047));
#10240=CARTESIAN_POINT('',(0.0054,0.0013551680404445,-0.000204482984827906));
#10241=CARTESIAN_POINT('',(0.011,-0.000143532671315629,-0.000204482983669039));
#10242=CARTESIAN_POINT('',(-0.00123431457505076,-0.000143532671315629,-0.000204482983669039));
#10243=CARTESIAN_POINT('',(-0.00123431457505076,-4.33680868994202E-19,-0.0025));
#10244=CARTESIAN_POINT('',(-0.00123431457505076,0.000131855864750896,-0.0047962173309447));
#10245=CARTESIAN_POINT('',(-0.00123431457505076,-0.000143532671315636,-0.000204482983669039));
#10246=CARTESIAN_POINT('',(0.011,0.000131855864750896,-0.0047962173309447));
#10247=CARTESIAN_POINT('',(-0.00123431457505076,0.000131855864750896,-0.0047962173309447));
#10248=CARTESIAN_POINT('',(0.0054,0.0126519115675329,-0.00329379443045857));
#10249=CARTESIAN_POINT('',(0.0054,0.00161893346380763,-0.00461776609297406));
#10250=CARTESIAN_POINT('',(0.0054,-4.33680868994202E-19,-0.0025));
#10251=CARTESIAN_POINT('',(0.0054,0.0013551680404445,-0.000204482984827905));
#10252=CARTESIAN_POINT('',(0.0054,0.00161893346380763,-0.00461776609297406));
#10253=CARTESIAN_POINT('',(0.0054,0.0013551680404445,-0.000204482984827905));
#10254=CARTESIAN_POINT('',(0.0054,0.0013551680404445,-0.000204482984827905));
#10255=CARTESIAN_POINT('',(-0.00123431457505076,-0.000143532671315635,-0.000204482983669039));
#10256=CARTESIAN_POINT('',(-0.00123431457505076,-0.000143532671315629,-0.00020448298366904));
#10257=CARTESIAN_POINT('',(-0.00123431457505076,0.000131855864750893,-0.0047962173309447));
#10258=CARTESIAN_POINT('',(-0.00123431457505076,0.000131855864750901,-0.0047962173309447));
#10259=CARTESIAN_POINT('',(0.0054,0.00161893346380764,-0.00461776609297406));
#10260=CARTESIAN_POINT('',(0.0054,0.00161893346380764,-0.00461776609297406));
#10261=CARTESIAN_POINT('',(0.00576568542494924,-0.000143532671160979,-4.48298366903968E-6));
#10262=CARTESIAN_POINT('',(0.00528510413583915,-0.00011354175069867,-4.48298369223004E-6));
#10263=CARTESIAN_POINT('',(0.00562426406871193,-0.000134707199558316,-0.00034562869224093));
#10264=CARTESIAN_POINT('',(0.00579822502185569,0.000377888765822094,-4.48298407222712E-6));
#10265=CARTESIAN_POINT('',(0.00530161811039608,0.000307514288937179,-4.48298401848936E-6));
#10266=CARTESIAN_POINT('',(0.00565680365351621,0.000354778167412114,-0.000347625585631851));
#10267=CARTESIAN_POINT('',(0.0056354404711452,0.00089204455791647,-4.48298446979644E-6));
#10268=CARTESIAN_POINT('',(0.00523781182566135,0.000696895489928955,-4.48298431891746E-6));
#10269=CARTESIAN_POINT('',(0.00549401909934448,0.000838369361120721,-0.00033702218336499));
#10270=CARTESIAN_POINT('',(0.00540000000000085,0.00135516804059988,-4.48298482790517E-6));
#10271=CARTESIAN_POINT('',(0.00503838722992051,0.0011713331200195,-4.48298468575561E-6));
#10272=CARTESIAN_POINT('',(0.00525857864376354,0.00128327294719249,-0.000326265970364391));
#10273=CARTESIAN_POINT('',(0.00576568542494924,-0.000143532671315629,-0.00020448298366904));
#10274=CARTESIAN_POINT('',(-0.00174142135623731,0.00128327294719179,-0.000326265970364408));
#10275=CARTESIAN_POINT('',(-0.00196161277008041,0.00117133312001881,-4.48298468575545E-6));
#10276=CARTESIAN_POINT('',(-0.0016,0.00135516804059915,-4.48298482790514E-6));
#10277=CARTESIAN_POINT('',(-0.00150696530619199,0.000840229555341024,-0.000336977208864565));
#10278=CARTESIAN_POINT('',(-0.00176308328734993,0.000699024983393985,-4.48298432030738E-6));
#10279=CARTESIAN_POINT('',(-0.00136554393616886,0.000893980930373077,-4.48298447129371E-6));
#10280=CARTESIAN_POINT('',(-0.00134335037056733,0.000352461369595089,-0.000347616124054169));
#10281=CARTESIAN_POINT('',(-0.00169846140486884,0.000305487140864134,-4.48298401624479E-6));
#10282=CARTESIAN_POINT('',(-0.00120192901117389,0.000375420811258554,-4.48298407031878E-6));
#10283=CARTESIAN_POINT('',(-0.00137573593128807,-0.000134707199558322,-0.00034562869224093));
#10284=CARTESIAN_POINT('',(-0.00171489586416085,-0.000113541750698675,-4.48298369223009E-6));
#10285=CARTESIAN_POINT('',(-0.00123431457505076,-0.000143532671160986,-4.48298366903968E-6));
#10286=CARTESIAN_POINT('',(-0.0016,0.0013551680404445,-0.000204482984827905));
#10287=CARTESIAN_POINT('',(-0.0016,-4.33680868994202E-19,-0.0025));
#10288=CARTESIAN_POINT('',(-0.0016,0.00161893346380763,-0.00461776609297406));
#10289=CARTESIAN_POINT('',(-0.0016,0.0013551680404445,-0.000204482984827905));
#10290=CARTESIAN_POINT('',(-0.00137573593128807,0.000123748371176586,-0.00465502856174565));
#10291=CARTESIAN_POINT('',(-0.00171492287864131,0.000185285062411916,-0.00499124064187923));
#10292=CARTESIAN_POINT('',(-0.00123431457505076,0.000155685162421065,-0.00499479266821634));
#10293=CARTESIAN_POINT('',(-0.00134340827482702,0.000609264653751194,-0.00459476781147381));
#10294=CARTESIAN_POINT('',(-0.00169852051872093,0.000603061642190496,-0.00494110691119495));
#10295=CARTESIAN_POINT('',(-0.00120198690649683,0.000673131939022335,-0.00493269838481985));
#10296=CARTESIAN_POINT('',(-0.00150614394606639,0.00109030690631557,-0.00454771624756476));
#10297=CARTESIAN_POINT('',(-0.00176235392856016,0.000989506613340983,-0.00489473301412912));
#10298=CARTESIAN_POINT('',(-0.00136472257428627,0.00118322578158627,-0.00487148646303145));
#10299=CARTESIAN_POINT('',(-0.00174142135623645,0.00153304494749401,-0.00450541324358725));
#10300=CARTESIAN_POINT('',(-0.00196162596664129,0.00146024296947027,-0.00483824404168881));
#10301=CARTESIAN_POINT('',(-0.00159999999999914,0.00164276276147854,-0.00481634143024562));
#10302=CARTESIAN_POINT('',(-0.0016,0.00161893346380763,-0.00461776609297406));
#10303=CARTESIAN_POINT('',(0.00562426406871193,0.000123748371176586,-0.00465502856174565));
#10304=CARTESIAN_POINT('',(0.00528507712135869,0.000185285062411916,-0.00499124064187923));
#10305=CARTESIAN_POINT('',(0.00576568542494924,0.000155685162421065,-0.00499479266821634));
#10306=CARTESIAN_POINT('',(0.00565659172517317,0.000609264653751494,-0.0045947678114736));
#10307=CARTESIAN_POINT('',(0.00530147948127853,0.000603061642193166,-0.00494110691119525));
#10308=CARTESIAN_POINT('',(0.00579801309350357,0.000673131939022726,-0.0049326983848198));
#10309=CARTESIAN_POINT('',(0.00549385605393339,0.00109030690631563,-0.00454771624756499));
#10310=CARTESIAN_POINT('',(0.00523764607143871,0.000989506613347001,-0.00489473301412619));
#10311=CARTESIAN_POINT('',(0.00563527742571323,0.00118322578158616,-0.00487148646303147));
#10312=CARTESIAN_POINT('',(0.00525857864376355,0.00153304494749401,-0.00450541324358725));
#10313=CARTESIAN_POINT('',(0.00503837403335871,0.00146024296947027,-0.00483824404168881));
#10314=CARTESIAN_POINT('',(0.00540000000000086,0.00164276276147854,-0.00481634143024562));
#10315=CARTESIAN_POINT('',(0.00576568542494924,0.000131855864750899,-0.0047962173309447));
#10316=CARTESIAN_POINT('',(0.00576568542494924,-4.33680868994202E-19,-0.0025));
#10317=CARTESIAN_POINT('',(0.00576568542494924,-0.000143532671315637,-0.00020448298366904));
#10318=CARTESIAN_POINT('',(0.00576568542494924,0.000131855864750896,-0.0047962173309447));
#10319=CARTESIAN_POINT('',(0.00576568542494924,-0.000143532671315635,-0.000204482983669039));
#10320=CARTESIAN_POINT('',(0.00576568542494924,-0.000143532671315629,-0.000204482983669039));
#10321=CARTESIAN_POINT('',(-0.0016,0.0013551680404445,-0.000204482984827905));
#10322=CARTESIAN_POINT('',(-0.0016,0.0013551680404445,-0.000204482984827905));
#10323=CARTESIAN_POINT('',(-0.0016,0.00161893346380763,-0.00461776609297406));
#10324=CARTESIAN_POINT('',(-0.0016,0.00161893346380763,-0.00461776609297406));
#10325=CARTESIAN_POINT('',(0.00576568542494924,0.000131855864750893,-0.0047962173309447));
#10326=CARTESIAN_POINT('',(0.00576568542494924,0.000131855864750896,-0.0047962173309447));
#10327=CARTESIAN_POINT('',(0.011,-0.000143532671315629,-0.000204482983669039));
#10328=CARTESIAN_POINT('',(0.00823431457505076,-0.000143532671315629,-0.00020448298366904));
#10329=CARTESIAN_POINT('',(-0.0016,0.00168642415194992,-0.000204482985084047));
#10330=CARTESIAN_POINT('',(-0.0016,0.00177217426754136,-0.000204482985150353));
#10331=CARTESIAN_POINT('',(-0.0016,0.0126519115675329,-0.00329379443045857));
#10332=CARTESIAN_POINT('',(-0.0016,0.00614607123881421,-0.00407450369636073));
#10333=CARTESIAN_POINT('',(0.011,0.000131855864750896,-0.0047962173309447));
#10334=CARTESIAN_POINT('',(0.00823431457505076,0.000131855864750896,-0.0047962173309447));
#10335=CARTESIAN_POINT('',(0.00823431457505076,-4.33680868994202E-19,-0.0025));
#10336=CARTESIAN_POINT('',(0.00837573593128724,-0.00215200915656745,-0.00233171942663455));
#10337=CARTESIAN_POINT('',(0.00842937443347765,-0.00220608394302034,-0.00233520473845957));
#10338=CARTESIAN_POINT('',(0.00844373166318094,-0.00236799378025123,-0.00240975211480986));
#10339=CARTESIAN_POINT('',(0.00838801383369346,-0.00241888799188489,-0.00264591184732106));
#10340=CARTESIAN_POINT('',(0.00844381760140859,-0.0023398623367963,-0.00287251654949505));
#10341=CARTESIAN_POINT('',(0.00842933077584707,-0.00217053657516616,-0.00292724883039874));
#10342=CARTESIAN_POINT('',(0.00837573593128807,-0.00211647683300135,-0.00292424942743267));
#10343=CARTESIAN_POINT('',(0.00837573593128807,-0.00192379902611782,-0.00152099077204733));
#10344=CARTESIAN_POINT('',(0.0084293703778619,-0.00197508750741318,-0.00150351857659826));
#10345=CARTESIAN_POINT('',(0.00844373433334839,-0.00215320124297721,-0.00151042344170874));
#10346=CARTESIAN_POINT('',(0.00838801119737255,-0.00229061193552247,-0.00170915434643194));
#10347=CARTESIAN_POINT('',(0.0084438255522807,-0.00230429116493538,-0.00194876260492864));
#10348=CARTESIAN_POINT('',(0.00842932392435666,-0.00216880883365854,-0.00206410035347977));
#10349=CARTESIAN_POINT('',(0.00837573593128807,-0.00211772285411311,-0.00208201474371052));
#10350=CARTESIAN_POINT('',(0.00837573593128807,-0.00140270793322537,-0.000859307397659454));
#10351=CARTESIAN_POINT('',(0.00842972675034193,-0.00144367640865709,-0.000823300272751093));
#10352=CARTESIAN_POINT('',(0.00844356955100783,-0.00161033592840735,-0.000761902140708956));
#10353=CARTESIAN_POINT('',(0.00838811765093359,-0.00181357389716996,-0.000892556775126546));
#10354=CARTESIAN_POINT('',(0.00844356394998005,-0.00191778332328697,-0.0011090113535888));
#10355=CARTESIAN_POINT('',(0.00842983509023223,-0.00183729133088745,-0.00126696967383723));
#10356=CARTESIAN_POINT('',(0.00837573593128807,-0.00179656476789164,-0.00130341452621268));
#10357=CARTESIAN_POINT('',(0.00837573593128807,-0.000668067273078444,-0.000447404599062468));
#10358=CARTESIAN_POINT('',(0.00842976561220219,-0.000692155204554482,-0.000398425167164045));
#10359=CARTESIAN_POINT('',(0.00844355453587784,-0.000822605175970958,-0.000277976750469509));
#10360=CARTESIAN_POINT('',(0.00838811463223145,-0.00106036771438361,-0.000320885618895847));
#10361=CARTESIAN_POINT('',(0.00844359100690873,-0.00123950861903396,-0.000480970015315573));
#10362=CARTESIAN_POINT('',(0.00842977449395883,-0.00122554905500994,-0.000657782737440544));
#10363=CARTESIAN_POINT('',(0.00837573593128807,-0.00120189598165887,-0.000706983600024624));
#10364=CARTESIAN_POINT('',(0.00840662577025145,-0.000149868860147504,-0.000103148366091288));
#10365=CARTESIAN_POINT('',(0.00840724715901635,-0.000225138539902486,-0.000108911402750485));
#10366=CARTESIAN_POINT('',(0.00844423816342183,-0.000375251256940712,-0.00016413162923646));
#10367=CARTESIAN_POINT('',(0.00842931184152794,-0.000427247770751056,-0.000329482523394877));
#10368=CARTESIAN_POINT('',(0.00837573593128807,-0.000424249427432665,-0.000383523166998648));
#10369=CARTESIAN_POINT('',(0.00840662576816042,-0.000149868859967749,-0.000103148362524582));
#10370=CARTESIAN_POINT('',(0.00823431457505076,-0.000143532671315629,-0.000204482983669039));
#10371=CARTESIAN_POINT('',(0.00823431457505076,0.000131855864750894,-0.0047962173309447));
#10372=CARTESIAN_POINT('',(0.00840662546811515,0.000137676614941856,-0.00489758337554824));
#10373=CARTESIAN_POINT('',(0.00837573593128769,-0.000168280573357424,-0.00465200915656611));
#10374=CARTESIAN_POINT('',(0.00842872565396278,-0.000164837417797797,-0.00470542988646733));
#10375=CARTESIAN_POINT('',(0.00844436671026732,-9.24781006912497E-5,-0.00486526202677065));
#10376=CARTESIAN_POINT('',(0.0084072387849053,6.27867187446385E-5,-0.00490084121417343));
#10377=CARTESIAN_POINT('',(0.00840662546737585,0.0001376766148733,-0.00489758337681213));
#10378=CARTESIAN_POINT('',(0.00837573593128807,-0.000979009227952673,-0.00442379902611783));
#10379=CARTESIAN_POINT('',(0.0084293703778619,-0.000996481423401742,-0.00447508750741318));
#10380=CARTESIAN_POINT('',(0.00844373433334839,-0.000989576558291263,-0.00465320124297722));
#10381=CARTESIAN_POINT('',(0.00838801119737255,-0.000790845653568053,-0.00479061193552247));
#10382=CARTESIAN_POINT('',(0.00844382555228071,-0.000551237395071354,-0.00480429116493539));
#10383=CARTESIAN_POINT('',(0.00842932392435666,-0.000435899646520224,-0.00466880883365854));
#10384=CARTESIAN_POINT('',(0.00837573593128807,-0.00041798525628948,-0.00461772285411311));
#10385=CARTESIAN_POINT('',(0.00837573593128807,-0.00164069260234054,-0.00390270793322538));
#10386=CARTESIAN_POINT('',(0.00842982971531777,-0.00167676839582647,-0.00394375453894215));
#10387=CARTESIAN_POINT('',(0.0084435419284843,-0.00173803075338448,-0.00411032612156165));
#10388=CARTESIAN_POINT('',(0.00838806288847317,-0.00160757803539308,-0.00431346459788509));
#10389=CARTESIAN_POINT('',(0.00844381040152075,-0.0013908186061671,-0.00441796300528222));
#10390=CARTESIAN_POINT('',(0.00842936667287784,-0.0012327147685447,-0.00433693870011039));
#10391=CARTESIAN_POINT('',(0.00837573593128759,-0.00119658547377902,-0.00429656476789909));
#10392=CARTESIAN_POINT('',(0.00837573593128806,-0.00205259540093759,-0.0031680672730783));
#10393=CARTESIAN_POINT('',(0.00842958958110547,-0.00210141525567459,-0.00319207672500526));
#10394=CARTESIAN_POINT('',(0.00844361813071631,-0.00222210820480793,-0.00332266242109259));
#10395=CARTESIAN_POINT('',(0.00838813795419582,-0.00217910101885512,-0.00356043920803304));
#10396=CARTESIAN_POINT('',(0.00844343430575215,-0.00201886868170967,-0.00373943149573423));
#10397=CARTESIAN_POINT('',(0.00843013186398013,-0.00184254263970574,-0.00372570547847695));
#10398=CARTESIAN_POINT('',(0.00837573593128807,-0.0017930163999754,-0.00370189598165883));
#10399=CARTESIAN_POINT('',(0.00823431457505076,-0.000143532671315635,-0.000204482983669039));
#10400=CARTESIAN_POINT('',(0.00840617114197506,-0.000132807874524428,-0.000102746563745889));
#10401=CARTESIAN_POINT('',(0.00840642764048595,-0.000138499152456002,-0.000102579889453545));
#10402=CARTESIAN_POINT('',(0.00840657885681012,-0.000144186169445729,-0.000102713269846664));
#10403=CARTESIAN_POINT('',(0.00840662577025012,-0.00014986885997764,-0.000103148366078182));
#10404=CARTESIAN_POINT('',(0.00840617114197506,-0.000132807874524428,-0.000102746563745889));
#10405=CARTESIAN_POINT('',(0.00823431457505076,-0.000143532671315631,-0.00020448298366904));
#10406=CARTESIAN_POINT('',(-0.005002,0.00177217426754136,-0.000204482985150353));
#10407=CARTESIAN_POINT('',(-0.0054,0.00177217426754136,-0.000204482985150353));
#10408=CARTESIAN_POINT('',(-0.005002,0.00614607123881422,-0.00407450369636073));
#10409=CARTESIAN_POINT('',(-0.0054,0.00614607123881422,-0.00407450369636073));
#10410=CARTESIAN_POINT('',(0.00823431457505076,0.000131855864750894,-0.0047962173309447));
#10411=CARTESIAN_POINT('',(0.00840662546737358,0.000137676615006175,-0.00489758337680514));
#10412=CARTESIAN_POINT('',(0.00840657912625493,0.000143335154804416,-0.00489733722073525));
#10413=CARTESIAN_POINT('',(0.00840642815623052,0.000148998939346303,-0.00489678935786056));
#10414=CARTESIAN_POINT('',(0.00840617628565971,0.000154561859256314,-0.00489595694313652));
#10415=CARTESIAN_POINT('',(0.00840617628565953,0.000154561859256265,-0.0048959569431364));
#10416=CARTESIAN_POINT('',(0.00823431457505076,0.000131855864750896,-0.0047962173309447));
#10417=CARTESIAN_POINT('',(0.00837573593128807,-0.000134707199558315,-0.00034562869224093));
#10418=CARTESIAN_POINT('',(0.00871489586416085,-0.00011354175069867,-4.48298369222998E-6));
#10419=CARTESIAN_POINT('',(0.00823431457505076,-0.000143532671160979,-4.48298366903968E-6));
#10420=CARTESIAN_POINT('',(0.00834319627839472,0.000354779191660334,-0.00034762558981034));
#10421=CARTESIAN_POINT('',(0.00869838185445625,0.000307515185203614,-4.48298401798612E-6));
#10422=CARTESIAN_POINT('',(0.00820177491005529,0.000377889856896547,-4.48298407222796E-6));
#10423=CARTESIAN_POINT('',(0.00850598122116188,0.000838369967416195,-0.000337022169105266));
#10424=CARTESIAN_POINT('',(0.00876218846528396,0.000696896184483376,-4.48298431896336E-6));
#10425=CARTESIAN_POINT('',(0.00836455984889188,0.000892045189289415,-4.48298446979693E-6));
#10426=CARTESIAN_POINT('',(0.00874142135623731,0.0012832729471918,-0.000326265970364407));
#10427=CARTESIAN_POINT('',(0.00896161277008041,0.00117133312001882,-4.48298468575545E-6));
#10428=CARTESIAN_POINT('',(0.0086,0.00135516804059917,-4.48298482790517E-6));
#10429=CARTESIAN_POINT('',(0.00842105444974264,0.000433219173188262,-0.000338984703042654));
#10430=CARTESIAN_POINT('',(0.00841965110323912,0.000432689809878129,-0.000340387140739845));
#10431=CARTESIAN_POINT('',(0.00841822727407514,0.000432183543532293,-0.000341777001423106));
#10432=CARTESIAN_POINT('',(0.00841678241043756,0.000431700951823821,-0.000343153930030977));
#10433=CARTESIAN_POINT('',(0.00842105444974264,0.000433219173188262,-0.000338984703042654));
#10434=CARTESIAN_POINT('',(0.0085157631928904,0.000779298984887713,-0.000337528682194398));
#10435=CARTESIAN_POINT('',(0.00852711468158547,0.000667161411989916,-0.000285051086426161));
#10436=CARTESIAN_POINT('',(0.00846698097009529,0.000543299834426484,-0.000312842064541434));
#10437=CARTESIAN_POINT('',(0.00842105444973553,0.000433219173190549,-0.000338984703039822));
#10438=CARTESIAN_POINT('',(0.0086,0.0013551680404445,-0.000204482984827905));
#10439=CARTESIAN_POINT('',(0.00840617114197465,-0.000132807874524301,-0.000102746563745048));
#10440=CARTESIAN_POINT('',(0.00840285724389439,-5.92779544220285E-5,-0.000104899954872062));
#10441=CARTESIAN_POINT('',(0.00843915016023811,9.02561803915027E-5,-0.000138400351253768));
#10442=CARTESIAN_POINT('',(0.00843013851193162,0.00016474625801674,-0.000293147078433974));
#10443=CARTESIAN_POINT('',(0.00837823075653317,0.000168118480233769,-0.000345475756679842));
#10444=CARTESIAN_POINT('',(-0.0054,0.0125383050388597,-0.00020448299347523));
#10445=CARTESIAN_POINT('',(-0.0054,0.00135516804044451,-0.000204482984827905));
#10446=CARTESIAN_POINT('',(-0.0054,-4.33680868994202E-19,-0.0025));
#10447=CARTESIAN_POINT('',(-0.0054,0.00161893346380764,-0.00461776609297406));
#10448=CARTESIAN_POINT('',(-0.0054,0.00135516804044451,-0.000204482984827905));
#10449=CARTESIAN_POINT('',(-0.0054,0.0017672417993079,-0.00459996890062299));
#10450=CARTESIAN_POINT('',(-0.0054,0.00161893346380764,-0.00461776609297406));
#10451=CARTESIAN_POINT('',(0.00874142135623731,0.0015330449474933,-0.00450541324358731));
#10452=CARTESIAN_POINT('',(0.00896162596664223,0.00146024296946956,-0.0048382440416889));
#10453=CARTESIAN_POINT('',(0.0086,0.0016427627614778,-0.00481634143024571));
#10454=CARTESIAN_POINT('',(0.00850712712099299,0.00109215701343805,-0.00454753947390454));
#10455=CARTESIAN_POINT('',(0.00876324781631601,0.000991618217047113,-0.00489447961894897));
#10456=CARTESIAN_POINT('',(0.00836570575097492,0.00118514608640229,-0.00487125602396632));
#10457=CARTESIAN_POINT('',(0.00834356380891499,0.00060692890083263,-0.00459505772790039));
#10458=CARTESIAN_POINT('',(0.00869860078464657,0.000601017477070391,-0.00494135221365809));
#10459=CARTESIAN_POINT('',(0.00820214244956644,0.000670642572367715,-0.00493299711204266));
#10460=CARTESIAN_POINT('',(0.00837573593128807,0.000123748371176583,-0.00465502856174565));
#10461=CARTESIAN_POINT('',(0.00871492287864131,0.000185285062411914,-0.00499124064187923));
#10462=CARTESIAN_POINT('',(0.00823431457505076,0.000155685162421062,-0.00499479266821634));
#10463=CARTESIAN_POINT('',(0.00840617628565958,0.000154561859256268,-0.00489595694313632));
#10464=CARTESIAN_POINT('',(0.00840286998140043,0.000227586292927454,-0.00488502983744605));
#10465=CARTESIAN_POINT('',(0.00843922683201167,0.000372625795644392,-0.0048328834989423));
#10466=CARTESIAN_POINT('',(0.00843065571692269,0.000427323489870712,-0.00467187154934273));
#10467=CARTESIAN_POINT('',(0.00837834825740255,0.000424395637108506,-0.0046191117836252));
#10468=CARTESIAN_POINT('',(0.0086,0.00161893346380764,-0.00461776609297406));
#10469=CARTESIAN_POINT('',(0.00842106077872708,0.000688357847049514,-0.00459375383544037));
#10470=CARTESIAN_POINT('',(0.00846699931766749,0.000800657348536628,-0.0046065273698398));
#10471=CARTESIAN_POINT('',(0.00852688945374815,0.000926308761890167,-0.00461943329974034));
#10472=CARTESIAN_POINT('',(0.00851583504972281,0.00103146516426152,-0.00455426363189731));
#10473=CARTESIAN_POINT('',(0.00842106077872704,0.000688357847049529,-0.00459375383544037));
#10474=CARTESIAN_POINT('',(0.00841701333911598,0.000686462956004627,-0.00459000843485216));
#10475=CARTESIAN_POINT('',(0.00841838115406092,0.000687072311046353,-0.00459124799746716));
#10476=CARTESIAN_POINT('',(0.00841973014455951,0.000687704116281533,-0.00459249654447206));
#10477=CARTESIAN_POINT('',(0.00842106077872706,0.000688357847049501,-0.00459375383544036));
#10478=CARTESIAN_POINT('',(0.0086,-4.33680868994202E-19,-0.0025));
#10479=CARTESIAN_POINT('',(0.0086,0.0013551680404445,-0.000204482984827905));
#10480=CARTESIAN_POINT('',(0.0086,0.00161893346380764,-0.00461776609297406));
#10481=CARTESIAN_POINT('',(0.0086,0.0013551680404445,-0.000204482984827905));
#10482=CARTESIAN_POINT('',(0.0086,0.0013551680404445,-0.000204482984827905));
#10483=CARTESIAN_POINT('',(-0.0054,0.00135516804044451,-0.000204482984827905));
#10484=CARTESIAN_POINT('',(-0.0054,0.00135516804044451,-0.000204482984827905));
#10485=CARTESIAN_POINT('',(-0.0054,0.00161893346380764,-0.00461776609297406));
#10486=CARTESIAN_POINT('',(-0.0054,0.00161893346380764,-0.00461776609297406));
#10487=CARTESIAN_POINT('',(0.0086,0.00161893346380764,-0.00461776609297406));
#10488=CARTESIAN_POINT('',(0.0086,0.00161893346380764,-0.00461776609297406));
#10489=CARTESIAN_POINT('',(0.0086,0.0125383050388597,-0.00020448299347523));
#10490=CARTESIAN_POINT('',(0.0086,0.00177217426754136,-0.000204482985150353));
#10491=CARTESIAN_POINT('',(-0.00562426406871193,-0.000134707199558316,-0.00034562869224093));
#10492=CARTESIAN_POINT('',(-0.00528510413583915,-0.00011354175069867,-4.48298369222998E-6));
#10493=CARTESIAN_POINT('',(-0.00576568542494924,-0.000143532671160979,-4.48298366903968E-6));
#10494=CARTESIAN_POINT('',(-0.00565680372160494,0.00035477919164992,-0.000347625589810644));
#10495=CARTESIAN_POINT('',(-0.00530161814554553,0.000307515185194414,-4.48298401807251E-6));
#10496=CARTESIAN_POINT('',(-0.00579822508994471,0.00037788985688544,-4.48298407222796E-6));
#10497=CARTESIAN_POINT('',(-0.00549401877865181,0.000838369967121631,-0.000337022168713505));
#10498=CARTESIAN_POINT('',(-0.00523781153396717,0.0006968961838733,-4.48298431893258E-6));
#10499=CARTESIAN_POINT('',(-0.00563544015045195,0.000892045188733997,-4.48298446979687E-6));
#10500=CARTESIAN_POINT('',(-0.00525857864376354,0.00128327294719249,-0.000326265970364391));
#10501=CARTESIAN_POINT('',(-0.00503838722992051,0.00117133312001951,-4.48298468575545E-6));
#10502=CARTESIAN_POINT('',(-0.00540000000000085,0.00135516804059988,-4.48298482790511E-6));
#10503=CARTESIAN_POINT('',(-0.00576568542494924,-0.000143532671315645,-0.00020448298366904));
#10504=CARTESIAN_POINT('',(-0.00576568542494924,-4.33680868994202E-19,-0.0025));
#10505=CARTESIAN_POINT('',(-0.00576568542494924,0.000131855864750884,-0.0047962173309447));
#10506=CARTESIAN_POINT('',(-0.00576568542494924,-0.000143532671315629,-0.000204482983669039));
#10507=CARTESIAN_POINT('',(-0.00576568542494924,0.000155685162421065,-0.00499479266821634));
#10508=CARTESIAN_POINT('',(-0.00528507712135869,0.000185285062411916,-0.00499124064187923));
#10509=CARTESIAN_POINT('',(-0.00562426406871193,0.000123748371176586,-0.00465502856174565));
#10510=CARTESIAN_POINT('',(-0.0057980082442065,0.000673054321168546,-0.00493270769906283));
#10511=CARTESIAN_POINT('',(-0.00530147697867071,0.000602997900756579,-0.00494111456025095));
#10512=CARTESIAN_POINT('',(-0.00565658687592225,0.000609191825525251,-0.00459477685073377));
#10513=CARTESIAN_POINT('',(-0.0056353004224418,0.00118318086526145,-0.00487149185304861));
#10514=CARTESIAN_POINT('',(-0.00523766698621946,0.000989457207047448,-0.00489473894294869));
#10515=CARTESIAN_POINT('',(-0.00549387905060657,0.00109026363192837,-0.00454772038232605));
#10516=CARTESIAN_POINT('',(-0.00540000000000078,0.00164276276147846,-0.00481634143024563));
#10517=CARTESIAN_POINT('',(-0.00503837403335862,0.00146024296947019,-0.00483824404168882));
#10518=CARTESIAN_POINT('',(-0.00525857864376347,0.00153304494749393,-0.00450541324358725));
#10519=CARTESIAN_POINT('',(-0.00576568542494924,0.000131855864750896,-0.0047962173309447));
#10520=CARTESIAN_POINT('',(0.0086,0.0017672417993079,-0.00459996890062299));
#10521=CARTESIAN_POINT('',(0.0086,0.00614607123881421,-0.00407450369636073));
#10522=CARTESIAN_POINT('',(0.0108,4.33680868994202E-19,-0.0025));
#10523=CARTESIAN_POINT('',(0.0108,0.00177217426754136,-0.000204482985150352));
#10524=CARTESIAN_POINT('',(0.0108,0.0019241838568001,-0.000330318805623767));
#10525=CARTESIAN_POINT('',(0.011002,0.00177217426754136,-0.000204482985150353));
#10526=CARTESIAN_POINT('',(0.0108,0.00177217426754136,-0.000204482985150354));
#10527=CARTESIAN_POINT('',(-0.00576568542494924,-0.000143532671315636,-0.000204482983669039));
#10528=CARTESIAN_POINT('',(-0.00576568542494924,-0.000143532671315629,-0.00020448298366904));
#10529=CARTESIAN_POINT('',(-0.00576568542494924,0.000131855864750894,-0.0047962173309447));
#10530=CARTESIAN_POINT('',(-0.00576568542494924,0.000131855864750896,-0.0047962173309447));
#10531=CARTESIAN_POINT('',(0.011,0.00614607123881421,-0.00407450369636073));
#10532=CARTESIAN_POINT('',(0.0108,0.00614607123881421,-0.00407450369636073));
#10533=CARTESIAN_POINT('',(0.0108,0.0081764142561854,-0.00587511535669068));
#10534=CARTESIAN_POINT('',(0.0108,0.00614607123881422,-0.00407450369636073));
#10535=CARTESIAN_POINT('',(0.0108,0.00177217426754136,-0.000204482985150354));
#10536=CARTESIAN_POINT('',(0.0108,0.00177217426754136,-0.000204482985150354));
#10537=CARTESIAN_POINT('',(0.011,-0.000143532671315629,-0.000204482983669039));
#10538=CARTESIAN_POINT('',(-0.00823431457505076,-0.000143532671315629,-0.000204482983669039));
#10539=CARTESIAN_POINT('',(-0.00823431457505076,-4.33680868994202E-19,-0.0025));
#10540=CARTESIAN_POINT('',(-0.00837573593128792,-0.00211647683300122,-0.00292424942743578));
#10541=CARTESIAN_POINT('',(-0.00842956732868808,-0.00217077517993697,-0.00292726206893807));
#10542=CARTESIAN_POINT('',(-0.00844353558250087,-0.00234081802934258,-0.00287219572548498));
#10543=CARTESIAN_POINT('',(-0.00838804072545428,-0.00241899313389779,-0.00264326832220377));
#10544=CARTESIAN_POINT('',(-0.00844391149377135,-0.00236727043260449,-0.00240957894757607));
#10545=CARTESIAN_POINT('',(-0.00842925094103883,-0.00220595944611621,-0.0023351967142078));
#10546=CARTESIAN_POINT('',(-0.00837573593128807,-0.00215200915656543,-0.00233171942665024));
#10547=CARTESIAN_POINT('',(-0.00837573593128809,-0.0017930163999749,-0.00370189598165998));
#10548=CARTESIAN_POINT('',(-0.00842954870117957,-0.00184201168345119,-0.00372545022386333));
#10549=CARTESIAN_POINT('',(-0.008443563690682,-0.0020198233916663,-0.00373979323902077));
#10550=CARTESIAN_POINT('',(-0.00838811329372394,-0.00218021351639105,-0.00355807725927461));
#10551=CARTESIAN_POINT('',(-0.00844359315192752,-0.0022213358348409,-0.0033221955646453));
#10552=CARTESIAN_POINT('',(-0.00842995755946502,-0.00210174883845155,-0.00319224077997222));
#10553=CARTESIAN_POINT('',(-0.00837573593128807,-0.00205259540093753,-0.00316806727307845));
#10554=CARTESIAN_POINT('',(-0.00837573593128784,-0.00119658547378243,-0.00429656476789653));
#10555=CARTESIAN_POINT('',(-0.0084294706264166,-0.00123278479868238,-0.00433701695770771));
#10556=CARTESIAN_POINT('',(-0.00844361328455561,-0.00139166244383445,-0.00441837550964703));
#10557=CARTESIAN_POINT('',(-0.00838806983901272,-0.00160917989234459,-0.00431194447810358));
#10558=CARTESIAN_POINT('',(-0.0084437162483425,-0.00173772485276048,-0.00410982117362853));
#10559=CARTESIAN_POINT('',(-0.00842967962716748,-0.0016766683002386,-0.00394364065138113));
#10560=CARTESIAN_POINT('',(-0.00837573593128807,-0.00164069260234057,-0.00390270793322534));
#10561=CARTESIAN_POINT('',(-0.00837573593128806,-0.000417985256287133,-0.00461772285411406));
#10562=CARTESIAN_POINT('',(-0.00842951264436995,-0.000435962735351341,-0.00466898874237029));
#10563=CARTESIAN_POINT('',(-0.00844358616447392,-0.000551576446859451,-0.00480490516232809));
#10564=CARTESIAN_POINT('',(-0.00838809510714313,-0.000793395041615247,-0.00478981855881919));
#10565=CARTESIAN_POINT('',(-0.00844364293757044,-0.000989359846370187,-0.00465218326808169));
#10566=CARTESIAN_POINT('',(-0.00842984306963629,-0.00099663540957289,-0.00447553952369708));
#10567=CARTESIAN_POINT('',(-0.00837573593128807,-0.000979009227952676,-0.00442379902611782));
#10568=CARTESIAN_POINT('',(-0.00840662546736826,0.000137676615661205,-0.0048975833767767));
#10569=CARTESIAN_POINT('',(-0.0084072431578518,6.22527448054513E-5,-0.00490086444310409));
#10570=CARTESIAN_POINT('',(-0.00844423404285821,-9.34032519287728E-5,-0.00486399083924142));
#10571=CARTESIAN_POINT('',(-0.00842931620710863,-0.000164799044946627,-0.00470602524304646));
#10572=CARTESIAN_POINT('',(-0.00837573593128807,-0.000168280573349767,-0.00465200915656543));
#10573=CARTESIAN_POINT('',(-0.008406625470738,0.00013767661468666,-0.00489758337110434));
#10574=CARTESIAN_POINT('',(-0.00823431457505076,0.000131855864750896,-0.0047962173309447));
#10575=CARTESIAN_POINT('',(-0.00823431457505076,-0.000143532671315646,-0.000204482983669039));
#10576=CARTESIAN_POINT('',(-0.00840662577129477,-0.000149868859635786,-0.000103148367833522));
#10577=CARTESIAN_POINT('',(-0.00837573593128768,-0.000424249427440347,-0.000383523166998892));
#10578=CARTESIAN_POINT('',(-0.00842872130578446,-0.000427214721783943,-0.000330078181620325));
#10579=CARTESIAN_POINT('',(-0.00844437092395726,-0.000374485804338261,-0.000162759291283477));
#10580=CARTESIAN_POINT('',(-0.00840724274604434,-0.000224603992846726,-0.000108870475015994));
#10581=CARTESIAN_POINT('',(-0.00840662577025092,-0.000149868859944959,-0.000103148366074616));
#10582=CARTESIAN_POINT('',(-0.00837573593128804,-0.00120189598166138,-0.000706983600025691));
#10583=CARTESIAN_POINT('',(-0.00842950816594327,-0.00122543248129593,-0.000658025222945197));
#10584=CARTESIAN_POINT('',(-0.00844358899407124,-0.0012397900687798,-0.000480160536552683));
#10585=CARTESIAN_POINT('',(-0.00838809268616388,-0.00105813863269329,-0.0003198456929035));
#10586=CARTESIAN_POINT('',(-0.00844364972849819,-0.000822245538387674,-0.000278584304471234));
#10587=CARTESIAN_POINT('',(-0.00842982764247446,-0.000692182859371665,-0.000398368934970091));
#10588=CARTESIAN_POINT('',(-0.00837573593128807,-0.000668067273078446,-0.000447404599062468));
#10589=CARTESIAN_POINT('',(-0.00837573593128807,-0.00179656476789164,-0.00130341452621267));
#10590=CARTESIAN_POINT('',(-0.00842988477474641,-0.00183732873404743,-0.00126693620298813));
#10591=CARTESIAN_POINT('',(-0.00844340966096243,-0.00191826730095818,-0.00110824724640723));
#10592=CARTESIAN_POINT('',(-0.00838807366215026,-0.00181186096126314,-0.000890783927200169));
#10593=CARTESIAN_POINT('',(-0.00844390535144783,-0.00160994849311722,-0.000762157372586866));
#10594=CARTESIAN_POINT('',(-0.00842924575345705,-0.0014433114260655,-0.000823621055343741));
#10595=CARTESIAN_POINT('',(-0.00837573593128807,-0.00140270793322538,-0.000859307397659464));
#10596=CARTESIAN_POINT('',(-0.00837573593128805,-0.00211772285411405,-0.00208201474371287));
#10597=CARTESIAN_POINT('',(-0.00842951264436995,-0.00216898874237029,-0.00206403726464866));
#10598=CARTESIAN_POINT('',(-0.00844358616447392,-0.00230490516232809,-0.00194842355314055));
#10599=CARTESIAN_POINT('',(-0.00838809510714313,-0.00228981855881919,-0.00170660495838476));
#10600=CARTESIAN_POINT('',(-0.00844364293757044,-0.0021521832680817,-0.00151064015362982));
#10601=CARTESIAN_POINT('',(-0.00842984306963629,-0.00197553952369708,-0.00150336459042711));
#10602=CARTESIAN_POINT('',(-0.00837573593128807,-0.00192379902611782,-0.00152099077204733));
#10603=CARTESIAN_POINT('',(0.011,0.000131855864750896,-0.0047962173309447));
#10604=CARTESIAN_POINT('',(-0.00823431457505076,0.000131855864750896,-0.0047962173309447));
#10605=CARTESIAN_POINT('',(0.0108,0.00614607123881422,-0.00407450369636073));
#10606=CARTESIAN_POINT('',(0.0108,0.00614607123881421,-0.00407450369636073));
#10607=CARTESIAN_POINT('',(0.0108,0.0125383050388597,-0.00020448299347523));
#10608=CARTESIAN_POINT('',(0.0108,0.0252119485708205,-0.000204483003275084));
#10609=CARTESIAN_POINT('',(-0.00823431457505076,-0.000143532671315635,-0.000204482983669039));
#10610=CARTESIAN_POINT('',(-0.00840662577024817,-0.000149868859757237,-0.000103148366061463));
#10611=CARTESIAN_POINT('',(-0.00840657886600578,-0.000144187283674022,-0.000102713355165736));
#10612=CARTESIAN_POINT('',(-0.00840642605976437,-0.000138464078864872,-0.000102580916614829));
#10613=CARTESIAN_POINT('',(-0.00840617114197474,-0.000132807874524681,-0.000102746563744883));
#10614=CARTESIAN_POINT('',(-0.00840617114197357,-0.000132807874524542,-0.000102746563743351));
#10615=CARTESIAN_POINT('',(-0.00823431457505076,-0.000143532671315629,-0.00020448298366904));
#10616=CARTESIAN_POINT('',(-0.00823431457505076,0.000131855864750895,-0.0047962173309447));
#10617=CARTESIAN_POINT('',(-0.00840617628565958,0.000154561859256154,-0.00489595694313633));
#10618=CARTESIAN_POINT('',(-0.00840643026123681,0.000148952447284521,-0.00489679631476022));
#10619=CARTESIAN_POINT('',(-0.00840657947298393,0.000143292817927314,-0.00489733906248062));
#10620=CARTESIAN_POINT('',(-0.00840662546737885,0.000137676614479278,-0.00489758337682916));
#10621=CARTESIAN_POINT('',(-0.00840617628565854,0.00015456185925641,-0.00489595694313807));
#10622=CARTESIAN_POINT('',(-0.00823431457505076,0.000131855864750886,-0.0047962173309447));
#10623=CARTESIAN_POINT('',(0.0108,0.0119867547532097,-0.00337361410969782));
#10624=CARTESIAN_POINT('',(0.0108,0.0251771755987639,-0.00179074652381266));
#10625=CARTESIAN_POINT('',(0.0108,0.0250913641107058,-0.000995342907416687));
#10626=CARTESIAN_POINT('',(0.0108,0.0252119485708418,-0.000204483003278333));
#10627=CARTESIAN_POINT('',(0.0108,0.0251803441663048,-0.00179037910137619));
#10628=CARTESIAN_POINT('',(0.0108,0.0252119485708205,-0.000204483003275084));
#10629=CARTESIAN_POINT('',(0.0108,0.0252119485708205,-0.000204483003275084));
#10630=CARTESIAN_POINT('',(-0.00874142135623731,0.00128327294719179,-0.000326265970364408));
#10631=CARTESIAN_POINT('',(-0.00896161277008041,0.00117133312001881,-4.48298468575534E-6));
#10632=CARTESIAN_POINT('',(-0.0086,0.00135516804059915,-4.48298482790511E-6));
#10633=CARTESIAN_POINT('',(-0.00850696530619263,0.00084022955534249,-0.00033697720886469));
#10634=CARTESIAN_POINT('',(-0.0087630832873516,0.000699024983395367,-4.48298432063836E-6));
#10635=CARTESIAN_POINT('',(-0.00836554393616931,0.00089398093037464,-4.48298447129368E-6));
#10636=CARTESIAN_POINT('',(-0.00834335037056691,0.000352461369591438,-0.000347616124054817));
#10637=CARTESIAN_POINT('',(-0.00869846140486784,0.000305487140861048,-4.4829840163307E-6));
#10638=CARTESIAN_POINT('',(-0.00820192901117282,0.000375420811254636,-4.48298407031878E-6));
#10639=CARTESIAN_POINT('',(-0.00837573593128807,-0.000134707199558336,-0.00034562869224093));
#10640=CARTESIAN_POINT('',(-0.00871489586416085,-0.000113541750698687,-4.48298369222998E-6));
#10641=CARTESIAN_POINT('',(-0.00823431457505076,-0.000143532671161001,-4.48298366903968E-6));
#10642=CARTESIAN_POINT('',(-0.00841678241043756,0.000431700951823819,-0.000343153930030977));
#10643=CARTESIAN_POINT('',(-0.0084182272740775,0.000432183543533078,-0.000341777001420857));
#10644=CARTESIAN_POINT('',(-0.00841965110324355,0.000432689809879908,-0.000340387140735299));
#10645=CARTESIAN_POINT('',(-0.00842105444974929,0.000433219173190982,-0.000338984703035778));
#10646=CARTESIAN_POINT('',(-0.00842105444974495,0.000433219173195996,-0.000338984703032978));
#10647=CARTESIAN_POINT('',(-0.00840617114197459,-0.000132807874524269,-0.000102746563745106));
#10648=CARTESIAN_POINT('',(-0.00840284508565665,-5.90081832268584E-5,-0.000104907855368917));
#10649=CARTESIAN_POINT('',(-0.00843915007277887,9.12055342693601E-5,-0.000139432230467372));
#10650=CARTESIAN_POINT('',(-0.00843052768526104,0.000164720975105431,-0.000292754749270814));
#10651=CARTESIAN_POINT('',(-0.00837823075652925,0.00016811848022935,-0.000345475756677461));
#10652=CARTESIAN_POINT('',(-0.0086,0.0013551680404445,-0.000204482984827905));
#10653=CARTESIAN_POINT('',(-0.00842105444974626,0.000433219173197,-0.000338984703040337));
#10654=CARTESIAN_POINT('',(-0.0084670240263956,0.000543403035477931,-0.000312817555716969));
#10655=CARTESIAN_POINT('',(-0.00852713107379101,0.000666999478700516,-0.000284975305690848));
#10656=CARTESIAN_POINT('',(-0.00851576319288368,0.000779298984868536,-0.000337528682194619));
#10657=CARTESIAN_POINT('',(-0.0086,-4.33680868994202E-19,-0.0025));
#10658=CARTESIAN_POINT('',(-0.0086,0.00161893346380763,-0.00461776609297406));
#10659=CARTESIAN_POINT('',(-0.0086,0.0013551680404445,-0.000204482984827905));
#10660=CARTESIAN_POINT('',(-0.00837573593128807,0.000123748371176587,-0.00465502856174565));
#10661=CARTESIAN_POINT('',(-0.00871492287864131,0.000185285062411916,-0.00499124064187923));
#10662=CARTESIAN_POINT('',(-0.00823431457505076,0.000155685162421065,-0.00499479266821634));
#10663=CARTESIAN_POINT('',(-0.00834340827486202,0.000609264653219751,-0.00459476781153938));
#10664=CARTESIAN_POINT('',(-0.00869852051873875,0.000603061641725611,-0.00494110691125038));
#10665=CARTESIAN_POINT('',(-0.00820198690653175,0.000673131938456049,-0.0049326983848878));
#10666=CARTESIAN_POINT('',(-0.00850614394606608,0.00109030690631525,-0.00454771624756462));
#10667=CARTESIAN_POINT('',(-0.00876235392856023,0.000989506613341118,-0.00489473301412891));
#10668=CARTESIAN_POINT('',(-0.00836472257428576,0.00118322578158606,-0.00487148646303148));
#10669=CARTESIAN_POINT('',(-0.00874142135623645,0.00153304494749401,-0.00450541324358725));
#10670=CARTESIAN_POINT('',(-0.00896162596664129,0.00146024296947027,-0.00483824404168881));
#10671=CARTESIAN_POINT('',(-0.00859999999999914,0.00164276276147854,-0.00481634143024562));
#10672=CARTESIAN_POINT('',(-0.00837834825740513,0.000424395637110292,-0.00461911178362339));
#10673=CARTESIAN_POINT('',(-0.00843072337627534,0.000427327277030401,-0.00467193979374638));
#10674=CARTESIAN_POINT('',(-0.00843913701638546,0.000372324190815372,-0.00483313934638299));
#10675=CARTESIAN_POINT('',(-0.00840286897027144,0.000227608625147254,-0.00488502649573552));
#10676=CARTESIAN_POINT('',(-0.00840617628565959,0.00015456185925559,-0.0048959569431364));
#10677=CARTESIAN_POINT('',(-0.00842106077872686,0.000688357847049394,-0.00459375383544017));
#10678=CARTESIAN_POINT('',(-0.00841973135665181,0.000687704711773553,-0.00459249768975508));
#10679=CARTESIAN_POINT('',(-0.00841838241254522,0.000687072871695111,-0.00459124913795045));
#10680=CARTESIAN_POINT('',(-0.00841701333911598,0.000686462956004623,-0.00459000843485216));
#10681=CARTESIAN_POINT('',(-0.008421060778727,0.000688357847049237,-0.00459375383544011));
#10682=CARTESIAN_POINT('',(-0.00851583504972989,0.00103146516428161,-0.00455426363189514));
#10683=CARTESIAN_POINT('',(-0.00852687736585898,0.000926423749608146,-0.004619362037229));
#10684=CARTESIAN_POINT('',(-0.00846694335535786,0.000800520545349139,-0.00460651180912877));
#10685=CARTESIAN_POINT('',(-0.00842106077871984,0.000688357847051866,-0.00459375383544266));
#10686=CARTESIAN_POINT('',(-0.0086,0.00161893346380763,-0.00461776609297406));
#10687=CARTESIAN_POINT('',(0.0108,0.0252248341941042,-0.00218789719835594));
#10688=CARTESIAN_POINT('',(0.0108,0.0252248341941042,-0.00218789719835594));
#10689=CARTESIAN_POINT('',(0.011,0.0252119485708205,-0.000204483003275084));
#10690=CARTESIAN_POINT('',(-0.0108,0.0252119485708205,-0.000204483003275084));
#10691=CARTESIAN_POINT('',(-0.0086,0.0013551680404445,-0.000204482984827905));
#10692=CARTESIAN_POINT('',(-0.0086,0.0013551680404445,-0.000204482984827906));
#10693=CARTESIAN_POINT('',(-0.0086,0.00161893346380763,-0.00461776609297406));
#10694=CARTESIAN_POINT('',(-0.0086,0.00161893346380763,-0.00461776609297406));
#10695=CARTESIAN_POINT('',(0.011,0.0252248341941042,-0.00218789719835594));
#10696=CARTESIAN_POINT('',(-0.0108,0.0252248341941042,-0.00218789719835594));
#10697=CARTESIAN_POINT('',(-0.0108,0.0250913641107058,-0.000995342907416687));
#10698=CARTESIAN_POINT('',(-0.0108,0.0252119485708205,-0.000204483003275084));
#10699=CARTESIAN_POINT('',(-0.0108,0.0251803441663048,-0.00179037910137619));
#10700=CARTESIAN_POINT('',(-0.0108,0.0252119485708205,-0.000204483003275084));
#10701=CARTESIAN_POINT('',(-0.0108,0.0252119485708418,-0.000204483003275084));
#10702=CARTESIAN_POINT('',(-0.0086,0.00168642415194992,-0.000204482985084047));
#10703=CARTESIAN_POINT('',(-0.0086,0.00177217426754136,-0.000204482985150353));
#10704=CARTESIAN_POINT('',(-0.0086,0.0126519115675329,-0.00329379443045857));
#10705=CARTESIAN_POINT('',(-0.0086,0.00614607123881421,-0.00407450369636073));
#10706=CARTESIAN_POINT('',(-0.0108,0.0252248341941042,-0.00218789719835594));
#10707=CARTESIAN_POINT('',(-0.0108,0.0251771755987639,-0.00179074652381266));
#10708=CARTESIAN_POINT('',(-0.0108,0.0117970269516802,-0.000204482992902038));
#10709=CARTESIAN_POINT('',(-0.0108,0.00177217426754136,-0.000204482985150354));
#10710=CARTESIAN_POINT('',(-0.011002,0.00177217426754136,-0.000204482985150353));
#10711=CARTESIAN_POINT('',(-0.0108,0.00177217426754136,-0.000204482985150352));
#10712=CARTESIAN_POINT('',(-0.011002,0.00614607123881422,-0.00407450369636073));
#10713=CARTESIAN_POINT('',(-0.0108,0.00614607123881422,-0.00407450369636073));
#10714=CARTESIAN_POINT('',(-0.0108,0.0126519115675329,-0.00329379443045857));
#10715=CARTESIAN_POINT('',(-0.0108,0.00614607123881422,-0.00407450369636073));
#10716=CARTESIAN_POINT('',(-0.0108,0.00177217426754136,-0.000204482985150354));
#10717=CARTESIAN_POINT('',(-0.0108,0.00177217426754136,-0.000204482985150354));
#10718=CARTESIAN_POINT('',(-0.0108,0.00614607123881422,-0.00407450369636073));
#10719=CARTESIAN_POINT('',(-0.0108,0.00614607123881422,-0.00407450369636073));
#10720=CARTESIAN_POINT('',(-0.0108,4.33680868994202E-19,-0.0025));
#10721=CARTESIAN_POINT('',(-0.0108,0.0019241838568001,-0.000330318805623767));
#10722=CARTESIAN_POINT('',(-0.0108,0.0081764142561854,-0.00587511535669068));
#10723=CARTESIAN_POINT('',(0.007,-4.33680868994202E-19,-0.0025));
#10724=CARTESIAN_POINT('',(-8.67361737988404E-19,-4.33680868994202E-19,
-0.0025));
#10725=CARTESIAN_POINT('',(-0.007,-4.33680868994202E-19,-0.0025));
#10726=CARTESIAN_POINT('',(-0.00862322330470337,0.000928486111045952,-0.00440944775870675));
#10727=CARTESIAN_POINT('',(-0.00855251262658471,0.000897564312858086,-0.00434585654550218));
#10728=CARTESIAN_POINT('',(-0.0088,0.00100579060651562,-0.00456842579171818));
#10729=CARTESIAN_POINT('',(-0.0065,-1.3010426069826E-18,-0.0025));
#10730=CARTESIAN_POINT('',(-0.00725854146730873,0.000293671719946598,-0.00362086413487075));
#10731=CARTESIAN_POINT('',(-0.00744748737341529,0.000414336478249242,-0.00335209013934761));
#10732=CARTESIAN_POINT('',(-0.00725854146730883,0.000700253425683425,-0.00342316013115517));
#10733=CARTESIAN_POINT('',(-0.0065,-4.33680868994202E-19,-0.0025));
#10734=CARTESIAN_POINT('',(-0.00737677669529664,0.000383414680061375,-0.00328849892614304));
#10735=CARTESIAN_POINT('',(-0.00726384014656227,0.000265281665165314,-0.00351250710887812));
#10736=CARTESIAN_POINT('',(-0.00726123763668206,0.000274739150432398,-0.0035486037273876));
#10737=CARTESIAN_POINT('',(-0.00725968124666471,0.000284203973977948,-0.00358472835408645));
#10738=CARTESIAN_POINT('',(-0.00725854146730854,0.00029367171994678,-0.0036208641348707));
#10739=CARTESIAN_POINT('',(-0.00726384014656227,0.000632557996516289,-0.0033339156962457));
#10740=CARTESIAN_POINT('',(-0.00726123788208124,0.000655107025029351,-0.00336364259704482));
#10741=CARTESIAN_POINT('',(-0.00725968132718494,0.000677676209480815,-0.00339339606987924));
#10742=CARTESIAN_POINT('',(-0.00725854146730872,0.000700253425683423,-0.00342316013115516));
#10743=CARTESIAN_POINT('',(-0.0088,0.000137677073784702,-0.00479587565502884));
#10744=CARTESIAN_POINT('',(-0.0065,-1.3010426069826E-18,-0.0025));
#10745=CARTESIAN_POINT('',(-0.00725854146730872,-0.000157618843011231,-0.00364792673471078));
#10746=CARTESIAN_POINT('',(-0.00744748737341529,5.67162126172906E-5,-0.00344578834524843));
#10747=CARTESIAN_POINT('',(-0.00737677669529664,5.24834999004607E-5,-0.00337520446505573));
#10748=CARTESIAN_POINT('',(-0.00726384014656248,-0.000142381394922391,-0.00353695349258078));
#10749=CARTESIAN_POINT('',(-0.00726123761975832,-0.000147457428731885,-0.00357392188293882));
#10750=CARTESIAN_POINT('',(-0.00725968124111267,-0.00015253735986165,-0.00361091865720103));
#10751=CARTESIAN_POINT('',(-0.00725854146730852,-0.000157618843011029,-0.00364792673471081));
#10752=CARTESIAN_POINT('',(-0.0088,-0.000137677073784705,-0.000204124344971163));
#10753=CARTESIAN_POINT('',(-0.0065,-1.3010426069826E-18,-0.0025));
#10754=CARTESIAN_POINT('',(-0.00725854146730872,0.00015761884301123,-0.00135207326528922));
#10755=CARTESIAN_POINT('',(-0.00744748737341529,-5.67162126172928E-5,-0.00155421165475157));
#10756=CARTESIAN_POINT('',(-0.00725854146730872,-0.0002936717199466,-0.00137913586512925));
#10757=CARTESIAN_POINT('',(-0.0065,-4.33680868994202E-19,-0.0025));
#10758=CARTESIAN_POINT('',(-0.00737677669529664,-5.24834999004629E-5,-0.00162479553494427));
#10759=CARTESIAN_POINT('',(-0.00726384014656247,0.000142381394922389,-0.00146304650741922));
#10760=CARTESIAN_POINT('',(-0.00726123761975831,0.000147457428731883,-0.00142607811706118));
#10761=CARTESIAN_POINT('',(-0.00725968124111267,0.000152537359861649,-0.00138908134279897));
#10762=CARTESIAN_POINT('',(-0.00725854146730852,0.000157618843011027,-0.0013520732652892));
#10763=CARTESIAN_POINT('',(-0.00726384014656226,-0.000265281665165347,-0.00148749289112177));
#10764=CARTESIAN_POINT('',(-0.00726123763668206,-0.000274739150432421,-0.00145139627261232));
#10765=CARTESIAN_POINT('',(-0.00725968124666471,-0.00028420397397796,-0.00141527164591352));
#10766=CARTESIAN_POINT('',(-0.00725854146730854,-0.000293671719946782,-0.0013791358651293));
#10767=CARTESIAN_POINT('',(-0.00862322330470336,0.000693644633144881,-0.000493277716138883));
#10768=CARTESIAN_POINT('',(-0.00855251262658471,0.000670543868249174,-0.000560108507404834));
#10769=CARTESIAN_POINT('',(-0.0088,0.000751396545384151,-0.000326200737974002));
#10770=CARTESIAN_POINT('',(-0.0065,-4.33680868994202E-19,-0.0025));
#10771=CARTESIAN_POINT('',(-0.00725854146730878,0.000584913365938831,-0.00149977210482712));
#10772=CARTESIAN_POINT('',(-0.00744748737341529,0.000309538582251892,-0.00160450115082212));
#10773=CARTESIAN_POINT('',(-0.00737677669529664,0.000286437817356184,-0.00167133194208808));
#10774=CARTESIAN_POINT('',(-0.00726384014656227,0.00052836817832445,-0.00159646689294984));
#10775=CARTESIAN_POINT('',(-0.00726123784039621,0.000547203415622004,-0.00156425779865605));
#10776=CARTESIAN_POINT('',(-0.00725968131350541,0.000566055111832584,-0.00153202055888828));
#10777=CARTESIAN_POINT('',(-0.0072585414673087,0.000584913365938759,-0.00149977210482708));
#10778=CARTESIAN_POINT('',(-0.0088,-0.002173799262026,-0.00174860345461585));
#10779=CARTESIAN_POINT('',(-0.0065,-2.16840434497101E-18,-0.0025));
#10780=CARTESIAN_POINT('',(-0.00725854146730878,-0.00100022789517288,-0.00191508663406116));
#10781=CARTESIAN_POINT('',(-0.00744748737341529,-0.000895498849177876,-0.00219046141774811));
#10782=CARTESIAN_POINT('',(-0.00725854146730883,-0.00114792673471074,-0.00234238115698898));
#10783=CARTESIAN_POINT('',(-0.0065,1.3010426069826E-18,-0.0025));
#10784=CARTESIAN_POINT('',(-0.00737677669529664,-0.000828668057911923,-0.00221356218264381));
#10785=CARTESIAN_POINT('',(-0.00726384014656228,-0.00103695349258356,-0.00235761860507724));
#10786=CARTESIAN_POINT('',(-0.00726123762472097,-0.00107392181244598,-0.00235254258094731));
#10787=CARTESIAN_POINT('',(-0.00725968124274072,-0.00111091860433907,-0.00234746264739669));
#10788=CARTESIAN_POINT('',(-0.00725854146730853,-0.00114792673471073,-0.00234238115698898));
#10789=CARTESIAN_POINT('',(-0.00726384014656242,-0.000903533107048266,-0.00197163182167666));
#10790=CARTESIAN_POINT('',(-0.00726123784039627,-0.000935742201342646,-0.00195279658437876));
#10791=CARTESIAN_POINT('',(-0.00725968131350543,-0.000967979441111122,-0.00193394488816777));
#10792=CARTESIAN_POINT('',(-0.0072585414673087,-0.00100022789517292,-0.00191508663406124));
#10793=CARTESIAN_POINT('',(-0.0088,-0.00172078163691908,-0.000973923148055087));
#10794=CARTESIAN_POINT('',(-0.0065,-1.3010426069826E-18,-0.0025));
#10795=CARTESIAN_POINT('',(-0.00725854146730879,-0.000700253425683385,-0.00157683986884478));
#10796=CARTESIAN_POINT('',(-0.00744748737341529,-0.000708877771037274,-0.00187133106605254));
#10797=CARTESIAN_POINT('',(-0.00737677669529664,-0.000655974450845674,-0.00191824842651437));
#10798=CARTESIAN_POINT('',(-0.00726384014656224,-0.000632557996516499,-0.00166608430375403));
#10799=CARTESIAN_POINT('',(-0.00726123788208122,-0.000655107025029501,-0.00163635740295498));
#10800=CARTESIAN_POINT('',(-0.00725968132718493,-0.00067767620948089,-0.00160660393012066));
#10801=CARTESIAN_POINT('',(-0.00725854146730872,-0.000700253425683438,-0.00157683986884482));
#10802=CARTESIAN_POINT('',(-0.0088,-0.00100579060651562,-0.000431574208281826));
#10803=CARTESIAN_POINT('',(-0.00744748737341529,-0.000414336478249243,-0.00164790986065239));
#10804=CARTESIAN_POINT('',(-0.00737677669529664,-0.000383414680061375,-0.00171150107385696));
#10805=CARTESIAN_POINT('',(-0.0088,-0.000751396545384151,-0.004673799262026));
#10806=CARTESIAN_POINT('',(-0.0065,-4.33680868994202E-19,-0.0025));
#10807=CARTESIAN_POINT('',(-0.00725854146730879,-0.000584913365938834,-0.00350022789517288));
#10808=CARTESIAN_POINT('',(-0.0074474873734153,-0.000309538582251893,-0.00339549884917788));
#10809=CARTESIAN_POINT('',(-0.00737677669529664,-0.000286437817356185,-0.00332866805791193));
#10810=CARTESIAN_POINT('',(-0.00726384014656243,-0.000528368178323346,-0.00340353310704827));
#10811=CARTESIAN_POINT('',(-0.00726123784039628,-0.000547203415621249,-0.00343574220134265));
#10812=CARTESIAN_POINT('',(-0.00725968131350543,-0.000566055111832234,-0.00346797944111112));
#10813=CARTESIAN_POINT('',(-0.0072585414673087,-0.00058491336593876,-0.00350022789517292));
#10814=CARTESIAN_POINT('',(-0.0088,-0.00152607685194491,-0.00422078163691909));
#10815=CARTESIAN_POINT('',(-0.0065,4.33680868994202E-19,-0.0025));
#10816=CARTESIAN_POINT('',(-0.00725854146730879,-0.000923160131155227,-0.00320025342568339));
#10817=CARTESIAN_POINT('',(-0.0074474873734153,-0.000628668933947463,-0.00320887777103727));
#10818=CARTESIAN_POINT('',(-0.00737677669529664,-0.000581751573485634,-0.00315597445084568));
#10819=CARTESIAN_POINT('',(-0.0072638401465623,-0.000833915696245425,-0.00313255799651609));
#10820=CARTESIAN_POINT('',(-0.00726123788208125,-0.000863642597044644,-0.00315510702502922));
#10821=CARTESIAN_POINT('',(-0.00725968132718494,-0.000893396069879165,-0.00317767620948076));
#10822=CARTESIAN_POINT('',(-0.00725854146730872,-0.000923160131155183,-0.00320025342568344));
#10823=CARTESIAN_POINT('',(-0.0088,-0.00206842579171817,-0.00350579060651562));
#10824=CARTESIAN_POINT('',(-0.0065,1.3010426069826E-18,-0.0025));
#10825=CARTESIAN_POINT('',(-0.00725854146730873,-0.00112086413487075,-0.0027936717199466));
#10826=CARTESIAN_POINT('',(-0.0074474873734153,-0.000852090139347609,-0.00291433647824924));
#10827=CARTESIAN_POINT('',(-0.00737677669529664,-0.00078849892614304,-0.00288341468006137));
#10828=CARTESIAN_POINT('',(-0.00726384014656228,-0.00101250710887811,-0.00276528166516531));
#10829=CARTESIAN_POINT('',(-0.00726123763949754,-0.00104860368833725,-0.00277473914020102));
#10830=CARTESIAN_POINT('',(-0.00725968124758837,-0.00108472832480265,-0.00278420396630546));
#10831=CARTESIAN_POINT('',(-0.00725854146730854,-0.0011208641348707,-0.00279367171994678));
#10832=CARTESIAN_POINT('',(-0.0088,-0.00229587565502884,-0.00263767707378471));
#10833=CARTESIAN_POINT('',(-0.0074474873734153,-0.00094578834524843,-0.00255671621261729));
#10834=CARTESIAN_POINT('',(-0.00737677669529664,-0.000875204465055734,-0.00255248349990047));
#10835=CARTESIAN_POINT('',(0.00862322330470337,0.000928486111045952,-0.00440944775870675));
#10836=CARTESIAN_POINT('',(0.00855251262658471,0.000897564312858086,-0.00434585654550218));
#10837=CARTESIAN_POINT('',(0.0088,0.00100579060651562,-0.00456842579171818));
#10838=CARTESIAN_POINT('',(0.0065,-1.3010426069826E-18,-0.0025));
#10839=CARTESIAN_POINT('',(0.00725854146730873,0.000293671719946963,-0.00362086413487066));
#10840=CARTESIAN_POINT('',(0.0065,-4.33680868994202E-19,-0.0025));
#10841=CARTESIAN_POINT('',(0.00725854146730879,0.000700253425683497,-0.00342316013115515));
#10842=CARTESIAN_POINT('',(0.00744748737341529,0.000414336478249242,-0.00335209013934761));
#10843=CARTESIAN_POINT('',(0.00737677669529664,0.000383414680061375,-0.00328849892614304));
#10844=CARTESIAN_POINT('',(0.00726384014656227,0.00026528166516532,-0.00351250710887814));
#10845=CARTESIAN_POINT('',(0.00726123763949753,0.000274739140201028,-0.00354860368833727));
#10846=CARTESIAN_POINT('',(0.00725968124758837,0.000284203966305455,-0.00358472832480265));
#10847=CARTESIAN_POINT('',(0.00725854146730854,0.00029367171994678,-0.0036208641348707));
#10848=CARTESIAN_POINT('',(0.00726384014656227,0.00063255799651629,-0.0033339156962457));
#10849=CARTESIAN_POINT('',(0.00726123788208124,0.000655107025029358,-0.00336364259704483));
#10850=CARTESIAN_POINT('',(0.00725968132718494,0.000677676209480826,-0.00339339606987925));
#10851=CARTESIAN_POINT('',(0.00725854146730872,0.000700253425683441,-0.00342316013115519));
#10852=CARTESIAN_POINT('',(0.0088,0.000137677073784702,-0.00479587565502884));
#10853=CARTESIAN_POINT('',(0.00744748737341529,5.67162126172906E-5,-0.00344578834524843));
#10854=CARTESIAN_POINT('',(0.00725854146730872,-0.000157618843010834,-0.00364792673471084));
#10855=CARTESIAN_POINT('',(0.0065,-1.3010426069826E-18,-0.0025));
#10856=CARTESIAN_POINT('',(0.00737677669529664,5.24834999004607E-5,-0.00337520446505573));
#10857=CARTESIAN_POINT('',(0.00726384014656228,-0.000142381394922772,-0.00353695349258356));
#10858=CARTESIAN_POINT('',(0.00726123762472097,-0.000147457419052699,-0.003573921812446));
#10859=CARTESIAN_POINT('',(0.00725968124274072,-0.000152537352603319,-0.00361091860433912));
#10860=CARTESIAN_POINT('',(0.00725854146730853,-0.000157618843011029,-0.00364792673471081));
#10861=CARTESIAN_POINT('',(0.0088,-0.000137677073784705,-0.000204124344971163));
#10862=CARTESIAN_POINT('',(0.0065,-8.67361737988404E-19,-0.0025));
#10863=CARTESIAN_POINT('',(0.00725854146730873,-0.000293671719946965,-0.00137913586512935));
#10864=CARTESIAN_POINT('',(0.00744748737341529,-5.67162126172928E-5,-0.00155421165475157));
#10865=CARTESIAN_POINT('',(0.00725854146730872,0.000157618843010832,-0.00135207326528917));
#10866=CARTESIAN_POINT('',(0.0065,-1.3010426069826E-18,-0.0025));
#10867=CARTESIAN_POINT('',(0.00737677669529664,-5.24834999004629E-5,-0.00162479553494427));
#10868=CARTESIAN_POINT('',(0.00726384014656227,-0.00026528166516532,-0.00148749289112187));
#10869=CARTESIAN_POINT('',(0.00726123763949753,-0.000274739140201028,-0.00145139631166273));
#10870=CARTESIAN_POINT('',(0.00725968124758837,-0.000284203966305457,-0.00141527167519735));
#10871=CARTESIAN_POINT('',(0.00725854146730854,-0.000293671719946782,-0.00137913586512931));
#10872=CARTESIAN_POINT('',(0.00726384014656228,0.00014238139492277,-0.00146304650741644));
#10873=CARTESIAN_POINT('',(0.00726123762472097,0.000147457419052697,-0.001426078187554));
#10874=CARTESIAN_POINT('',(0.00725968124274072,0.000152537352603317,-0.00138908139566089));
#10875=CARTESIAN_POINT('',(0.00725854146730853,0.000157618843011027,-0.0013520732652892));
#10876=CARTESIAN_POINT('',(0.00862322330470336,0.000693644633144881,-0.000493277716138883));
#10877=CARTESIAN_POINT('',(0.00855251262658471,0.000670543868249174,-0.000560108507404834));
#10878=CARTESIAN_POINT('',(0.0088,0.000751396545384151,-0.000326200737974002));
#10879=CARTESIAN_POINT('',(0.00744748737341529,0.000309538582251892,-0.00160450115082212));
#10880=CARTESIAN_POINT('',(0.00725854146730878,0.000584913365938685,-0.00149977210482704));
#10881=CARTESIAN_POINT('',(0.0065,-4.33680868994202E-19,-0.0025));
#10882=CARTESIAN_POINT('',(0.00737677669529664,0.000286437817356184,-0.00167133194208808));
#10883=CARTESIAN_POINT('',(0.00726384014656227,0.000528368178324452,-0.00159646689294984));
#10884=CARTESIAN_POINT('',(0.00726123784039621,0.000547203415622005,-0.00156425779865606));
#10885=CARTESIAN_POINT('',(0.00725968131350541,0.000566055111832586,-0.00153202055888828));
#10886=CARTESIAN_POINT('',(0.0072585414673087,0.00058491336593876,-0.00149977210482708));
#10887=CARTESIAN_POINT('',(0.0088,-0.002173799262026,-0.00174860345461585));
#10888=CARTESIAN_POINT('',(0.0065,-2.16840434497101E-18,-0.0025));
#10889=CARTESIAN_POINT('',(0.00725854146730878,-0.00100022789517296,-0.00191508663406132));
#10890=CARTESIAN_POINT('',(0.0065,1.3010426069826E-18,-0.0025));
#10891=CARTESIAN_POINT('',(0.00725854146730883,-0.00114792673471074,-0.00234238115698898));
#10892=CARTESIAN_POINT('',(0.00744748737341529,-0.000895498849177876,-0.00219046141774811));
#10893=CARTESIAN_POINT('',(0.00737677669529664,-0.000828668057911923,-0.00221356218264381));
#10894=CARTESIAN_POINT('',(0.00726384014656227,-0.000903533107050164,-0.00197163182167555));
#10895=CARTESIAN_POINT('',(0.00726123784039621,-0.000935742201343945,-0.001952796584378));
#10896=CARTESIAN_POINT('',(0.00725968131350541,-0.000967979441111723,-0.00193394488816741));
#10897=CARTESIAN_POINT('',(0.0072585414673087,-0.00100022789517292,-0.00191508663406124));
#10898=CARTESIAN_POINT('',(0.00726384014656248,-0.00103695349258079,-0.00235761860507761));
#10899=CARTESIAN_POINT('',(0.00726123761975832,-0.0010739218829388,-0.00235254257126812));
#10900=CARTESIAN_POINT('',(0.00725968124111268,-0.00111091865720098,-0.00234746264013836));
#10901=CARTESIAN_POINT('',(0.00725854146730853,-0.00114792673471073,-0.00234238115698898));
#10902=CARTESIAN_POINT('',(0.0088,-0.00172078163691908,-0.000973923148055087));
#10903=CARTESIAN_POINT('',(0.00744748737341529,-0.000708877771037274,-0.00187133106605254));
#10904=CARTESIAN_POINT('',(0.00725854146730879,-0.000700253425683498,-0.00157683986884486));
#10905=CARTESIAN_POINT('',(0.0065,-1.7347234759768E-18,-0.0025));
#10906=CARTESIAN_POINT('',(0.00737677669529664,-0.000655974450845674,-0.00191824842651437));
#10907=CARTESIAN_POINT('',(0.00726384014656227,-0.000632557996516289,-0.00166608430375431));
#10908=CARTESIAN_POINT('',(0.00726123788208124,-0.000655107025029358,-0.00163635740295518));
#10909=CARTESIAN_POINT('',(0.00725968132718494,-0.000677676209480824,-0.00160660393012075));
#10910=CARTESIAN_POINT('',(0.00725854146730872,-0.000700253425683439,-0.00157683986884482));
#10911=CARTESIAN_POINT('',(0.0088,-0.00100579060651562,-0.000431574208281826));
#10912=CARTESIAN_POINT('',(0.00744748737341529,-0.000414336478249243,-0.00164790986065239));
#10913=CARTESIAN_POINT('',(0.00737677669529664,-0.000383414680061375,-0.00171150107385696));
#10914=CARTESIAN_POINT('',(0.0088,-0.000751396545384151,-0.004673799262026));
#10915=CARTESIAN_POINT('',(0.0074474873734153,-0.000309538582251893,-0.00339549884917788));
#10916=CARTESIAN_POINT('',(0.00725854146730879,-0.000584913365938688,-0.00350022789517297));
#10917=CARTESIAN_POINT('',(0.0065,-4.33680868994202E-19,-0.0025));
#10918=CARTESIAN_POINT('',(0.00737677669529664,-0.000286437817356185,-0.00332866805791193));
#10919=CARTESIAN_POINT('',(0.00726384014656227,-0.000528368178324455,-0.00340353310705017));
#10920=CARTESIAN_POINT('',(0.00726123784039621,-0.000547203415622007,-0.00343574220134395));
#10921=CARTESIAN_POINT('',(0.00725968131350541,-0.000566055111832586,-0.00346797944111173));
#10922=CARTESIAN_POINT('',(0.0072585414673087,-0.00058491336593876,-0.00350022789517292));
#10923=CARTESIAN_POINT('',(0.0088,-0.00152607685194491,-0.00422078163691909));
#10924=CARTESIAN_POINT('',(0.0074474873734153,-0.000628668933947463,-0.00320887777103727));
#10925=CARTESIAN_POINT('',(0.00725854146730879,-0.000923160131155142,-0.0032002534256835));
#10926=CARTESIAN_POINT('',(0.0065,-4.33680868994202E-19,-0.0025));
#10927=CARTESIAN_POINT('',(0.00737677669529664,-0.000581751573485634,-0.00315597445084568));
#10928=CARTESIAN_POINT('',(0.00726384014656227,-0.000833915696245696,-0.00313255799651629));
#10929=CARTESIAN_POINT('',(0.00726123788208124,-0.00086364259704483,-0.00315510702502936));
#10930=CARTESIAN_POINT('',(0.00725968132718494,-0.000893396069879251,-0.00317767620948083));
#10931=CARTESIAN_POINT('',(0.00725854146730872,-0.000923160131155184,-0.00320025342568344));
#10932=CARTESIAN_POINT('',(0.0088,-0.00206842579171817,-0.00350579060651562));
#10933=CARTESIAN_POINT('',(0.0074474873734153,-0.000852090139347609,-0.00291433647824924));
#10934=CARTESIAN_POINT('',(0.00725854146730873,-0.00112086413487065,-0.00279367171994697));
#10935=CARTESIAN_POINT('',(0.0065,1.3010426069826E-18,-0.0025));
#10936=CARTESIAN_POINT('',(0.00737677669529664,-0.00078849892614304,-0.00288341468006137));
#10937=CARTESIAN_POINT('',(0.00726384014656227,-0.00101250710887814,-0.00276528166516532));
#10938=CARTESIAN_POINT('',(0.00726123763668206,-0.00104860372738761,-0.0027747391504324));
#10939=CARTESIAN_POINT('',(0.00725968124666471,-0.00108472835408645,-0.00278420397397795));
#10940=CARTESIAN_POINT('',(0.00725854146730854,-0.0011208641348707,-0.00279367171994678));
#10941=CARTESIAN_POINT('',(0.0088,-0.00229587565502884,-0.00263767707378471));
#10942=CARTESIAN_POINT('',(0.0074474873734153,-0.00094578834524843,-0.00255671621261729));
#10943=CARTESIAN_POINT('',(0.00737677669529664,-0.000875204465055734,-0.00255248349990047));
#10944=CARTESIAN_POINT('',(-0.00737677669529664,0.000581751573485632,-0.00184402554915433));
#10945=CARTESIAN_POINT('',(-0.00726384014656227,0.000833915696245689,-0.00186744200348372));
#10946=CARTESIAN_POINT('',(-0.00726123788208124,0.000863642597044825,-0.00184489297497065));
#10947=CARTESIAN_POINT('',(-0.00725968132718493,0.000893396069879247,-0.00182232379051918));
#10948=CARTESIAN_POINT('',(-0.00725854146730872,0.000923160131155182,-0.00179974657431656));
#10949=CARTESIAN_POINT('',(-0.00725854146730879,0.000923160131155225,-0.00179974657431661));
#10950=CARTESIAN_POINT('',(-0.00744748737341529,0.000628668933947461,-0.00179112222896273));
#10951=CARTESIAN_POINT('',(-0.00862322330470336,0.00140878345079034,-0.000911476663559916));
#10952=CARTESIAN_POINT('',(-0.00855251262658471,0.00136186609032851,-0.000964379983751515));
#10953=CARTESIAN_POINT('',(-0.0088,0.00152607685194491,-0.000779218363080919));
#10954=CARTESIAN_POINT('',(-0.0065,-1.3010426069826E-18,-0.0025));
#10955=CARTESIAN_POINT('',(-0.00862322330470336,0.00190944775870675,-0.00157151388895405));
#10956=CARTESIAN_POINT('',(-0.00855251262658471,0.00184585654550219,-0.00160243568714191));
#10957=CARTESIAN_POINT('',(-0.00737677669529664,0.000788498926143038,-0.00211658531993862));
#10958=CARTESIAN_POINT('',(-0.00744748737341529,0.000852090139347608,-0.00208566352175076));
#10959=CARTESIAN_POINT('',(-0.00725854146730872,0.00112086413487075,-0.0022063282800534));
#10960=CARTESIAN_POINT('',(-0.00726384014656227,0.00101250710887811,-0.00223471833483469));
#10961=CARTESIAN_POINT('',(-0.00726123763668206,0.00104860372738759,-0.0022252608495676));
#10962=CARTESIAN_POINT('',(-0.00725968124666471,0.00108472835408645,-0.00221579602602205));
#10963=CARTESIAN_POINT('',(-0.00725854146730854,0.0011208641348707,-0.00220632828005322));
#10964=CARTESIAN_POINT('',(-0.0088,0.00206842579171817,-0.00149420939348438));
#10965=CARTESIAN_POINT('',(-0.0065,-2.16840434497101E-18,-0.0025));
#10966=CARTESIAN_POINT('',(-0.00862322330470336,0.0021194159545471,-0.00237290470800737));
#10967=CARTESIAN_POINT('',(-0.00855251262658471,0.0020488320743544,-0.0023771374207242));
#10968=CARTESIAN_POINT('',(-0.00737677669529664,0.000875204465055732,-0.00244751650009954));
#10969=CARTESIAN_POINT('',(-0.00726384014656227,0.0010369534925836,-0.00264238139492278));
#10970=CARTESIAN_POINT('',(-0.00726123761975823,0.00107392188294076,-0.00264745742873215));
#10971=CARTESIAN_POINT('',(-0.00725968124111264,0.00111091865720191,-0.00265253735986177));
#10972=CARTESIAN_POINT('',(-0.00725854146730852,0.0011479267347108,-0.00265761884301103));
#10973=CARTESIAN_POINT('',(-0.00725854146730872,0.00114792673471078,-0.00265761884301123));
#10974=CARTESIAN_POINT('',(-0.00744748737341529,0.000945788345248428,-0.00244328378738271));
#10975=CARTESIAN_POINT('',(-0.0088,0.00229587565502884,-0.0023623229262153));
#10976=CARTESIAN_POINT('',(-0.0065,-4.33680868994202E-19,-0.0025));
#10977=CARTESIAN_POINT('',(-0.00737677669529664,0.000828668057911923,-0.00278643781735619));
#10978=CARTESIAN_POINT('',(-0.00744748737341529,0.000895498849177876,-0.0028095385822519));
#10979=CARTESIAN_POINT('',(-0.00725854146730878,0.00100022789517288,-0.00308491336593884));
#10980=CARTESIAN_POINT('',(-0.00726384014656227,0.000903533107050164,-0.00302836817832445));
#10981=CARTESIAN_POINT('',(-0.00726123784039621,0.000935742201343945,-0.00304720341562201));
#10982=CARTESIAN_POINT('',(-0.00725968131350541,0.000967979441111726,-0.00306605511183259));
#10983=CARTESIAN_POINT('',(-0.0072585414673087,0.00100022789517292,-0.00308491336593876));
#10984=CARTESIAN_POINT('',(-0.00862322330470336,0.00200672228386112,-0.00319364463314488));
#10985=CARTESIAN_POINT('',(-0.00855251262658471,0.00193989149259516,-0.00317054386824918));
#10986=CARTESIAN_POINT('',(-0.0088,0.002173799262026,-0.00325139654538416));
#10987=CARTESIAN_POINT('',(-0.0065,-2.16840434497101E-18,-0.0025));
#10988=CARTESIAN_POINT('',(-0.00737677669529664,0.000655974450845675,-0.00308175157348564));
#10989=CARTESIAN_POINT('',(-0.00744748737341529,0.000708877771037274,-0.00312866893394747));
#10990=CARTESIAN_POINT('',(-0.00862322330470337,0.00158852333644009,-0.00390878345079035));
#10991=CARTESIAN_POINT('',(-0.00855251262658471,0.00153562001624849,-0.00386186609032851));
#10992=CARTESIAN_POINT('',(-0.0088,0.00172078163691908,-0.00402607685194491));
#10993=CARTESIAN_POINT('',(0.00737677669529664,0.000581751573485632,-0.00184402554915433));
#10994=CARTESIAN_POINT('',(0.00726384014656227,0.000833915696245689,-0.00186744200348372));
#10995=CARTESIAN_POINT('',(0.00726123788208124,0.000863642597044823,-0.00184489297497065));
#10996=CARTESIAN_POINT('',(0.00725968132718493,0.000893396069879247,-0.00182232379051918));
#10997=CARTESIAN_POINT('',(0.00725854146730872,0.00092316013115518,-0.00179974657431656));
#10998=CARTESIAN_POINT('',(0.00725854146730879,0.000923160131155139,-0.00179974657431651));
#10999=CARTESIAN_POINT('',(0.00744748737341529,0.000628668933947461,-0.00179112222896273));
#11000=CARTESIAN_POINT('',(0.00862322330470336,0.00140878345079034,-0.000911476663559916));
#11001=CARTESIAN_POINT('',(0.00855251262658471,0.00136186609032851,-0.000964379983751515));
#11002=CARTESIAN_POINT('',(0.0088,0.00152607685194491,-0.000779218363080919));
#11003=CARTESIAN_POINT('',(0.0065,-1.7347234759768E-18,-0.0025));
#11004=CARTESIAN_POINT('',(0.00862322330470336,0.00190944775870675,-0.00157151388895405));
#11005=CARTESIAN_POINT('',(0.00855251262658471,0.00184585654550219,-0.00160243568714191));
#11006=CARTESIAN_POINT('',(0.00737677669529664,0.000788498926143038,-0.00211658531993862));
#11007=CARTESIAN_POINT('',(0.00726384014656226,0.00101250710887829,-0.00223471833483464));
#11008=CARTESIAN_POINT('',(0.00726123763949753,0.00104860368833735,-0.00222526085979895));
#11009=CARTESIAN_POINT('',(0.00725968124758837,0.00108472832480266,-0.00221579603369454));
#11010=CARTESIAN_POINT('',(0.00725854146730855,0.00112086413487063,-0.00220632828005324));
#11011=CARTESIAN_POINT('',(0.00725854146730883,0.00112086413487063,-0.00220632828005324));
#11012=CARTESIAN_POINT('',(0.00744748737341529,0.000852090139347608,-0.00208566352175076));
#11013=CARTESIAN_POINT('',(0.0088,0.00206842579171817,-0.00149420939348438));
#11014=CARTESIAN_POINT('',(0.0065,-2.16840434497101E-18,-0.0025));
#11015=CARTESIAN_POINT('',(0.00862322330470336,0.0021194159545471,-0.00237290470800737));
#11016=CARTESIAN_POINT('',(0.00855251262658471,0.0020488320743544,-0.0023771374207242));
#11017=CARTESIAN_POINT('',(0.00737677669529664,0.000875204465055732,-0.00244751650009954));
#11018=CARTESIAN_POINT('',(0.00726384014656228,0.00103695349258355,-0.00264238139492277));
#11019=CARTESIAN_POINT('',(0.00726123762472097,0.001073921812446,-0.0026474574190527));
#11020=CARTESIAN_POINT('',(0.00725968124274072,0.00111091860433911,-0.00265253735260332));
#11021=CARTESIAN_POINT('',(0.00725854146730853,0.0011479267347108,-0.00265761884301103));
#11022=CARTESIAN_POINT('',(0.00725854146730872,0.00114792673471083,-0.00265761884301084));
#11023=CARTESIAN_POINT('',(0.00744748737341529,0.000945788345248428,-0.00244328378738271));
#11024=CARTESIAN_POINT('',(0.0088,0.00229587565502884,-0.0023623229262153));
#11025=CARTESIAN_POINT('',(0.0065,-4.33680868994202E-19,-0.0025));
#11026=CARTESIAN_POINT('',(0.00737677669529664,0.000828668057911923,-0.00278643781735619));
#11027=CARTESIAN_POINT('',(0.00726384014656227,0.000903533107050165,-0.00302836817832446));
#11028=CARTESIAN_POINT('',(0.00726123784039621,0.000935742201343945,-0.00304720341562201));
#11029=CARTESIAN_POINT('',(0.00725968131350541,0.000967979441111724,-0.00306605511183259));
#11030=CARTESIAN_POINT('',(0.0072585414673087,0.00100022789517292,-0.00308491336593876));
#11031=CARTESIAN_POINT('',(0.00725854146730878,0.00100022789517296,-0.00308491336593869));
#11032=CARTESIAN_POINT('',(0.00744748737341529,0.000895498849177876,-0.0028095385822519));
#11033=CARTESIAN_POINT('',(0.00862322330470336,0.00200672228386112,-0.00319364463314488));
#11034=CARTESIAN_POINT('',(0.00855251262658471,0.00193989149259516,-0.00317054386824918));
#11035=CARTESIAN_POINT('',(0.0088,0.002173799262026,-0.00325139654538416));
#11036=CARTESIAN_POINT('',(0.0065,-2.16840434497101E-18,-0.0025));
#11037=CARTESIAN_POINT('',(0.0088,0.00172078163691908,-0.00402607685194491));
#11038=CARTESIAN_POINT('',(0.00855251262658471,0.00153562001624849,-0.00386186609032851));
#11039=CARTESIAN_POINT('',(0.00744748737341529,0.000708877771037274,-0.00312866893394747));
#11040=CARTESIAN_POINT('',(0.00737677669529664,0.000655974450845675,-0.00308175157348564));
#11041=CARTESIAN_POINT('',(0.00862322330470337,0.00158852333644009,-0.00390878345079035));
#11042=CARTESIAN_POINT('',(0.,0.,0.));
#11043=CARTESIAN_POINT('',(0.00751698729810778,-0.0364267392222174,-0.0015));
#11044=CARTESIAN_POINT('',(0.011002,-0.00682473922221737,-0.0015));
#11045=CARTESIAN_POINT('',(0.00530303448853971,-0.00682473922221737,-0.0015));
#11046=CARTESIAN_POINT('',(0.00973094010767585,-0.00682473922221737,-0.0015));
#11047=CARTESIAN_POINT('',(0.00530303448853971,-0.0364267392222174,-0.0015));
#11048=CARTESIAN_POINT('',(0.00530303448853971,-0.0360228154335707,-0.0015));
#11049=CARTESIAN_POINT('',(0.011002,-0.0360228154335707,-0.0015));
#11050=CARTESIAN_POINT('',(0.00973094010767585,-0.0360228154335707,-0.0015));
#11051=CARTESIAN_POINT('',(0.00973094010767585,-0.0364267392222174,-0.0015));
#11052=CARTESIAN_POINT('',(0.00751698729810778,-0.0364267392222174,-0.0015));
#11053=CARTESIAN_POINT('',(0.011002,-0.00602473922221737,-0.0015));
#11054=CARTESIAN_POINT('',(0.00973094010767585,-0.00602473922221737,-0.0015));
#11055=CARTESIAN_POINT('',(0.00530303448853971,-0.00602473922221737,-0.0015));
#11056=CARTESIAN_POINT('',(0.00973094010767585,-0.0364267392222174,-0.0015));
#11057=CARTESIAN_POINT('',(0.00973094010767585,-0.00142473922221737,-0.0015));
#11058=CARTESIAN_POINT('',(0.00751698729810778,-0.00142473922221737,-0.0015));
#11059=CARTESIAN_POINT('',(0.00824065558090179,-0.00142473922221737,-0.0015));
#11060=CARTESIAN_POINT('',(0.00824065558090179,-0.00142473922221737,-0.0015));
#11061=CARTESIAN_POINT('',(0.00833387685858896,-0.00153863103816136,-0.0015));
#11062=CARTESIAN_POINT('',(0.00842914800047791,-0.00165063939128312,-0.0015));
#11063=CARTESIAN_POINT('',(0.00852560657826265,-0.00176155670073402,-0.0015));
#11064=CARTESIAN_POINT('',(0.00852560657826265,-0.00176155670073402,-0.0015));
#11065=CARTESIAN_POINT('',(0.00911312592975276,-0.00241421356237311,-0.0015));
#11066=CARTESIAN_POINT('',(0.00847813655396816,-0.00204098754947842,-0.0015));
#11067=CARTESIAN_POINT('',(0.00847813655396816,-0.00204098754947842,-0.0015));
#11068=CARTESIAN_POINT('',(0.00855716638311053,-0.00203066865564304,-0.0015));
#11069=CARTESIAN_POINT('',(0.00864657111080949,-0.00200410679773708,-0.0015));
#11070=CARTESIAN_POINT('',(0.0086725448610058,-0.00192871749436838,-0.0015));
#11071=CARTESIAN_POINT('',(0.0086725448610058,-0.00192871749436838,-0.0015));
#11072=CARTESIAN_POINT('',(0.00867254486100579,-0.00192871749436839,-0.0015));
#11073=CARTESIAN_POINT('',(0.00878067281968712,-0.00205051492797392,-0.0015));
#11074=CARTESIAN_POINT('',(0.00888997138236497,-0.00217123678344843,-0.0015));
#11075=CARTESIAN_POINT('',(0.009,-0.00229128784747792,-0.0015));
#11076=CARTESIAN_POINT('',(0.009,-0.00229128784747792,-0.0015));
#11077=CARTESIAN_POINT('',(0.009,-0.00152488643866549,-0.0015));
#11078=CARTESIAN_POINT('',(0.009,-0.00281837661840736,-0.0015));
#11079=CARTESIAN_POINT('',(0.009,-0.00281837661840736,-0.0015));
#11080=CARTESIAN_POINT('',(0.00530303448853971,-0.00281837661840736,-0.0015));
#11081=CARTESIAN_POINT('',(0.00530303448853971,-0.0364267392222174,-0.0015));
#11082=CARTESIAN_POINT('',(-0.00751698729810778,-0.0364267392222174,-0.0015));
#11083=CARTESIAN_POINT('',(-0.00973094010767585,-0.0364267392222174,-0.0015));
#11084=CARTESIAN_POINT('',(-0.00973094010767585,-0.00602473922221737,-0.0015));
#11085=CARTESIAN_POINT('',(-0.00973094010767585,-0.00142473922221737,-0.0015));
#11086=CARTESIAN_POINT('',(0.011002,-0.00602473922221737,-0.0015));
#11087=CARTESIAN_POINT('',(-0.00530303448853971,-0.00602473922221739,-0.0015));
#11088=CARTESIAN_POINT('',(-0.00530303448853971,-0.0364267392222174,-0.0015));
#11089=CARTESIAN_POINT('',(-0.00530303448853971,-0.00281837661840736,-0.0015));
#11090=CARTESIAN_POINT('',(-0.005,-0.00281837661840736,-0.0015));
#11091=CARTESIAN_POINT('',(-0.009,-0.00281837661840736,-0.0015));
#11092=CARTESIAN_POINT('',(-0.009,-0.00152488643866549,-0.0015));
#11093=CARTESIAN_POINT('',(-0.009,-0.00229128784747792,-0.0015));
#11094=CARTESIAN_POINT('',(-0.009,-0.00229128784747792,-0.0015));
#11095=CARTESIAN_POINT('',(-0.00888995964982477,-0.00217122398219758,-0.0015));
#11096=CARTESIAN_POINT('',(-0.00878065936209332,-0.00205049976907879,-0.0015));
#11097=CARTESIAN_POINT('',(-0.00867254486100579,-0.00192871749436839,-0.0015));
#11098=CARTESIAN_POINT('',(-0.00867254486100579,-0.00192871749436838,-0.0015));
#11099=CARTESIAN_POINT('',(-0.00847813655398818,-0.00204098754947581,-0.0015));
#11100=CARTESIAN_POINT('',(-0.00855716638312377,-0.00203066865563973,-0.0015));
#11101=CARTESIAN_POINT('',(-0.00864657111081169,-0.00200410679773071,-0.0015));
#11102=CARTESIAN_POINT('',(-0.0086725448610058,-0.00192871749436839,-0.0015));
#11103=CARTESIAN_POINT('',(-0.00847813655398903,-0.00204098754948822,-0.0015));
#11104=CARTESIAN_POINT('',(-0.00911312592975276,-0.00241421356237311,-0.0015));
#11105=CARTESIAN_POINT('',(-0.00852560657826265,-0.00176155670073402,-0.0015));
#11106=CARTESIAN_POINT('',(-0.00852560657826265,-0.00176155670073402,-0.0015));
#11107=CARTESIAN_POINT('',(-0.00842910255650333,-0.00165058713544949,-0.0015));
#11108=CARTESIAN_POINT('',(-0.00833373398030426,-0.00153845647857896,-0.0015));
#11109=CARTESIAN_POINT('',(-0.0082406555809018,-0.00142473922221737,-0.0015));
#11110=CARTESIAN_POINT('',(-0.0082406555809018,-0.00142473922221737,-0.0015));
#11111=CARTESIAN_POINT('',(-0.00751698729810778,-0.00142473922221737,-0.0015));
#11112=CARTESIAN_POINT('',(-0.00751698729810778,-0.0364267392222174,-0.0015));
#11113=CARTESIAN_POINT('',(-0.00530303448853971,-0.0364267392222174,-0.0015));
#11114=CARTESIAN_POINT('',(-0.00530303448853971,-0.0360228154335707,-0.0015));
#11115=CARTESIAN_POINT('',(-0.00530303448853971,-0.00682473922221739,-0.0015));
#11116=CARTESIAN_POINT('',(0.011002,-0.00682473922221737,-0.0015));
#11117=CARTESIAN_POINT('',(-0.00973094010767585,-0.00682473922221737,-0.0015));
#11118=CARTESIAN_POINT('',(-0.00973094010767585,-0.0364267392222174,-0.0015));
#11119=CARTESIAN_POINT('',(-0.00973094010767585,-0.0360228154335707,-0.0015));
#11120=CARTESIAN_POINT('',(0.011002,-0.0360228154335707,-0.0015));
#11121=CARTESIAN_POINT('',(-0.009,-0.00152488643866549,-0.00409801060310029));
#11122=CARTESIAN_POINT('',(-0.009,3.85494105772624E-19,-0.0025));
#11123=CARTESIAN_POINT('',(-0.009,-0.00101980390271855,0.));
#11124=CARTESIAN_POINT('',(-0.009,-0.00146803571802717,-0.000233974596215561));
#11125=CARTESIAN_POINT('',(-0.009,-0.00152488643866549,-0.000233974596215561));
#11126=CARTESIAN_POINT('',(-0.009,-0.00142473922221737,-0.000233974596215561));
#11127=CARTESIAN_POINT('',(-0.009,-0.00142473922221737,-0.00409801060310029));
#11128=CARTESIAN_POINT('',(-0.00900000000000015,-0.00142473922221737,-0.000445707384846021));
#11129=CARTESIAN_POINT('',(-0.009,-4.33680868994202E-19,-0.0025));
#11130=CARTESIAN_POINT('',(-0.009,3.85494105772624E-19,0.));
#11131=CARTESIAN_POINT('',(-0.009,-0.000712369611108685,0.));
#11132=CARTESIAN_POINT('',(-0.009,-0.00152488643866549,-0.00409801060310029));
#11133=CARTESIAN_POINT('',(-0.009,-4.33680868994202E-19,-0.0025));
#11134=CARTESIAN_POINT('',(-0.009,-0.000434313112646352,-0.00496198540210608));
#11135=CARTESIAN_POINT('',(-0.009,-0.00380019127138598,-0.00248181465297863));
#11136=CARTESIAN_POINT('',(-0.009,-0.00580985141200699,-0.00449147479359964));
#11137=CARTESIAN_POINT('',(-0.009,-0.0166617680335693,-0.00354162724183354));
#11138=CARTESIAN_POINT('',(-0.005,3.85494105772624E-19,-0.0025));
#11139=CARTESIAN_POINT('',(-0.005,-0.00190918830920368,-0.000590811690796324));
#11140=CARTESIAN_POINT('',(-0.005,-0.00190918830920368,-0.000590811690796324));
#11141=CARTESIAN_POINT('',(-0.00582795460360252,-0.00190918830920368,-0.000590811690796324));
#11142=CARTESIAN_POINT('',(-0.00472568421935009,3.85494105772624E-19,-0.0025));
#11143=CARTESIAN_POINT('',(-0.00604983402818032,-0.00142473922221737,-0.00020650525427342));
#11144=CARTESIAN_POINT('',(-0.005,-0.00142473922221737,-0.00020650525427342));
#11145=CARTESIAN_POINT('',(-0.00898414056803525,-0.00142473922221737,-0.00020650525427342));
#11146=CARTESIAN_POINT('',(-0.0103082903768655,3.85494105772624E-19,-0.0025));
#11147=CARTESIAN_POINT('',(-0.005,-0.00101980390271855,0.));
#11148=CARTESIAN_POINT('',(-0.005,-0.00101980390271855,0.));
#11149=CARTESIAN_POINT('',(-0.005,3.85494105772624E-19,-0.0025));
#11150=CARTESIAN_POINT('',(-0.005,-0.00380019127138598,-0.00248181465297863));
#11151=CARTESIAN_POINT('',(-0.00477387160086987,-0.00373491362533139,-0.00241653700692403));
#11152=CARTESIAN_POINT('',(-0.005,-0.00380019127138598,-0.00248181465297863));
#11153=CARTESIAN_POINT('',(-0.005,-0.00580985141200699,-0.00449147479359964));
#11154=CARTESIAN_POINT('',(-0.005,-0.00580985141200699,-0.00449147479359964));
#11155=CARTESIAN_POINT('',(0.009,-0.00152488643866549,-0.00409801060310029));
#11156=CARTESIAN_POINT('',(0.009,-4.33680868994202E-19,-0.0025));
#11157=CARTESIAN_POINT('',(0.009,-4.33680868994202E-19,0.));
#11158=CARTESIAN_POINT('',(0.009,-0.00142473922221737,-0.000445707384846197));
#11159=CARTESIAN_POINT('',(0.009,-0.00142473922221737,-0.00409801060310029));
#11160=CARTESIAN_POINT('',(0.009,-0.00142473922221737,-0.00023397459621556));
#11161=CARTESIAN_POINT('',(0.009,-0.00152488643866549,-0.000233974596215561));
#11162=CARTESIAN_POINT('',(0.009,-0.00146803571802717,-0.000233974596215561));
#11163=CARTESIAN_POINT('',(0.009,3.08395284618099E-18,-0.0025));
#11164=CARTESIAN_POINT('',(0.009,-0.00101980390271855,0.));
#11165=CARTESIAN_POINT('',(0.009,-0.000712369611108685,0.));
#11166=CARTESIAN_POINT('',(0.011,-0.0334247392222174,-0.003));
#11167=CARTESIAN_POINT('',(0.011,-0.036379162481254,-0.00352094453300079));
#11168=CARTESIAN_POINT('',(0.011,-0.036379162481254,-0.00352094453300079));
#11169=CARTESIAN_POINT('',(-0.011,-0.036379162481254,-0.00352094453300079));
#11170=CARTESIAN_POINT('',(0.011,-0.0334247392222174,-0.003));
#11171=CARTESIAN_POINT('',(0.011,-0.0334247392222174,-8.67361737988404E-19));
#11172=CARTESIAN_POINT('',(0.011,-0.0334247392222174,-8.67361737988404E-19));
#11173=CARTESIAN_POINT('',(0.00886491470389141,-0.0334247392222174,-8.67361737988404E-19));
#11174=CARTESIAN_POINT('',(0.0105969655114603,-0.0334247392222174,-0.003));
#11175=CARTESIAN_POINT('',(0.00443700908475528,-0.0334247392222174,-0.003));
#11176=CARTESIAN_POINT('',(0.00616905989232415,-0.0334247392222174,-8.67361737988404E-19));
#11177=CARTESIAN_POINT('',(0.011,-0.0334247392222174,-8.67361737988404E-19));
#11178=CARTESIAN_POINT('',(-0.00616905989232415,-0.0334247392222174,-8.67361737988404E-19));
#11179=CARTESIAN_POINT('',(-0.00443700908475528,-0.0334247392222174,-0.003));
#11180=CARTESIAN_POINT('',(-0.0105969655114603,-0.0334247392222174,-0.003));
#11181=CARTESIAN_POINT('',(-0.00886491470389141,-0.0334247392222174,-8.67361737988404E-19));
#11182=CARTESIAN_POINT('',(0.011,-0.0334247392222174,-8.67361737988404E-19));
#11183=CARTESIAN_POINT('',(-0.011,-0.0334247392222174,-8.67361737988404E-19));
#11184=CARTESIAN_POINT('',(-0.011,-0.0334247392222174,-0.003));
#11185=CARTESIAN_POINT('',(0.011,-0.000712369611108685,0.));
#11186=CARTESIAN_POINT('',(-0.011,-0.000712369611108685,0.));
#11187=CARTESIAN_POINT('',(-0.011,0.,0.));
#11188=CARTESIAN_POINT('',(-0.00886491470389141,-0.0364267392222174,0.));
#11189=CARTESIAN_POINT('',(-0.00886491470389142,-0.00142473922221737,0.));
#11190=CARTESIAN_POINT('',(0.011,-0.00142473922221737,0.));
#11191=CARTESIAN_POINT('',(-0.00616905989232415,-0.00142473922221737,0.));
#11192=CARTESIAN_POINT('',(-0.00616905989232415,-0.000712369611108684,0.));
#11193=CARTESIAN_POINT('',(0.00616905989232415,-0.000712369611108686,0.));
#11194=CARTESIAN_POINT('',(0.00616905989232415,-0.00142473922221737,0.));
#11195=CARTESIAN_POINT('',(0.011,-0.00142473922221737,0.));
#11196=CARTESIAN_POINT('',(0.00886491470389141,-0.00142473922221737,0.));
#11197=CARTESIAN_POINT('',(0.00886491470389141,-0.0364267392222174,0.));
#11198=CARTESIAN_POINT('',(0.011,-0.000712369611108685,0.));
#11199=CARTESIAN_POINT('',(0.011,0.,0.));
#11200=CARTESIAN_POINT('',(0.011,0.,0.));
#11201=CARTESIAN_POINT('',(0.009,-0.00101980390271855,0.));
#11202=CARTESIAN_POINT('',(0.005,-0.00101980390271855,0.));
#11203=CARTESIAN_POINT('',(0.005,-0.000712369611108685,0.));
#11204=CARTESIAN_POINT('',(0.005,3.08395284618099E-18,0.));
#11205=CARTESIAN_POINT('',(0.011,0.,0.));
#11206=CARTESIAN_POINT('',(0.002,-4.33680868994202E-19,0.));
#11207=CARTESIAN_POINT('',(0.002,-0.000712369611108685,0.));
#11208=CARTESIAN_POINT('',(0.002,-0.00101980390271855,0.));
#11209=CARTESIAN_POINT('',(0.002,-0.00101980390271855,0.));
#11210=CARTESIAN_POINT('',(-0.002,-0.00101980390271855,0.));
#11211=CARTESIAN_POINT('',(-0.002,-0.000712369611108685,0.));
#11212=CARTESIAN_POINT('',(-0.002,1.7347234759768E-18,0.));
#11213=CARTESIAN_POINT('',(0.011,0.,0.));
#11214=CARTESIAN_POINT('',(-0.005,-4.33680868994202E-19,0.));
#11215=CARTESIAN_POINT('',(-0.005,-0.000712369611108685,0.));
#11216=CARTESIAN_POINT('',(0.011,0.,0.));
#11217=CARTESIAN_POINT('',(0.009,-4.33680868994202E-19,-0.0025));
#11218=CARTESIAN_POINT('',(0.00899999999999973,-0.00142473922221737,-0.000445707384845997));
#11219=CARTESIAN_POINT('',(0.0088930029911104,-0.00142473922221737,-0.000575918884536994));
#11220=CARTESIAN_POINT('',(0.00878800339378993,-0.00142473922221737,-0.00070759562601909));
#11221=CARTESIAN_POINT('',(0.00868629485840936,-0.00142473922221737,-0.000841686592774855));
#11222=CARTESIAN_POINT('',(0.00868629485840933,-0.00142473922221737,-0.000841686592774831));
#11223=CARTESIAN_POINT('',(0.009,1.61680620523054E-18,-0.0025));
#11224=CARTESIAN_POINT('',(0.009,-4.33680868994202E-19,-0.005));
#11225=CARTESIAN_POINT('',(0.009,-4.33680868994202E-19,-0.0025));
#11226=CARTESIAN_POINT('',(0.009,-0.000434313112646366,-0.00496198540210608));
#11227=CARTESIAN_POINT('',(0.009,-4.33680868994202E-19,-0.0025));
#11228=CARTESIAN_POINT('',(0.0088,-0.00212492292477596,-0.00161982810556029));
#11229=CARTESIAN_POINT('',(0.00875618160526978,-0.00206072566239655,-0.00157934518752637));
#11230=CARTESIAN_POINT('',(0.00871362078100749,-0.00199538582283177,-0.00153934509251684));
#11231=CARTESIAN_POINT('',(0.00867254486100579,-0.00192871749436839,-0.0015));
#11232=CARTESIAN_POINT('',(0.0088,-0.00212492292477596,-0.00161982810556029));
#11233=CARTESIAN_POINT('',(0.0088,-0.00212492292477596,-0.00161982810556029));
#11234=CARTESIAN_POINT('',(0.00874105490776334,-0.00210236561456827,-0.00171940089028151));
#11235=CARTESIAN_POINT('',(0.00868433823292024,-0.00207771232060172,-0.00181990264694681));
#11236=CARTESIAN_POINT('',(0.00863056968945761,-0.00205040358931258,-0.00192105930997246));
#11237=CARTESIAN_POINT('',(0.00863056968945761,-0.00205040358931258,-0.00192105930997246));
#11238=CARTESIAN_POINT('',(0.00777836127005148,-0.00125379791670408,-0.0022506040881727));
#11239=CARTESIAN_POINT('',(0.00806132329087357,-0.00152039608759228,-0.00214046813262925));
#11240=CARTESIAN_POINT('',(0.00834583679439639,-0.00178550214326125,-0.00203072235681783));
#11241=CARTESIAN_POINT('',(0.00863056968945761,-0.00205040358931259,-0.00192105930997245));
#11242=CARTESIAN_POINT('',(0.00777836127005149,-0.00125379791670408,-0.00225060408817271));
#11243=CARTESIAN_POINT('',(0.00863056968945761,-0.00211587691994913,-0.00225021597076257));
#11244=CARTESIAN_POINT('',(0.00834583547425305,-0.00182917233536047,-0.00225027392119138));
#11245=CARTESIAN_POINT('',(0.00806132154336417,-0.00154224793427377,-0.00225033374186474));
#11246=CARTESIAN_POINT('',(0.00777836127005149,-0.00125379791670408,-0.00225060408817271));
#11247=CARTESIAN_POINT('',(0.00863056968945761,-0.00211587691994912,-0.00225021597076257));
#11248=CARTESIAN_POINT('',(0.0088,-0.0023,-0.0025));
#11249=CARTESIAN_POINT('',(0.00874105490776749,-0.00224105490776749,-0.00241663905109025));
#11250=CARTESIAN_POINT('',(0.00868433823292024,-0.00217981787685926,-0.00233322194228585));
#11251=CARTESIAN_POINT('',(0.00863056968945761,-0.00211587691994913,-0.00225021597076257));
#11252=CARTESIAN_POINT('',(0.0088,-0.0023,-0.0025));
#11253=CARTESIAN_POINT('',(0.0088,-0.0023,-0.0025));
#11254=CARTESIAN_POINT('',(0.00874105490776655,-0.00224105490776655,-0.00258336094890842));
#11255=CARTESIAN_POINT('',(0.00868433823292025,-0.00217981787685927,-0.00266677805771415));
#11256=CARTESIAN_POINT('',(0.00863056968945762,-0.00211587691994914,-0.00274978402923742));
#11257=CARTESIAN_POINT('',(0.00863056968945746,-0.00211587691994927,-0.00274978402923744));
#11258=CARTESIAN_POINT('',(0.00777836127004785,-0.00125379791670574,-0.00274939591182768));
#11259=CARTESIAN_POINT('',(0.00806132401278605,-0.00154225045161057,-0.00274966626049494));
#11260=CARTESIAN_POINT('',(0.00834583614570139,-0.00182917301145555,-0.00274972607894529));
#11261=CARTESIAN_POINT('',(0.00863056968945746,-0.00211587691994927,-0.00274978402923744));
#11262=CARTESIAN_POINT('',(0.00777836127004665,-0.00125379791670693,-0.00274939591182786));
#11263=CARTESIAN_POINT('',(0.0086305696894576,-0.00205040358931258,-0.00307894069002754));
#11264=CARTESIAN_POINT('',(0.00834583589514463,-0.00178550130664175,-0.00296927729684112));
#11265=CARTESIAN_POINT('',(0.00806132205043071,-0.00152039491889229,-0.00285953138456163));
#11266=CARTESIAN_POINT('',(0.00777836127004665,-0.00125379791670693,-0.00274939591182786));
#11267=CARTESIAN_POINT('',(0.00863056968945761,-0.00205040358931258,-0.00307894069002754));
#11268=CARTESIAN_POINT('',(0.0088,-0.00212492292477596,-0.00338017189443971));
#11269=CARTESIAN_POINT('',(0.00874105490776334,-0.00210236561456827,-0.00328059910971849));
#11270=CARTESIAN_POINT('',(0.00868433823292024,-0.00207771232060172,-0.00318009735305319));
#11271=CARTESIAN_POINT('',(0.00863056968945761,-0.00205040358931258,-0.00307894069002754));
#11272=CARTESIAN_POINT('',(0.0088,-0.00212492292477596,-0.00338017189443971));
#11273=CARTESIAN_POINT('',(0.0088,-0.00212492292477597,-0.00338017189443971));
#11274=CARTESIAN_POINT('',(0.00874105490775058,-0.00203856390645989,-0.00343463005870297));
#11275=CARTESIAN_POINT('',(0.00868433823292024,-0.00195006592146325,-0.00348826302104138));
#11276=CARTESIAN_POINT('',(0.00863056968945761,-0.00185922716999546,-0.00354048139434887));
#11277=CARTESIAN_POINT('',(0.00863056968945761,-0.00185922716999546,-0.00354048139434887));
#11278=CARTESIAN_POINT('',(0.00777836127005125,-0.00106291854959247,-0.00321021946868585));
#11279=CARTESIAN_POINT('',(0.00806132403843494,-0.00132931050887972,-0.00332085525444514));
#11280=CARTESIAN_POINT('',(0.00834583616109488,-0.00159436948798264,-0.00343071102541962));
#11281=CARTESIAN_POINT('',(0.00863056968945761,-0.00185922716999546,-0.00354048139434887));
#11282=CARTESIAN_POINT('',(0.00777836127005147,-0.00106291854959229,-0.00321021946868573));
#11283=CARTESIAN_POINT('',(0.00863056968945761,-0.00167277489915802,-0.00381952693734625));
#11284=CARTESIAN_POINT('',(0.0083458354861407,-0.00147000317452265,-0.00361683716698982));
#11285=CARTESIAN_POINT('',(0.00806132064178149,-0.00126707402626401,-0.00341399261916037));
#11286=CARTESIAN_POINT('',(0.00777836127005147,-0.00106291854959229,-0.00321021946868573));
#11287=CARTESIAN_POINT('',(0.00863056968945761,-0.00167277489915802,-0.00381952693734625));
#11288=CARTESIAN_POINT('',(0.0088,-0.00162634559672906,-0.00412634559672907));
#11289=CARTESIAN_POINT('',(0.00874105490776035,-0.00164361021454184,-0.00402572003003565));
#11290=CARTESIAN_POINT('',(0.00868433823292024,-0.00165929389804165,-0.00392343410691605));
#11291=CARTESIAN_POINT('',(0.00863056968945761,-0.00167277489915802,-0.00381952693734625));
#11292=CARTESIAN_POINT('',(0.0088,-0.00162634559672906,-0.00412634559672907));
#11293=CARTESIAN_POINT('',(0.0088,-0.00162634559672906,-0.00412634559672907));
#11294=CARTESIAN_POINT('',(0.00874105490774702,-0.00152572003003955,-0.00414361021451908));
#11295=CARTESIAN_POINT('',(0.00868433823292024,-0.00142343410691605,-0.00415929389804165));
#11296=CARTESIAN_POINT('',(0.00863056968945761,-0.00131952693734625,-0.00417277489915802));
#11297=CARTESIAN_POINT('',(0.00863056968945761,-0.00131952693734625,-0.00417277489915802));
#11298=CARTESIAN_POINT('',(0.00777836127005148,-0.000710219468685752,-0.00356291854959231));
#11299=CARTESIAN_POINT('',(0.00806132446310922,-0.000913995371089007,-0.0037670767833559));
#11300=CARTESIAN_POINT('',(0.00834583641717791,-0.00111683782975431,-0.00397000383755511));
#11301=CARTESIAN_POINT('',(0.00863056968945761,-0.00131952693734625,-0.00417277489915802));
#11302=CARTESIAN_POINT('',(0.00777836127005149,-0.000710219468685739,-0.0035629185495923));
#11303=CARTESIAN_POINT('',(0.00863056968945761,-0.00104048139434887,-0.00435922716999546));
#11304=CARTESIAN_POINT('',(0.00834583549711229,-0.00093071076944129,-0.00409436887034941));
#11305=CARTESIAN_POINT('',(0.00806132038760527,-0.000820853827004827,-0.00382930707184882));
#11306=CARTESIAN_POINT('',(0.00777836127005149,-0.00071021946868574,-0.0035629185495923));
#11307=CARTESIAN_POINT('',(0.00863056968945761,-0.00104048139434887,-0.00435922716999545));
#11308=CARTESIAN_POINT('',(0.0088,-0.000880171894439709,-0.00462492292477596));
#11309=CARTESIAN_POINT('',(0.0087410549077587,-0.000934630058716684,-0.00453856390646299));
#11310=CARTESIAN_POINT('',(0.00868433823292024,-0.000988263021041375,-0.00445006592146325));
#11311=CARTESIAN_POINT('',(0.0086305696894576,-0.00104048139434887,-0.00435922716999546));
#11312=CARTESIAN_POINT('',(0.0088,-0.000880171894439709,-0.00462492292477596));
#11313=CARTESIAN_POINT('',(0.0088,-0.000880171894439709,-0.00462492292477596));
#11314=CARTESIAN_POINT('',(0.00874105490775577,-0.000780599109725482,-0.00460236561455718));
#11315=CARTESIAN_POINT('',(0.00868433823292024,-0.000680097353053195,-0.00457771232060171));
#11316=CARTESIAN_POINT('',(0.0086305696894576,-0.000578940690027544,-0.00455040358931258));
#11317=CARTESIAN_POINT('',(0.0086305696894576,-0.000578940690027545,-0.00455040358931258));
#11318=CARTESIAN_POINT('',(0.00777836127005147,-0.000249395911827293,-0.00375379791670407));
#11319=CARTESIAN_POINT('',(0.00806132329087357,-0.000359531867370745,-0.00402039608759227));
#11320=CARTESIAN_POINT('',(0.00834583679439639,-0.000469277643182163,-0.00428550214326124));
#11321=CARTESIAN_POINT('',(0.0086305696894576,-0.000578940690027545,-0.00455040358931258));
#11322=CARTESIAN_POINT('',(0.00777836127005148,-0.00024939591182729,-0.00375379791670407));
#11323=CARTESIAN_POINT('',(0.0086305696894576,-0.00024978402923743,-0.00461587691994912));
#11324=CARTESIAN_POINT('',(0.00834583547425304,-0.000249726078808623,-0.00432917233536046));
#11325=CARTESIAN_POINT('',(0.00806132154336416,-0.000249666258135262,-0.00404224793427376));
#11326=CARTESIAN_POINT('',(0.00777836127005148,-0.00024939591182729,-0.00375379791670407));
#11327=CARTESIAN_POINT('',(0.0086305696894576,-0.000249784029237432,-0.00461587691994912));
#11328=CARTESIAN_POINT('',(0.0088,-4.86147757280961E-20,-0.0048));
#11329=CARTESIAN_POINT('',(0.00874105490776013,-8.33609488993433E-5,-0.00474105490776013));
#11330=CARTESIAN_POINT('',(0.00868433823292023,-0.000166778057714152,-0.00467981787685926));
#11331=CARTESIAN_POINT('',(0.0086305696894576,-0.00024978402923743,-0.00461587691994912));
#11332=CARTESIAN_POINT('',(0.0088,-4.86147757280961E-20,-0.0048));
#11333=CARTESIAN_POINT('',(0.0088,-4.86147757280961E-20,-0.0048));
#11334=CARTESIAN_POINT('',(0.00874105490776013,8.33609488993392E-5,-0.00474105490776013));
#11335=CARTESIAN_POINT('',(0.00868433823292024,0.000166778057714143,-0.00467981787685926));
#11336=CARTESIAN_POINT('',(0.00863056968945761,0.000249784029237418,-0.00461587691994913));
#11337=CARTESIAN_POINT('',(0.00863056968945746,0.000249784029237443,-0.00461587691994926));
#11338=CARTESIAN_POINT('',(0.00777836127004785,0.000249395911827682,-0.00375379791670574));
#11339=CARTESIAN_POINT('',(0.00806132401278605,0.000249666260494938,-0.00404225045161056));
#11340=CARTESIAN_POINT('',(0.00834583614570139,0.000249726078945293,-0.00432917301145554));
#11341=CARTESIAN_POINT('',(0.00863056968945746,0.000249784029237443,-0.00461587691994926));
#11342=CARTESIAN_POINT('',(0.00777836127004665,0.000249395911827859,-0.00375379791670693));
#11343=CARTESIAN_POINT('',(0.0086305696894576,0.000578940690027544,-0.00455040358931258));
#11344=CARTESIAN_POINT('',(0.00834583589514463,0.00046927729684112,-0.00428550130664175));
#11345=CARTESIAN_POINT('',(0.00806132205043071,0.000359531384561627,-0.00402039491889229));
#11346=CARTESIAN_POINT('',(0.00777836127004665,0.00024939591182786,-0.00375379791670693));
#11347=CARTESIAN_POINT('',(0.0086305696894576,0.000578940690027543,-0.00455040358931258));
#11348=CARTESIAN_POINT('',(0.0088,0.000880171894439709,-0.00462492292477596));
#11349=CARTESIAN_POINT('',(0.00874105490775577,0.000780599109725482,-0.00460236561455718));
#11350=CARTESIAN_POINT('',(0.00868433823292023,0.000680097353053194,-0.00457771232060171));
#11351=CARTESIAN_POINT('',(0.0086305696894576,0.000578940690027542,-0.00455040358931258));
#11352=CARTESIAN_POINT('',(0.0088,0.000880171894439709,-0.00462492292477596));
#11353=CARTESIAN_POINT('',(0.0088,0.000880171894439709,-0.00462492292477596));
#11354=CARTESIAN_POINT('',(0.0087410549077526,0.000934630058706379,-0.00453856390646066));
#11355=CARTESIAN_POINT('',(0.00868433823292024,0.000988263021041377,-0.00445006592146324));
#11356=CARTESIAN_POINT('',(0.0086305696894576,0.00104048139434887,-0.00435922716999545));
#11357=CARTESIAN_POINT('',(0.0086305696894576,0.00104048139434887,-0.00435922716999545));
#11358=CARTESIAN_POINT('',(0.00777836127005126,0.000710219468685848,-0.00356291854959248));
#11359=CARTESIAN_POINT('',(0.00806132403843494,0.000820855254445144,-0.00382931050887972));
#11360=CARTESIAN_POINT('',(0.00834583616109488,0.000930711025419621,-0.00409436948798264));
#11361=CARTESIAN_POINT('',(0.0086305696894576,0.00104048139434887,-0.00435922716999545));
#11362=CARTESIAN_POINT('',(0.00777836127005148,0.000710219468685735,-0.00356291854959229));
#11363=CARTESIAN_POINT('',(0.0086305696894576,0.00131952693734624,-0.00417277489915801));
#11364=CARTESIAN_POINT('',(0.0083458354861407,0.00111683716698982,-0.00397000317452265));
#11365=CARTESIAN_POINT('',(0.00806132064178149,0.000913992619160373,-0.00376707402626401));
#11366=CARTESIAN_POINT('',(0.00777836127005148,0.000710219468685735,-0.00356291854959229));
#11367=CARTESIAN_POINT('',(0.0086305696894576,0.00131952693734624,-0.00417277489915801));
#11368=CARTESIAN_POINT('',(0.0088,0.00162634559672906,-0.00412634559672906));
#11369=CARTESIAN_POINT('',(0.00874105490775605,0.0015257200300369,-0.0041436102145345));
#11370=CARTESIAN_POINT('',(0.00868433823292023,0.00142343410691605,-0.00415929389804164));
#11371=CARTESIAN_POINT('',(0.0086305696894576,0.00131952693734624,-0.00417277489915802));
#11372=CARTESIAN_POINT('',(0.0088,0.00162634559672906,-0.00412634559672906));
#11373=CARTESIAN_POINT('',(0.0088,0.00162634559672906,-0.00412634559672906));
#11374=CARTESIAN_POINT('',(0.00874105490775568,0.00164361021453386,-0.00402572003003701));
#11375=CARTESIAN_POINT('',(0.00868433823292023,0.00165929389804164,-0.00392343410691605));
#11376=CARTESIAN_POINT('',(0.0086305696894576,0.00167277489915801,-0.00381952693734624));
#11377=CARTESIAN_POINT('',(0.0086305696894576,0.00167277489915802,-0.00381952693734625));
#11378=CARTESIAN_POINT('',(0.00777836127005146,0.0010629185495923,-0.00321021946868574));
#11379=CARTESIAN_POINT('',(0.00806132446310921,0.0012670767833559,-0.00341399537108899));
#11380=CARTESIAN_POINT('',(0.0083458364171779,0.00147000383755511,-0.0036168378297543));
#11381=CARTESIAN_POINT('',(0.0086305696894576,0.00167277489915802,-0.00381952693734625));
#11382=CARTESIAN_POINT('',(0.00777836127005147,0.00106291854959229,-0.00321021946868573));
#11383=CARTESIAN_POINT('',(0.00863056968945761,0.00185922716999546,-0.00354048139434887));
#11384=CARTESIAN_POINT('',(0.00834583549711228,0.0015943688703494,-0.00343071076944128));
#11385=CARTESIAN_POINT('',(0.00806132038760526,0.00132930707184881,-0.00332085382700482));
#11386=CARTESIAN_POINT('',(0.00777836127005147,0.00106291854959229,-0.00321021946868573));
#11387=CARTESIAN_POINT('',(0.00863056968945761,0.00185922716999545,-0.00354048139434887));
#11388=CARTESIAN_POINT('',(0.0088,0.00212492292477596,-0.00338017189443971));
#11389=CARTESIAN_POINT('',(0.00874105490775338,0.00203856390646096,-0.0034346300587077));
#11390=CARTESIAN_POINT('',(0.00868433823292024,0.00195006592146324,-0.00348826302104138));
#11391=CARTESIAN_POINT('',(0.0086305696894576,0.00185922716999546,-0.00354048139434887));
#11392=CARTESIAN_POINT('',(0.0088,0.00212492292477596,-0.00338017189443971));
#11393=CARTESIAN_POINT('',(0.0088,0.00212492292477596,-0.00338017189443971));
#11394=CARTESIAN_POINT('',(0.00874105490776334,0.00210236561456827,-0.00328059910971849));
#11395=CARTESIAN_POINT('',(0.00868433823292024,0.00207771232060171,-0.0031800973530532));
#11396=CARTESIAN_POINT('',(0.0086305696894576,0.00205040358931258,-0.00307894069002754));
#11397=CARTESIAN_POINT('',(0.0086305696894576,0.00205040358931258,-0.00307894069002754));
#11398=CARTESIAN_POINT('',(0.00777836127005148,0.00125379791670408,-0.00274939591182729));
#11399=CARTESIAN_POINT('',(0.00806132329087357,0.00152039608759227,-0.00285953186737074));
#11400=CARTESIAN_POINT('',(0.00834583679439639,0.00178550214326125,-0.00296927764318216));
#11401=CARTESIAN_POINT('',(0.0086305696894576,0.00205040358931258,-0.00307894069002754));
#11402=CARTESIAN_POINT('',(0.00777836127005148,0.00125379791670407,-0.00274939591182729));
#11403=CARTESIAN_POINT('',(0.0086305696894576,0.00211587691994912,-0.00274978402923743));
#11404=CARTESIAN_POINT('',(0.00834583547425304,0.00182917233536047,-0.00274972607880862));
#11405=CARTESIAN_POINT('',(0.00806132154336416,0.00154224793427376,-0.00274966625813526));
#11406=CARTESIAN_POINT('',(0.00777836127005148,0.00125379791670407,-0.00274939591182729));
#11407=CARTESIAN_POINT('',(0.0086305696894576,0.00211587691994912,-0.00274978402923743));
#11408=CARTESIAN_POINT('',(0.0088,0.0023,-0.0025));
#11409=CARTESIAN_POINT('',(0.00874105490775924,0.00224105490775924,-0.00258336094889809));
#11410=CARTESIAN_POINT('',(0.00868433823292023,0.00217981787685926,-0.00266677805771415));
#11411=CARTESIAN_POINT('',(0.0086305696894576,0.00211587691994912,-0.00274978402923743));
#11412=CARTESIAN_POINT('',(0.0088,0.0023,-0.0025));
#11413=CARTESIAN_POINT('',(0.0088,0.0023,-0.0025));
#11414=CARTESIAN_POINT('',(0.00874105490776018,0.00224105490776018,-0.00241663905110058));
#11415=CARTESIAN_POINT('',(0.00868433823292024,0.00217981787685926,-0.00233322194228585));
#11416=CARTESIAN_POINT('',(0.00863056968945761,0.00211587691994913,-0.00225021597076258));
#11417=CARTESIAN_POINT('',(0.00863056968945746,0.00211587691994926,-0.00225021597076255));
#11418=CARTESIAN_POINT('',(0.00777836127004785,0.00125379791670574,-0.00225060408817232));
#11419=CARTESIAN_POINT('',(0.00806132401278605,0.00154225045161057,-0.00225033373950506));
#11420=CARTESIAN_POINT('',(0.00834583614570139,0.00182917301145555,-0.00225027392105471));
#11421=CARTESIAN_POINT('',(0.00863056968945746,0.00211587691994926,-0.00225021597076256));
#11422=CARTESIAN_POINT('',(0.00777836127004665,0.00125379791670693,-0.00225060408817214));
#11423=CARTESIAN_POINT('',(0.0086305696894576,0.00205040358931258,-0.00192105930997246));
#11424=CARTESIAN_POINT('',(0.00834583589514463,0.00178550130664175,-0.00203072270315888));
#11425=CARTESIAN_POINT('',(0.00806132205043071,0.00152039491889229,-0.00214046861543837));
#11426=CARTESIAN_POINT('',(0.00777836127004665,0.00125379791670693,-0.00225060408817214));
#11427=CARTESIAN_POINT('',(0.0086305696894576,0.00205040358931258,-0.00192105930997246));
#11428=CARTESIAN_POINT('',(0.0088,0.00212492292477596,-0.00161982810556029));
#11429=CARTESIAN_POINT('',(0.00874105490775628,0.00210236561455793,-0.00171940089027499));
#11430=CARTESIAN_POINT('',(0.00868433823292023,0.00207771232060171,-0.00181990264694681));
#11431=CARTESIAN_POINT('',(0.0086305696894576,0.00205040358931258,-0.00192105930997246));
#11432=CARTESIAN_POINT('',(0.0088,0.00212492292477596,-0.00161982810556029));
#11433=CARTESIAN_POINT('',(0.0088,0.00212492292477596,-0.00161982810556029));
#11434=CARTESIAN_POINT('',(0.00874105490775394,0.00203856390646117,-0.00156536994129136));
#11435=CARTESIAN_POINT('',(0.00868433823292023,0.00195006592146324,-0.00151173697895862));
#11436=CARTESIAN_POINT('',(0.0086305696894576,0.00185922716999545,-0.00145951860565113));
#11437=CARTESIAN_POINT('',(0.0086305696894576,0.00185922716999545,-0.00145951860565113));
#11438=CARTESIAN_POINT('',(0.00777836127005126,0.00106291854959248,-0.00178978053131415));
#11439=CARTESIAN_POINT('',(0.00806132403843494,0.00132931050887972,-0.00167914474555486));
#11440=CARTESIAN_POINT('',(0.00834583616109488,0.00159436948798264,-0.00156928897458038));
#11441=CARTESIAN_POINT('',(0.0086305696894576,0.00185922716999545,-0.00145951860565113));
#11442=CARTESIAN_POINT('',(0.00777836127005148,0.00106291854959229,-0.00178978053131427));
#11443=CARTESIAN_POINT('',(0.0086305696894576,0.00167277489915801,-0.00118047306265376));
#11444=CARTESIAN_POINT('',(0.00834583548614069,0.00147000317452264,-0.00138316283301018));
#11445=CARTESIAN_POINT('',(0.00806132064178149,0.00126707402626401,-0.00158600738083963));
#11446=CARTESIAN_POINT('',(0.00777836127005148,0.00106291854959229,-0.00178978053131426));
#11447=CARTESIAN_POINT('',(0.0086305696894576,0.00167277489915802,-0.00118047306265376));
#11448=CARTESIAN_POINT('',(0.0088,0.00162634559672906,-0.000873654403270938));
#11449=CARTESIAN_POINT('',(0.00874105490775734,0.00164361021453669,-0.000974279969963473));
#11450=CARTESIAN_POINT('',(0.00868433823292023,0.00165929389804164,-0.00107656589308395));
#11451=CARTESIAN_POINT('',(0.0086305696894576,0.00167277489915801,-0.00118047306265376));
#11452=CARTESIAN_POINT('',(0.0088,0.00162634559672906,-0.000873654403270938));
#11453=CARTESIAN_POINT('',(0.0088,0.00162634559672906,-0.000873654403270938));
#11454=CARTESIAN_POINT('',(0.00874105490775555,0.00152572003003705,-0.000856389785466355));
#11455=CARTESIAN_POINT('',(0.00868433823292023,0.00142343410691605,-0.000840706101958356));
#11456=CARTESIAN_POINT('',(0.0086305696894576,0.00131952693734624,-0.000827225100841984));
#11457=CARTESIAN_POINT('',(0.0086305696894576,0.00131952693734624,-0.000827225100841982));
#11458=CARTESIAN_POINT('',(0.00777836127005147,0.000710219468685741,-0.0014370814504077));
#11459=CARTESIAN_POINT('',(0.00806132446310921,0.000913995371088994,-0.0012329232166441));
#11460=CARTESIAN_POINT('',(0.0083458364171779,0.0011168378297543,-0.00102999616244489));
#11461=CARTESIAN_POINT('',(0.0086305696894576,0.00131952693734624,-0.000827225100841983));
#11462=CARTESIAN_POINT('',(0.00777836127005148,0.000710219468685735,-0.00143708145040771));
#11463=CARTESIAN_POINT('',(0.0086305696894576,0.00104048139434887,-0.000640772830004546));
#11464=CARTESIAN_POINT('',(0.00834583549711228,0.000930710769441285,-0.000905631129650599));
#11465=CARTESIAN_POINT('',(0.00806132038760526,0.00082085382700482,-0.00117069292815119));
#11466=CARTESIAN_POINT('',(0.00777836127005148,0.000710219468685735,-0.00143708145040771));
#11467=CARTESIAN_POINT('',(0.0086305696894576,0.00104048139434887,-0.000640772830004545));
#11468=CARTESIAN_POINT('',(0.0088,0.000880171894439707,-0.000375077075224037));
#11469=CARTESIAN_POINT('',(0.00874105490775608,0.000934630058712253,-0.000461436093538009));
#11470=CARTESIAN_POINT('',(0.00868433823292023,0.000988263021041376,-0.000549934078536758));
#11471=CARTESIAN_POINT('',(0.0086305696894576,0.00104048139434887,-0.000640772830004548));
#11472=CARTESIAN_POINT('',(0.0088,0.000880171894439707,-0.000375077075224037));
#11473=CARTESIAN_POINT('',(0.0088,0.000880171894439707,-0.000375077075224037));
#11474=CARTESIAN_POINT('',(0.00874105490775553,0.000780599109725694,-0.000397634385443162));
#11475=CARTESIAN_POINT('',(0.00868433823292023,0.000680097353053191,-0.000422287679398288));
#11476=CARTESIAN_POINT('',(0.0086305696894576,0.00057894069002754,-0.000449596410687423));
#11477=CARTESIAN_POINT('',(0.0086305696894576,0.00057894069002754,-0.000449596410687421));
#11478=CARTESIAN_POINT('',(0.00777836127005148,0.000249395911827293,-0.00124620208329592));
#11479=CARTESIAN_POINT('',(0.00806132329087357,0.000359531867370746,-0.000979603912407727));
#11480=CARTESIAN_POINT('',(0.00834583679439639,0.000469277643182161,-0.000714497856738753));
#11481=CARTESIAN_POINT('',(0.0086305696894576,0.000578940690027542,-0.00044959641068742));
#11482=CARTESIAN_POINT('',(0.00777836127005148,0.000249395911827293,-0.00124620208329592));
#11483=CARTESIAN_POINT('',(0.00863056968945761,0.00024978402923743,-0.000384123080050872));
#11484=CARTESIAN_POINT('',(0.00834583547425304,0.000249726078808623,-0.000670827664639529));
#11485=CARTESIAN_POINT('',(0.00806132154336417,0.000249666258135258,-0.000957752065726236));
#11486=CARTESIAN_POINT('',(0.00777836127005148,0.000249395911827289,-0.00124620208329593));
#11487=CARTESIAN_POINT('',(0.00863056968945761,0.000249784029237431,-0.000384123080050874));
#11488=CARTESIAN_POINT('',(0.0088,1.53080849893422E-20,-0.000199999999999995));
#11489=CARTESIAN_POINT('',(0.00874105490776048,8.33609488998353E-5,-0.000258945092239519));
#11490=CARTESIAN_POINT('',(0.00868433823292024,0.000166778057714153,-0.000320182123140736));
#11491=CARTESIAN_POINT('',(0.00863056968945761,0.00024978402923743,-0.000384123080050873));
#11492=CARTESIAN_POINT('',(0.0088,1.53080849893422E-20,-0.000199999999999995));
#11493=CARTESIAN_POINT('',(0.0088,1.53080849893422E-20,-0.000199999999999995));
#11494=CARTESIAN_POINT('',(0.00874105490776048,-8.33609488998353E-5,-0.000258945092239519));
#11495=CARTESIAN_POINT('',(0.00868433823292024,-0.000166778057714153,-0.000320182123140736));
#11496=CARTESIAN_POINT('',(0.00863056968945761,-0.00024978402923743,-0.000384123080050872));
#11497=CARTESIAN_POINT('',(0.00863056968945761,-0.000249784029237431,-0.000384123080050873));
#11498=CARTESIAN_POINT('',(0.00777836127004815,-0.000249395911827682,-0.00124620208329395));
#11499=CARTESIAN_POINT('',(0.00806132401278625,-0.000249666260494935,-0.000957749548389233));
#11500=CARTESIAN_POINT('',(0.00834583614570149,-0.000249726078945293,-0.00067082698854435));
#11501=CARTESIAN_POINT('',(0.00863056968945747,-0.000249784029237442,-0.000384123080050732));
#11502=CARTESIAN_POINT('',(0.00777836127004815,-0.000249395911827682,-0.00124620208329396));
#11503=CARTESIAN_POINT('',(0.00863056968945761,-0.000578940690027546,-0.000449596410687416));
#11504=CARTESIAN_POINT('',(0.00834583589514473,-0.000469277296841159,-0.000714498693358154));
#11505=CARTESIAN_POINT('',(0.00806132205043091,-0.000359531384561706,-0.000979605081107522));
#11506=CARTESIAN_POINT('',(0.00777836127004695,-0.000249395911827974,-0.00124620208329279));
#11507=CARTESIAN_POINT('',(0.00863056968945761,-0.000578940690027544,-0.000449596410687418));
#11508=CARTESIAN_POINT('',(0.0088,-0.000880171894439709,-0.000375077075224037));
#11509=CARTESIAN_POINT('',(0.0087410549077612,-0.000780599109720464,-0.000397634385434859));
#11510=CARTESIAN_POINT('',(0.00868433823292024,-0.000680097353053195,-0.000422287679398283));
#11511=CARTESIAN_POINT('',(0.00863056968945761,-0.000578940690027545,-0.000449596410687417));
#11512=CARTESIAN_POINT('',(0.0088,-0.000880171894439709,-0.000375077075224037));
#11513=CARTESIAN_POINT('',(0.0088,-0.000880171894439709,-0.000375077075224037));
#11514=CARTESIAN_POINT('',(0.00874105490776023,-0.000934630058719281,-0.000461436093536415));
#11515=CARTESIAN_POINT('',(0.00868433823292024,-0.000988263021041379,-0.000549934078536754));
#11516=CARTESIAN_POINT('',(0.00863056968945761,-0.00104048139434887,-0.000640772830004542));
#11517=CARTESIAN_POINT('',(0.00863056968945761,-0.00104048139434887,-0.000640772830004543));
#11518=CARTESIAN_POINT('',(0.00777836127005121,-0.000710219468685828,-0.00143708145040757));
#11519=CARTESIAN_POINT('',(0.00806132403843491,-0.000820855254445129,-0.0011706894911203));
#11520=CARTESIAN_POINT('',(0.00834583616109486,-0.000930711025419616,-0.000905630512017374));
#11521=CARTESIAN_POINT('',(0.00863056968945761,-0.00104048139434887,-0.000640772830004541));
#11522=CARTESIAN_POINT('',(0.00777836127005121,-0.000710219468685828,-0.00143708145040757));
#11523=CARTESIAN_POINT('',(0.00863056968945761,-0.00131952693734625,-0.000827225100841981));
#11524=CARTESIAN_POINT('',(0.00834583548614068,-0.00111683716698981,-0.00102999682547736));
#11525=CARTESIAN_POINT('',(0.00806132064178146,-0.000913992619160356,-0.00123292597373601));
#11526=CARTESIAN_POINT('',(0.00777836127005143,-0.000710219468685701,-0.00143708145040774));
#11527=CARTESIAN_POINT('',(0.00863056968945761,-0.00131952693734625,-0.000827225100841981));
#11528=CARTESIAN_POINT('',(0.00868629485840933,-0.00142473922221737,-0.00084168659277483));
#11529=CARTESIAN_POINT('',(0.00866740077596496,-0.00138985924888965,-0.000836629146618483));
#11530=CARTESIAN_POINT('',(0.00864881022306803,-0.00135477658512997,-0.000831798418959407));
#11531=CARTESIAN_POINT('',(0.00863056968945761,-0.00131952693734625,-0.000827225100841981));
#11532=CARTESIAN_POINT('',(-0.009,-4.33680868994202E-19,-0.0025));
#11533=CARTESIAN_POINT('',(-0.00899999999999987,-0.00142473922221737,-0.00044570738484582));
#11534=CARTESIAN_POINT('',(-0.0088930029911105,-0.00142473922221737,-0.000575918884536858));
#11535=CARTESIAN_POINT('',(-0.00878800339379,-0.00142473922221737,-0.000707595626018997));
#11536=CARTESIAN_POINT('',(-0.0086862948584094,-0.00142473922221737,-0.000841686592774807));
#11537=CARTESIAN_POINT('',(-0.00868629485840936,-0.00142473922221737,-0.000841686592774779));
#11538=CARTESIAN_POINT('',(-0.00868629485840934,-0.00142473922221738,-0.000841686592774831));
#11539=CARTESIAN_POINT('',(-0.00866740077596497,-0.00138985924888967,-0.000836629146618485));
#11540=CARTESIAN_POINT('',(-0.00864881022306803,-0.00135477658512997,-0.000831798418959408));
#11541=CARTESIAN_POINT('',(-0.00863056968945761,-0.00131952693734625,-0.000827225100841981));
#11542=CARTESIAN_POINT('',(-0.00863056968945761,-0.00131952693734625,-0.000827225100841982));
#11543=CARTESIAN_POINT('',(-0.00863056968945761,-0.00131952693734625,-0.000827225100841982));
#11544=CARTESIAN_POINT('',(-0.0083458354861407,-0.00111683716698982,-0.00102999682547735));
#11545=CARTESIAN_POINT('',(-0.00806132064178149,-0.000913992619160379,-0.00123292597373599));
#11546=CARTESIAN_POINT('',(-0.00777836127005148,-0.000710219468685736,-0.00143708145040771));
#11547=CARTESIAN_POINT('',(-0.00777836127005148,-0.000710219468685733,-0.00143708145040771));
#11548=CARTESIAN_POINT('',(-0.00777836127005126,-0.000710219468685848,-0.00143708145040752));
#11549=CARTESIAN_POINT('',(-0.00806132403843494,-0.000820855254445142,-0.00117068949112027));
#11550=CARTESIAN_POINT('',(-0.00834583616109488,-0.000930711025419623,-0.000905630512017358));
#11551=CARTESIAN_POINT('',(-0.00863056968945761,-0.00104048139434887,-0.000640772830004541));
#11552=CARTESIAN_POINT('',(-0.00863056968945761,-0.00104048139434887,-0.000640772830004543));
#11553=CARTESIAN_POINT('',(-0.0088,-0.000880171894439709,-0.000375077075224037));
#11554=CARTESIAN_POINT('',(-0.00874105490775921,-0.00093463005871753,-0.000461436093536803));
#11555=CARTESIAN_POINT('',(-0.00868433823292026,-0.000988263021041365,-0.000549934078536729));
#11556=CARTESIAN_POINT('',(-0.00863056968945761,-0.00104048139434887,-0.000640772830004541));
#11557=CARTESIAN_POINT('',(-0.0088,-0.000880171894439708,-0.000375077075224038));
#11558=CARTESIAN_POINT('',(-0.0088,-0.000880171894439709,-0.000375077075224037));
#11559=CARTESIAN_POINT('',(-0.00874105490776024,-0.000780599109721364,-0.00039763438543627));
#11560=CARTESIAN_POINT('',(-0.00868433823292025,-0.000680097353053222,-0.000422287679398276));
#11561=CARTESIAN_POINT('',(-0.00863056968945761,-0.000578940690027544,-0.000449596410687417));
#11562=CARTESIAN_POINT('',(-0.00863056968945761,-0.000578940690027544,-0.00044959641068742));
#11563=CARTESIAN_POINT('',(-0.00863056968945761,-0.000578940690027545,-0.000449596410687418));
#11564=CARTESIAN_POINT('',(-0.00834583589514463,-0.000469277296841121,-0.000714498693358247));
#11565=CARTESIAN_POINT('',(-0.00806132205043071,-0.00035953138456163,-0.000979605081107707));
#11566=CARTESIAN_POINT('',(-0.00777836127004665,-0.000249395911827859,-0.00124620208329307));
#11567=CARTESIAN_POINT('',(-0.00777836127004665,-0.000249395911827859,-0.00124620208329307));
#11568=CARTESIAN_POINT('',(-0.00777836127004785,-0.000249395911827682,-0.00124620208329426));
#11569=CARTESIAN_POINT('',(-0.00806132401278605,-0.000249666260494935,-0.000957749548389433));
#11570=CARTESIAN_POINT('',(-0.0083458361457014,-0.000249726078945293,-0.000670826988544451));
#11571=CARTESIAN_POINT('',(-0.00863056968945747,-0.000249784029237442,-0.000384123080050732));
#11572=CARTESIAN_POINT('',(-0.00863056968945761,-0.00024978402923743,-0.000384123080050875));
#11573=CARTESIAN_POINT('',(-0.0088,1.53080849893421E-20,-0.000199999999999996));
#11574=CARTESIAN_POINT('',(-0.00874105490775922,-8.33609488980413E-5,-0.000258945092240777));
#11575=CARTESIAN_POINT('',(-0.00868433823292025,-0.00016677805771413,-0.000320182123140719));
#11576=CARTESIAN_POINT('',(-0.00863056968945761,-0.00024978402923743,-0.000384123080050872));
#11577=CARTESIAN_POINT('',(-0.0088,1.5308084989342E-20,-0.000199999999999997));
#11578=CARTESIAN_POINT('',(-0.0088,1.53080849893421E-20,-0.000199999999999996));
#11579=CARTESIAN_POINT('',(-0.00874105490775922,8.33609488980414E-5,-0.000258945092240777));
#11580=CARTESIAN_POINT('',(-0.00868433823292025,0.000166778057714131,-0.000320182123140719));
#11581=CARTESIAN_POINT('',(-0.00863056968945761,0.00024978402923743,-0.000384123080050873));
#11582=CARTESIAN_POINT('',(-0.00863056968945761,0.00024978402923743,-0.000384123080050875));
#11583=CARTESIAN_POINT('',(-0.00863056968945761,0.00024978402923743,-0.000384123080050873));
#11584=CARTESIAN_POINT('',(-0.00834583547425304,0.000249726078808623,-0.00067082766463953));
#11585=CARTESIAN_POINT('',(-0.00806132154336417,0.000249666258135258,-0.000957752065726236));
#11586=CARTESIAN_POINT('',(-0.00777836127005148,0.000249395911827289,-0.00124620208329593));
#11587=CARTESIAN_POINT('',(-0.00777836127005148,0.000249395911827293,-0.00124620208329592));
#11588=CARTESIAN_POINT('',(-0.00777836127005148,0.000249395911827293,-0.00124620208329592));
#11589=CARTESIAN_POINT('',(-0.00806132329087357,0.000359531867370747,-0.000979603912407726));
#11590=CARTESIAN_POINT('',(-0.00834583679439639,0.000469277643182162,-0.000714497856738749));
#11591=CARTESIAN_POINT('',(-0.0086305696894576,0.000578940690027544,-0.000449596410687415));
#11592=CARTESIAN_POINT('',(-0.00863056968945761,0.000578940690027542,-0.000449596410687421));
#11593=CARTESIAN_POINT('',(-0.0088,0.000880171894439707,-0.000375077075224038));
#11594=CARTESIAN_POINT('',(-0.00874105490776155,0.000780599109720153,-0.000397634385434355));
#11595=CARTESIAN_POINT('',(-0.00868433823292025,0.000680097353053222,-0.000422287679398279));
#11596=CARTESIAN_POINT('',(-0.0086305696894576,0.000578940690027545,-0.000449596410687421));
#11597=CARTESIAN_POINT('',(-0.0088,0.000880171894439707,-0.000375077075224038));
#11598=CARTESIAN_POINT('',(-0.0088,0.000880171894439707,-0.000375077075224038));
#11599=CARTESIAN_POINT('',(-0.00874105490776133,0.00093463005872111,-0.000461436093535992));
#11600=CARTESIAN_POINT('',(-0.00868433823292025,0.000988263021041359,-0.00054993407853673));
#11601=CARTESIAN_POINT('',(-0.0086305696894576,0.00104048139434887,-0.000640772830004543));
#11602=CARTESIAN_POINT('',(-0.00863056968945761,0.00104048139434887,-0.000640772830004545));
#11603=CARTESIAN_POINT('',(-0.00863056968945761,0.00104048139434887,-0.000640772830004542));
#11604=CARTESIAN_POINT('',(-0.00834583549711229,0.000930710769441287,-0.000905631129650596));
#11605=CARTESIAN_POINT('',(-0.00806132038760526,0.00082085382700482,-0.00117069292815119));
#11606=CARTESIAN_POINT('',(-0.00777836127005148,0.000710219468685735,-0.00143708145040771));
#11607=CARTESIAN_POINT('',(-0.00777836127005148,0.000710219468685735,-0.00143708145040771));
#11608=CARTESIAN_POINT('',(-0.00777836127005147,0.000710219468685741,-0.0014370814504077));
#11609=CARTESIAN_POINT('',(-0.00806132446310922,0.000913995371088995,-0.0012329232166441));
#11610=CARTESIAN_POINT('',(-0.00834583641717791,0.0011168378297543,-0.00102999616244489));
#11611=CARTESIAN_POINT('',(-0.00863056968945761,0.00131952693734625,-0.000827225100841979));
#11612=CARTESIAN_POINT('',(-0.00863056968945761,0.00131952693734624,-0.000827225100841983));
#11613=CARTESIAN_POINT('',(-0.0088,0.00162634559672906,-0.000873654403270938));
#11614=CARTESIAN_POINT('',(-0.00874105490776024,0.00152572003003569,-0.000856389785458377));
#11615=CARTESIAN_POINT('',(-0.00868433823292025,0.00142343410691608,-0.00084070610195836));
#11616=CARTESIAN_POINT('',(-0.00863056968945761,0.00131952693734625,-0.000827225100841984));
#11617=CARTESIAN_POINT('',(-0.0088,0.00162634559672906,-0.000873654403270938));
#11618=CARTESIAN_POINT('',(-0.0088,0.00162634559672906,-0.000873654403270938));
#11619=CARTESIAN_POINT('',(-0.00874105490776822,0.00164361021455525,-0.000974279969966648));
#11620=CARTESIAN_POINT('',(-0.00868433823292025,0.00165929389804164,-0.00107656589308392));
#11621=CARTESIAN_POINT('',(-0.0086305696894576,0.00167277489915801,-0.00118047306265375));
#11622=CARTESIAN_POINT('',(-0.00863056968945761,0.00167277489915802,-0.00118047306265375));
#11623=CARTESIAN_POINT('',(-0.00863056968945761,0.00167277489915802,-0.00118047306265375));
#11624=CARTESIAN_POINT('',(-0.0083458354861407,0.00147000317452265,-0.00138316283301018));
#11625=CARTESIAN_POINT('',(-0.00806132064178149,0.00126707402626401,-0.00158600738083962));
#11626=CARTESIAN_POINT('',(-0.00777836127005148,0.00106291854959229,-0.00178978053131426));
#11627=CARTESIAN_POINT('',(-0.00777836127005148,0.00106291854959229,-0.00178978053131427));
#11628=CARTESIAN_POINT('',(-0.00777836127005126,0.00106291854959248,-0.00178978053131415));
#11629=CARTESIAN_POINT('',(-0.00806132403843494,0.00132931050887972,-0.00167914474555485));
#11630=CARTESIAN_POINT('',(-0.00834583616109488,0.00159436948798264,-0.00156928897458038));
#11631=CARTESIAN_POINT('',(-0.00863056968945761,0.00185922716999546,-0.00145951860565113));
#11632=CARTESIAN_POINT('',(-0.00863056968945761,0.00185922716999545,-0.00145951860565113));
#11633=CARTESIAN_POINT('',(-0.0088,0.00212492292477596,-0.00161982810556029));
#11634=CARTESIAN_POINT('',(-0.0087410549077556,0.00203856390646181,-0.00156536994128857));
#11635=CARTESIAN_POINT('',(-0.00868433823292025,0.00195006592146327,-0.00151173697895864));
#11636=CARTESIAN_POINT('',(-0.0086305696894576,0.00185922716999546,-0.00145951860565113));
#11637=CARTESIAN_POINT('',(-0.0088,0.00212492292477596,-0.00161982810556029));
#11638=CARTESIAN_POINT('',(-0.0088,0.00212492292477596,-0.00161982810556029));
#11639=CARTESIAN_POINT('',(-0.00874105490776124,0.00210236561456519,-0.00171940089027956));
#11640=CARTESIAN_POINT('',(-0.00868433823292025,0.00207771232060172,-0.00181990264694678));
#11641=CARTESIAN_POINT('',(-0.0086305696894576,0.00205040358931258,-0.00192105930997245));
#11642=CARTESIAN_POINT('',(-0.00863056968945761,0.00205040358931257,-0.00192105930997245));
#11643=CARTESIAN_POINT('',(-0.0086305696894576,0.00205040358931258,-0.00192105930997245));
#11644=CARTESIAN_POINT('',(-0.00834583589514463,0.00178550130664175,-0.00203072270315888));
#11645=CARTESIAN_POINT('',(-0.00806132205043072,0.0015203949188923,-0.00214046861543837));
#11646=CARTESIAN_POINT('',(-0.00777836127004666,0.00125379791670693,-0.00225060408817214));
#11647=CARTESIAN_POINT('',(-0.00777836127004666,0.00125379791670693,-0.00225060408817214));
#11648=CARTESIAN_POINT('',(-0.00777836127004786,0.00125379791670575,-0.00225060408817232));
#11649=CARTESIAN_POINT('',(-0.00806132401278606,0.00154225045161057,-0.00225033373950506));
#11650=CARTESIAN_POINT('',(-0.0083458361457014,0.00182917301145555,-0.00225027392105471));
#11651=CARTESIAN_POINT('',(-0.00863056968945746,0.00211587691994927,-0.00225021597076256));
#11652=CARTESIAN_POINT('',(-0.00863056968945761,0.00211587691994912,-0.00225021597076257));
#11653=CARTESIAN_POINT('',(-0.0088,0.0023,-0.0025));
#11654=CARTESIAN_POINT('',(-0.00874105490776435,0.00224105490776435,-0.0024166390510947));
#11655=CARTESIAN_POINT('',(-0.00868433823292025,0.00217981787685928,-0.00233322194228587));
#11656=CARTESIAN_POINT('',(-0.0086305696894576,0.00211587691994912,-0.00225021597076257));
#11657=CARTESIAN_POINT('',(-0.0088,0.0023,-0.0025));
#11658=CARTESIAN_POINT('',(-0.0088,0.0023,-0.0025));
#11659=CARTESIAN_POINT('',(-0.00874105490776341,0.00224105490776341,-0.00258336094890397));
#11660=CARTESIAN_POINT('',(-0.00868433823292025,0.00217981787685928,-0.00266677805771413));
#11661=CARTESIAN_POINT('',(-0.0086305696894576,0.00211587691994912,-0.00274978402923743));
#11662=CARTESIAN_POINT('',(-0.00863056968945761,0.00211587691994912,-0.00274978402923743));
#11663=CARTESIAN_POINT('',(-0.00863056968945761,0.00211587691994912,-0.00274978402923743));
#11664=CARTESIAN_POINT('',(-0.00834583547425304,0.00182917233536047,-0.00274972607880862));
#11665=CARTESIAN_POINT('',(-0.00806132154336417,0.00154224793427376,-0.00274966625813526));
#11666=CARTESIAN_POINT('',(-0.00777836127005149,0.00125379791670408,-0.00274939591182729));
#11667=CARTESIAN_POINT('',(-0.00777836127005149,0.00125379791670407,-0.00274939591182729));
#11668=CARTESIAN_POINT('',(-0.00777836127005148,0.00125379791670408,-0.00274939591182729));
#11669=CARTESIAN_POINT('',(-0.00806132329087357,0.00152039608759228,-0.00285953186737074));
#11670=CARTESIAN_POINT('',(-0.00834583679439639,0.00178550214326125,-0.00296927764318216));
#11671=CARTESIAN_POINT('',(-0.0086305696894576,0.00205040358931258,-0.00307894069002754));
#11672=CARTESIAN_POINT('',(-0.00863056968945761,0.00205040358931258,-0.00307894069002754));
#11673=CARTESIAN_POINT('',(-0.0088,0.00212492292477596,-0.00338017189443971));
#11674=CARTESIAN_POINT('',(-0.00874105490777195,0.00210236561458088,-0.00328059910971055));
#11675=CARTESIAN_POINT('',(-0.00868433823292025,0.00207771232060172,-0.00318009735305322));
#11676=CARTESIAN_POINT('',(-0.0086305696894576,0.00205040358931258,-0.00307894069002754));
#11677=CARTESIAN_POINT('',(-0.0088,0.00212492292477596,-0.0033801718944397));
#11678=CARTESIAN_POINT('',(-0.0088,0.00212492292477596,-0.00338017189443971));
#11679=CARTESIAN_POINT('',(-0.0087410549077556,0.00203856390646181,-0.00343463005871143));
#11680=CARTESIAN_POINT('',(-0.00868433823292025,0.00195006592146327,-0.00348826302104136));
#11681=CARTESIAN_POINT('',(-0.00863056968945761,0.00185922716999546,-0.00354048139434887));
#11682=CARTESIAN_POINT('',(-0.00863056968945761,0.00185922716999545,-0.00354048139434887));
#11683=CARTESIAN_POINT('',(-0.00863056968945761,0.00185922716999546,-0.00354048139434887));
#11684=CARTESIAN_POINT('',(-0.00834583549711229,0.0015943688703494,-0.00343071076944128));
#11685=CARTESIAN_POINT('',(-0.00806132038760526,0.00132930707184881,-0.00332085382700482));
#11686=CARTESIAN_POINT('',(-0.00777836127005148,0.00106291854959229,-0.00321021946868573));
#11687=CARTESIAN_POINT('',(-0.00777836127005148,0.00106291854959229,-0.00321021946868573));
#11688=CARTESIAN_POINT('',(-0.00777836127005146,0.0010629185495923,-0.00321021946868574));
#11689=CARTESIAN_POINT('',(-0.00806132446310921,0.0012670767833559,-0.003413995371089));
#11690=CARTESIAN_POINT('',(-0.0083458364171779,0.00147000383755511,-0.00361683782975431));
#11691=CARTESIAN_POINT('',(-0.0086305696894576,0.00167277489915802,-0.00381952693734625));
#11692=CARTESIAN_POINT('',(-0.00863056968945761,0.00167277489915802,-0.00381952693734625));
#11693=CARTESIAN_POINT('',(-0.0088,0.00162634559672906,-0.00412634559672906));
#11694=CARTESIAN_POINT('',(-0.00874105490776856,0.00164361021455584,-0.00402572003003325));
#11695=CARTESIAN_POINT('',(-0.00868433823292025,0.00165929389804164,-0.00392343410691608));
#11696=CARTESIAN_POINT('',(-0.0086305696894576,0.00167277489915801,-0.00381952693734625));
#11697=CARTESIAN_POINT('',(-0.0088,0.00162634559672906,-0.00412634559672906));
#11698=CARTESIAN_POINT('',(-0.0088,0.00162634559672906,-0.00412634559672906));
#11699=CARTESIAN_POINT('',(-0.00874105490776761,0.00152572003003353,-0.0041436102145542));
#11700=CARTESIAN_POINT('',(-0.00868433823292025,0.00142343410691608,-0.00415929389804164));
#11701=CARTESIAN_POINT('',(-0.0086305696894576,0.00131952693734625,-0.00417277489915801));
#11702=CARTESIAN_POINT('',(-0.00863056968945761,0.00131952693734624,-0.00417277489915801));
#11703=CARTESIAN_POINT('',(-0.00863056968945761,0.00131952693734625,-0.00417277489915802));
#11704=CARTESIAN_POINT('',(-0.0083458354861407,0.00111683716698982,-0.00397000317452265));
#11705=CARTESIAN_POINT('',(-0.00806132064178149,0.000913992619160374,-0.00376707402626401));
#11706=CARTESIAN_POINT('',(-0.00777836127005148,0.000710219468685734,-0.00356291854959229));
#11707=CARTESIAN_POINT('',(-0.00777836127005148,0.000710219468685734,-0.00356291854959229));
#11708=CARTESIAN_POINT('',(-0.00777836127005126,0.000710219468685848,-0.00356291854959248));
#11709=CARTESIAN_POINT('',(-0.00806132403843494,0.000820855254445145,-0.00382931050887972));
#11710=CARTESIAN_POINT('',(-0.00834583616109488,0.000930711025419622,-0.00409436948798264));
#11711=CARTESIAN_POINT('',(-0.00863056968945761,0.00104048139434887,-0.00435922716999546));
#11712=CARTESIAN_POINT('',(-0.00863056968945761,0.00104048139434887,-0.00435922716999545));
#11713=CARTESIAN_POINT('',(-0.0088,0.000880171894439709,-0.00462492292477596));
#11714=CARTESIAN_POINT('',(-0.00874105490776011,0.000934630058719057,-0.00453856390646354));
#11715=CARTESIAN_POINT('',(-0.00868433823292025,0.000988263021041361,-0.00445006592146327));
#11716=CARTESIAN_POINT('',(-0.00863056968945761,0.00104048139434887,-0.00435922716999546));
#11717=CARTESIAN_POINT('',(-0.0088,0.000880171894439709,-0.00462492292477596));
#11718=CARTESIAN_POINT('',(-0.0088,0.000880171894439709,-0.00462492292477596));
#11719=CARTESIAN_POINT('',(-0.00874105490775782,0.000780599109723606,-0.00460236561456017));
#11720=CARTESIAN_POINT('',(-0.00868433823292025,0.000680097353053224,-0.00457771232060172));
#11721=CARTESIAN_POINT('',(-0.0086305696894576,0.000578940690027547,-0.00455040358931258));
#11722=CARTESIAN_POINT('',(-0.00863056968945761,0.000578940690027543,-0.00455040358931258));
#11723=CARTESIAN_POINT('',(-0.00863056968945761,0.000578940690027546,-0.00455040358931258));
#11724=CARTESIAN_POINT('',(-0.00834583589514463,0.000469277296841122,-0.00428550130664175));
#11725=CARTESIAN_POINT('',(-0.00806132205043071,0.000359531384561627,-0.00402039491889229));
#11726=CARTESIAN_POINT('',(-0.00777836127004665,0.00024939591182786,-0.00375379791670693));
#11727=CARTESIAN_POINT('',(-0.00777836127004665,0.000249395911827859,-0.00375379791670693));
#11728=CARTESIAN_POINT('',(-0.00777836127004785,0.000249395911827682,-0.00375379791670574));
#11729=CARTESIAN_POINT('',(-0.00806132401278605,0.000249666260494938,-0.00404225045161057));
#11730=CARTESIAN_POINT('',(-0.00834583614570139,0.000249726078945293,-0.00432917301145555));
#11731=CARTESIAN_POINT('',(-0.00863056968945746,0.000249784029237443,-0.00461587691994926));
#11732=CARTESIAN_POINT('',(-0.00863056968945761,0.00024978402923743,-0.00461587691994912));
#11733=CARTESIAN_POINT('',(-0.0088,-4.86147757280961E-20,-0.0048));
#11734=CARTESIAN_POINT('',(-0.00874105490776908,8.33609489119879E-5,-0.00474105490776908));
#11735=CARTESIAN_POINT('',(-0.00868433823292025,0.000166778057714126,-0.00467981787685928));
#11736=CARTESIAN_POINT('',(-0.0086305696894576,0.000249784029237426,-0.00461587691994912));
#11737=CARTESIAN_POINT('',(-0.0088,-4.86147757280961E-20,-0.0048));
#11738=CARTESIAN_POINT('',(-0.0088,-4.86147757280961E-20,-0.0048));
#11739=CARTESIAN_POINT('',(-0.00874105490776908,-8.33609489119881E-5,-0.00474105490776908));
#11740=CARTESIAN_POINT('',(-0.00868433823292025,-0.000166778057714126,-0.00467981787685928));
#11741=CARTESIAN_POINT('',(-0.0086305696894576,-0.000249784029237426,-0.00461587691994912));
#11742=CARTESIAN_POINT('',(-0.00863056968945761,-0.00024978402923743,-0.00461587691994912));
#11743=CARTESIAN_POINT('',(-0.0086305696894576,-0.00024978402923743,-0.00461587691994913));
#11744=CARTESIAN_POINT('',(-0.00834583547425304,-0.000249726078808623,-0.00432917233536047));
#11745=CARTESIAN_POINT('',(-0.00806132154336416,-0.000249666258135262,-0.00404224793427376));
#11746=CARTESIAN_POINT('',(-0.00777836127005148,-0.00024939591182729,-0.00375379791670407));
#11747=CARTESIAN_POINT('',(-0.00777836127005148,-0.00024939591182729,-0.00375379791670407));
#11748=CARTESIAN_POINT('',(-0.00777836127005147,-0.000249395911827293,-0.00375379791670407));
#11749=CARTESIAN_POINT('',(-0.00806132329087357,-0.000359531867370745,-0.00402039608759227));
#11750=CARTESIAN_POINT('',(-0.00834583679439639,-0.000469277643182165,-0.00428550214326125));
#11751=CARTESIAN_POINT('',(-0.0086305696894576,-0.000578940690027547,-0.00455040358931259));
#11752=CARTESIAN_POINT('',(-0.00863056968945761,-0.000578940690027543,-0.00455040358931258));
#11753=CARTESIAN_POINT('',(-0.0088,-0.000880171894439708,-0.00462492292477596));
#11754=CARTESIAN_POINT('',(-0.00874105490775766,-0.000780599109723746,-0.00460236561455995));
#11755=CARTESIAN_POINT('',(-0.00868433823292025,-0.000680097353053223,-0.00457771232060172));
#11756=CARTESIAN_POINT('',(-0.0086305696894576,-0.000578940690027546,-0.00455040358931258));
#11757=CARTESIAN_POINT('',(-0.0088,-0.000880171894439709,-0.00462492292477596));
#11758=CARTESIAN_POINT('',(-0.0088,-0.000880171894439708,-0.00462492292477596));
#11759=CARTESIAN_POINT('',(-0.00874105490776292,-0.000934630058723795,-0.00453856390646461));
#11760=CARTESIAN_POINT('',(-0.00868433823292025,-0.000988263021041361,-0.00445006592146327));
#11761=CARTESIAN_POINT('',(-0.0086305696894576,-0.00104048139434887,-0.00435922716999546));
#11762=CARTESIAN_POINT('',(-0.00863056968945761,-0.00104048139434887,-0.00435922716999545));
#11763=CARTESIAN_POINT('',(-0.00863056968945761,-0.00104048139434887,-0.00435922716999546));
#11764=CARTESIAN_POINT('',(-0.00834583549711229,-0.00093071076944129,-0.00409436887034941));
#11765=CARTESIAN_POINT('',(-0.00806132038760527,-0.000820853827004827,-0.00382930707184882));
#11766=CARTESIAN_POINT('',(-0.00777836127005149,-0.00071021946868574,-0.0035629185495923));
#11767=CARTESIAN_POINT('',(-0.00777836127005149,-0.000710219468685738,-0.0035629185495923));
#11768=CARTESIAN_POINT('',(-0.00777836127005148,-0.000710219468685752,-0.00356291854959231));
#11769=CARTESIAN_POINT('',(-0.00806132446310922,-0.000913995371089007,-0.0037670767833559));
#11770=CARTESIAN_POINT('',(-0.00834583641717791,-0.00111683782975431,-0.00397000383755511));
#11771=CARTESIAN_POINT('',(-0.0086305696894576,-0.00131952693734625,-0.00417277489915802));
#11772=CARTESIAN_POINT('',(-0.00863056968945761,-0.00131952693734625,-0.00417277489915801));
#11773=CARTESIAN_POINT('',(-0.0088,-0.00162634559672907,-0.00412634559672906));
#11774=CARTESIAN_POINT('',(-0.00874105490776761,-0.00152572003003354,-0.0041436102145542));
#11775=CARTESIAN_POINT('',(-0.00868433823292025,-0.00142343410691608,-0.00415929389804164));
#11776=CARTESIAN_POINT('',(-0.00863056968945761,-0.00131952693734625,-0.00417277489915802));
#11777=CARTESIAN_POINT('',(-0.0088,-0.00162634559672906,-0.00412634559672906));
#11778=CARTESIAN_POINT('',(-0.0088,-0.00162634559672906,-0.00412634559672906));
#11779=CARTESIAN_POINT('',(-0.00874105490775319,-0.00164361021452959,-0.00402572003003775));
#11780=CARTESIAN_POINT('',(-0.00868433823292026,-0.00165929389804165,-0.00392343410691608));
#11781=CARTESIAN_POINT('',(-0.00863056968945761,-0.00167277489915802,-0.00381952693734625));
#11782=CARTESIAN_POINT('',(-0.00863056968945761,-0.00167277489915802,-0.00381952693734625));
#11783=CARTESIAN_POINT('',(-0.00863056968945761,-0.00167277489915802,-0.00381952693734625));
#11784=CARTESIAN_POINT('',(-0.0083458354861407,-0.00147000317452265,-0.00361683716698982));
#11785=CARTESIAN_POINT('',(-0.00806132064178149,-0.00126707402626401,-0.00341399261916038));
#11786=CARTESIAN_POINT('',(-0.00777836127005148,-0.00106291854959229,-0.00321021946868573));
#11787=CARTESIAN_POINT('',(-0.00777836127005148,-0.00106291854959229,-0.00321021946868573));
#11788=CARTESIAN_POINT('',(-0.00777836127005126,-0.00106291854959248,-0.00321021946868585));
#11789=CARTESIAN_POINT('',(-0.00806132403843494,-0.00132931050887973,-0.00332085525444514));
#11790=CARTESIAN_POINT('',(-0.00834583616109488,-0.00159436948798264,-0.00343071102541962));
#11791=CARTESIAN_POINT('',(-0.00863056968945761,-0.00185922716999546,-0.00354048139434887));
#11792=CARTESIAN_POINT('',(-0.00863056968945761,-0.00185922716999545,-0.00354048139434887));
#11793=CARTESIAN_POINT('',(-0.0088,-0.00212492292477596,-0.00338017189443971));
#11794=CARTESIAN_POINT('',(-0.00874105490775585,-0.00203856390646191,-0.00343463005871186));
#11795=CARTESIAN_POINT('',(-0.00868433823292025,-0.00195006592146327,-0.00348826302104136));
#11796=CARTESIAN_POINT('',(-0.00863056968945761,-0.00185922716999546,-0.00354048139434887));
#11797=CARTESIAN_POINT('',(-0.0088,-0.00212492292477596,-0.00338017189443971));
#11798=CARTESIAN_POINT('',(-0.0088,-0.00212492292477596,-0.00338017189443971));
#11799=CARTESIAN_POINT('',(-0.00874105490776124,-0.0021023656145652,-0.00328059910972044));
#11800=CARTESIAN_POINT('',(-0.00868433823292025,-0.00207771232060172,-0.00318009735305322));
#11801=CARTESIAN_POINT('',(-0.00863056968945761,-0.00205040358931258,-0.00307894069002754));
#11802=CARTESIAN_POINT('',(-0.00863056968945761,-0.00205040358931258,-0.00307894069002754));
#11803=CARTESIAN_POINT('',(-0.0086305696894576,-0.00205040358931258,-0.00307894069002754));
#11804=CARTESIAN_POINT('',(-0.00834583589514463,-0.00178550130664175,-0.00296927729684112));
#11805=CARTESIAN_POINT('',(-0.00806132205043071,-0.00152039491889229,-0.00285953138456163));
#11806=CARTESIAN_POINT('',(-0.00777836127004665,-0.00125379791670693,-0.00274939591182786));
#11807=CARTESIAN_POINT('',(-0.00777836127004665,-0.00125379791670693,-0.00274939591182786));
#11808=CARTESIAN_POINT('',(-0.00777836127004785,-0.00125379791670574,-0.00274939591182768));
#11809=CARTESIAN_POINT('',(-0.00806132401278605,-0.00154225045161057,-0.00274966626049493));
#11810=CARTESIAN_POINT('',(-0.0083458361457014,-0.00182917301145555,-0.00274972607894529));
#11811=CARTESIAN_POINT('',(-0.00863056968945747,-0.00211587691994927,-0.00274978402923744));
#11812=CARTESIAN_POINT('',(-0.00863056968945761,-0.00211587691994912,-0.00274978402923743));
#11813=CARTESIAN_POINT('',(-0.0088,-0.0023,-0.0025));
#11814=CARTESIAN_POINT('',(-0.00874105490775945,-0.00224105490775945,-0.00258336094889836));
#11815=CARTESIAN_POINT('',(-0.00868433823292026,-0.00217981787685928,-0.00266677805771413));
#11816=CARTESIAN_POINT('',(-0.00863056968945761,-0.00211587691994913,-0.00274978402923743));
#11817=CARTESIAN_POINT('',(-0.0088,-0.0023,-0.0025));
#11818=CARTESIAN_POINT('',(-0.0088,-0.0023,-0.0025));
#11819=CARTESIAN_POINT('',(-0.00874105490777166,-0.00224105490777166,-0.00241663905108437));
#11820=CARTESIAN_POINT('',(-0.00868433823292026,-0.00217981787685928,-0.00233322194228587));
#11821=CARTESIAN_POINT('',(-0.00863056968945761,-0.00211587691994913,-0.00225021597076257));
#11822=CARTESIAN_POINT('',(-0.00863056968945761,-0.00211587691994912,-0.00225021597076257));
#11823=CARTESIAN_POINT('',(-0.00863056968945761,-0.00211587691994913,-0.00225021597076257));
#11824=CARTESIAN_POINT('',(-0.00834583547425304,-0.00182917233536047,-0.00225027392119138));
#11825=CARTESIAN_POINT('',(-0.00806132154336417,-0.00154224793427377,-0.00225033374186474));
#11826=CARTESIAN_POINT('',(-0.00777836127005149,-0.00125379791670408,-0.00225060408817271));
#11827=CARTESIAN_POINT('',(-0.00777836127005149,-0.00125379791670408,-0.00225060408817271));
#11828=CARTESIAN_POINT('',(-0.00777836127005148,-0.00125379791670408,-0.0022506040881727));
#11829=CARTESIAN_POINT('',(-0.00806132329087357,-0.00152039608759228,-0.00214046813262925));
#11830=CARTESIAN_POINT('',(-0.00834583679439639,-0.00178550214326125,-0.00203072235681784));
#11831=CARTESIAN_POINT('',(-0.0086305696894576,-0.00205040358931258,-0.00192105930997245));
#11832=CARTESIAN_POINT('',(-0.00863056968945761,-0.00205040358931258,-0.00192105930997245));
#11833=CARTESIAN_POINT('',(-0.0088,-0.00212492292477596,-0.00161982810556029));
#11834=CARTESIAN_POINT('',(-0.00874105490775419,-0.00210236561455486,-0.00171940089027304));
#11835=CARTESIAN_POINT('',(-0.00868433823292025,-0.00207771232060172,-0.00181990264694678));
#11836=CARTESIAN_POINT('',(-0.00863056968945761,-0.00205040358931258,-0.00192105930997245));
#11837=CARTESIAN_POINT('',(-0.0088,-0.00212492292477596,-0.00161982810556029));
#11838=CARTESIAN_POINT('',(-0.0088,-0.00212492292477596,-0.00161982810556029));
#11839=CARTESIAN_POINT('',(-0.00875618160527328,-0.00206072566239789,-0.00157934518752046));
#11840=CARTESIAN_POINT('',(-0.00871362078100749,-0.00199538582283176,-0.00153934509251683));
#11841=CARTESIAN_POINT('',(-0.00867254486100579,-0.00192871749436839,-0.00149999999999999));
#11842=CARTESIAN_POINT('',(-0.009,-4.33680868994202E-19,-0.0025));
#11843=CARTESIAN_POINT('',(-0.009,-9.28571685284402E-19,-0.005));
#11844=CARTESIAN_POINT('',(-0.009,3.85494105772624E-19,-0.0025));
#11845=CARTESIAN_POINT('',(-0.0088,-0.00212492292477596,-0.00161982810556029));
#11846=CARTESIAN_POINT('',(-0.00852560657826265,-0.00176155670073402,-0.0015));
#11847=CARTESIAN_POINT('',(-0.00827595881675666,-0.00152916814956752,-0.00159632253847386));
#11848=CARTESIAN_POINT('',(-0.00802654453048316,-0.00129656775152209,-0.00169274320662661));
#11849=CARTESIAN_POINT('',(-0.00777836127005148,-0.00106291854959229,-0.00178978053131426));
#11850=CARTESIAN_POINT('',(-0.00777836127005148,-0.00106291854959229,-0.00178978053131427));
#11851=CARTESIAN_POINT('',(-0.00862322330470337,-0.00196160255416642,-0.00168747761807857));
#11852=CARTESIAN_POINT('',(-0.0065,-3.46944695195361E-18,-0.0025));
#11853=CARTESIAN_POINT('',(-0.00726721494311405,-0.000986338447479224,-0.00230380508437433));
#11854=CARTESIAN_POINT('',(-0.00737677669529664,-0.00081003604336745,-0.00216447208482616));
#11855=CARTESIAN_POINT('',(-0.00726721494311406,-0.000836177360030804,-0.00194128415051566));
#11856=CARTESIAN_POINT('',(-0.0065,-8.67361737988404E-19,-0.0025));
#11857=CARTESIAN_POINT('',(-0.00862322330470337,-0.00196160255416642,-0.00168747761807857));
#11858=CARTESIAN_POINT('',(0.009,-4.33680868994202E-19,-0.0025));
#11859=CARTESIAN_POINT('',(0.0072,-0.000267878402655563,-0.0031467156727579));
#11860=CARTESIAN_POINT('',(0.00723789540809021,-0.000232867610748775,-0.00320223531173886));
#11861=CARTESIAN_POINT('',(0.00727878133785651,-0.000196765383258161,-0.00325489949805848));
#11862=CARTESIAN_POINT('',(0.00732149133230992,-0.000160265008554667,-0.00330570660671282));
#11863=CARTESIAN_POINT('',(0.0072,-0.000267878402655563,-0.0031467156727579));
#11864=CARTESIAN_POINT('',(0.00732149133230995,-0.000160265008554733,-0.00330570660671284));
#11865=CARTESIAN_POINT('',(0.0072,-0.000267878402655563,-0.0031467156727579));
#11866=CARTESIAN_POINT('',(0.00723789540809061,-0.000331893084239659,-0.00316121761759895));
#11867=CARTESIAN_POINT('',(0.00727878133785651,-0.00039466041738686,-0.00317292869099609));
#11868=CARTESIAN_POINT('',(0.00732149133230992,-0.000456396130917513,-0.00318304507958936));
#11869=CARTESIAN_POINT('',(0.00732149133230995,-0.000456396130917482,-0.00318304507958942));
#11870=CARTESIAN_POINT('',(0.0072,-0.000494974746830585,-0.00299497474683059));
#11871=CARTESIAN_POINT('',(0.00723789540808914,-0.000483875438777945,-0.00305966625495455));
#11872=CARTESIAN_POINT('',(0.00727878133785653,-0.000470675041306651,-0.00312213734312344));
#11873=CARTESIAN_POINT('',(0.00732149133230995,-0.000456396130917482,-0.00318304507958942));
#11874=CARTESIAN_POINT('',(0.0072,-0.000494974746830585,-0.00299497474683059));
#11875=CARTESIAN_POINT('',(0.0072,-0.000494974746830585,-0.00299497474683059));
#11876=CARTESIAN_POINT('',(0.00723789540808924,-0.000559666254954465,-0.00298387543877817));
#11877=CARTESIAN_POINT('',(0.00727878133785647,-0.00062213734312335,-0.00297067504130667));
#11878=CARTESIAN_POINT('',(0.00732149133230985,-0.000683045079589282,-0.00295639613091751));
#11879=CARTESIAN_POINT('',(0.00732149133230971,-0.000683045079589311,-0.00295639613091721));
#11880=CARTESIAN_POINT('',(0.0072,-0.000646715672757903,-0.00276787840265556));
#11881=CARTESIAN_POINT('',(0.00723789540808991,-0.000661217617597989,-0.00283189308424015));
#11882=CARTESIAN_POINT('',(0.00727878133785638,-0.000672928690996051,-0.00289466041738665));
#11883=CARTESIAN_POINT('',(0.00732149133230971,-0.00068304507958931,-0.00295639613091721));
#11884=CARTESIAN_POINT('',(0.0072,-0.000646715672757903,-0.00276787840265556));
#11885=CARTESIAN_POINT('',(0.0072,-0.000646715672757903,-0.00276787840265557));
#11886=CARTESIAN_POINT('',(0.00723789540808974,-0.000702235311738657,-0.00273286761074802));
#11887=CARTESIAN_POINT('',(0.00727878133785647,-0.000754899498058431,-0.0026967653832582));
#11888=CARTESIAN_POINT('',(0.00732149133230985,-0.000805706606712741,-0.00266026500855472));
#11889=CARTESIAN_POINT('',(0.00732149133230971,-0.00080570660671265,-0.00266026500855443));
#11890=CARTESIAN_POINT('',(0.0072,-0.0007,-0.0025));
#11891=CARTESIAN_POINT('',(0.0072378954080906,-0.000737895408090604,-0.00255359220006787));
#11892=CARTESIAN_POINT('',(0.00727878133785638,-0.000772735047595028,-0.00260710002070857));
#11893=CARTESIAN_POINT('',(0.00732149133230971,-0.000805706606712651,-0.00266026500855443));
#11894=CARTESIAN_POINT('',(0.0072,-0.0007,-0.0025));
#11895=CARTESIAN_POINT('',(0.0072,-0.0007,-0.0025));
#11896=CARTESIAN_POINT('',(0.00723789540809006,-0.000737895408090063,-0.00244640779993119));
#11897=CARTESIAN_POINT('',(0.00727878133785651,-0.000772735047595142,-0.00239289997929125));
#11898=CARTESIAN_POINT('',(0.00732149133230992,-0.000805706606712813,-0.00233973499144531));
#11899=CARTESIAN_POINT('',(0.00732149133230995,-0.000805706606712859,-0.00233973499144537));
#11900=CARTESIAN_POINT('',(0.0072,-0.000646715672757904,-0.00223212159734443));
#11901=CARTESIAN_POINT('',(0.00723789540808937,-0.00070223531173855,-0.00226713238925267));
#11902=CARTESIAN_POINT('',(0.00727878133785654,-0.000754899498058512,-0.00230323461674186));
#11903=CARTESIAN_POINT('',(0.00732149133230995,-0.000805706606712858,-0.00233973499144536));
#11904=CARTESIAN_POINT('',(0.0072,-0.000646715672757904,-0.00223212159734443));
#11905=CARTESIAN_POINT('',(0.0072,-0.000646715672757904,-0.00223212159734444));
#11906=CARTESIAN_POINT('',(0.00723789540808997,-0.000661217617598014,-0.00216810691575975));
#11907=CARTESIAN_POINT('',(0.00727878133785651,-0.000672928690996089,-0.00210533958261314));
#11908=CARTESIAN_POINT('',(0.00732149133230992,-0.00068304507958936,-0.00204360386908249));
#11909=CARTESIAN_POINT('',(0.00732149133230995,-0.000683045079589424,-0.00204360386908252));
#11910=CARTESIAN_POINT('',(0.0072,-0.000494974746830585,-0.00200502525316942));
#11911=CARTESIAN_POINT('',(0.00723789540808766,-0.000559666254954985,-0.00201612456122458));
#11912=CARTESIAN_POINT('',(0.00727878133785654,-0.000622137343123446,-0.00202932495869335));
#11913=CARTESIAN_POINT('',(0.00732149133230995,-0.000683045079589422,-0.00204360386908252));
#11914=CARTESIAN_POINT('',(0.0072,-0.000494974746830585,-0.00200502525316941));
#11915=CARTESIAN_POINT('',(0.0072,-0.000494974746830585,-0.00200502525316941));
#11916=CARTESIAN_POINT('',(0.00723789540808911,-0.000483875438777953,-0.0019403337450455));
#11917=CARTESIAN_POINT('',(0.00727878133785647,-0.00047067504130667,-0.00187786265687665));
#11918=CARTESIAN_POINT('',(0.00732149133230985,-0.000456396130917514,-0.00181695492041072));
#11919=CARTESIAN_POINT('',(0.00732149133230971,-0.000456396130917207,-0.00181695492041069));
#11920=CARTESIAN_POINT('',(0.0072,-0.000267878402655564,-0.00185328432724209));
#11921=CARTESIAN_POINT('',(0.00723789540808734,-0.000331893084242516,-0.00183878238240577));
#11922=CARTESIAN_POINT('',(0.00727878133785638,-0.000394660417386654,-0.00182707130900395));
#11923=CARTESIAN_POINT('',(0.00732149133230971,-0.000456396130917208,-0.00181695492041069));
#11924=CARTESIAN_POINT('',(0.0072,-0.000267878402655564,-0.00185328432724209));
#11925=CARTESIAN_POINT('',(0.0072,-0.000267878402655564,-0.00185328432724209));
#11926=CARTESIAN_POINT('',(0.00723789540808697,-0.000232867610743292,-0.00179776468826238));
#11927=CARTESIAN_POINT('',(0.00727878133785651,-0.00019676538325816,-0.00174510050194152));
#11928=CARTESIAN_POINT('',(0.00732149133230992,-0.000160265008554665,-0.00169429339328718));
#11929=CARTESIAN_POINT('',(0.00732149133230995,-0.000160265008554732,-0.00169429339328716));
#11930=CARTESIAN_POINT('',(0.0072,-1.53080849893415E-20,-0.0018));
#11931=CARTESIAN_POINT('',(0.00723789540809248,-5.35922000654209E-5,-0.00176210459190752));
#11932=CARTESIAN_POINT('',(0.00727878133785654,-0.000107100020708778,-0.00172726495240484));
#11933=CARTESIAN_POINT('',(0.00732149133230995,-0.000160265008554731,-0.00169429339328716));
#11934=CARTESIAN_POINT('',(0.0072,-1.53080849893415E-20,-0.0018));
#11935=CARTESIAN_POINT('',(0.0072,-1.53080849893415E-20,-0.0018));
#11936=CARTESIAN_POINT('',(0.00723789540809245,5.35922000653792E-5,-0.00176210459190755));
#11937=CARTESIAN_POINT('',(0.00727878133785647,0.000107100020708695,-0.00172726495240489));
#11938=CARTESIAN_POINT('',(0.00732149133230985,0.000160265008554606,-0.00169429339328724));
#11939=CARTESIAN_POINT('',(0.00732149133230971,0.000160265008554845,-0.00169429339328744));
#11940=CARTESIAN_POINT('',(0.0072,0.000267878402655563,-0.0018532843272421));
#11941=CARTESIAN_POINT('',(0.00723789540808909,0.000232867610747043,-0.00179776468826164));
#11942=CARTESIAN_POINT('',(0.00727878133785638,0.000196765383258279,-0.00174510050194169));
#11943=CARTESIAN_POINT('',(0.00732149133230971,0.000160265008554845,-0.00169429339328743));
#11944=CARTESIAN_POINT('',(0.0072,0.000267878402655564,-0.0018532843272421));
#11945=CARTESIAN_POINT('',(0.0072,0.000267878402655563,-0.0018532843272421));
#11946=CARTESIAN_POINT('',(0.00723789540809216,0.000331893084237505,-0.00183878238239848));
#11947=CARTESIAN_POINT('',(0.00727878133785592,0.000394660417385942,-0.00182707130900408));
#11948=CARTESIAN_POINT('',(0.00732149133230898,0.000456396130916158,-0.00181695492041086));
#11949=CARTESIAN_POINT('',(0.00732149133230898,0.00045639613091616,-0.00181695492041086));
#11950=CARTESIAN_POINT('',(0.0072,0.000494974746830584,-0.00200502525316942));
#11951=CARTESIAN_POINT('',(0.00723789540808879,0.000483875438777518,-0.00194033374504552));
#11952=CARTESIAN_POINT('',(0.00727878133785635,0.000470675041306711,-0.00187786265687685));
#11953=CARTESIAN_POINT('',(0.00732149133230965,0.00045639613091758,-0.00181695492041101));
#11954=CARTESIAN_POINT('',(0.0072,0.000494974746830584,-0.00200502525316941));
#11955=CARTESIAN_POINT('',(0.0072,0.000494974746830584,-0.00200502525316941));
#11956=CARTESIAN_POINT('',(0.00723789540808941,0.00055966625495447,-0.00201612456122159));
#11957=CARTESIAN_POINT('',(0.00727878133785653,0.000622137343123443,-0.00202932495869335));
#11958=CARTESIAN_POINT('',(0.00732149133230995,0.000683045079589419,-0.00204360386908252));
#11959=CARTESIAN_POINT('',(0.00732149133230995,0.000683045079589419,-0.00204360386908252));
#11960=CARTESIAN_POINT('',(0.0072,0.0006467156727579,-0.00223212159734444));
#11961=CARTESIAN_POINT('',(0.00723789540809314,0.000661217617602655,-0.00216810691576268));
#11962=CARTESIAN_POINT('',(0.00727878133785651,0.000672928690996088,-0.00210533958261314));
#11963=CARTESIAN_POINT('',(0.00732149133230992,0.000683045079589358,-0.00204360386908249));
#11964=CARTESIAN_POINT('',(0.0072,0.0006467156727579,-0.00223212159734443));
#11965=CARTESIAN_POINT('',(0.0072,0.0006467156727579,-0.00223212159734443));
#11966=CARTESIAN_POINT('',(0.00723789540808823,0.000702235311738108,-0.0022671323892546));
#11967=CARTESIAN_POINT('',(0.00727878133785653,0.00075489949805851,-0.00230323461674186));
#11968=CARTESIAN_POINT('',(0.00732149133230995,0.000805706606712856,-0.00233973499144536));
#11969=CARTESIAN_POINT('',(0.00732149133230995,0.000805706606712855,-0.00233973499144537));
#11970=CARTESIAN_POINT('',(0.0072,0.0007,-0.0025));
#11971=CARTESIAN_POINT('',(0.00723789540808515,0.000737895408085151,-0.00244640779992425));
#11972=CARTESIAN_POINT('',(0.00727878133785651,0.00077273504759514,-0.00239289997929125));
#11973=CARTESIAN_POINT('',(0.00732149133230992,0.000805706606712811,-0.00233973499144531));
#11974=CARTESIAN_POINT('',(0.0072,0.0007,-0.0025));
#11975=CARTESIAN_POINT('',(0.0072,0.0007,-0.0025));
#11976=CARTESIAN_POINT('',(0.00723789540809301,0.000737895408093012,-0.00255359220006466));
#11977=CARTESIAN_POINT('',(0.00727878133785653,0.000772735047595159,-0.00260710002070878));
#11978=CARTESIAN_POINT('',(0.00732149133230995,0.000805706606712837,-0.00266026500855473));
#11979=CARTESIAN_POINT('',(0.00732149133230995,0.000805706606712837,-0.00266026500855473));
#11980=CARTESIAN_POINT('',(0.0072,0.000646715672757901,-0.00276787840265556));
#11981=CARTESIAN_POINT('',(0.00723789540808971,0.000702235311738667,-0.00273286761074793));
#11982=CARTESIAN_POINT('',(0.00727878133785651,0.000754899498058483,-0.00269676538325816));
#11983=CARTESIAN_POINT('',(0.00732149133230992,0.000805706606712816,-0.00266026500855466));
#11984=CARTESIAN_POINT('',(0.0072,0.000646715672757901,-0.00276787840265556));
#11985=CARTESIAN_POINT('',(0.0072,0.000646715672757901,-0.00276787840265556));
#11986=CARTESIAN_POINT('',(0.00723789540808355,0.000661217617588907,-0.00283189308424546));
#11987=CARTESIAN_POINT('',(0.00727878133785592,0.000672928690995918,-0.00289466041738594));
#11988=CARTESIAN_POINT('',(0.00732149133230898,0.000683045079589138,-0.00295639613091616));
#11989=CARTESIAN_POINT('',(0.00732149133230898,0.000683045079589137,-0.00295639613091616));
#11990=CARTESIAN_POINT('',(0.0072,0.000494974746830583,-0.00299497474683058));
#11991=CARTESIAN_POINT('',(0.00723789540808946,0.000559666254954279,-0.00298387543877866));
#11992=CARTESIAN_POINT('',(0.00727878133785634,0.000622137343123154,-0.00297067504130671));
#11993=CARTESIAN_POINT('',(0.00732149133230965,0.000683045079588996,-0.00295639613091758));
#11994=CARTESIAN_POINT('',(0.0072,0.000494974746830583,-0.00299497474683058));
#11995=CARTESIAN_POINT('',(0.0072,0.000494974746830583,-0.00299497474683058));
#11996=CARTESIAN_POINT('',(0.00723789540808902,0.000483875438777729,-0.00305966625495458));
#11997=CARTESIAN_POINT('',(0.00727878133785653,0.00047067504130665,-0.00312213734312344));
#11998=CARTESIAN_POINT('',(0.00732149133230995,0.00045639613091748,-0.00318304507958942));
#11999=CARTESIAN_POINT('',(0.00732149133230995,0.000456396130917479,-0.00318304507958942));
#12000=CARTESIAN_POINT('',(0.0072,0.000267878402655563,-0.0031467156727579));
#12001=CARTESIAN_POINT('',(0.00723789540809106,0.000331893084239248,-0.0031612176175996));
#12002=CARTESIAN_POINT('',(0.00727878133785651,0.000394660417386861,-0.00317292869099609));
#12003=CARTESIAN_POINT('',(0.00732149133230992,0.000456396130917513,-0.00318304507958936));
#12004=CARTESIAN_POINT('',(0.0072,0.000267878402655563,-0.0031467156727579));
#12005=CARTESIAN_POINT('',(0.0072,0.000267878402655564,-0.0031467156727579));
#12006=CARTESIAN_POINT('',(0.00723789540808814,0.000232867610745994,-0.00320223531173776));
#12007=CARTESIAN_POINT('',(0.00727878133785592,0.000196765383258686,-0.00325489949805771));
#12008=CARTESIAN_POINT('',(0.00732149133230898,0.000160265008555465,-0.0033057066067117));
#12009=CARTESIAN_POINT('',(0.00732149133230898,0.000160265008555464,-0.00330570660671171));
#12010=CARTESIAN_POINT('',(0.0072,-2.8445213165945E-19,-0.0032));
#12011=CARTESIAN_POINT('',(0.00723789540808807,5.35922000714058E-5,-0.00323789540808807));
#12012=CARTESIAN_POINT('',(0.00727878133785634,0.000107100020708531,-0.003272735047595));
#12013=CARTESIAN_POINT('',(0.00732149133230965,0.000160265008554361,-0.00330570660671261));
#12014=CARTESIAN_POINT('',(0.0072,-2.8445213165945E-19,-0.0032));
#12015=CARTESIAN_POINT('',(0.0072,-2.8445213165945E-19,-0.0032));
#12016=CARTESIAN_POINT('',(0.00723789540808816,-5.35922000715306E-5,-0.00323789540808816));
#12017=CARTESIAN_POINT('',(0.00727878133785653,-0.000107100020708779,-0.00327273504759516));
#12018=CARTESIAN_POINT('',(0.00732149133230995,-0.000160265008554731,-0.00330570660671284));
#12019=CARTESIAN_POINT('',(0.007,-4.33680868994202E-19,-0.0025));
#12020=CARTESIAN_POINT('',(0.007,-4.33680868994202E-19,-0.003));
#12021=CARTESIAN_POINT('',(-0.009,-4.33680868994202E-19,-0.0025));
#12022=CARTESIAN_POINT('',(-0.0072,-0.000267878402655563,-0.0031467156727579));
#12023=CARTESIAN_POINT('',(-0.00723789540808861,-0.00033189308423859,-0.00316121761759722));
#12024=CARTESIAN_POINT('',(-0.00727878133785419,-0.000394660417383278,-0.00317292869099542));
#12025=CARTESIAN_POINT('',(-0.0073214913323062,-0.000456396130912139,-0.00318304507958848));
#12026=CARTESIAN_POINT('',(-0.00732149133230357,-0.000456396130914531,-0.00318304507958491));
#12027=CARTESIAN_POINT('',(-0.0072,-0.000267878402655564,-0.0031467156727579));
#12028=CARTESIAN_POINT('',(-0.0072,-0.000267878402655563,-0.0031467156727579));
#12029=CARTESIAN_POINT('',(-0.00723789540808981,-0.000232867610748117,-0.0032022353117387));
#12030=CARTESIAN_POINT('',(-0.00727878133785658,-0.000196765383258106,-0.00325489949805856));
#12031=CARTESIAN_POINT('',(-0.00732149133230996,-0.000160265008554634,-0.00330570660671286));
#12032=CARTESIAN_POINT('',(-0.00732149133231008,-0.000160265008554674,-0.00330570660671279));
#12033=CARTESIAN_POINT('',(-0.0072,-2.8445213165945E-19,-0.0032));
#12034=CARTESIAN_POINT('',(-0.00723789540808824,-5.35922000713691E-5,-0.00323789540808824));
#12035=CARTESIAN_POINT('',(-0.00727878133785658,-0.000107100020708834,-0.00327273504759519));
#12036=CARTESIAN_POINT('',(-0.00732149133230996,-0.000160265008554738,-0.00330570660671284));
#12037=CARTESIAN_POINT('',(-0.0072,-2.8445213165945E-19,-0.0032));
#12038=CARTESIAN_POINT('',(-0.0072,-2.8445213165945E-19,-0.0032));
#12039=CARTESIAN_POINT('',(-0.00723789540808824,5.35922000713684E-5,-0.00323789540808824));
#12040=CARTESIAN_POINT('',(-0.00727878133785658,0.000107100020708833,-0.00327273504759519));
#12041=CARTESIAN_POINT('',(-0.00732149133230996,0.000160265008554738,-0.00330570660671284));
#12042=CARTESIAN_POINT('',(-0.00732149133231008,0.000160265008554672,-0.00330570660671279));
#12043=CARTESIAN_POINT('',(-0.0072,0.000267878402655563,-0.0031467156727579));
#12044=CARTESIAN_POINT('',(-0.0072378954080881,0.000232867610745223,-0.00320223531173804));
#12045=CARTESIAN_POINT('',(-0.00727878133785658,0.000196765383258104,-0.00325489949805856));
#12046=CARTESIAN_POINT('',(-0.00732149133230996,0.000160265008554632,-0.00330570660671286));
#12047=CARTESIAN_POINT('',(-0.0072,0.000267878402655564,-0.0031467156727579));
#12048=CARTESIAN_POINT('',(-0.0072,0.000267878402655564,-0.0031467156727579));
#12049=CARTESIAN_POINT('',(-0.00723789540808678,0.000331893084240275,-0.00316121761759455));
#12050=CARTESIAN_POINT('',(-0.00727878133785418,0.000394660417383278,-0.00317292869099541));
#12051=CARTESIAN_POINT('',(-0.0073214913323062,0.000456396130912138,-0.00318304507958848));
#12052=CARTESIAN_POINT('',(-0.00732149133230357,0.000456396130914528,-0.00318304507958491));
#12053=CARTESIAN_POINT('',(-0.0072,0.000494974746830583,-0.00299497474683058));
#12054=CARTESIAN_POINT('',(-0.00723789540808743,0.000483875438777281,-0.00305966625495279));
#12055=CARTESIAN_POINT('',(-0.00727878133785418,0.000470675041307406,-0.00312213734311984));
#12056=CARTESIAN_POINT('',(-0.0073214913323062,0.000456396130918735,-0.00318304507958407));
#12057=CARTESIAN_POINT('',(-0.0072,0.000494974746830584,-0.00299497474683059));
#12058=CARTESIAN_POINT('',(-0.0072,0.000494974746830583,-0.00299497474683058));
#12059=CARTESIAN_POINT('',(-0.00723789540809545,0.000559666254950444,-0.00298387543879097));
#12060=CARTESIAN_POINT('',(-0.00727878133785418,0.000622137343119845,-0.0029706750413074));
#12061=CARTESIAN_POINT('',(-0.0073214913323062,0.000683045079584071,-0.00295639613091873));
#12062=CARTESIAN_POINT('',(-0.00732149133230357,0.000683045079584916,-0.00295639613091452));
#12063=CARTESIAN_POINT('',(-0.0072,0.000646715672757901,-0.00276787840265556));
#12064=CARTESIAN_POINT('',(-0.00723789540808558,0.000661217617592791,-0.00283189308424138));
#12065=CARTESIAN_POINT('',(-0.00727878133785418,0.000672928690995416,-0.00289466041738327));
#12066=CARTESIAN_POINT('',(-0.0073214913323062,0.000683045079588479,-0.00295639613091213));
#12067=CARTESIAN_POINT('',(-0.0072,0.000646715672757902,-0.00276787840265556));
#12068=CARTESIAN_POINT('',(-0.0072,0.000646715672757901,-0.00276787840265556));
#12069=CARTESIAN_POINT('',(-0.00723789540809595,0.000702235311741047,-0.00273286761075847));
#12070=CARTESIAN_POINT('',(-0.00727878133785658,0.000754899498058567,-0.0026967653832581));
#12071=CARTESIAN_POINT('',(-0.00732149133230996,0.00080570660671287,-0.00266026500855462));
#12072=CARTESIAN_POINT('',(-0.00732149133231,0.000805706606712885,-0.00266026500855469));
#12073=CARTESIAN_POINT('',(-0.0072,0.0007,-0.0025));
#12074=CARTESIAN_POINT('',(-0.00723789540808832,0.000737895408088316,-0.00255359220007126));
#12075=CARTESIAN_POINT('',(-0.00727878133785658,0.000772735047595196,-0.00260710002070884));
#12076=CARTESIAN_POINT('',(-0.00732149133230996,0.000805706606712846,-0.00266026500855475));
#12077=CARTESIAN_POINT('',(-0.0072,0.0007,-0.0025));
#12078=CARTESIAN_POINT('',(-0.0072,0.0007,-0.0025));
#12079=CARTESIAN_POINT('',(-0.00723789540808832,0.000737895408088316,-0.00244640779992874));
#12080=CARTESIAN_POINT('',(-0.00727878133785658,0.000772735047595196,-0.00239289997929116));
#12081=CARTESIAN_POINT('',(-0.00732149133230996,0.000805706606712846,-0.00233973499144526));
#12082=CARTESIAN_POINT('',(-0.00732149133231,0.000805706606712885,-0.00233973499144531));
#12083=CARTESIAN_POINT('',(-0.0072,0.0006467156727579,-0.00223212159734444));
#12084=CARTESIAN_POINT('',(-0.00723789540808731,0.00070223531173774,-0.00226713238925612));
#12085=CARTESIAN_POINT('',(-0.00727878133785658,0.000754899498058568,-0.0023032346167419));
#12086=CARTESIAN_POINT('',(-0.00732149133230996,0.000805706606712871,-0.00233973499144537));
#12087=CARTESIAN_POINT('',(-0.0072,0.000646715672757901,-0.00223212159734443));
#12088=CARTESIAN_POINT('',(-0.0072,0.0006467156727579,-0.00223212159734443));
#12089=CARTESIAN_POINT('',(-0.00723789540809032,0.000661217617599726,-0.00216810691576299));
#12090=CARTESIAN_POINT('',(-0.00727878133785419,0.000672928690995415,-0.00210533958261672));
#12091=CARTESIAN_POINT('',(-0.0073214913323062,0.000683045079588478,-0.00204360386908785));
#12092=CARTESIAN_POINT('',(-0.00732149133230349,0.000683045079584995,-0.00204360386908542));
#12093=CARTESIAN_POINT('',(-0.0072,0.000494974746830583,-0.00200502525316941));
#12094=CARTESIAN_POINT('',(-0.00723789540808611,0.000559666254953184,-0.00201612456122497));
#12095=CARTESIAN_POINT('',(-0.00727878133785419,0.00062213734311985,-0.0020293249586926));
#12096=CARTESIAN_POINT('',(-0.00732149133230621,0.000683045079584079,-0.00204360386908127));
#12097=CARTESIAN_POINT('',(-0.0072,0.000494974746830584,-0.00200502525316941));
#12098=CARTESIAN_POINT('',(-0.0072,0.000494974746830583,-0.00200502525316942));
#12099=CARTESIAN_POINT('',(-0.00723789540808893,0.000483875438779843,-0.00194033374504765));
#12100=CARTESIAN_POINT('',(-0.00727878133785418,0.000470675041307405,-0.00187786265688016));
#12101=CARTESIAN_POINT('',(-0.0073214913323062,0.000456396130918735,-0.00181695492041593));
#12102=CARTESIAN_POINT('',(-0.00732149133230357,0.000456396130914528,-0.00181695492041509));
#12103=CARTESIAN_POINT('',(-0.0072,0.000267878402655563,-0.0018532843272421));
#12104=CARTESIAN_POINT('',(-0.00723789540808603,0.000331893084240974,-0.00183878238240656));
#12105=CARTESIAN_POINT('',(-0.00727878133785418,0.000394660417383276,-0.00182707130900458));
#12106=CARTESIAN_POINT('',(-0.0073214913323062,0.000456396130912136,-0.00181695492041152));
#12107=CARTESIAN_POINT('',(-0.0072,0.000267878402655563,-0.0018532843272421));
#12108=CARTESIAN_POINT('',(-0.0072,0.000267878402655563,-0.0018532843272421));
#12109=CARTESIAN_POINT('',(-0.007237895408088,0.0002328676107451,-0.00179776468826201));
#12110=CARTESIAN_POINT('',(-0.00727878133785654,0.000196765383258136,-0.00174510050194148));
#12111=CARTESIAN_POINT('',(-0.0073214913323099,0.000160265008554681,-0.0016942933932872));
#12112=CARTESIAN_POINT('',(-0.00732149133231053,0.000160265008554554,-0.0016942933932878));
#12113=CARTESIAN_POINT('',(-0.0072,-1.53080849893418E-20,-0.0018));
#12114=CARTESIAN_POINT('',(-0.00723789540809229,5.3592200065593E-5,-0.00176210459190771));
#12115=CARTESIAN_POINT('',(-0.00727878133785654,0.000107100020708783,-0.00172726495240484));
#12116=CARTESIAN_POINT('',(-0.0073214913323099,0.000160265008554664,-0.0016942933932872));
#12117=CARTESIAN_POINT('',(-0.0072,-1.53080849893419E-20,-0.0018));
#12118=CARTESIAN_POINT('',(-0.0072,-1.53080849893418E-20,-0.0018));
#12119=CARTESIAN_POINT('',(-0.00723789540809231,-5.35922000656176E-5,-0.00176210459190769));
#12120=CARTESIAN_POINT('',(-0.00727878133785658,-0.000107100020708833,-0.00172726495240481));
#12121=CARTESIAN_POINT('',(-0.00732149133230996,-0.000160265008554737,-0.00169429339328716));
#12122=CARTESIAN_POINT('',(-0.00732149133231008,-0.000160265008554673,-0.00169429339328721));
#12123=CARTESIAN_POINT('',(-0.0072,-0.000267878402655564,-0.0018532843272421));
#12124=CARTESIAN_POINT('',(-0.00723789540809307,-0.000232867610753615,-0.00179776468826006));
#12125=CARTESIAN_POINT('',(-0.00727878133785658,-0.000196765383258104,-0.00174510050194144));
#12126=CARTESIAN_POINT('',(-0.00732149133230996,-0.000160265008554632,-0.00169429339328714));
#12127=CARTESIAN_POINT('',(-0.0072,-0.000267878402655564,-0.00185328432724209));
#12128=CARTESIAN_POINT('',(-0.0072,-0.000267878402655564,-0.0018532843272421));
#12129=CARTESIAN_POINT('',(-0.00723789540809776,-0.00033189308423014,-0.00183878238238937));
#12130=CARTESIAN_POINT('',(-0.00727878133785419,-0.000394660417383284,-0.00182707130900458));
#12131=CARTESIAN_POINT('',(-0.00732149133230621,-0.000456396130912148,-0.00181695492041152));
#12132=CARTESIAN_POINT('',(-0.00732149133230349,-0.000456396130914584,-0.001816954920415));
#12133=CARTESIAN_POINT('',(-0.0072,-0.000494974746830585,-0.00200502525316942));
#12134=CARTESIAN_POINT('',(-0.00723789540809213,-0.000483875438785304,-0.00194033374504858));
#12135=CARTESIAN_POINT('',(-0.00727878133785419,-0.000470675041307405,-0.00187786265688015));
#12136=CARTESIAN_POINT('',(-0.00732149133230621,-0.000456396130918733,-0.00181695492041592));
#12137=CARTESIAN_POINT('',(-0.0072,-0.000494974746830585,-0.00200502525316941));
#12138=CARTESIAN_POINT('',(-0.0072,-0.000494974746830585,-0.00200502525316941));
#12139=CARTESIAN_POINT('',(-0.00723789540808783,-0.000559666254952679,-0.00201612456122204));
#12140=CARTESIAN_POINT('',(-0.00727878133785418,-0.000622137343119846,-0.00202932495869259));
#12141=CARTESIAN_POINT('',(-0.0073214913323062,-0.000683045079584072,-0.00204360386908127));
#12142=CARTESIAN_POINT('',(-0.00732149133230357,-0.000683045079584919,-0.00204360386908547));
#12143=CARTESIAN_POINT('',(-0.0072,-0.000646715672757903,-0.00223212159734443));
#12144=CARTESIAN_POINT('',(-0.00723789540809188,-0.00066121761760202,-0.00216810691576443));
#12145=CARTESIAN_POINT('',(-0.00727878133785419,-0.000672928690995416,-0.00210533958261672));
#12146=CARTESIAN_POINT('',(-0.0073214913323062,-0.000683045079588479,-0.00204360386908786));
#12147=CARTESIAN_POINT('',(-0.0072,-0.000646715672757904,-0.00223212159734443));
#12148=CARTESIAN_POINT('',(-0.0072,-0.000646715672757903,-0.00223212159734443));
#12149=CARTESIAN_POINT('',(-0.00723789540808693,-0.000702235311737599,-0.00226713238925674));
#12150=CARTESIAN_POINT('',(-0.00727878133785658,-0.000754899498058563,-0.00230323461674189));
#12151=CARTESIAN_POINT('',(-0.00732149133230996,-0.000805706606712864,-0.00233973499144537));
#12152=CARTESIAN_POINT('',(-0.00732149133231008,-0.000805706606712794,-0.00233973499144533));
#12153=CARTESIAN_POINT('',(-0.0072,-0.0007,-0.0025));
#12154=CARTESIAN_POINT('',(-0.0072378954080913,-0.000737895408091304,-0.00244640779993296));
#12155=CARTESIAN_POINT('',(-0.00727878133785658,-0.000772735047595195,-0.00239289997929117));
#12156=CARTESIAN_POINT('',(-0.00732149133230996,-0.000805706606712844,-0.00233973499144526));
#12157=CARTESIAN_POINT('',(-0.0072,-0.0007,-0.0025));
#12158=CARTESIAN_POINT('',(-0.0072,-0.0007,-0.0025));
#12159=CARTESIAN_POINT('',(-0.0072378954080913,-0.000737895408091305,-0.00255359220006704));
#12160=CARTESIAN_POINT('',(-0.00727878133785658,-0.000772735047595198,-0.00260710002070884));
#12161=CARTESIAN_POINT('',(-0.00732149133230996,-0.000805706606712848,-0.00266026500855474));
#12162=CARTESIAN_POINT('',(-0.00732149133231,-0.000805706606712889,-0.00266026500855469));
#12163=CARTESIAN_POINT('',(-0.0072,-0.000646715672757903,-0.00276787840265557));
#12164=CARTESIAN_POINT('',(-0.00723789540808766,-0.000702235311737878,-0.00273286761074447));
#12165=CARTESIAN_POINT('',(-0.00727878133785658,-0.00075489949805857,-0.0026967653832581));
#12166=CARTESIAN_POINT('',(-0.00732149133230997,-0.000805706606712873,-0.00266026500855463));
#12167=CARTESIAN_POINT('',(-0.0072,-0.000646715672757904,-0.00276787840265556));
#12168=CARTESIAN_POINT('',(-0.0072,-0.000646715672757903,-0.00276787840265556));
#12169=CARTESIAN_POINT('',(-0.00723789540809188,-0.00066121761760202,-0.00283189308423557));
#12170=CARTESIAN_POINT('',(-0.00727878133785418,-0.000672928690995416,-0.00289466041738328));
#12171=CARTESIAN_POINT('',(-0.0073214913323062,-0.000683045079588479,-0.00295639613091214));
#12172=CARTESIAN_POINT('',(-0.00732149133230357,-0.000683045079584919,-0.00295639613091453));
#12173=CARTESIAN_POINT('',(-0.0072,-0.000494974746830585,-0.00299497474683059));
#12174=CARTESIAN_POINT('',(-0.00723789540808695,-0.000559666254952936,-0.00298387543877647));
#12175=CARTESIAN_POINT('',(-0.00727878133785419,-0.000622137343119845,-0.00297067504130741));
#12176=CARTESIAN_POINT('',(-0.0073214913323062,-0.000683045079584072,-0.00295639613091874));
#12177=CARTESIAN_POINT('',(-0.0072,-0.000494974746830586,-0.00299497474683059));
#12178=CARTESIAN_POINT('',(-0.0072,-0.000494974746830585,-0.00299497474683059));
#12179=CARTESIAN_POINT('',(-0.00723789540808893,-0.000483875438779845,-0.00305966625495236));
#12180=CARTESIAN_POINT('',(-0.00727878133785418,-0.000470675041307406,-0.00312213734311984));
#12181=CARTESIAN_POINT('',(-0.0073214913323062,-0.000456396130918736,-0.00318304507958407));
#12182=CARTESIAN_POINT('',(-0.007,-4.33680868994202E-19,-0.0025));
#12183=CARTESIAN_POINT('',(-0.007,-4.33680868994202E-19,-0.003));
#12184=CARTESIAN_POINT('',(0.005,-0.00152488643866549,-0.00409801060310029));
#12185=CARTESIAN_POINT('',(0.005,-4.33680868994202E-19,-0.0025));
#12186=CARTESIAN_POINT('',(0.005,-0.000434313112646352,-0.00496198540210608));
#12187=CARTESIAN_POINT('',(0.005,3.08395284618099E-18,-0.0025));
#12188=CARTESIAN_POINT('',(0.005,-0.00190918830920368,-0.00059081169079632));
#12189=CARTESIAN_POINT('',(0.005,-0.00380019127138598,-0.00248181465297863));
#12190=CARTESIAN_POINT('',(0.005,-0.00580985141200699,-0.00449147479359964));
#12191=CARTESIAN_POINT('',(0.005,-0.0166617680335693,-0.00354162724183354));
#12192=CARTESIAN_POINT('',(-0.002,-0.00152488643866549,-0.00409801060310029));
#12193=CARTESIAN_POINT('',(-0.002,-4.33680868994202E-19,-0.0025));
#12194=CARTESIAN_POINT('',(-0.002,-0.000434313112646352,-0.00496198540210608));
#12195=CARTESIAN_POINT('',(-0.002,1.7347234759768E-18,-0.0025));
#12196=CARTESIAN_POINT('',(-0.002,-0.00190918830920368,-0.000590811690796324));
#12197=CARTESIAN_POINT('',(-0.002,-0.00380019127138598,-0.00248181465297863));
#12198=CARTESIAN_POINT('',(-0.002,-0.00580985141200699,-0.00449147479359964));
#12199=CARTESIAN_POINT('',(-0.002,-0.0166617680335693,-0.00354162724183354));
#12200=CARTESIAN_POINT('',(0.011,2.67576835026362E-19,-0.0025));
#12201=CARTESIAN_POINT('',(0.011,4.20657684919781E-19,-0.005));
#12202=CARTESIAN_POINT('',(-0.011,4.20657684919781E-19,-0.005));
#12203=CARTESIAN_POINT('',(-0.011,2.67576835026362E-19,-0.0025));
#12204=CARTESIAN_POINT('',(-0.005,-0.00152488643866549,-0.00409801060310029));
#12205=CARTESIAN_POINT('',(-0.005,-4.33680868994202E-19,-0.0025));
#12206=CARTESIAN_POINT('',(-0.005,-0.000434313112646355,-0.00496198540210608));
#12207=CARTESIAN_POINT('',(-0.005,-0.0166617680335693,-0.00354162724183354));
#12208=CARTESIAN_POINT('',(0.011,2.67576835026362E-19,-0.0025));
#12209=CARTESIAN_POINT('',(0.005,3.08395284618099E-18,-0.0025));
#12210=CARTESIAN_POINT('',(0.005,1.76988705512397E-18,-0.005));
#12211=CARTESIAN_POINT('',(0.011,4.20657684919781E-19,-0.005));
#12212=CARTESIAN_POINT('',(0.002,-4.33680868994202E-19,-0.005));
#12213=CARTESIAN_POINT('',(0.002,2.67576835026362E-19,-0.0025));
#12214=CARTESIAN_POINT('',(0.009,3.08395284618099E-18,-0.0025));
#12215=CARTESIAN_POINT('',(0.0103082903768655,3.08395284618099E-18,-0.0025));
#12216=CARTESIAN_POINT('',(0.00898414056803525,-0.00142473922221737,-0.000206505254273422));
#12217=CARTESIAN_POINT('',(0.009,-0.00142473922221737,-0.000206505254273422));
#12218=CARTESIAN_POINT('',(0.00604983402818032,-0.00142473922221737,-0.000206505254273422));
#12219=CARTESIAN_POINT('',(0.00472568421935009,3.08395284618099E-18,-0.0025));
#12220=CARTESIAN_POINT('',(0.00582795460360252,-0.00190918830920368,-0.000590811690796324));
#12221=CARTESIAN_POINT('',(0.009,-0.00190918830920368,-0.000590811690796324));
#12222=CARTESIAN_POINT('',(0.009,-0.00380019127138598,-0.00248181465297863));
#12223=CARTESIAN_POINT('',(0.00534530017229844,-0.0027451703067206,-0.00142679368831324));
#12224=CARTESIAN_POINT('',(0.009,-0.00380019127138598,-0.00248181465297863));
#12225=CARTESIAN_POINT('',(0.009,-0.00580985141200699,-0.00449147479359964));
#12226=CARTESIAN_POINT('',(0.009,-0.00580985141200699,-0.00449147479359964));
#12227=CARTESIAN_POINT('',(0.009,-0.00152488643866549,-0.00409801060310029));
#12228=CARTESIAN_POINT('',(0.009,-0.0166617680335693,-0.00354162724183354));
#12229=CARTESIAN_POINT('',(0.011,2.67576835026362E-19,-0.0025));
#12230=CARTESIAN_POINT('',(-0.002,1.7347234759768E-18,-0.0025));
#12231=CARTESIAN_POINT('',(-0.002,4.20657684919781E-19,-0.005));
#12232=CARTESIAN_POINT('',(0.011,4.20657684919781E-19,-0.005));
#12233=CARTESIAN_POINT('',(-0.005,5.96311194867027E-19,-0.005));
#12234=CARTESIAN_POINT('',(-0.005,-1.08165253517782E-18,-0.0025));
#12235=CARTESIAN_POINT('',(0.011,-0.0360511937599192,-0.00538094757971006));
#12236=CARTESIAN_POINT('',(-0.011,-0.0360511937599192,-0.00538094757971006));
#12237=CARTESIAN_POINT('',(-0.011,-0.0357232250385844,-0.00724095062641933));
#12238=CARTESIAN_POINT('',(0.011,-0.0357232250385844,-0.00724095062641933));
#12239=CARTESIAN_POINT('',(0.011,-0.0357232250385844,-0.00724095062641933));
#12240=CARTESIAN_POINT('',(0.011,-0.0360511937599192,-0.00538094757971006));
#12241=CARTESIAN_POINT('',(0.011,-0.0347384172855722,-0.0070673024487524));
#12242=CARTESIAN_POINT('',(-0.011,-0.0347384172855722,-0.0070673024487524));
#12243=CARTESIAN_POINT('',(-0.011,-0.03375360953256,-0.00689365427108548));
#12244=CARTESIAN_POINT('',(0.011,-0.03375360953256,-0.00689365427108548));
#12245=CARTESIAN_POINT('',(0.011,-0.03375360953256,-0.00689365427108548));
#12246=CARTESIAN_POINT('',(0.011,-0.0347384172855722,-0.0070673024487524));
#12247=CARTESIAN_POINT('',(0.011,-0.0340745740374533,-0.0050733741097415));
#12248=CARTESIAN_POINT('',(-0.011,-0.0340745740374533,-0.0050733741097415));
#12249=CARTESIAN_POINT('',(-0.011,-0.0343955385423466,-0.00325309394839751));
#12250=CARTESIAN_POINT('',(0.011,-0.0343955385423466,-0.00325309394839751));
#12251=CARTESIAN_POINT('',(0.011,-0.0343955385423466,-0.00325309394839751));
#12252=CARTESIAN_POINT('',(0.011,-0.0340745740374533,-0.0050733741097415));
#12253=CARTESIAN_POINT('',(0.011,-0.0334107307893344,-0.00307944577073058));
#12254=CARTESIAN_POINT('',(-0.011,-0.0334107307893344,-0.00307944577073058));
#12255=CARTESIAN_POINT('',(-0.011,-0.0333235360671387,-0.00208325448366709));
#12256=CARTESIAN_POINT('',(0.011,-0.0333235360671387,-0.00208325448366709));
#12257=CARTESIAN_POINT('',(0.011,-0.0333235360671387,-0.00208325448366709));
#12258=CARTESIAN_POINT('',(0.011,-0.0334107307893344,-0.00307944577073058));
#12259=CARTESIAN_POINT('',(0.011,-0.0166617680335693,-0.00354162724183354));
#12260=CARTESIAN_POINT('',(-0.002,-0.0166617680335693,-0.00354162724183354));
#12261=CARTESIAN_POINT('',(0.002,-0.00580985141200699,-0.00449147479359964));
#12262=CARTESIAN_POINT('',(0.002,-0.00580985141200699,-0.00449147479359964));
#12263=CARTESIAN_POINT('',(0.002,-0.0166617680335693,-0.00354162724183354));
#12264=CARTESIAN_POINT('',(0.002,-0.000434313112646362,-0.00496198540210608));
#12265=CARTESIAN_POINT('',(0.002,-0.0166617680335693,-0.00354162724183354));
#12266=CARTESIAN_POINT('',(0.005,-0.0166617680335693,-0.00354162724183354));
#12267=CARTESIAN_POINT('',(0.009,-0.0166617680335693,-0.00354162724183354));
#12268=CARTESIAN_POINT('',(0.011,4.20657684919781E-19,-0.005));
#12269=CARTESIAN_POINT('',(0.011,4.20657684919781E-19,-0.005));
#12270=CARTESIAN_POINT('',(0.011,-0.0166617680335693,-0.00354162724183354));
#12271=CARTESIAN_POINT('',(-0.011,-0.0166617680335693,-0.00354162724183354));
#12272=CARTESIAN_POINT('',(-0.009,-0.0166617680335693,-0.00354162724183354));
#12273=CARTESIAN_POINT('',(-0.005,-0.0166617680335693,-0.00354162724183354));
#12274=CARTESIAN_POINT('',(0.011,2.67576835026362E-19,-0.0025));
#12275=CARTESIAN_POINT('',(0.011,2.67576835026362E-19,-0.0025));
#12276=CARTESIAN_POINT('',(0.011,-0.0169623696111087,-0.000283651224376201));
#12277=CARTESIAN_POINT('',(-0.011,-0.0169623696111087,-0.000283651224376201));
#12278=CARTESIAN_POINT('',(0.002,1.7347234759768E-18,-0.0025));
#12279=CARTESIAN_POINT('',(0.002,1.7347234759768E-18,-0.0025));
#12280=CARTESIAN_POINT('',(0.002,-0.00190918830920368,-0.000590811690796324));
#12281=CARTESIAN_POINT('',(0.002,-0.00190918830920368,-0.000590811690796324));
#12282=CARTESIAN_POINT('',(0.002,-0.00380019127138598,-0.00248181465297863));
#12283=CARTESIAN_POINT('',(0.002,-0.00380019127138598,-0.00248181465297863));
#12284=CARTESIAN_POINT('',(0.002,-0.00152488643866549,-0.00409801060310029));
#12285=CARTESIAN_POINT('',(0.002,-4.33680868994202E-19,-0.0025));
#12286=CARTESIAN_POINT('',(-0.002,0.,-0.0025));
#12287=CARTESIAN_POINT('',(-0.002,-4.33680868994202E-19,-0.0025));
#12288=CARTESIAN_POINT('',(-0.002,-4.33680868994202E-19,-0.0025));
#12289=CARTESIAN_POINT('',(-8.67361737988404E-19,-4.33680868994202E-19,
-0.0025));
#12290=CARTESIAN_POINT('',(-8.67361737988404E-19,-4.33680868994202E-19,
-0.003));
#12291=CARTESIAN_POINT('',(0.002,-4.33680868994202E-19,-0.0025));
#12292=CARTESIAN_POINT('',(0.002,-4.33680868994202E-19,-0.0025));
#12293=CARTESIAN_POINT('',(0.002,0.,-0.0025));
#12294=CARTESIAN_POINT('',(0.005,0.,-0.0025));
#12295=CARTESIAN_POINT('',(0.005,-4.33680868994202E-19,-0.0025));
#12296=CARTESIAN_POINT('',(0.005,-4.33680868994202E-19,-0.0025));
#12297=CARTESIAN_POINT('',(0.0036849364905389,-1.78950842088743E-19,-0.00470262794416288));
#12298=CARTESIAN_POINT('',(0.00553397459621556,-0.00169270667521746,-0.0015));
#12299=CARTESIAN_POINT('',(0.00586699243779651,-0.00042473922221737,-0.00092319617855487));
#12300=CARTESIAN_POINT('',(0.00586699243779651,-0.000424739222217371,-0.00092319617855487));
#12301=CARTESIAN_POINT('',(0.00605098277146159,-0.000424739222217371,-0.00111374468063298));
#12302=CARTESIAN_POINT('',(0.00623416552649976,-0.00042473922221737,-0.00130512018055888));
#12303=CARTESIAN_POINT('',(0.00641353628367816,-0.00042473922221737,-0.00150000000000297));
#12304=CARTESIAN_POINT('',(0.00641353628368135,-0.00042473922221737,-0.0015));
#12305=CARTESIAN_POINT('',(0.00641353628367654,-0.000424739222214568,-0.0015));
#12306=CARTESIAN_POINT('',(0.00622380602593011,-0.000910060638624888,-0.0015));
#12307=CARTESIAN_POINT('',(0.00587065515244736,-0.00130166283034873,-0.0015));
#12308=CARTESIAN_POINT('',(0.00553397459621556,-0.00169270667521746,-0.0015));
#12309=CARTESIAN_POINT('',(0.009,-4.33680868994202E-19,-0.0025));
#12310=CARTESIAN_POINT('',(0.00828276674013332,-0.00142473922221737,-0.00142837721263448));
#12311=CARTESIAN_POINT('',(0.00826848488835517,-0.00142473922221737,-0.00145213670210951));
#12312=CARTESIAN_POINT('',(0.00825443944917184,-0.00142473922221737,-0.00147600703276933));
#12313=CARTESIAN_POINT('',(0.00824065558090179,-0.00142473922221737,-0.0015));
#12314=CARTESIAN_POINT('',(0.00828276674013211,-0.00142473922221737,-0.00142837721263392));
#12315=CARTESIAN_POINT('',(0.00777836127005146,-0.0010629185495923,-0.00178978053131426));
#12316=CARTESIAN_POINT('',(0.0079460323925494,-0.00118389343629904,-0.0016690321967879));
#12317=CARTESIAN_POINT('',(0.00811429883225499,-0.00130439290512183,-0.00154864048647169));
#12318=CARTESIAN_POINT('',(0.00828276674013211,-0.00142473922221737,-0.00142837721263392));
#12319=CARTESIAN_POINT('',(0.00777836127005146,-0.0010629185495923,-0.00178978053131426));
#12320=CARTESIAN_POINT('',(0.00852560657826265,-0.00176155670073402,-0.0015));
#12321=CARTESIAN_POINT('',(0.00827595881675666,-0.00152916814956752,-0.00159632253847386));
#12322=CARTESIAN_POINT('',(0.00802654453048316,-0.00129656775152209,-0.00169274320662661));
#12323=CARTESIAN_POINT('',(0.00777836127005147,-0.00106291854959229,-0.00178978053131427));
#12324=CARTESIAN_POINT('',(0.009,0.,-0.0025));
#12325=CARTESIAN_POINT('',(-0.009,0.,-0.0025));
#12326=CARTESIAN_POINT('',(-0.009,-4.33680868994202E-19,-0.0025));
#12327=CARTESIAN_POINT('',(-0.00777836127005147,-0.0010629185495923,-0.00178978053131426));
#12328=CARTESIAN_POINT('',(-0.00794603239254941,-0.00118389343629905,-0.0016690321967879));
#12329=CARTESIAN_POINT('',(-0.00811429883225499,-0.00130439290512183,-0.00154864048647169));
#12330=CARTESIAN_POINT('',(-0.00828276674013211,-0.00142473922221737,-0.00142837721263392));
#12331=CARTESIAN_POINT('',(-0.00828276674013211,-0.00142473922221737,-0.00142837721263391));
#12332=CARTESIAN_POINT('',(-0.00828276674013332,-0.00142473922221737,-0.00142837721263448));
#12333=CARTESIAN_POINT('',(-0.00826848488835517,-0.00142473922221737,-0.00145213670210951));
#12334=CARTESIAN_POINT('',(-0.00825443944917184,-0.00142473922221737,-0.00147600703276933));
#12335=CARTESIAN_POINT('',(-0.00824065558090179,-0.00142473922221737,-0.0015));
#12336=CARTESIAN_POINT('',(-0.005,-4.33680868994202E-19,-0.0025));
#12337=CARTESIAN_POINT('',(-0.00586699243779651,-0.00042473922221737,-0.00092319617855487));
#12338=CARTESIAN_POINT('',(-0.00605098769980465,-0.00042473922221737,-0.00111374978464236));
#12339=CARTESIAN_POINT('',(-0.00623416638841202,-0.00042473922221737,-0.00130512111699537));
#12340=CARTESIAN_POINT('',(-0.00641353628367542,-0.00042473922221737,-0.0015));
#12341=CARTESIAN_POINT('',(-0.00586699243779651,-0.00042473922221737,-0.000923196178554871));
#12342=CARTESIAN_POINT('',(-0.00641353628367542,-0.00042473922221737,-0.0015));
#12343=CARTESIAN_POINT('',(-0.0036849364905389,-1.78950842088743E-19,-0.00470262794416288));
#12344=CARTESIAN_POINT('',(-0.00553397459621556,-0.00169270667521746,-0.0015));
#12345=CARTESIAN_POINT('',(-0.00553397459621556,-0.00169270667521746,-0.0015));
#12346=CARTESIAN_POINT('',(-0.00587117427997379,-0.0013010598801036,-0.0015));
#12347=CARTESIAN_POINT('',(-0.00622516821462193,-0.000906576221570351,-0.0015));
#12348=CARTESIAN_POINT('',(-0.00641353628367542,-0.00042473922221737,-0.0015));
#12349=CARTESIAN_POINT('',(-0.005,-4.33680868994202E-19,-0.0025));
#12350=CARTESIAN_POINT('',(-0.005,0.,-0.0025));
#12351=CARTESIAN_POINT('',(-0.0088,3.53787591266381E-50,-0.000199999999999996));
#12352=CARTESIAN_POINT('',(-0.0065,5.42101086242752E-20,-0.0025));
#12353=CARTESIAN_POINT('',(-0.00726721494311406,-0.000196194915625668,-0.00151366155252078));
#12354=CARTESIAN_POINT('',(-0.00737677669529664,3.53787591266381E-50,-0.00162322330470336));
#12355=CARTESIAN_POINT('',(-0.00726721494311396,0.000196194915625566,-0.00151366155252069));
#12356=CARTESIAN_POINT('',(-0.0065,2.16840434497101E-19,-0.0025));
#12357=CARTESIAN_POINT('',(-0.00862322330470337,3.53787591266381E-50,-0.000376776695296635));
#12358=CARTESIAN_POINT('',(-0.00737677669529664,3.53787591266381E-50,-0.00162322330470336));
#12359=CARTESIAN_POINT('',(-0.0072672149431139,0.00019619491562568,-0.00151366155252072));
#12360=CARTESIAN_POINT('',(-0.00727344530633878,0.000183606537263774,-0.00157694760420135));
#12361=CARTESIAN_POINT('',(-0.00727934931907978,0.000170153041960551,-0.00164458289244637));
#12362=CARTESIAN_POINT('',(-0.00732149133231056,0.000160265008554561,-0.00169429339328777));
#12363=CARTESIAN_POINT('',(-0.00732149133231008,-0.000160265008554673,-0.00169429339328721));
#12364=CARTESIAN_POINT('',(-0.0072796796220156,-0.00017007554100109,-0.00164497251608055));
#12365=CARTESIAN_POINT('',(-0.00727345752831515,-0.000183581842899221,-0.0015770717511555));
#12366=CARTESIAN_POINT('',(-0.00726721494311405,-0.000196194915625669,-0.00151366155252078));
#12367=CARTESIAN_POINT('',(-0.00862322330470337,3.53787591266381E-50,-0.000376776695296634));
#12368=CARTESIAN_POINT('',(-0.0088,-0.000880171894439709,-0.000375077075224037));
#12369=CARTESIAN_POINT('',(-0.00862322330470337,-0.000812522381921433,-0.000538397445833586));
#12370=CARTESIAN_POINT('',(-0.0065,-2.71050543121376E-19,-0.0025));
#12371=CARTESIAN_POINT('',(-0.00726721494311406,-0.000558715849484337,-0.00166382263996919));
#12372=CARTESIAN_POINT('',(-0.00737677669529664,-0.000335527915173838,-0.00168996395663255));
#12373=CARTESIAN_POINT('',(-0.00737677669529664,-0.000335527915173838,-0.00168996395663255));
#12374=CARTESIAN_POINT('',(-0.00732149133231014,-0.000456396130917443,-0.00181695492041072));
#12375=CARTESIAN_POINT('',(-0.00728024075399806,-0.000483959222643337,-0.00177570383849687));
#12376=CARTESIAN_POINT('',(-0.0072734643517722,-0.000522757596039415,-0.00171763796929025));
#12377=CARTESIAN_POINT('',(-0.00726721494311405,-0.000558715849484338,-0.0016638226399692));
#12378=CARTESIAN_POINT('',(-0.00862322330470337,-0.000812522381921434,-0.000538397445833585));
#12379=CARTESIAN_POINT('',(-0.0088,-0.00162634559672906,-0.000873654403270938));
#12380=CARTESIAN_POINT('',(-0.0085148855309047,-0.00142473922221737,-0.00107526077778263));
#12381=CARTESIAN_POINT('',(-0.00852433554472038,-0.00142473922221737,-0.000782199617438605));
#12382=CARTESIAN_POINT('',(-0.00737677669529664,-0.000619974746830585,-0.00188002525316942));
#12383=CARTESIAN_POINT('',(-0.00862322330470337,-0.00150134559672906,-0.000998654403270939));
#12384=CARTESIAN_POINT('',(-0.00737677669529664,-0.000619974746830585,-0.00188002525316942));
#12385=CARTESIAN_POINT('',(-0.00732149133231022,-0.000683045079589197,-0.00204360386908261));
#12386=CARTESIAN_POINT('',(-0.00728024075399807,-0.000724296161503045,-0.00201604077735672));
#12387=CARTESIAN_POINT('',(-0.00727346435177221,-0.000782362030709713,-0.00197724240396061));
#12388=CARTESIAN_POINT('',(-0.00726721494311405,-0.000836177360030804,-0.00194128415051566));
#12389=CARTESIAN_POINT('',(-0.00862322330470337,-0.00150134559672906,-0.000998654403270939));
#12390=CARTESIAN_POINT('',(-0.00852433554472038,-0.00142473922221737,-0.000782199617438607));
#12391=CARTESIAN_POINT('',(-0.00858067885022546,-0.00142473922221737,-0.000795052036733727));
#12392=CARTESIAN_POINT('',(-0.00863705026466335,-0.00142473922221737,-0.000811730444437453));
#12393=CARTESIAN_POINT('',(-0.00868629485840934,-0.00142473922221737,-0.000841686592774823));
#12394=CARTESIAN_POINT('',(-0.00737677669529664,-0.00081003604336745,-0.00216447208482616));
#12395=CARTESIAN_POINT('',(-0.00732149133231008,-0.000805706606712794,-0.00233973499144533));
#12396=CARTESIAN_POINT('',(-0.0072796796220156,-0.000855027483919448,-0.00232992445899891));
#12397=CARTESIAN_POINT('',(-0.00727345752831515,-0.000922928248844498,-0.00231641815710078));
#12398=CARTESIAN_POINT('',(-0.00726721494311405,-0.000986338447479225,-0.00230380508437433));
#12399=CARTESIAN_POINT('',(-0.0088,-0.0023,-0.0025));
#12400=CARTESIAN_POINT('',(-0.0065,6.50521303491303E-19,-0.0025));
#12401=CARTESIAN_POINT('',(-0.00726721494311405,-0.000986338447479224,-0.00269619491562567));
#12402=CARTESIAN_POINT('',(-0.00737677669529664,-0.000876776695296639,-0.0025));
#12403=CARTESIAN_POINT('',(-0.00862322330470337,-0.00212322330470337,-0.0025));
#12404=CARTESIAN_POINT('',(-0.00737677669529664,-0.00087677669529664,-0.0025));
#12405=CARTESIAN_POINT('',(-0.00732149133231,-0.000805706606712888,-0.00266026500855469));
#12406=CARTESIAN_POINT('',(-0.0072796796220156,-0.000855027483919542,-0.00267007554100111));
#12407=CARTESIAN_POINT('',(-0.00727345752831515,-0.000922928248844538,-0.00268358184289923));
#12408=CARTESIAN_POINT('',(-0.00726721494311405,-0.000986338447479224,-0.00269619491562567));
#12409=CARTESIAN_POINT('',(-0.00862322330470337,-0.00212322330470337,-0.0025));
#12410=CARTESIAN_POINT('',(-0.0088,-0.00212492292477596,-0.00338017189443971));
#12411=CARTESIAN_POINT('',(-0.00862322330470337,-0.00196160255416642,-0.00331252238192143));
#12412=CARTESIAN_POINT('',(-0.0065,-8.67361737988404E-19,-0.0025));
#12413=CARTESIAN_POINT('',(-0.00726721494311405,-0.000836177360030805,-0.00305871584948434));
#12414=CARTESIAN_POINT('',(-0.00737677669529664,-0.00081003604336745,-0.00283552791517384));
#12415=CARTESIAN_POINT('',(-0.00737677669529664,-0.00081003604336745,-0.00283552791517384));
#12416=CARTESIAN_POINT('',(-0.00732149133231022,-0.000683045079589198,-0.00295639613091739));
#12417=CARTESIAN_POINT('',(-0.00728024075399807,-0.000724296161503045,-0.00298395922264328));
#12418=CARTESIAN_POINT('',(-0.00727346435177221,-0.000782362030709712,-0.00302275759603939));
#12419=CARTESIAN_POINT('',(-0.00726721494311405,-0.000836177360030804,-0.00305871584948434));
#12420=CARTESIAN_POINT('',(-0.00862322330470337,-0.00196160255416642,-0.00331252238192143));
#12421=CARTESIAN_POINT('',(-0.0088,-0.00162634559672906,-0.00412634559672906));
#12422=CARTESIAN_POINT('',(-0.0065,5.42101086242752E-19,-0.0025));
#12423=CARTESIAN_POINT('',(-0.00726721494311405,-0.000558715849484339,-0.0033361773600308));
#12424=CARTESIAN_POINT('',(-0.00737677669529664,-0.000619974746830585,-0.00311997474683058));
#12425=CARTESIAN_POINT('',(-0.00862322330470337,-0.00150134559672906,-0.00400134559672906));
#12426=CARTESIAN_POINT('',(-0.00737677669529664,-0.000619974746830585,-0.00311997474683058));
#12427=CARTESIAN_POINT('',(-0.00732149133231022,-0.000456396130917389,-0.0031830450795892));
#12428=CARTESIAN_POINT('',(-0.00728024075399807,-0.00048395922264328,-0.00322429616150304));
#12429=CARTESIAN_POINT('',(-0.00727346435177221,-0.000522757596039391,-0.00328236203070971));
#12430=CARTESIAN_POINT('',(-0.00726721494311405,-0.000558715849484337,-0.0033361773600308));
#12431=CARTESIAN_POINT('',(-0.00862322330470337,-0.00150134559672907,-0.00400134559672906));
#12432=CARTESIAN_POINT('',(-0.0088,-0.000880171894439709,-0.00462492292477596));
#12433=CARTESIAN_POINT('',(-0.0065,-2.62376925741491E-19,-0.0025));
#12434=CARTESIAN_POINT('',(-0.00726721494311405,-0.000196194915625671,-0.00348633844747922));
#12435=CARTESIAN_POINT('',(-0.00737677669529664,-0.000335527915173838,-0.00331003604336745));
#12436=CARTESIAN_POINT('',(-0.00862322330470336,-0.000812522381921433,-0.00446160255416641));
#12437=CARTESIAN_POINT('',(-0.00737677669529664,-0.000335527915173838,-0.00331003604336745));
#12438=CARTESIAN_POINT('',(-0.00732149133231008,-0.000160265008554673,-0.00330570660671279));
#12439=CARTESIAN_POINT('',(-0.0072796796220156,-0.00017007554100109,-0.00335502748391944));
#12440=CARTESIAN_POINT('',(-0.00727345752831515,-0.000183581842899221,-0.00342292824884449));
#12441=CARTESIAN_POINT('',(-0.00726721494311405,-0.000196194915625669,-0.00348633844747922));
#12442=CARTESIAN_POINT('',(-0.00862322330470336,-0.000812522381921434,-0.00446160255416641));
#12443=CARTESIAN_POINT('',(-0.0088,-3.3306690738754E-20,-0.0048));
#12444=CARTESIAN_POINT('',(-0.0065,-3.16587034365767E-19,-0.0025));
#12445=CARTESIAN_POINT('',(-0.00726721494311405,0.000196194915625668,-0.00348633844747922));
#12446=CARTESIAN_POINT('',(-0.00737677669529664,-2.70320983048471E-19,-0.00337677669529664));
#12447=CARTESIAN_POINT('',(-0.00862322330470336,-6.2745924339075E-20,-0.00462322330470336));
#12448=CARTESIAN_POINT('',(-0.00737677669529664,-2.70320983048471E-19,-0.00337677669529664));
#12449=CARTESIAN_POINT('',(-0.00732149133231008,0.000160265008554672,-0.00330570660671279));
#12450=CARTESIAN_POINT('',(-0.0072796796220156,0.000170075541001089,-0.00335502748391944));
#12451=CARTESIAN_POINT('',(-0.00727345752831515,0.000183581842899221,-0.00342292824884449));
#12452=CARTESIAN_POINT('',(-0.00726721494311405,0.000196194915625669,-0.00348633844747922));
#12453=CARTESIAN_POINT('',(-0.00862322330470336,-6.27459243390749E-20,-0.00462322330470336));
#12454=CARTESIAN_POINT('',(-0.0088,0.000880171894439709,-0.00462492292477596));
#12455=CARTESIAN_POINT('',(-0.00862322330470336,0.000812522381921434,-0.00446160255416641));
#12456=CARTESIAN_POINT('',(-0.0065,-1.62630325872826E-19,-0.0025));
#12457=CARTESIAN_POINT('',(-0.00726721494311405,0.000558715849484337,-0.0033361773600308));
#12458=CARTESIAN_POINT('',(-0.00737677669529664,0.000335527915173838,-0.00331003604336745));
#12459=CARTESIAN_POINT('',(-0.00737677669529664,0.000335527915173838,-0.00331003604336745));
#12460=CARTESIAN_POINT('',(-0.00732149133231022,0.000456396130917388,-0.00318304507958919));
#12461=CARTESIAN_POINT('',(-0.00728024075399807,0.00048395922264328,-0.00322429616150304));
#12462=CARTESIAN_POINT('',(-0.00727346435177221,0.000522757596039391,-0.00328236203070971));
#12463=CARTESIAN_POINT('',(-0.00726721494311405,0.000558715849484337,-0.0033361773600308));
#12464=CARTESIAN_POINT('',(-0.00862322330470336,0.000812522381921434,-0.00446160255416641));
#12465=CARTESIAN_POINT('',(-0.0088,0.00162634559672906,-0.00412634559672906));
#12466=CARTESIAN_POINT('',(-0.0065,9.75781955236954E-19,-0.0025));
#12467=CARTESIAN_POINT('',(-0.00726721494311405,0.000836177360030804,-0.00305871584948434));
#12468=CARTESIAN_POINT('',(-0.00737677669529664,0.000619974746830583,-0.00311997474683058));
#12469=CARTESIAN_POINT('',(-0.00862322330470336,0.00150134559672906,-0.00400134559672906));
#12470=CARTESIAN_POINT('',(-0.00737677669529664,0.000619974746830583,-0.00311997474683058));
#12471=CARTESIAN_POINT('',(-0.00732149133231022,0.000683045079589195,-0.00295639613091738));
#12472=CARTESIAN_POINT('',(-0.00728024075399807,0.000724296161503043,-0.00298395922264328));
#12473=CARTESIAN_POINT('',(-0.00727346435177221,0.000782362030709711,-0.00302275759603939));
#12474=CARTESIAN_POINT('',(-0.00726721494311405,0.000836177360030805,-0.00305871584948433));
#12475=CARTESIAN_POINT('',(-0.00862322330470336,0.00150134559672906,-0.00400134559672906));
#12476=CARTESIAN_POINT('',(-0.0088,0.00212492292477596,-0.0033801718944397));
#12477=CARTESIAN_POINT('',(-0.0065,2.16840434497101E-19,-0.0025));
#12478=CARTESIAN_POINT('',(-0.00726721494311405,0.000986338447479221,-0.00269619491562567));
#12479=CARTESIAN_POINT('',(-0.00737677669529664,0.000810036043367448,-0.00283552791517383));
#12480=CARTESIAN_POINT('',(-0.00862322330470336,0.00196160255416642,-0.00331252238192143));
#12481=CARTESIAN_POINT('',(-0.00737677669529664,0.000810036043367448,-0.00283552791517383));
#12482=CARTESIAN_POINT('',(-0.00732149133231,0.000805706606712883,-0.00266026500855469));
#12483=CARTESIAN_POINT('',(-0.0072796796220156,0.000855027483919537,-0.00267007554100111));
#12484=CARTESIAN_POINT('',(-0.00727345752831514,0.000922928248844535,-0.00268358184289923));
#12485=CARTESIAN_POINT('',(-0.00726721494311405,0.000986338447479222,-0.00269619491562567));
#12486=CARTESIAN_POINT('',(-0.00862322330470336,0.00196160255416642,-0.00331252238192143));
#12487=CARTESIAN_POINT('',(-0.0088,0.0023,-0.0025));
#12488=CARTESIAN_POINT('',(-0.0065,-2.16840434497101E-19,-0.0025));
#12489=CARTESIAN_POINT('',(-0.00726721494311405,0.000986338447479222,-0.00230380508437433));
#12490=CARTESIAN_POINT('',(-0.00737677669529664,0.000876776695296637,-0.0025));
#12491=CARTESIAN_POINT('',(-0.00862322330470336,0.00212322330470337,-0.0025));
#12492=CARTESIAN_POINT('',(-0.00737677669529664,0.000876776695296637,-0.0025));
#12493=CARTESIAN_POINT('',(-0.00732149133231,0.000805706606712884,-0.00233973499144531));
#12494=CARTESIAN_POINT('',(-0.0072796796220156,0.000855027483919538,-0.00232992445899889));
#12495=CARTESIAN_POINT('',(-0.00727345752831515,0.000922928248844535,-0.00231641815710077));
#12496=CARTESIAN_POINT('',(-0.00726721494311405,0.000986338447479223,-0.00230380508437433));
#12497=CARTESIAN_POINT('',(-0.00862322330470336,0.00212322330470337,-0.0025));
#12498=CARTESIAN_POINT('',(-0.0088,0.00212492292477596,-0.00161982810556029));
#12499=CARTESIAN_POINT('',(-0.00862322330470336,0.00196160255416642,-0.00168747761807857));
#12500=CARTESIAN_POINT('',(-0.0065,1.40946282423116E-18,-0.0025));
#12501=CARTESIAN_POINT('',(-0.00726721494311405,0.000836177360030803,-0.00194128415051566));
#12502=CARTESIAN_POINT('',(-0.00737677669529664,0.000810036043367447,-0.00216447208482616));
#12503=CARTESIAN_POINT('',(-0.00737677669529664,0.000810036043367448,-0.00216447208482616));
#12504=CARTESIAN_POINT('',(-0.00732149133231014,0.000683045079589274,-0.00204360386908256));
#12505=CARTESIAN_POINT('',(-0.00728024075399806,0.000724296161503125,-0.00201604077735666));
#12506=CARTESIAN_POINT('',(-0.0072734643517722,0.000782362030709745,-0.00197724240396058));
#12507=CARTESIAN_POINT('',(-0.00726721494311405,0.000836177360030804,-0.00194128415051566));
#12508=CARTESIAN_POINT('',(-0.00862322330470336,0.00196160255416642,-0.00168747761807857));
#12509=CARTESIAN_POINT('',(-0.0088,0.00162634559672906,-0.000873654403270937));
#12510=CARTESIAN_POINT('',(-0.00862322330470336,0.00150134559672906,-0.000998654403270938));
#12511=CARTESIAN_POINT('',(-0.0065,1.68051336735253E-18,-0.0025));
#12512=CARTESIAN_POINT('',(-0.00726721494311405,0.000558715849484338,-0.00166382263996919));
#12513=CARTESIAN_POINT('',(-0.00737677669529664,0.000619974746830584,-0.00188002525316942));
#12514=CARTESIAN_POINT('',(-0.00737677669529664,0.000619974746830584,-0.00188002525316942));
#12515=CARTESIAN_POINT('',(-0.00732149133231022,0.000456396130917387,-0.0018169549204108));
#12516=CARTESIAN_POINT('',(-0.00728024075399807,0.00048395922264328,-0.00177570383849696));
#12517=CARTESIAN_POINT('',(-0.00727346435177221,0.000522757596039391,-0.00171763796929029));
#12518=CARTESIAN_POINT('',(-0.00726721494311405,0.000558715849484338,-0.00166382263996919));
#12519=CARTESIAN_POINT('',(-0.00862322330470336,0.00150134559672906,-0.000998654403270938));
#12520=CARTESIAN_POINT('',(-0.0088,0.000880171894439707,-0.000375077075224037));
#12521=CARTESIAN_POINT('',(-0.00737677669529664,0.000335527915173838,-0.00168996395663255));
#12522=CARTESIAN_POINT('',(-0.00862322330470336,0.000812522381921432,-0.000538397445833586));
#12523=CARTESIAN_POINT('',(-0.00737677669529664,0.000335527915173838,-0.00168996395663255));
#12524=CARTESIAN_POINT('',(-0.00862322330470336,0.000812522381921433,-0.000538397445833585));
#12525=CARTESIAN_POINT('',(0.0088,3.53787591266381E-50,-0.000199999999999996));
#12526=CARTESIAN_POINT('',(0.0065,5.42101086242752E-20,-0.0025));
#12527=CARTESIAN_POINT('',(0.00726721494311397,-0.000196194915625569,-0.00151366155252069));
#12528=CARTESIAN_POINT('',(0.00862322330470337,3.53787591266381E-50,-0.000376776695296635));
#12529=CARTESIAN_POINT('',(0.0065,2.16840434497101E-19,-0.0025));
#12530=CARTESIAN_POINT('',(0.00726721494311405,0.000196194915625664,-0.00151366155252078));
#12531=CARTESIAN_POINT('',(0.00737677669529664,3.53787591266381E-50,-0.00162322330470336));
#12532=CARTESIAN_POINT('',(0.00737677669529664,3.53787591266381E-50,-0.00162322330470336));
#12533=CARTESIAN_POINT('',(0.0072672149431139,-0.00019619491562568,-0.00151366155252072));
#12534=CARTESIAN_POINT('',(0.00727344530633876,-0.00018360653726383,-0.00157694760420107));
#12535=CARTESIAN_POINT('',(0.00727934931907968,-0.000170153041960704,-0.0016445828924456));
#12536=CARTESIAN_POINT('',(0.00732149133230999,-0.000160265008554694,-0.0016942933932871));
#12537=CARTESIAN_POINT('',(0.00732149133231005,0.000160265008554679,-0.00169429339328717));
#12538=CARTESIAN_POINT('',(0.0072796796220156,0.000170075541001095,-0.00164497251608052));
#12539=CARTESIAN_POINT('',(0.00727345752831515,0.000183581842899223,-0.00157707175115549));
#12540=CARTESIAN_POINT('',(0.00726721494311405,0.000196194915625668,-0.00151366155252078));
#12541=CARTESIAN_POINT('',(0.00862322330470337,3.53787591266381E-50,-0.000376776695296634));
#12542=CARTESIAN_POINT('',(0.0088,-0.000880171894439709,-0.000375077075224037));
#12543=CARTESIAN_POINT('',(0.00862322330470337,-0.000812522381921433,-0.000538397445833586));
#12544=CARTESIAN_POINT('',(0.00737677669529664,-0.000335527915173838,-0.00168996395663255));
#12545=CARTESIAN_POINT('',(0.00726721494311406,-0.000558715849484338,-0.0016638226399692));
#12546=CARTESIAN_POINT('',(0.0065,-2.71050543121376E-19,-0.0025));
#12547=CARTESIAN_POINT('',(0.00737677669529664,-0.000335527915173838,-0.00168996395663255));
#12548=CARTESIAN_POINT('',(0.00726721494311405,-0.000558715849484335,-0.0016638226399692));
#12549=CARTESIAN_POINT('',(0.00727345309103715,-0.000522822388788144,-0.00171754100008913));
#12550=CARTESIAN_POINT('',(0.0072794871498314,-0.00048446277099643,-0.00177495022512985));
#12551=CARTESIAN_POINT('',(0.00732149133231006,-0.000456396130917505,-0.00181695492041063));
#12552=CARTESIAN_POINT('',(0.00862322330470337,-0.000812522381921434,-0.000538397445833585));
#12553=CARTESIAN_POINT('',(0.0088,-0.00162634559672906,-0.000873654403270938));
#12554=CARTESIAN_POINT('',(0.0085148855309047,-0.00142473922221737,-0.00107526077778263));
#12555=CARTESIAN_POINT('',(0.00852433554472171,-0.00142473922221737,-0.000782199617437373));
#12556=CARTESIAN_POINT('',(0.00862322330470337,-0.00150134559672906,-0.000998654403270939));
#12557=CARTESIAN_POINT('',(0.00737677669529664,-0.000619974746830585,-0.00188002525316942));
#12558=CARTESIAN_POINT('',(0.00726721494311406,-0.000836177360030804,-0.00194128415051566));
#12559=CARTESIAN_POINT('',(0.0065,-8.67361737988404E-19,-0.0025));
#12560=CARTESIAN_POINT('',(0.00737677669529664,-0.000619974746830585,-0.00188002525316942));
#12561=CARTESIAN_POINT('',(0.00726721494311405,-0.000836177360030801,-0.00194128415051566));
#12562=CARTESIAN_POINT('',(0.00727345309103715,-0.000782458999910896,-0.00197717761121184));
#12563=CARTESIAN_POINT('',(0.0072794871498314,-0.000725049774870201,-0.00201553722900353));
#12564=CARTESIAN_POINT('',(0.00732149133231,-0.000683045079589423,-0.00204360386908246));
#12565=CARTESIAN_POINT('',(0.00862322330470337,-0.00150134559672906,-0.000998654403270939));
#12566=CARTESIAN_POINT('',(0.00868629485840933,-0.00142473922221737,-0.000841686592774828));
#12567=CARTESIAN_POINT('',(0.00863670341375981,-0.00142473922221737,-0.000811519450370361));
#12568=CARTESIAN_POINT('',(0.0085803979084147,-0.00142473922221737,-0.000794987951357219));
#12569=CARTESIAN_POINT('',(0.0085243355447215,-0.00142473922221737,-0.000782199617438844));
#12570=CARTESIAN_POINT('',(0.0088,-0.00212492292477596,-0.00161982810556029));
#12571=CARTESIAN_POINT('',(0.00737677669529664,-0.00081003604336745,-0.00216447208482616));
#12572=CARTESIAN_POINT('',(0.00726721494311396,-0.00098633844747927,-0.0023038050843742));
#12573=CARTESIAN_POINT('',(0.0065,-3.46944695195361E-18,-0.0025));
#12574=CARTESIAN_POINT('',(0.00862322330470337,-0.00196160255416642,-0.00168747761807857));
#12575=CARTESIAN_POINT('',(0.00737677669529664,-0.00081003604336745,-0.00216447208482616));
#12576=CARTESIAN_POINT('',(0.0072672149431139,-0.000986338447479282,-0.00230380508437432));
#12577=CARTESIAN_POINT('',(0.00727344530633876,-0.000923052395798932,-0.00231639346273617));
#12578=CARTESIAN_POINT('',(0.00727934931907968,-0.000855417107554397,-0.00232984695803929));
#12579=CARTESIAN_POINT('',(0.00732149133230999,-0.000805706606712902,-0.0023397349914453));
#12580=CARTESIAN_POINT('',(0.00862322330470337,-0.00196160255416642,-0.00168747761807857));
#12581=CARTESIAN_POINT('',(0.0088,-0.0023,-0.0025));
#12582=CARTESIAN_POINT('',(0.0065,6.50521303491303E-19,-0.0025));
#12583=CARTESIAN_POINT('',(0.00726721494311396,-0.000986338447479315,-0.00269619491562557));
#12584=CARTESIAN_POINT('',(0.00862322330470337,-0.00212322330470337,-0.0025));
#12585=CARTESIAN_POINT('',(0.00737677669529664,-0.000876776695296639,-0.0025));
#12586=CARTESIAN_POINT('',(0.00737677669529664,-0.00087677669529664,-0.0025));
#12587=CARTESIAN_POINT('',(0.0072672149431139,-0.000986338447479282,-0.00269619491562568));
#12588=CARTESIAN_POINT('',(0.00727344530633876,-0.000923052395798942,-0.00268360653726383));
#12589=CARTESIAN_POINT('',(0.00727934931907967,-0.000855417107554425,-0.00267015304196071));
#12590=CARTESIAN_POINT('',(0.00732149133230997,-0.000805706606712925,-0.0026602650085547));
#12591=CARTESIAN_POINT('',(0.00862322330470337,-0.00212322330470337,-0.0025));
#12592=CARTESIAN_POINT('',(0.0088,-0.00212492292477596,-0.00338017189443971));
#12593=CARTESIAN_POINT('',(0.00862322330470337,-0.00196160255416642,-0.00331252238192143));
#12594=CARTESIAN_POINT('',(0.00737677669529664,-0.00081003604336745,-0.00283552791517384));
#12595=CARTESIAN_POINT('',(0.00726721494311405,-0.000836177360030803,-0.00305871584948434));
#12596=CARTESIAN_POINT('',(0.0065,-8.67361737988404E-19,-0.0025));
#12597=CARTESIAN_POINT('',(0.00737677669529664,-0.00081003604336745,-0.00283552791517384));
#12598=CARTESIAN_POINT('',(0.00726721494311405,-0.000836177360030805,-0.00305871584948434));
#12599=CARTESIAN_POINT('',(0.00727345309103715,-0.000782458999910877,-0.00302282238878815));
#12600=CARTESIAN_POINT('',(0.0072794871498314,-0.000725049774870151,-0.00298446277099643));
#12601=CARTESIAN_POINT('',(0.00732149133231005,-0.00068304507958937,-0.00295639613091751));
#12602=CARTESIAN_POINT('',(0.00862322330470337,-0.00196160255416642,-0.00331252238192143));
#12603=CARTESIAN_POINT('',(0.0088,-0.00162634559672906,-0.00412634559672906));
#12604=CARTESIAN_POINT('',(0.0065,5.42101086242752E-19,-0.0025));
#12605=CARTESIAN_POINT('',(0.00726721494311405,-0.000558715849484339,-0.0033361773600308));
#12606=CARTESIAN_POINT('',(0.00862322330470337,-0.00150134559672906,-0.00400134559672906));
#12607=CARTESIAN_POINT('',(0.00737677669529664,-0.000619974746830585,-0.00311997474683058));
#12608=CARTESIAN_POINT('',(0.00737677669529664,-0.000619974746830585,-0.00311997474683058));
#12609=CARTESIAN_POINT('',(0.00726721494311405,-0.000558715849484339,-0.00333617736003081));
#12610=CARTESIAN_POINT('',(0.00727345309103715,-0.000522822388788162,-0.0032824589999109));
#12611=CARTESIAN_POINT('',(0.0072794871498314,-0.000484462770996466,-0.0032250497748702));
#12612=CARTESIAN_POINT('',(0.00732149133231,-0.000456396130917539,-0.00318304507958942));
#12613=CARTESIAN_POINT('',(0.00862322330470337,-0.00150134559672907,-0.00400134559672906));
#12614=CARTESIAN_POINT('',(0.0088,-0.000880171894439709,-0.00462492292477596));
#12615=CARTESIAN_POINT('',(0.0065,-2.62376925741491E-19,-0.0025));
#12616=CARTESIAN_POINT('',(0.00726721494311396,-0.000196194915625797,-0.00348633844747927));
#12617=CARTESIAN_POINT('',(0.00862322330470336,-0.000812522381921433,-0.00446160255416641));
#12618=CARTESIAN_POINT('',(0.00737677669529664,-0.000335527915173838,-0.00331003604336745));
#12619=CARTESIAN_POINT('',(0.00737677669529664,-0.000335527915173838,-0.00331003604336745));
#12620=CARTESIAN_POINT('',(0.0072672149431139,-0.000196194915625681,-0.00348633844747928));
#12621=CARTESIAN_POINT('',(0.00727344530633876,-0.000183606537263831,-0.00342305239579893));
#12622=CARTESIAN_POINT('',(0.00727934931907967,-0.000170153041960705,-0.00335541710755439));
#12623=CARTESIAN_POINT('',(0.00732149133230999,-0.000160265008554695,-0.0033057066067129));
#12624=CARTESIAN_POINT('',(0.00862322330470336,-0.000812522381921434,-0.00446160255416641));
#12625=CARTESIAN_POINT('',(0.0088,-3.3306690738754E-20,-0.0048));
#12626=CARTESIAN_POINT('',(0.0065,-3.16587034365767E-19,-0.0025));
#12627=CARTESIAN_POINT('',(0.00726721494311396,0.000196194915625568,-0.00348633844747931));
#12628=CARTESIAN_POINT('',(0.00862322330470336,-6.2745924339075E-20,-0.00462322330470336));
#12629=CARTESIAN_POINT('',(0.00737677669529664,-2.70320983048471E-19,-0.00337677669529664));
#12630=CARTESIAN_POINT('',(0.00737677669529664,-2.70320983048471E-19,-0.00337677669529664));
#12631=CARTESIAN_POINT('',(0.0072672149431139,0.00019619491562568,-0.00348633844747928));
#12632=CARTESIAN_POINT('',(0.00727344530633875,0.000183606537263839,-0.00342305239579897));
#12633=CARTESIAN_POINT('',(0.00727934931907966,0.000170153041960729,-0.00335541710755452));
#12634=CARTESIAN_POINT('',(0.0073214913323099,0.000160265008554715,-0.003305706606713));
#12635=CARTESIAN_POINT('',(0.00862322330470336,-6.27459243390749E-20,-0.00462322330470336));
#12636=CARTESIAN_POINT('',(0.0088,0.000880171894439709,-0.00462492292477596));
#12637=CARTESIAN_POINT('',(0.00862322330470336,0.000812522381921434,-0.00446160255416641));
#12638=CARTESIAN_POINT('',(0.00737677669529664,0.000335527915173838,-0.00331003604336745));
#12639=CARTESIAN_POINT('',(0.00726721494311405,0.000558715849484338,-0.0033361773600308));
#12640=CARTESIAN_POINT('',(0.0065,-1.62630325872826E-19,-0.0025));
#12641=CARTESIAN_POINT('',(0.00737677669529664,0.000335527915173838,-0.00331003604336745));
#12642=CARTESIAN_POINT('',(0.00726721494311405,0.000558715849484338,-0.0033361773600308));
#12643=CARTESIAN_POINT('',(0.00727345309103715,0.00052282238878816,-0.00328245899991089));
#12644=CARTESIAN_POINT('',(0.0072794871498314,0.000484462770996466,-0.0032250497748702));
#12645=CARTESIAN_POINT('',(0.00732149133231,0.000456396130917539,-0.00318304507958942));
#12646=CARTESIAN_POINT('',(0.00862322330470336,0.000812522381921434,-0.00446160255416641));
#12647=CARTESIAN_POINT('',(0.0088,0.00162634559672906,-0.00412634559672906));
#12648=CARTESIAN_POINT('',(0.0065,9.75781955236954E-19,-0.0025));
#12649=CARTESIAN_POINT('',(0.00726721494311405,0.000836177360030803,-0.00305871584948434));
#12650=CARTESIAN_POINT('',(0.00862322330470336,0.00150134559672906,-0.00400134559672906));
#12651=CARTESIAN_POINT('',(0.00737677669529664,0.000619974746830583,-0.00311997474683058));
#12652=CARTESIAN_POINT('',(0.00737677669529664,0.000619974746830583,-0.00311997474683058));
#12653=CARTESIAN_POINT('',(0.00726721494311405,0.000836177360030805,-0.00305871584948433));
#12654=CARTESIAN_POINT('',(0.00727345309103716,0.000782458999910813,-0.0030228223887881));
#12655=CARTESIAN_POINT('',(0.0072794871498314,0.000725049774870004,-0.00298446277099633));
#12656=CARTESIAN_POINT('',(0.0073214913323102,0.000683045079589223,-0.0029563961309174));
#12657=CARTESIAN_POINT('',(0.00862322330470336,0.00150134559672906,-0.00400134559672906));
#12658=CARTESIAN_POINT('',(0.0088,0.00212492292477596,-0.0033801718944397));
#12659=CARTESIAN_POINT('',(0.0065,2.16840434497101E-19,-0.0025));
#12660=CARTESIAN_POINT('',(0.00726721494311396,0.000986338447479268,-0.0026961949156258));
#12661=CARTESIAN_POINT('',(0.00862322330470336,0.00196160255416642,-0.00331252238192143));
#12662=CARTESIAN_POINT('',(0.00737677669529664,0.000810036043367448,-0.00283552791517383));
#12663=CARTESIAN_POINT('',(0.00737677669529664,0.000810036043367448,-0.00283552791517383));
#12664=CARTESIAN_POINT('',(0.0072672149431139,0.00098633844747928,-0.00269619491562568));
#12665=CARTESIAN_POINT('',(0.00727344530633875,0.000923052395798928,-0.00268360653726383));
#12666=CARTESIAN_POINT('',(0.00727934931907967,0.000855417107554393,-0.0026701530419607));
#12667=CARTESIAN_POINT('',(0.00732149133230999,0.000805706606712896,-0.00266026500855469));
#12668=CARTESIAN_POINT('',(0.00862322330470336,0.00196160255416642,-0.00331252238192143));
#12669=CARTESIAN_POINT('',(0.0088,0.0023,-0.0025));
#12670=CARTESIAN_POINT('',(0.0065,-2.16840434497101E-19,-0.0025));
#12671=CARTESIAN_POINT('',(0.00726721494311396,0.000986338447479312,-0.00230380508437443));
#12672=CARTESIAN_POINT('',(0.00862322330470336,0.00212322330470337,-0.0025));
#12673=CARTESIAN_POINT('',(0.00737677669529664,0.000876776695296637,-0.0025));
#12674=CARTESIAN_POINT('',(0.00737677669529664,0.000876776695296637,-0.0025));
#12675=CARTESIAN_POINT('',(0.0072672149431139,0.000986338447479278,-0.00230380508437432));
#12676=CARTESIAN_POINT('',(0.00727344530633876,0.000923052395798927,-0.00231639346273617));
#12677=CARTESIAN_POINT('',(0.00727934931907968,0.000855417107554393,-0.00232984695803929));
#12678=CARTESIAN_POINT('',(0.00732149133230999,0.000805706606712898,-0.0023397349914453));
#12679=CARTESIAN_POINT('',(0.00862322330470336,0.00212322330470337,-0.0025));
#12680=CARTESIAN_POINT('',(0.0088,0.00212492292477596,-0.00161982810556029));
#12681=CARTESIAN_POINT('',(0.00862322330470336,0.00196160255416642,-0.00168747761807857));
#12682=CARTESIAN_POINT('',(0.00737677669529664,0.000810036043367447,-0.00216447208482616));
#12683=CARTESIAN_POINT('',(0.00726721494311405,0.000836177360030801,-0.00194128415051566));
#12684=CARTESIAN_POINT('',(0.0065,1.40946282423116E-18,-0.0025));
#12685=CARTESIAN_POINT('',(0.00737677669529664,0.000810036043367448,-0.00216447208482616));
#12686=CARTESIAN_POINT('',(0.00726721494311405,0.000836177360030802,-0.00194128415051566));
#12687=CARTESIAN_POINT('',(0.00727345309103715,0.000782458999910896,-0.00197717761121184));
#12688=CARTESIAN_POINT('',(0.0072794871498314,0.000725049774870199,-0.00201553722900353));
#12689=CARTESIAN_POINT('',(0.00732149133231,0.000683045079589419,-0.00204360386908246));
#12690=CARTESIAN_POINT('',(0.00862322330470336,0.00196160255416642,-0.00168747761807857));
#12691=CARTESIAN_POINT('',(0.0088,0.00162634559672906,-0.000873654403270937));
#12692=CARTESIAN_POINT('',(0.00862322330470336,0.00150134559672906,-0.000998654403270938));
#12693=CARTESIAN_POINT('',(0.00737677669529664,0.000619974746830584,-0.00188002525316942));
#12694=CARTESIAN_POINT('',(0.00726721494311405,0.000558715849484336,-0.00166382263996919));
#12695=CARTESIAN_POINT('',(0.0065,1.68051336735253E-18,-0.0025));
#12696=CARTESIAN_POINT('',(0.00737677669529664,0.000619974746830584,-0.00188002525316942));
#12697=CARTESIAN_POINT('',(0.00726721494311405,0.000558715849484338,-0.0016638226399692));
#12698=CARTESIAN_POINT('',(0.00727345309103716,0.000522822388788103,-0.00171754100008919));
#12699=CARTESIAN_POINT('',(0.0072794871498314,0.000484462770996332,-0.00177495022513));
#12700=CARTESIAN_POINT('',(0.0073214913323102,0.000456396130917405,-0.00181695492041078));
#12701=CARTESIAN_POINT('',(0.00862322330470336,0.00150134559672906,-0.000998654403270938));
#12702=CARTESIAN_POINT('',(0.0088,0.000880171894439707,-0.000375077075224037));
#12703=CARTESIAN_POINT('',(0.00862322330470336,0.000812522381921432,-0.000538397445833586));
#12704=CARTESIAN_POINT('',(0.00737677669529664,0.000335527915173838,-0.00168996395663255));
#12705=CARTESIAN_POINT('',(0.00737677669529664,0.000335527915173838,-0.00168996395663255));
#12706=CARTESIAN_POINT('',(0.00862322330470336,0.000812522381921433,-0.000538397445833585));
#12707=CARTESIAN_POINT('',(0.011002,-0.00142473922221737,0.00375));
#12708=CARTESIAN_POINT('',(0.00777538839582274,-0.00142473922221737,0.00188711492175789));
#12709=CARTESIAN_POINT('',(0.00924019237886467,-0.0364267392222174,-0.00065));
#12710=CARTESIAN_POINT('',(0.00973094010767585,-0.00642473922221737,-0.0015));
#12711=CARTESIAN_POINT('',(0.00777538839582274,-0.00142473922221737,0.00188711492175789));
#12712=CARTESIAN_POINT('',(0.0057937822173509,-0.0364267392222174,-0.00065));
#12713=CARTESIAN_POINT('',(0.00530303448853971,-0.00642473922221737,-0.0015));
#12714=CARTESIAN_POINT('',(0.00900109255133894,-0.00142473922221737,0.00490522445410799));
#12715=CARTESIAN_POINT('',(0.011002,-0.00142473922221737,0.00375));
#12716=CARTESIAN_POINT('',(0.011002,-0.00142473922221737,0.00375));
#12717=CARTESIAN_POINT('',(-0.00227438839582274,-0.00142473922221737,0.0114151264141943));
#12718=CARTESIAN_POINT('',(-0.00924019237886467,-0.0364267392222174,-0.00065));
#12719=CARTESIAN_POINT('',(-0.00973094010767585,-0.00642473922221737,-0.0015));
#12720=CARTESIAN_POINT('',(-0.00227438839582274,-0.00142473922221737,0.0114151264141943));
#12721=CARTESIAN_POINT('',(-0.0057937822173509,-0.0364267392222174,-0.00065));
#12722=CARTESIAN_POINT('',(-0.00530303448853971,-0.00642473922221737,-0.0015));
#12723=CARTESIAN_POINT('',(-0.00350009255133894,-0.00142473922221737,-0.0046227870383284));
#12724=CARTESIAN_POINT('',(0.011002,-0.00142473922221737,0.00375));
#12725=CARTESIAN_POINT('',(-0.00751698729810778,-0.0364267392222174,-0.0015));
#12726=CARTESIAN_POINT('',(-0.00553397459621556,-0.0364267392222174,-0.0015));
#12727=CARTESIAN_POINT('',(-0.00553397459621556,-0.00042473922221737,-0.0015));
#12728=CARTESIAN_POINT('',(0.011002,-0.00042473922221737,-0.0015));
#12729=CARTESIAN_POINT('',(-0.00596698729810778,-0.0364267392222174,-0.00075));
#12730=CARTESIAN_POINT('',(-0.00367329763209582,-0.00042473922221737,-0.0047227870383284));
#12731=CARTESIAN_POINT('',(0.011002,-0.000424739222217371,0.00375));
#12732=CARTESIAN_POINT('',(0.00596698729810778,-0.0364267392222174,-0.00075));
#12733=CARTESIAN_POINT('',(0.00553397459621556,-0.0364267392222174,-0.0015));
#12734=CARTESIAN_POINT('',(0.00553397459621556,-0.00042473922221737,-0.0015));
#12735=CARTESIAN_POINT('',(0.00917429763209582,-0.000424739222217371,0.00480522445410799));
#12736=CARTESIAN_POINT('',(0.011002,-0.000424739222217371,0.00375));
#12737=CARTESIAN_POINT('',(0.011002,-0.00042473922221737,-0.0015));
#12738=CARTESIAN_POINT('',(0.00751698729810778,-0.0364267392222174,-0.0015));
#12739=CARTESIAN_POINT('',(0.011002,-0.00642473922221737,-0.0015));
#12740=CARTESIAN_POINT('',(0.011002,-0.00642473922221737,-0.0015));
#12741=MECHANICAL_DESIGN_GEOMETRIC_PRESENTATION_REPRESENTATION('',(#6558),
#12743);
#12742=MECHANICAL_DESIGN_GEOMETRIC_PRESENTATION_REPRESENTATION('',(#6559),
#12744);
#12743=(
GEOMETRIC_REPRESENTATION_CONTEXT(3)
GLOBAL_UNCERTAINTY_ASSIGNED_CONTEXT((#12745))
GLOBAL_UNIT_ASSIGNED_CONTEXT((#12751,#12749,#12747))
REPRESENTATION_CONTEXT('Part Mounting bracket back',
'TOP_LEVEL_ASSEMBLY_PART')
);
#12744=(
GEOMETRIC_REPRESENTATION_CONTEXT(3)
GLOBAL_UNCERTAINTY_ASSIGNED_CONTEXT((#12746))
GLOBAL_UNIT_ASSIGNED_CONTEXT((#12752,#12750,#12748))
REPRESENTATION_CONTEXT('Part Mounting bracket front',
'TOP_LEVEL_ASSEMBLY_PART')
);
#12745=UNCERTAINTY_MEASURE_WITH_UNIT(LENGTH_MEASURE(2.E-5),#12751,
'DISTANCE_ACCURACY_VALUE','Maximum Tolerance applied to model');
#12746=UNCERTAINTY_MEASURE_WITH_UNIT(LENGTH_MEASURE(2.E-5),#12752,
'DISTANCE_ACCURACY_VALUE','Maximum Tolerance applied to model');
#12747=(
NAMED_UNIT(*)
SI_UNIT($,.STERADIAN.)
SOLID_ANGLE_UNIT()
);
#12748=(
NAMED_UNIT(*)
SI_UNIT($,.STERADIAN.)
SOLID_ANGLE_UNIT()
);
#12749=(
NAMED_UNIT(*)
PLANE_ANGLE_UNIT()
SI_UNIT($,.RADIAN.)
);
#12750=(
NAMED_UNIT(*)
PLANE_ANGLE_UNIT()
SI_UNIT($,.RADIAN.)
);
#12751=(
LENGTH_UNIT()
NAMED_UNIT(*)
SI_UNIT($,.METRE.)
);
#12752=(
LENGTH_UNIT()
NAMED_UNIT(*)
SI_UNIT($,.METRE.)
);
#12753=PRODUCT_DEFINITION_SHAPE('','',#12755);
#12754=PRODUCT_DEFINITION_SHAPE('','',#12756);
#12755=PRODUCT_DEFINITION('','',#12759,#12757);
#12756=PRODUCT_DEFINITION('','',#12760,#12758);
#12757=PRODUCT_DEFINITION_CONTEXT('',#12771,'design');
#12758=PRODUCT_DEFINITION_CONTEXT('',#12772,'design');
#12759=PRODUCT_DEFINITION_FORMATION_WITH_SPECIFIED_SOURCE('','',#12763,
 .NOT_KNOWN.);
#12760=PRODUCT_DEFINITION_FORMATION_WITH_SPECIFIED_SOURCE('','',#12764,
 .NOT_KNOWN.);
#12761=PRODUCT_RELATED_PRODUCT_CATEGORY('','',(#12763));
#12762=PRODUCT_RELATED_PRODUCT_CATEGORY('','',(#12764));
#12763=PRODUCT('Part Mounting bracket back',
'Part Mounting bracket back','Part Mounting bracket back',(#12767));
#12764=PRODUCT('Part Mounting bracket front',
'Part Mounting bracket front','Part Mounting bracket front',(#12768));
#12765=PRODUCT_CATEGORY('','');
#12766=PRODUCT_CATEGORY('','');
#12767=PRODUCT_CONTEXT('',#12771,'mechanical');
#12768=PRODUCT_CONTEXT('',#12772,'mechanical');
#12769=APPLICATION_PROTOCOL_DEFINITION('international standard',
'ap242_managed_model_based_3d_engineering',2020,#12771);
#12770=APPLICATION_PROTOCOL_DEFINITION('international standard',
'ap242_managed_model_based_3d_engineering',2020,#12772);
#12771=APPLICATION_CONTEXT('managed model based 3d engineering');
#12772=APPLICATION_CONTEXT('managed model based 3d engineering');
ENDSEC;
END-ISO-10303-21;
