ISO-10303-21;
HEADER;
/* Generated by software containing ST-Developer
 * from STEP Tools, Inc. (www.steptools.com) 
 */
/* OPTION: using custom renumber hook */

FILE_DESCRIPTION(
/* description */ (
  'STEP AP242 Edition 2',
  'License: MIT License, (c) 2025 Allan Juhl Kristensen',
  'CAx-IF Rec.Pracs.---Representation and Presentation of Product Manufacturing Information (PMI)---4.0---2014-10-13',
  'CAx-IF Rec.Pracs.---3D Tessellated Geometry---0.4---2014-09-14',
  'CAx-IF Rec.Pracs.---User Defined Attributes---1.5---2016-08-15'
),
/* implementation_level */ '2;1');

FILE_NAME(
/* name */ 'PCB_case_micro_usb',
/* time_stamp */ '2025-11-30T14:25:38Z',
/* author */ ('Allan Juhl Kristensen'),
/* organization */ (''),
/* preprocessor_version */ 'ST-DEVELOPER v20',
/* originating_system */ 'ONSHAPE BY PTC INC, 1.207',
/* authorisation */ 'Open-source release under MIT License');

FILE_SCHEMA (('AP242_MANAGED_MODEL_BASED_3D_ENGINEERING_MIM_LF { 1 0 10303 442 3 1 4 }'));
ENDSEC;

DATA;
#10=SHAPE_REPRESENTATION_RELATIONSHIP('','',#1768,#11);
#11=ADVANCED_BREP_SHAPE_REPRESENTATION('',(#1766),#3186);
#12=(
BOUNDED_SURFACE()
B_SPLINE_SURFACE(3,2,((#3070,#3071,#3072),(#3073,#3074,#3075),(#3076,#3077,
#3078),(#3079,#3080,#3081),(#3082,#3083,#3084),(#3085,#3086,#3087),(#3088,
#3089,#3090)),.UNSPECIFIED.,.F.,.F.,.F.)
B_SPLINE_SURFACE_WITH_KNOTS((4,1,1,1,4),(3,3),(1.86054802823094,2.50107034091037,
3.14159265358979,3.78211496626922,4.42263727894864),(0.,1.),
 .UNSPECIFIED.)
GEOMETRIC_REPRESENTATION_ITEM()
RATIONAL_B_SPLINE_SURFACE(((1.,0.654653670707977,1.),(1.,0.615585789296958,
1.),(1.,0.536837761903185,1.),(1.,0.481581119048407,1.),(1.,0.536837761903187,
1.),(1.,0.615585789296951,1.),(1.,0.654653670707977,1.)))
REPRESENTATION_ITEM('')
SURFACE()
);
#13=(
BOUNDED_SURFACE()
B_SPLINE_SURFACE(3,2,((#3100,#3101,#3102),(#3103,#3104,#3105),(#3106,#3107,
#3108),(#3109,#3110,#3111),(#3112,#3113,#3114),(#3115,#3116,#3117),(#3118,
#3119,#3120)),.UNSPECIFIED.,.F.,.F.,.F.)
B_SPLINE_SURFACE_WITH_KNOTS((4,1,1,1,4),(3,3),(5.00214068182074,5.64266299450016,
6.28318530717959,6.92370761985901,7.56422993253844),(0.,1.),
 .UNSPECIFIED.)
GEOMETRIC_REPRESENTATION_ITEM()
RATIONAL_B_SPLINE_SURFACE(((1.,0.654653670707979,1.),(1.,0.615585789295995,
1.),(1.,0.536837761903648,1.),(1.,0.481581119048229,1.),(1.,0.536837761903433,
1.),(1.,0.615585789296486,1.),(1.,0.654653670707977,1.)))
REPRESENTATION_ITEM('')
SURFACE()
);
#14=(
BOUNDED_SURFACE()
B_SPLINE_SURFACE(3,2,((#3128,#3129,#3130),(#3131,#3132,#3133),(#3134,#3135,
#3136),(#3137,#3138,#3139),(#3140,#3141,#3142),(#3143,#3144,#3145),(#3146,
#3147,#3148)),.UNSPECIFIED.,.F.,.F.,.F.)
B_SPLINE_SURFACE_WITH_KNOTS((4,1,1,1,4),(3,3),(5.00214068182074,5.64266299450016,
6.28318530717959,6.92370761985901,7.56422993253844),(0.,1.),
 .UNSPECIFIED.)
GEOMETRIC_REPRESENTATION_ITEM()
RATIONAL_B_SPLINE_SURFACE(((1.,0.654653670707977,1.),(1.,0.615585789296894,
1.),(1.,0.536837761903215,1.),(1.,0.481581119048399,1.),(1.,0.53683776190319,
1.),(1.,0.615585789296951,1.),(1.,0.654653670707977,1.)))
REPRESENTATION_ITEM('')
SURFACE()
);
#15=(
BOUNDED_SURFACE()
B_SPLINE_SURFACE(3,2,((#3154,#3155,#3156),(#3157,#3158,#3159),(#3160,#3161,
#3162),(#3163,#3164,#3165),(#3166,#3167,#3168),(#3169,#3170,#3171),(#3172,
#3173,#3174)),.UNSPECIFIED.,.F.,.F.,.F.)
B_SPLINE_SURFACE_WITH_KNOTS((4,1,1,1,4),(3,3),(1.86054802823095,2.50107034091037,
3.14159265358979,3.78211496626922,4.42263727894864),(0.,1.),
 .UNSPECIFIED.)
GEOMETRIC_REPRESENTATION_ITEM()
RATIONAL_B_SPLINE_SURFACE(((1.,0.654653670707977,1.),(1.,0.615585789296465,
1.),(1.,0.536837761903446,1.),(1.,0.481581119048226,1.),(1.,0.536837761903637,
1.),(1.,0.615585789296014,1.),(1.,0.654653670707979,1.)))
REPRESENTATION_ITEM('')
SURFACE()
);
#16=SPHERICAL_SURFACE('',#1914,0.0002);
#17=SPHERICAL_SURFACE('',#1917,0.0002);
#18=SPHERICAL_SURFACE('',#1919,0.0002);
#19=SPHERICAL_SURFACE('',#1932,0.0002);
#20=SPHERICAL_SURFACE('',#1934,0.0002);
#21=SPHERICAL_SURFACE('',#1936,0.0002);
#22=SPHERICAL_SURFACE('',#1944,0.0002);
#23=SPHERICAL_SURFACE('',#1950,0.0002);
#24=SPHERICAL_SURFACE('',#1960,0.0002);
#25=SPHERICAL_SURFACE('',#1966,0.0002);
#26=SPHERICAL_SURFACE('',#1968,0.0002);
#27=SPHERICAL_SURFACE('',#1973,0.0002);
#28=SPHERICAL_SURFACE('',#1974,0.0002);
#29=SPHERICAL_SURFACE('',#1980,0.0002);
#30=SPHERICAL_SURFACE('',#1982,0.0002);
#31=SPHERICAL_SURFACE('',#1987,0.0002);
#32=TOROIDAL_SURFACE('',#1880,0.0004,0.0002);
#33=TOROIDAL_SURFACE('',#1881,0.0004,0.0002);
#34=TOROIDAL_SURFACE('',#1887,0.0004,0.0002);
#35=TOROIDAL_SURFACE('',#1893,0.0004,0.0002);
#36=TOROIDAL_SURFACE('',#1899,0.0004,0.0002);
#37=TOROIDAL_SURFACE('',#1908,0.0004,0.0002);
#38=TOROIDAL_SURFACE('',#1909,0.0032,0.0002);
#39=TOROIDAL_SURFACE('',#1942,0.0032,0.0002);
#40=B_SPLINE_CURVE_WITH_KNOTS('',3,(#2683,#2684,#2685,#2686),
 .UNSPECIFIED.,.F.,.F.,(4,4),(4.5401427287386E-17,4.78504013709476E-5),
 .UNSPECIFIED.);
#41=B_SPLINE_CURVE_WITH_KNOTS('',3,(#2701,#2702,#2703,#2704),
 .UNSPECIFIED.,.F.,.F.,(4,4),(6.7762635780344E-21,4.78504013709997E-5),
 .UNSPECIFIED.);
#42=B_SPLINE_CURVE_WITH_KNOTS('',3,(#2745,#2746,#2747,#2748),
 .UNSPECIFIED.,.F.,.F.,(4,4),(0.,0.000468726679317549),.UNSPECIFIED.);
#43=B_SPLINE_CURVE_WITH_KNOTS('',3,(#2760,#2761,#2762,#2763),
 .UNSPECIFIED.,.F.,.F.,(4,4),(0.,0.000467741542988575),.UNSPECIFIED.);
#44=B_SPLINE_CURVE_WITH_KNOTS('',3,(#2772,#2773,#2774,#2775),
 .UNSPECIFIED.,.F.,.F.,(4,4),(0.,0.000467741542988563),.UNSPECIFIED.);
#45=B_SPLINE_CURVE_WITH_KNOTS('',3,(#2781,#2782,#2783,#2784),
 .UNSPECIFIED.,.F.,.F.,(4,4),(0.,0.000468726679317547),.UNSPECIFIED.);
#46=CYLINDRICAL_SURFACE('',#1787,0.0002);
#47=CYLINDRICAL_SURFACE('',#1790,0.0002);
#48=CYLINDRICAL_SURFACE('',#1793,0.0002);
#49=CYLINDRICAL_SURFACE('',#1796,0.0002);
#50=CYLINDRICAL_SURFACE('',#1799,0.0002);
#51=CYLINDRICAL_SURFACE('',#1802,0.0002);
#52=CYLINDRICAL_SURFACE('',#1808,0.0002);
#53=CYLINDRICAL_SURFACE('',#1810,0.0002);
#54=CYLINDRICAL_SURFACE('',#1813,0.0002);
#55=CYLINDRICAL_SURFACE('',#1815,0.0002);
#56=CYLINDRICAL_SURFACE('',#1818,0.0002);
#57=CYLINDRICAL_SURFACE('',#1820,0.0002);
#58=CYLINDRICAL_SURFACE('',#1823,0.0002);
#59=CYLINDRICAL_SURFACE('',#1825,0.0002);
#60=CYLINDRICAL_SURFACE('',#1832,0.0002);
#61=CYLINDRICAL_SURFACE('',#1835,0.0002);
#62=CYLINDRICAL_SURFACE('',#1838,0.0002);
#63=CYLINDRICAL_SURFACE('',#1841,0.0002);
#64=CYLINDRICAL_SURFACE('',#1845,0.003);
#65=CYLINDRICAL_SURFACE('',#1873,0.0002);
#66=CYLINDRICAL_SURFACE('',#1875,0.0002);
#67=CYLINDRICAL_SURFACE('',#1878,0.0002);
#68=CYLINDRICAL_SURFACE('',#1883,0.0002);
#69=CYLINDRICAL_SURFACE('',#1885,0.0002);
#70=CYLINDRICAL_SURFACE('',#1889,0.0002);
#71=CYLINDRICAL_SURFACE('',#1891,0.0002);
#72=CYLINDRICAL_SURFACE('',#1895,0.0002);
#73=CYLINDRICAL_SURFACE('',#1897,0.0002);
#74=CYLINDRICAL_SURFACE('',#1901,0.0002);
#75=CYLINDRICAL_SURFACE('',#1903,0.0002);
#76=CYLINDRICAL_SURFACE('',#1905,0.0002);
#77=CYLINDRICAL_SURFACE('',#1911,0.0002);
#78=CYLINDRICAL_SURFACE('',#1921,0.0002);
#79=CYLINDRICAL_SURFACE('',#1923,0.0002);
#80=CYLINDRICAL_SURFACE('',#1925,0.0002);
#81=CYLINDRICAL_SURFACE('',#1927,0.0002);
#82=CYLINDRICAL_SURFACE('',#1929,0.0002);
#83=CYLINDRICAL_SURFACE('',#1938,0.0002);
#84=CYLINDRICAL_SURFACE('',#1940,0.0002);
#85=CYLINDRICAL_SURFACE('',#1946,0.0002);
#86=CYLINDRICAL_SURFACE('',#1948,0.0002);
#87=CYLINDRICAL_SURFACE('',#1951,0.0002);
#88=CYLINDRICAL_SURFACE('',#1954,0.0005);
#89=CYLINDRICAL_SURFACE('',#1957,0.0005);
#90=CYLINDRICAL_SURFACE('',#1964,0.0002);
#91=CYLINDRICAL_SURFACE('',#1970,0.0002);
#92=CYLINDRICAL_SURFACE('',#1977,0.0002);
#93=CYLINDRICAL_SURFACE('',#1985,0.0002);
#94=ELLIPSE('',#1780,0.00346410161513775,0.003);
#95=ELLIPSE('',#1781,0.000808290376865476,0.0007);
#96=ELLIPSE('',#1783,0.000808290376865476,0.0007);
#97=ELLIPSE('',#1784,0.00346410161513775,0.003);
#98=ELLIPSE('',#1785,0.00023094010767585,0.0002);
#99=ELLIPSE('',#1791,0.000201093943368143,0.0002);
#100=ELLIPSE('',#1794,0.000317659774230566,0.0002);
#101=ELLIPSE('',#1797,0.000201093943368143,0.0002);
#102=ELLIPSE('',#1803,0.000317659774230567,0.0002);
#103=ELLIPSE('',#1848,0.00346410161513775,0.003);
#104=ELLIPSE('',#1849,0.00346410161513776,0.003);
#105=ELLIPSE('',#1869,0.00023094010767585,0.0002);
#106=ELLIPSE('',#1870,0.000808290376865477,0.0007);
#107=ELLIPSE('',#1872,0.000808290376865476,0.0007);
#108=ELLIPSE('',#1955,0.000642910050732864,0.0005);
#109=ELLIPSE('',#1956,0.000642910050732864,0.0005);
#110=ELLIPSE('',#1958,0.000642910050732865,0.0005);
#111=ELLIPSE('',#1959,0.000642910050732864,0.0005);
#112=CIRCLE('',#1771,0.0004);
#113=CIRCLE('',#1772,0.0004);
#114=CIRCLE('',#1773,0.0004);
#115=CIRCLE('',#1774,0.0004);
#116=CIRCLE('',#1775,0.0004);
#117=CIRCLE('',#1776,0.0004);
#118=CIRCLE('',#1788,0.0002);
#119=CIRCLE('',#1789,0.0002);
#120=CIRCLE('',#1792,0.0002);
#121=CIRCLE('',#1795,0.0002);
#122=CIRCLE('',#1798,0.0002);
#123=CIRCLE('',#1800,0.0002);
#124=CIRCLE('',#1801,0.0002);
#125=CIRCLE('',#1804,0.0002);
#126=CIRCLE('',#1809,0.0002);
#127=CIRCLE('',#1811,0.0002);
#128=CIRCLE('',#1812,0.0002);
#129=CIRCLE('',#1814,0.0002);
#130=CIRCLE('',#1816,0.0002);
#131=CIRCLE('',#1817,0.0002);
#132=CIRCLE('',#1819,0.0002);
#133=CIRCLE('',#1821,0.0002);
#134=CIRCLE('',#1822,0.0002);
#135=CIRCLE('',#1824,0.0002);
#136=CIRCLE('',#1826,0.0002);
#137=CIRCLE('',#1827,0.0002);
#138=CIRCLE('',#1833,0.0002);
#139=CIRCLE('',#1834,0.0002);
#140=CIRCLE('',#1836,0.0002);
#141=CIRCLE('',#1837,0.0002);
#142=CIRCLE('',#1839,0.0002);
#143=CIRCLE('',#1840,0.0002);
#144=CIRCLE('',#1842,0.0002);
#145=CIRCLE('',#1843,0.0002);
#146=CIRCLE('',#1846,0.003);
#147=CIRCLE('',#1847,0.003);
#148=CIRCLE('',#1851,0.0032);
#149=CIRCLE('',#1855,0.0032);
#150=CIRCLE('',#1862,0.0002);
#151=CIRCLE('',#1863,0.0002);
#152=CIRCLE('',#1864,0.0002);
#153=CIRCLE('',#1865,0.0002);
#154=CIRCLE('',#1866,0.0002);
#155=CIRCLE('',#1867,0.0002);
#156=CIRCLE('',#1874,0.0002);
#157=CIRCLE('',#1876,0.0002);
#158=CIRCLE('',#1877,0.0002);
#159=CIRCLE('',#1879,0.0002);
#160=CIRCLE('',#1882,0.0002);
#161=CIRCLE('',#1884,0.0002);
#162=CIRCLE('',#1886,0.0002);
#163=CIRCLE('',#1888,0.0002);
#164=CIRCLE('',#1890,0.0002);
#165=CIRCLE('',#1892,0.0002);
#166=CIRCLE('',#1894,0.0002);
#167=CIRCLE('',#1896,0.0002);
#168=CIRCLE('',#1898,0.0002);
#169=CIRCLE('',#1900,0.0002);
#170=CIRCLE('',#1902,0.0002);
#171=CIRCLE('',#1904,0.0002);
#172=CIRCLE('',#1906,0.0002);
#173=CIRCLE('',#1907,0.0002);
#174=CIRCLE('',#1910,0.0002);
#175=CIRCLE('',#1912,0.0002);
#176=CIRCLE('',#1913,0.0002);
#177=CIRCLE('',#1915,0.0002);
#178=CIRCLE('',#1916,0.0002);
#179=CIRCLE('',#1918,0.0002);
#180=CIRCLE('',#1920,0.0002);
#181=CIRCLE('',#1922,0.0002);
#182=CIRCLE('',#1924,0.0002);
#183=CIRCLE('',#1926,0.0002);
#184=CIRCLE('',#1928,0.0002);
#185=CIRCLE('',#1930,0.0002);
#186=CIRCLE('',#1931,0.0002);
#187=CIRCLE('',#1933,0.0002);
#188=CIRCLE('',#1935,0.0002);
#189=CIRCLE('',#1937,0.0002);
#190=CIRCLE('',#1939,0.0002);
#191=CIRCLE('',#1941,0.0002);
#192=CIRCLE('',#1943,0.0002);
#193=CIRCLE('',#1945,0.0002);
#194=CIRCLE('',#1947,0.0002);
#195=CIRCLE('',#1949,0.0002);
#196=CIRCLE('',#1961,0.0002);
#197=CIRCLE('',#1962,0.0002);
#198=CIRCLE('',#1963,0.0002);
#199=CIRCLE('',#1965,0.0002);
#200=CIRCLE('',#1967,0.0002);
#201=CIRCLE('',#1969,0.0002);
#202=CIRCLE('',#1971,0.0002);
#203=CIRCLE('',#1972,0.0002);
#204=CIRCLE('',#1975,0.0002);
#205=CIRCLE('',#1976,0.0002);
#206=CIRCLE('',#1978,0.0002);
#207=CIRCLE('',#1979,0.0002);
#208=CIRCLE('',#1981,0.0002);
#209=CIRCLE('',#1983,0.0002);
#210=CIRCLE('',#1984,0.0002);
#211=CIRCLE('',#1986,0.0002);
#212=ORIENTED_EDGE('',*,*,#726,.T.);
#213=ORIENTED_EDGE('',*,*,#727,.T.);
#214=ORIENTED_EDGE('',*,*,#728,.T.);
#215=ORIENTED_EDGE('',*,*,#729,.T.);
#216=ORIENTED_EDGE('',*,*,#730,.T.);
#217=ORIENTED_EDGE('',*,*,#731,.T.);
#218=ORIENTED_EDGE('',*,*,#732,.T.);
#219=ORIENTED_EDGE('',*,*,#733,.T.);
#220=ORIENTED_EDGE('',*,*,#734,.T.);
#221=ORIENTED_EDGE('',*,*,#735,.F.);
#222=ORIENTED_EDGE('',*,*,#736,.T.);
#223=ORIENTED_EDGE('',*,*,#737,.F.);
#224=ORIENTED_EDGE('',*,*,#738,.T.);
#225=ORIENTED_EDGE('',*,*,#739,.F.);
#226=ORIENTED_EDGE('',*,*,#740,.T.);
#227=ORIENTED_EDGE('',*,*,#741,.F.);
#228=ORIENTED_EDGE('',*,*,#742,.T.);
#229=ORIENTED_EDGE('',*,*,#743,.F.);
#230=ORIENTED_EDGE('',*,*,#744,.T.);
#231=ORIENTED_EDGE('',*,*,#745,.F.);
#232=ORIENTED_EDGE('',*,*,#746,.T.);
#233=ORIENTED_EDGE('',*,*,#747,.F.);
#234=ORIENTED_EDGE('',*,*,#748,.T.);
#235=ORIENTED_EDGE('',*,*,#749,.T.);
#236=ORIENTED_EDGE('',*,*,#750,.T.);
#237=ORIENTED_EDGE('',*,*,#751,.T.);
#238=ORIENTED_EDGE('',*,*,#752,.T.);
#239=ORIENTED_EDGE('',*,*,#753,.T.);
#240=ORIENTED_EDGE('',*,*,#754,.T.);
#241=ORIENTED_EDGE('',*,*,#755,.F.);
#242=ORIENTED_EDGE('',*,*,#756,.T.);
#243=ORIENTED_EDGE('',*,*,#757,.F.);
#244=ORIENTED_EDGE('',*,*,#758,.T.);
#245=ORIENTED_EDGE('',*,*,#759,.T.);
#246=ORIENTED_EDGE('',*,*,#760,.F.);
#247=ORIENTED_EDGE('',*,*,#761,.T.);
#248=ORIENTED_EDGE('',*,*,#762,.T.);
#249=ORIENTED_EDGE('',*,*,#763,.T.);
#250=ORIENTED_EDGE('',*,*,#764,.T.);
#251=ORIENTED_EDGE('',*,*,#765,.T.);
#252=ORIENTED_EDGE('',*,*,#766,.T.);
#253=ORIENTED_EDGE('',*,*,#767,.T.);
#254=ORIENTED_EDGE('',*,*,#768,.T.);
#255=ORIENTED_EDGE('',*,*,#769,.T.);
#256=ORIENTED_EDGE('',*,*,#770,.T.);
#257=ORIENTED_EDGE('',*,*,#771,.T.);
#258=ORIENTED_EDGE('',*,*,#772,.T.);
#259=ORIENTED_EDGE('',*,*,#773,.T.);
#260=ORIENTED_EDGE('',*,*,#774,.T.);
#261=ORIENTED_EDGE('',*,*,#775,.F.);
#262=ORIENTED_EDGE('',*,*,#776,.T.);
#263=ORIENTED_EDGE('',*,*,#756,.F.);
#264=ORIENTED_EDGE('',*,*,#777,.F.);
#265=ORIENTED_EDGE('',*,*,#778,.T.);
#266=ORIENTED_EDGE('',*,*,#753,.F.);
#267=ORIENTED_EDGE('',*,*,#779,.T.);
#268=ORIENTED_EDGE('',*,*,#726,.F.);
#269=ORIENTED_EDGE('',*,*,#780,.T.);
#270=ORIENTED_EDGE('',*,*,#728,.F.);
#271=ORIENTED_EDGE('',*,*,#781,.T.);
#272=ORIENTED_EDGE('',*,*,#782,.F.);
#273=ORIENTED_EDGE('',*,*,#783,.F.);
#274=ORIENTED_EDGE('',*,*,#734,.F.);
#275=ORIENTED_EDGE('',*,*,#784,.T.);
#276=ORIENTED_EDGE('',*,*,#746,.F.);
#277=ORIENTED_EDGE('',*,*,#785,.T.);
#278=ORIENTED_EDGE('',*,*,#786,.T.);
#279=ORIENTED_EDGE('',*,*,#764,.F.);
#280=ORIENTED_EDGE('',*,*,#787,.T.);
#281=ORIENTED_EDGE('',*,*,#788,.F.);
#282=ORIENTED_EDGE('',*,*,#749,.F.);
#283=ORIENTED_EDGE('',*,*,#789,.F.);
#284=ORIENTED_EDGE('',*,*,#790,.T.);
#285=ORIENTED_EDGE('',*,*,#732,.F.);
#286=ORIENTED_EDGE('',*,*,#791,.T.);
#287=ORIENTED_EDGE('',*,*,#792,.T.);
#288=ORIENTED_EDGE('',*,*,#793,.T.);
#289=ORIENTED_EDGE('',*,*,#794,.T.);
#290=ORIENTED_EDGE('',*,*,#795,.F.);
#291=ORIENTED_EDGE('',*,*,#796,.T.);
#292=ORIENTED_EDGE('',*,*,#797,.T.);
#293=ORIENTED_EDGE('',*,*,#798,.T.);
#294=ORIENTED_EDGE('',*,*,#799,.T.);
#295=ORIENTED_EDGE('',*,*,#800,.T.);
#296=ORIENTED_EDGE('',*,*,#801,.T.);
#297=ORIENTED_EDGE('',*,*,#802,.T.);
#298=ORIENTED_EDGE('',*,*,#803,.T.);
#299=ORIENTED_EDGE('',*,*,#794,.F.);
#300=ORIENTED_EDGE('',*,*,#804,.T.);
#301=ORIENTED_EDGE('',*,*,#805,.F.);
#302=ORIENTED_EDGE('',*,*,#806,.F.);
#303=ORIENTED_EDGE('',*,*,#807,.F.);
#304=ORIENTED_EDGE('',*,*,#808,.F.);
#305=ORIENTED_EDGE('',*,*,#809,.T.);
#306=ORIENTED_EDGE('',*,*,#798,.F.);
#307=ORIENTED_EDGE('',*,*,#810,.F.);
#308=ORIENTED_EDGE('',*,*,#811,.T.);
#309=ORIENTED_EDGE('',*,*,#792,.F.);
#310=ORIENTED_EDGE('',*,*,#812,.F.);
#311=ORIENTED_EDGE('',*,*,#813,.F.);
#312=ORIENTED_EDGE('',*,*,#796,.F.);
#313=ORIENTED_EDGE('',*,*,#814,.T.);
#314=ORIENTED_EDGE('',*,*,#815,.F.);
#315=ORIENTED_EDGE('',*,*,#768,.F.);
#316=ORIENTED_EDGE('',*,*,#816,.T.);
#317=ORIENTED_EDGE('',*,*,#800,.F.);
#318=ORIENTED_EDGE('',*,*,#817,.F.);
#319=ORIENTED_EDGE('',*,*,#818,.F.);
#320=ORIENTED_EDGE('',*,*,#771,.F.);
#321=ORIENTED_EDGE('',*,*,#819,.T.);
#322=ORIENTED_EDGE('',*,*,#766,.F.);
#323=ORIENTED_EDGE('',*,*,#802,.F.);
#324=ORIENTED_EDGE('',*,*,#820,.T.);
#325=ORIENTED_EDGE('',*,*,#762,.F.);
#326=ORIENTED_EDGE('',*,*,#821,.F.);
#327=ORIENTED_EDGE('',*,*,#822,.F.);
#328=ORIENTED_EDGE('',*,*,#758,.F.);
#329=ORIENTED_EDGE('',*,*,#823,.T.);
#330=ORIENTED_EDGE('',*,*,#773,.F.);
#331=ORIENTED_EDGE('',*,*,#824,.T.);
#332=ORIENTED_EDGE('',*,*,#825,.T.);
#333=ORIENTED_EDGE('',*,*,#826,.T.);
#334=ORIENTED_EDGE('',*,*,#827,.T.);
#335=ORIENTED_EDGE('',*,*,#828,.F.);
#336=ORIENTED_EDGE('',*,*,#829,.T.);
#337=ORIENTED_EDGE('',*,*,#830,.T.);
#338=ORIENTED_EDGE('',*,*,#831,.F.);
#339=ORIENTED_EDGE('',*,*,#832,.F.);
#340=ORIENTED_EDGE('',*,*,#833,.T.);
#341=ORIENTED_EDGE('',*,*,#834,.T.);
#342=ORIENTED_EDGE('',*,*,#835,.T.);
#343=ORIENTED_EDGE('',*,*,#836,.F.);
#344=ORIENTED_EDGE('',*,*,#837,.T.);
#345=ORIENTED_EDGE('',*,*,#838,.T.);
#346=ORIENTED_EDGE('',*,*,#839,.T.);
#347=ORIENTED_EDGE('',*,*,#840,.T.);
#348=ORIENTED_EDGE('',*,*,#841,.T.);
#349=ORIENTED_EDGE('',*,*,#842,.T.);
#350=ORIENTED_EDGE('',*,*,#843,.T.);
#351=ORIENTED_EDGE('',*,*,#844,.F.);
#352=ORIENTED_EDGE('',*,*,#845,.F.);
#353=ORIENTED_EDGE('',*,*,#846,.F.);
#354=ORIENTED_EDGE('',*,*,#833,.F.);
#355=ORIENTED_EDGE('',*,*,#847,.F.);
#356=ORIENTED_EDGE('',*,*,#835,.F.);
#357=ORIENTED_EDGE('',*,*,#848,.F.);
#358=ORIENTED_EDGE('',*,*,#837,.F.);
#359=ORIENTED_EDGE('',*,*,#849,.F.);
#360=ORIENTED_EDGE('',*,*,#839,.F.);
#361=ORIENTED_EDGE('',*,*,#850,.F.);
#362=ORIENTED_EDGE('',*,*,#842,.F.);
#363=ORIENTED_EDGE('',*,*,#851,.F.);
#364=ORIENTED_EDGE('',*,*,#840,.F.);
#365=ORIENTED_EDGE('',*,*,#852,.F.);
#366=ORIENTED_EDGE('',*,*,#853,.F.);
#367=ORIENTED_EDGE('',*,*,#789,.T.);
#368=ORIENTED_EDGE('',*,*,#854,.T.);
#369=ORIENTED_EDGE('',*,*,#855,.T.);
#370=ORIENTED_EDGE('',*,*,#760,.T.);
#371=ORIENTED_EDGE('',*,*,#856,.T.);
#372=ORIENTED_EDGE('',*,*,#857,.T.);
#373=ORIENTED_EDGE('',*,*,#769,.F.);
#374=ORIENTED_EDGE('',*,*,#817,.T.);
#375=ORIENTED_EDGE('',*,*,#803,.F.);
#376=ORIENTED_EDGE('',*,*,#821,.T.);
#377=ORIENTED_EDGE('',*,*,#761,.F.);
#378=ORIENTED_EDGE('',*,*,#855,.F.);
#379=ORIENTED_EDGE('',*,*,#858,.T.);
#380=ORIENTED_EDGE('',*,*,#859,.T.);
#381=ORIENTED_EDGE('',*,*,#860,.T.);
#382=ORIENTED_EDGE('',*,*,#861,.F.);
#383=ORIENTED_EDGE('',*,*,#862,.T.);
#384=ORIENTED_EDGE('',*,*,#812,.T.);
#385=ORIENTED_EDGE('',*,*,#795,.T.);
#386=ORIENTED_EDGE('',*,*,#806,.T.);
#387=ORIENTED_EDGE('',*,*,#863,.T.);
#388=ORIENTED_EDGE('',*,*,#864,.T.);
#389=ORIENTED_EDGE('',*,*,#865,.T.);
#390=ORIENTED_EDGE('',*,*,#866,.T.);
#391=ORIENTED_EDGE('',*,*,#867,.T.);
#392=ORIENTED_EDGE('',*,*,#868,.T.);
#393=ORIENTED_EDGE('',*,*,#869,.T.);
#394=ORIENTED_EDGE('',*,*,#870,.T.);
#395=ORIENTED_EDGE('',*,*,#871,.T.);
#396=ORIENTED_EDGE('',*,*,#872,.T.);
#397=ORIENTED_EDGE('',*,*,#782,.T.);
#398=ORIENTED_EDGE('',*,*,#873,.F.);
#399=ORIENTED_EDGE('',*,*,#874,.F.);
#400=ORIENTED_EDGE('',*,*,#861,.T.);
#401=ORIENTED_EDGE('',*,*,#875,.T.);
#402=ORIENTED_EDGE('',*,*,#876,.T.);
#403=ORIENTED_EDGE('',*,*,#877,.T.);
#404=ORIENTED_EDGE('',*,*,#878,.T.);
#405=ORIENTED_EDGE('',*,*,#879,.T.);
#406=ORIENTED_EDGE('',*,*,#880,.T.);
#407=ORIENTED_EDGE('',*,*,#845,.T.);
#408=ORIENTED_EDGE('',*,*,#881,.T.);
#409=ORIENTED_EDGE('',*,*,#828,.T.);
#410=ORIENTED_EDGE('',*,*,#882,.F.);
#411=ORIENTED_EDGE('',*,*,#883,.T.);
#412=ORIENTED_EDGE('',*,*,#884,.F.);
#413=ORIENTED_EDGE('',*,*,#885,.T.);
#414=ORIENTED_EDGE('',*,*,#886,.T.);
#415=ORIENTED_EDGE('',*,*,#887,.T.);
#416=ORIENTED_EDGE('',*,*,#888,.T.);
#417=ORIENTED_EDGE('',*,*,#889,.T.);
#418=ORIENTED_EDGE('',*,*,#890,.F.);
#419=ORIENTED_EDGE('',*,*,#891,.T.);
#420=ORIENTED_EDGE('',*,*,#892,.T.);
#421=ORIENTED_EDGE('',*,*,#893,.T.);
#422=ORIENTED_EDGE('',*,*,#894,.F.);
#423=ORIENTED_EDGE('',*,*,#895,.F.);
#424=ORIENTED_EDGE('',*,*,#896,.T.);
#425=ORIENTED_EDGE('',*,*,#897,.T.);
#426=ORIENTED_EDGE('',*,*,#898,.T.);
#427=ORIENTED_EDGE('',*,*,#899,.T.);
#428=ORIENTED_EDGE('',*,*,#900,.T.);
#429=ORIENTED_EDGE('',*,*,#830,.F.);
#430=ORIENTED_EDGE('',*,*,#901,.F.);
#431=ORIENTED_EDGE('',*,*,#853,.T.);
#432=ORIENTED_EDGE('',*,*,#902,.T.);
#433=ORIENTED_EDGE('',*,*,#903,.T.);
#434=ORIENTED_EDGE('',*,*,#904,.T.);
#435=ORIENTED_EDGE('',*,*,#904,.F.);
#436=ORIENTED_EDGE('',*,*,#905,.T.);
#437=ORIENTED_EDGE('',*,*,#750,.F.);
#438=ORIENTED_EDGE('',*,*,#788,.T.);
#439=ORIENTED_EDGE('',*,*,#906,.T.);
#440=ORIENTED_EDGE('',*,*,#777,.T.);
#441=ORIENTED_EDGE('',*,*,#755,.T.);
#442=ORIENTED_EDGE('',*,*,#907,.T.);
#443=ORIENTED_EDGE('',*,*,#884,.T.);
#444=ORIENTED_EDGE('',*,*,#908,.T.);
#445=ORIENTED_EDGE('',*,*,#890,.T.);
#446=ORIENTED_EDGE('',*,*,#909,.T.);
#447=ORIENTED_EDGE('',*,*,#894,.T.);
#448=ORIENTED_EDGE('',*,*,#910,.T.);
#449=ORIENTED_EDGE('',*,*,#897,.F.);
#450=ORIENTED_EDGE('',*,*,#911,.T.);
#451=ORIENTED_EDGE('',*,*,#808,.T.);
#452=ORIENTED_EDGE('',*,*,#912,.T.);
#453=ORIENTED_EDGE('',*,*,#775,.T.);
#454=ORIENTED_EDGE('',*,*,#913,.T.);
#455=ORIENTED_EDGE('',*,*,#863,.F.);
#456=ORIENTED_EDGE('',*,*,#805,.T.);
#457=ORIENTED_EDGE('',*,*,#914,.T.);
#458=ORIENTED_EDGE('',*,*,#874,.T.);
#459=ORIENTED_EDGE('',*,*,#915,.T.);
#460=ORIENTED_EDGE('',*,*,#815,.T.);
#461=ORIENTED_EDGE('',*,*,#916,.T.);
#462=ORIENTED_EDGE('',*,*,#810,.T.);
#463=ORIENTED_EDGE('',*,*,#862,.F.);
#464=ORIENTED_EDGE('',*,*,#907,.F.);
#465=ORIENTED_EDGE('',*,*,#754,.F.);
#466=ORIENTED_EDGE('',*,*,#917,.F.);
#467=ORIENTED_EDGE('',*,*,#885,.F.);
#468=ORIENTED_EDGE('',*,*,#918,.F.);
#469=ORIENTED_EDGE('',*,*,#886,.F.);
#470=ORIENTED_EDGE('',*,*,#919,.F.);
#471=ORIENTED_EDGE('',*,*,#744,.F.);
#472=ORIENTED_EDGE('',*,*,#883,.F.);
#473=ORIENTED_EDGE('',*,*,#920,.T.);
#474=ORIENTED_EDGE('',*,*,#887,.F.);
#475=ORIENTED_EDGE('',*,*,#908,.F.);
#476=ORIENTED_EDGE('',*,*,#919,.T.);
#477=ORIENTED_EDGE('',*,*,#917,.T.);
#478=ORIENTED_EDGE('',*,*,#780,.F.);
#479=ORIENTED_EDGE('',*,*,#745,.T.);
#480=ORIENTED_EDGE('',*,*,#918,.T.);
#481=ORIENTED_EDGE('',*,*,#743,.T.);
#482=ORIENTED_EDGE('',*,*,#921,.F.);
#483=ORIENTED_EDGE('',*,*,#846,.T.);
#484=ORIENTED_EDGE('',*,*,#921,.T.);
#485=ORIENTED_EDGE('',*,*,#742,.F.);
#486=ORIENTED_EDGE('',*,*,#922,.F.);
#487=ORIENTED_EDGE('',*,*,#834,.F.);
#488=ORIENTED_EDGE('',*,*,#889,.F.);
#489=ORIENTED_EDGE('',*,*,#923,.T.);
#490=ORIENTED_EDGE('',*,*,#891,.F.);
#491=ORIENTED_EDGE('',*,*,#909,.F.);
#492=ORIENTED_EDGE('',*,*,#922,.T.);
#493=ORIENTED_EDGE('',*,*,#741,.T.);
#494=ORIENTED_EDGE('',*,*,#924,.F.);
#495=ORIENTED_EDGE('',*,*,#848,.T.);
#496=ORIENTED_EDGE('',*,*,#924,.T.);
#497=ORIENTED_EDGE('',*,*,#740,.F.);
#498=ORIENTED_EDGE('',*,*,#925,.F.);
#499=ORIENTED_EDGE('',*,*,#838,.F.);
#500=ORIENTED_EDGE('',*,*,#893,.F.);
#501=ORIENTED_EDGE('',*,*,#926,.T.);
#502=ORIENTED_EDGE('',*,*,#898,.F.);
#503=ORIENTED_EDGE('',*,*,#910,.F.);
#504=ORIENTED_EDGE('',*,*,#925,.T.);
#505=ORIENTED_EDGE('',*,*,#739,.T.);
#506=ORIENTED_EDGE('',*,*,#927,.F.);
#507=ORIENTED_EDGE('',*,*,#850,.T.);
#508=ORIENTED_EDGE('',*,*,#927,.T.);
#509=ORIENTED_EDGE('',*,*,#738,.F.);
#510=ORIENTED_EDGE('',*,*,#928,.F.);
#511=ORIENTED_EDGE('',*,*,#843,.F.);
#512=ORIENTED_EDGE('',*,*,#896,.F.);
#513=ORIENTED_EDGE('',*,*,#929,.T.);
#514=ORIENTED_EDGE('',*,*,#899,.F.);
#515=ORIENTED_EDGE('',*,*,#911,.F.);
#516=ORIENTED_EDGE('',*,*,#928,.T.);
#517=ORIENTED_EDGE('',*,*,#737,.T.);
#518=ORIENTED_EDGE('',*,*,#930,.F.);
#519=ORIENTED_EDGE('',*,*,#852,.T.);
#520=ORIENTED_EDGE('',*,*,#930,.T.);
#521=ORIENTED_EDGE('',*,*,#736,.F.);
#522=ORIENTED_EDGE('',*,*,#931,.F.);
#523=ORIENTED_EDGE('',*,*,#902,.F.);
#524=ORIENTED_EDGE('',*,*,#905,.F.);
#525=ORIENTED_EDGE('',*,*,#903,.F.);
#526=ORIENTED_EDGE('',*,*,#932,.F.);
#527=ORIENTED_EDGE('',*,*,#751,.F.);
#528=ORIENTED_EDGE('',*,*,#933,.F.);
#529=ORIENTED_EDGE('',*,*,#875,.F.);
#530=ORIENTED_EDGE('',*,*,#934,.F.);
#531=ORIENTED_EDGE('',*,*,#864,.F.);
#532=ORIENTED_EDGE('',*,*,#931,.T.);
#533=ORIENTED_EDGE('',*,*,#735,.T.);
#534=ORIENTED_EDGE('',*,*,#785,.F.);
#535=ORIENTED_EDGE('',*,*,#932,.T.);
#536=ORIENTED_EDGE('',*,*,#934,.T.);
#537=ORIENTED_EDGE('',*,*,#860,.F.);
#538=ORIENTED_EDGE('',*,*,#935,.F.);
#539=ORIENTED_EDGE('',*,*,#865,.F.);
#540=ORIENTED_EDGE('',*,*,#936,.F.);
#541=ORIENTED_EDGE('',*,*,#866,.F.);
#542=ORIENTED_EDGE('',*,*,#937,.F.);
#543=ORIENTED_EDGE('',*,*,#871,.F.);
#544=ORIENTED_EDGE('',*,*,#938,.F.);
#545=ORIENTED_EDGE('',*,*,#936,.T.);
#546=ORIENTED_EDGE('',*,*,#939,.F.);
#547=ORIENTED_EDGE('',*,*,#783,.T.);
#548=ORIENTED_EDGE('',*,*,#933,.T.);
#549=ORIENTED_EDGE('',*,*,#940,.F.);
#550=ORIENTED_EDGE('',*,*,#937,.T.);
#551=ORIENTED_EDGE('',*,*,#935,.T.);
#552=ORIENTED_EDGE('',*,*,#941,.F.);
#553=ORIENTED_EDGE('',*,*,#939,.T.);
#554=ORIENTED_EDGE('',*,*,#870,.F.);
#555=ORIENTED_EDGE('',*,*,#942,.F.);
#556=ORIENTED_EDGE('',*,*,#826,.F.);
#557=ORIENTED_EDGE('',*,*,#938,.T.);
#558=ORIENTED_EDGE('',*,*,#825,.F.);
#559=ORIENTED_EDGE('',*,*,#943,.F.);
#560=ORIENTED_EDGE('',*,*,#867,.F.);
#561=ORIENTED_EDGE('',*,*,#940,.T.);
#562=ORIENTED_EDGE('',*,*,#868,.F.);
#563=ORIENTED_EDGE('',*,*,#944,.F.);
#564=ORIENTED_EDGE('',*,*,#729,.F.);
#565=ORIENTED_EDGE('',*,*,#941,.T.);
#566=ORIENTED_EDGE('',*,*,#859,.F.);
#567=ORIENTED_EDGE('',*,*,#945,.F.);
#568=ORIENTED_EDGE('',*,*,#872,.F.);
#569=ORIENTED_EDGE('',*,*,#946,.F.);
#570=ORIENTED_EDGE('',*,*,#869,.F.);
#571=ORIENTED_EDGE('',*,*,#947,.F.);
#572=ORIENTED_EDGE('',*,*,#878,.F.);
#573=ORIENTED_EDGE('',*,*,#942,.T.);
#574=ORIENTED_EDGE('',*,*,#946,.T.);
#575=ORIENTED_EDGE('',*,*,#948,.F.);
#576=ORIENTED_EDGE('',*,*,#944,.T.);
#577=ORIENTED_EDGE('',*,*,#943,.T.);
#578=ORIENTED_EDGE('',*,*,#949,.F.);
#579=ORIENTED_EDGE('',*,*,#947,.T.);
#580=ORIENTED_EDGE('',*,*,#945,.T.);
#581=ORIENTED_EDGE('',*,*,#950,.F.);
#582=ORIENTED_EDGE('',*,*,#948,.T.);
#583=ORIENTED_EDGE('',*,*,#877,.F.);
#584=ORIENTED_EDGE('',*,*,#951,.F.);
#585=ORIENTED_EDGE('',*,*,#827,.F.);
#586=ORIENTED_EDGE('',*,*,#949,.T.);
#587=ORIENTED_EDGE('',*,*,#824,.F.);
#588=ORIENTED_EDGE('',*,*,#952,.F.);
#589=ORIENTED_EDGE('',*,*,#730,.F.);
#590=ORIENTED_EDGE('',*,*,#950,.T.);
#591=ORIENTED_EDGE('',*,*,#858,.F.);
#592=ORIENTED_EDGE('',*,*,#953,.F.);
#593=ORIENTED_EDGE('',*,*,#879,.F.);
#594=ORIENTED_EDGE('',*,*,#952,.T.);
#595=ORIENTED_EDGE('',*,*,#951,.T.);
#596=ORIENTED_EDGE('',*,*,#954,.F.);
#597=ORIENTED_EDGE('',*,*,#953,.T.);
#598=ORIENTED_EDGE('',*,*,#854,.F.);
#599=ORIENTED_EDGE('',*,*,#955,.F.);
#600=ORIENTED_EDGE('',*,*,#880,.F.);
#601=ORIENTED_EDGE('',*,*,#954,.T.);
#602=ORIENTED_EDGE('',*,*,#876,.F.);
#603=ORIENTED_EDGE('',*,*,#956,.F.);
#604=ORIENTED_EDGE('',*,*,#731,.F.);
#605=ORIENTED_EDGE('',*,*,#956,.T.);
#606=ORIENTED_EDGE('',*,*,#955,.T.);
#607=ORIENTED_EDGE('',*,*,#791,.F.);
#608=ORIENTED_EDGE('',*,*,#770,.F.);
#609=ORIENTED_EDGE('',*,*,#857,.F.);
#610=ORIENTED_EDGE('',*,*,#913,.F.);
#611=ORIENTED_EDGE('',*,*,#778,.F.);
#612=ORIENTED_EDGE('',*,*,#906,.F.);
#613=ORIENTED_EDGE('',*,*,#787,.F.);
#614=ORIENTED_EDGE('',*,*,#844,.T.);
#615=ORIENTED_EDGE('',*,*,#832,.T.);
#616=ORIENTED_EDGE('',*,*,#847,.T.);
#617=ORIENTED_EDGE('',*,*,#836,.T.);
#618=ORIENTED_EDGE('',*,*,#849,.T.);
#619=ORIENTED_EDGE('',*,*,#841,.F.);
#620=ORIENTED_EDGE('',*,*,#851,.T.);
#621=ORIENTED_EDGE('',*,*,#901,.T.);
#622=ORIENTED_EDGE('',*,*,#829,.F.);
#623=ORIENTED_EDGE('',*,*,#881,.F.);
#624=ORIENTED_EDGE('',*,*,#882,.T.);
#625=ORIENTED_EDGE('',*,*,#831,.T.);
#626=ORIENTED_EDGE('',*,*,#900,.F.);
#627=ORIENTED_EDGE('',*,*,#929,.F.);
#628=ORIENTED_EDGE('',*,*,#895,.T.);
#629=ORIENTED_EDGE('',*,*,#926,.F.);
#630=ORIENTED_EDGE('',*,*,#892,.F.);
#631=ORIENTED_EDGE('',*,*,#923,.F.);
#632=ORIENTED_EDGE('',*,*,#888,.F.);
#633=ORIENTED_EDGE('',*,*,#920,.F.);
#634=ORIENTED_EDGE('',*,*,#957,.T.);
#635=ORIENTED_EDGE('',*,*,#958,.T.);
#636=ORIENTED_EDGE('',*,*,#959,.T.);
#637=ORIENTED_EDGE('',*,*,#960,.T.);
#638=ORIENTED_EDGE('',*,*,#961,.T.);
#639=ORIENTED_EDGE('',*,*,#962,.T.);
#640=ORIENTED_EDGE('',*,*,#963,.T.);
#641=ORIENTED_EDGE('',*,*,#964,.T.);
#642=ORIENTED_EDGE('',*,*,#965,.F.);
#643=ORIENTED_EDGE('',*,*,#966,.F.);
#644=ORIENTED_EDGE('',*,*,#814,.F.);
#645=ORIENTED_EDGE('',*,*,#966,.T.);
#646=ORIENTED_EDGE('',*,*,#964,.F.);
#647=ORIENTED_EDGE('',*,*,#967,.F.);
#648=ORIENTED_EDGE('',*,*,#916,.F.);
#649=ORIENTED_EDGE('',*,*,#965,.T.);
#650=ORIENTED_EDGE('',*,*,#799,.F.);
#651=ORIENTED_EDGE('',*,*,#968,.F.);
#652=ORIENTED_EDGE('',*,*,#961,.F.);
#653=ORIENTED_EDGE('',*,*,#811,.F.);
#654=ORIENTED_EDGE('',*,*,#967,.T.);
#655=ORIENTED_EDGE('',*,*,#969,.F.);
#656=ORIENTED_EDGE('',*,*,#968,.T.);
#657=ORIENTED_EDGE('',*,*,#809,.F.);
#658=ORIENTED_EDGE('',*,*,#970,.F.);
#659=ORIENTED_EDGE('',*,*,#969,.T.);
#660=ORIENTED_EDGE('',*,*,#963,.F.);
#661=ORIENTED_EDGE('',*,*,#971,.F.);
#662=ORIENTED_EDGE('',*,*,#793,.F.);
#663=ORIENTED_EDGE('',*,*,#970,.T.);
#664=ORIENTED_EDGE('',*,*,#914,.F.);
#665=ORIENTED_EDGE('',*,*,#972,.F.);
#666=ORIENTED_EDGE('',*,*,#962,.F.);
#667=ORIENTED_EDGE('',*,*,#804,.F.);
#668=ORIENTED_EDGE('',*,*,#971,.T.);
#669=ORIENTED_EDGE('',*,*,#972,.T.);
#670=ORIENTED_EDGE('',*,*,#973,.F.);
#671=ORIENTED_EDGE('',*,*,#974,.F.);
#672=ORIENTED_EDGE('',*,*,#823,.F.);
#673=ORIENTED_EDGE('',*,*,#974,.T.);
#674=ORIENTED_EDGE('',*,*,#959,.F.);
#675=ORIENTED_EDGE('',*,*,#975,.F.);
#676=ORIENTED_EDGE('',*,*,#774,.F.);
#677=ORIENTED_EDGE('',*,*,#973,.T.);
#678=ORIENTED_EDGE('',*,*,#763,.F.);
#679=ORIENTED_EDGE('',*,*,#976,.F.);
#680=ORIENTED_EDGE('',*,*,#960,.F.);
#681=ORIENTED_EDGE('',*,*,#819,.F.);
#682=ORIENTED_EDGE('',*,*,#975,.T.);
#683=ORIENTED_EDGE('',*,*,#977,.F.);
#684=ORIENTED_EDGE('',*,*,#976,.T.);
#685=ORIENTED_EDGE('',*,*,#820,.F.);
#686=ORIENTED_EDGE('',*,*,#978,.F.);
#687=ORIENTED_EDGE('',*,*,#977,.T.);
#688=ORIENTED_EDGE('',*,*,#958,.F.);
#689=ORIENTED_EDGE('',*,*,#979,.F.);
#690=ORIENTED_EDGE('',*,*,#767,.F.);
#691=ORIENTED_EDGE('',*,*,#978,.T.);
#692=ORIENTED_EDGE('',*,*,#801,.F.);
#693=ORIENTED_EDGE('',*,*,#980,.F.);
#694=ORIENTED_EDGE('',*,*,#957,.F.);
#695=ORIENTED_EDGE('',*,*,#816,.F.);
#696=ORIENTED_EDGE('',*,*,#979,.T.);
#697=ORIENTED_EDGE('',*,*,#980,.T.);
#698=ORIENTED_EDGE('',*,*,#733,.F.);
#699=ORIENTED_EDGE('',*,*,#790,.F.);
#700=ORIENTED_EDGE('',*,*,#856,.F.);
#701=ORIENTED_EDGE('',*,*,#981,.T.);
#702=ORIENTED_EDGE('',*,*,#747,.T.);
#703=ORIENTED_EDGE('',*,*,#784,.F.);
#704=ORIENTED_EDGE('',*,*,#981,.F.);
#705=ORIENTED_EDGE('',*,*,#759,.F.);
#706=ORIENTED_EDGE('',*,*,#822,.T.);
#707=ORIENTED_EDGE('',*,*,#772,.F.);
#708=ORIENTED_EDGE('',*,*,#818,.T.);
#709=ORIENTED_EDGE('',*,*,#765,.F.);
#710=ORIENTED_EDGE('',*,*,#786,.F.);
#711=ORIENTED_EDGE('',*,*,#748,.F.);
#712=ORIENTED_EDGE('',*,*,#757,.T.);
#713=ORIENTED_EDGE('',*,*,#776,.F.);
#714=ORIENTED_EDGE('',*,*,#912,.F.);
#715=ORIENTED_EDGE('',*,*,#807,.T.);
#716=ORIENTED_EDGE('',*,*,#797,.F.);
#717=ORIENTED_EDGE('',*,*,#813,.T.);
#718=ORIENTED_EDGE('',*,*,#915,.F.);
#719=ORIENTED_EDGE('',*,*,#982,.F.);
#720=ORIENTED_EDGE('',*,*,#752,.F.);
#721=ORIENTED_EDGE('',*,*,#982,.T.);
#722=ORIENTED_EDGE('',*,*,#873,.T.);
#723=ORIENTED_EDGE('',*,*,#781,.F.);
#724=ORIENTED_EDGE('',*,*,#727,.F.);
#725=ORIENTED_EDGE('',*,*,#779,.F.);
#726=EDGE_CURVE('',#983,#984,#1133,.F.);
#727=EDGE_CURVE('',#984,#985,#1134,.T.);
#728=EDGE_CURVE('',#985,#986,#1135,.T.);
#729=EDGE_CURVE('',#986,#987,#1136,.F.);
#730=EDGE_CURVE('',#987,#988,#1137,.F.);
#731=EDGE_CURVE('',#988,#989,#1138,.T.);
#732=EDGE_CURVE('',#989,#990,#1139,.T.);
#733=EDGE_CURVE('',#990,#991,#1140,.T.);
#734=EDGE_CURVE('',#991,#992,#1141,.T.);
#735=EDGE_CURVE('',#993,#992,#112,.T.);
#736=EDGE_CURVE('',#993,#994,#1142,.T.);
#737=EDGE_CURVE('',#995,#994,#113,.T.);
#738=EDGE_CURVE('',#995,#996,#1143,.T.);
#739=EDGE_CURVE('',#997,#996,#114,.T.);
#740=EDGE_CURVE('',#997,#998,#1144,.F.);
#741=EDGE_CURVE('',#999,#998,#115,.T.);
#742=EDGE_CURVE('',#999,#1000,#1145,.F.);
#743=EDGE_CURVE('',#1001,#1000,#116,.T.);
#744=EDGE_CURVE('',#1001,#1002,#1146,.F.);
#745=EDGE_CURVE('',#983,#1002,#117,.T.);
#746=EDGE_CURVE('',#1003,#1004,#1147,.F.);
#747=EDGE_CURVE('',#1005,#1004,#1148,.T.);
#748=EDGE_CURVE('',#1005,#1006,#1149,.T.);
#749=EDGE_CURVE('',#1006,#1007,#1150,.F.);
#750=EDGE_CURVE('',#1007,#1008,#1151,.T.);
#751=EDGE_CURVE('',#1008,#1003,#1152,.T.);
#752=EDGE_CURVE('',#1009,#1010,#1153,.T.);
#753=EDGE_CURVE('',#1010,#1011,#1154,.T.);
#754=EDGE_CURVE('',#1011,#1012,#1155,.F.);
#755=EDGE_CURVE('',#1013,#1012,#1156,.T.);
#756=EDGE_CURVE('',#1013,#1014,#1157,.T.);
#757=EDGE_CURVE('',#1009,#1014,#1158,.T.);
#758=EDGE_CURVE('',#1015,#1016,#1159,.T.);
#759=EDGE_CURVE('',#1016,#1017,#1160,.T.);
#760=EDGE_CURVE('',#1018,#1017,#1161,.T.);
#761=EDGE_CURVE('',#1018,#1019,#94,.T.);
#762=EDGE_CURVE('',#1019,#1020,#1162,.T.);
#763=EDGE_CURVE('',#1020,#1015,#95,.F.);
#764=EDGE_CURVE('',#1021,#1022,#1163,.T.);
#765=EDGE_CURVE('',#1022,#1023,#1164,.T.);
#766=EDGE_CURVE('',#1023,#1024,#1165,.F.);
#767=EDGE_CURVE('',#1024,#1025,#96,.F.);
#768=EDGE_CURVE('',#1025,#1026,#1166,.F.);
#769=EDGE_CURVE('',#1026,#1027,#97,.T.);
#770=EDGE_CURVE('',#1027,#1021,#98,.F.);
#771=EDGE_CURVE('',#1028,#1029,#1167,.T.);
#772=EDGE_CURVE('',#1029,#1030,#1168,.T.);
#773=EDGE_CURVE('',#1030,#1031,#1169,.F.);
#774=EDGE_CURVE('',#1031,#1028,#1170,.T.);
#775=EDGE_CURVE('',#1032,#1033,#1171,.F.);
#776=EDGE_CURVE('',#1032,#1014,#118,.F.);
#777=EDGE_CURVE('',#1034,#1013,#119,.T.);
#778=EDGE_CURVE('',#1034,#1033,#40,.T.);
#779=EDGE_CURVE('',#1010,#984,#99,.F.);
#780=EDGE_CURVE('',#983,#1011,#120,.F.);
#781=EDGE_CURVE('',#985,#1035,#100,.F.);
#782=EDGE_CURVE('',#1036,#1035,#1172,.F.);
#783=EDGE_CURVE('',#986,#1036,#121,.T.);
#784=EDGE_CURVE('',#991,#1004,#101,.F.);
#785=EDGE_CURVE('',#1003,#992,#122,.F.);
#786=EDGE_CURVE('',#1006,#1022,#123,.F.);
#787=EDGE_CURVE('',#1021,#1037,#41,.T.);
#788=EDGE_CURVE('',#1007,#1037,#124,.T.);
#789=EDGE_CURVE('',#1038,#1039,#1173,.F.);
#790=EDGE_CURVE('',#1038,#990,#102,.F.);
#791=EDGE_CURVE('',#989,#1039,#125,.F.);
#792=EDGE_CURVE('',#1040,#1041,#1174,.T.);
#793=EDGE_CURVE('',#1041,#1042,#1175,.T.);
#794=EDGE_CURVE('',#1042,#1043,#1176,.F.);
#795=EDGE_CURVE('',#1040,#1043,#1177,.F.);
#796=EDGE_CURVE('',#1044,#1045,#1178,.T.);
#797=EDGE_CURVE('',#1045,#1046,#1179,.T.);
#798=EDGE_CURVE('',#1046,#1047,#1180,.F.);
#799=EDGE_CURVE('',#1047,#1044,#1181,.F.);
#800=EDGE_CURVE('',#1048,#1049,#1182,.T.);
#801=EDGE_CURVE('',#1049,#1050,#1183,.F.);
#802=EDGE_CURVE('',#1050,#1051,#1184,.F.);
#803=EDGE_CURVE('',#1051,#1048,#1185,.T.);
#804=EDGE_CURVE('',#1042,#1052,#126,.F.);
#805=EDGE_CURVE('',#1053,#1052,#1186,.T.);
#806=EDGE_CURVE('',#1043,#1053,#42,.T.);
#807=EDGE_CURVE('',#1054,#1046,#127,.T.);
#808=EDGE_CURVE('',#1055,#1054,#1187,.T.);
#809=EDGE_CURVE('',#1055,#1047,#128,.T.);
#810=EDGE_CURVE('',#1056,#1057,#1188,.F.);
#811=EDGE_CURVE('',#1056,#1041,#129,.F.);
#812=EDGE_CURVE('',#1057,#1040,#43,.T.);
#813=EDGE_CURVE('',#1045,#1058,#130,.T.);
#814=EDGE_CURVE('',#1044,#1059,#131,.T.);
#815=EDGE_CURVE('',#1058,#1059,#1189,.F.);
#816=EDGE_CURVE('',#1025,#1049,#132,.F.);
#817=EDGE_CURVE('',#1026,#1048,#44,.T.);
#818=EDGE_CURVE('',#1029,#1023,#133,.T.);
#819=EDGE_CURVE('',#1028,#1024,#134,.T.);
#820=EDGE_CURVE('',#1050,#1020,#135,.F.);
#821=EDGE_CURVE('',#1051,#1019,#45,.T.);
#822=EDGE_CURVE('',#1016,#1030,#136,.T.);
#823=EDGE_CURVE('',#1015,#1031,#137,.T.);
#824=EDGE_CURVE('',#1060,#1061,#1190,.T.);
#825=EDGE_CURVE('',#1061,#1062,#1191,.F.);
#826=EDGE_CURVE('',#1062,#1063,#1192,.F.);
#827=EDGE_CURVE('',#1063,#1060,#1193,.T.);
#828=EDGE_CURVE('',#1064,#1065,#1194,.T.);
#829=EDGE_CURVE('',#1064,#1066,#1195,.T.);
#830=EDGE_CURVE('',#1066,#1067,#1196,.T.);
#831=EDGE_CURVE('',#1065,#1067,#1197,.T.);
#832=EDGE_CURVE('',#1068,#1069,#1198,.T.);
#833=EDGE_CURVE('',#1068,#1070,#1199,.T.);
#834=EDGE_CURVE('',#1070,#1071,#1200,.T.);
#835=EDGE_CURVE('',#1071,#1069,#1201,.F.);
#836=EDGE_CURVE('',#1072,#1073,#1202,.T.);
#837=EDGE_CURVE('',#1072,#1074,#1203,.T.);
#838=EDGE_CURVE('',#1074,#1075,#1204,.T.);
#839=EDGE_CURVE('',#1075,#1073,#1205,.F.);
#840=EDGE_CURVE('',#1076,#1077,#1206,.F.);
#841=EDGE_CURVE('',#1077,#1078,#1207,.T.);
#842=EDGE_CURVE('',#1078,#1079,#1208,.T.);
#843=EDGE_CURVE('',#1079,#1076,#1209,.F.);
#844=EDGE_CURVE('',#1080,#1068,#138,.F.);
#845=EDGE_CURVE('',#1081,#1080,#1210,.F.);
#846=EDGE_CURVE('',#1070,#1081,#139,.F.);
#847=EDGE_CURVE('',#1069,#1072,#140,.F.);
#848=EDGE_CURVE('',#1074,#1071,#141,.F.);
#849=EDGE_CURVE('',#1073,#1078,#142,.F.);
#850=EDGE_CURVE('',#1079,#1075,#143,.F.);
#851=EDGE_CURVE('',#1077,#1082,#144,.F.);
#852=EDGE_CURVE('',#1083,#1076,#145,.F.);
#853=EDGE_CURVE('',#1082,#1083,#1211,.T.);
#854=EDGE_CURVE('',#1039,#1084,#1212,.T.);
#855=EDGE_CURVE('',#1084,#1018,#1213,.T.);
#856=EDGE_CURVE('',#1017,#1038,#1214,.T.);
#857=EDGE_CURVE('',#1085,#1027,#1215,.F.);
#858=EDGE_CURVE('',#1084,#1086,#146,.T.);
#859=EDGE_CURVE('',#1086,#1087,#1216,.T.);
#860=EDGE_CURVE('',#1087,#1088,#147,.F.);
#861=EDGE_CURVE('',#1089,#1088,#1217,.T.);
#862=EDGE_CURVE('',#1089,#1057,#103,.T.);
#863=EDGE_CURVE('',#1053,#1085,#104,.T.);
#864=EDGE_CURVE('',#1090,#1091,#1218,.T.);
#865=EDGE_CURVE('',#1091,#1092,#148,.T.);
#866=EDGE_CURVE('',#1092,#1093,#1219,.T.);
#867=EDGE_CURVE('',#1093,#1094,#1220,.T.);
#868=EDGE_CURVE('',#1094,#1090,#1221,.T.);
#869=EDGE_CURVE('',#1095,#1096,#1222,.T.);
#870=EDGE_CURVE('',#1096,#1097,#1223,.T.);
#871=EDGE_CURVE('',#1097,#1098,#1224,.F.);
#872=EDGE_CURVE('',#1098,#1095,#1225,.F.);
#873=EDGE_CURVE('',#1099,#1035,#1226,.T.);
#874=EDGE_CURVE('',#1089,#1099,#1227,.T.);
#875=EDGE_CURVE('',#1088,#1036,#1228,.F.);
#876=EDGE_CURVE('',#1100,#1101,#1229,.F.);
#877=EDGE_CURVE('',#1101,#1102,#1230,.F.);
#878=EDGE_CURVE('',#1102,#1103,#1231,.F.);
#879=EDGE_CURVE('',#1103,#1104,#149,.F.);
#880=EDGE_CURVE('',#1104,#1100,#1232,.F.);
#881=EDGE_CURVE('',#1080,#1064,#1233,.T.);
#882=EDGE_CURVE('',#1105,#1065,#1234,.T.);
#883=EDGE_CURVE('',#1105,#1106,#1235,.F.);
#884=EDGE_CURVE('',#1107,#1106,#1236,.T.);
#885=EDGE_CURVE('',#1107,#1108,#1237,.T.);
#886=EDGE_CURVE('',#1108,#1081,#1238,.T.);
#887=EDGE_CURVE('',#1109,#1110,#1239,.T.);
#888=EDGE_CURVE('',#1110,#1111,#1240,.T.);
#889=EDGE_CURVE('',#1111,#1112,#1241,.F.);
#890=EDGE_CURVE('',#1109,#1112,#1242,.T.);
#891=EDGE_CURVE('',#1113,#1114,#1243,.T.);
#892=EDGE_CURVE('',#1114,#1115,#1244,.T.);
#893=EDGE_CURVE('',#1115,#1116,#1245,.F.);
#894=EDGE_CURVE('',#1113,#1116,#1246,.T.);
#895=EDGE_CURVE('',#1117,#1118,#1247,.T.);
#896=EDGE_CURVE('',#1117,#1119,#1248,.F.);
#897=EDGE_CURVE('',#1119,#1120,#1249,.T.);
#898=EDGE_CURVE('',#1120,#1118,#1250,.T.);
#899=EDGE_CURVE('',#1121,#1122,#1251,.T.);
#900=EDGE_CURVE('',#1122,#1067,#1252,.T.);
#901=EDGE_CURVE('',#1082,#1066,#1253,.T.);
#902=EDGE_CURVE('',#1083,#1123,#1254,.F.);
#903=EDGE_CURVE('',#1123,#1124,#1255,.F.);
#904=EDGE_CURVE('',#1124,#1121,#1256,.T.);
#905=EDGE_CURVE('',#1124,#1008,#150,.F.);
#906=EDGE_CURVE('',#1037,#1034,#1257,.T.);
#907=EDGE_CURVE('',#1012,#1107,#151,.F.);
#908=EDGE_CURVE('',#1106,#1109,#152,.F.);
#909=EDGE_CURVE('',#1112,#1113,#153,.F.);
#910=EDGE_CURVE('',#1116,#1120,#154,.F.);
#911=EDGE_CURVE('',#1119,#1121,#155,.F.);
#912=EDGE_CURVE('',#1054,#1032,#1258,.T.);
#913=EDGE_CURVE('',#1033,#1085,#105,.T.);
#914=EDGE_CURVE('',#1052,#1055,#106,.T.);
#915=EDGE_CURVE('',#1099,#1058,#1259,.T.);
#916=EDGE_CURVE('',#1059,#1056,#107,.T.);
#917=EDGE_CURVE('',#1108,#1011,#156,.F.);
#918=EDGE_CURVE('',#1081,#1001,#157,.T.);
#919=EDGE_CURVE('',#1002,#1108,#158,.T.);
#920=EDGE_CURVE('',#1105,#1110,#159,.F.);
#921=EDGE_CURVE('',#1070,#1000,#160,.F.);
#922=EDGE_CURVE('',#1071,#999,#161,.T.);
#923=EDGE_CURVE('',#1111,#1114,#162,.F.);
#924=EDGE_CURVE('',#1074,#998,#163,.F.);
#925=EDGE_CURVE('',#1075,#997,#164,.T.);
#926=EDGE_CURVE('',#1115,#1118,#165,.F.);
#927=EDGE_CURVE('',#1079,#996,#166,.F.);
#928=EDGE_CURVE('',#1076,#995,#167,.T.);
#929=EDGE_CURVE('',#1117,#1122,#168,.F.);
#930=EDGE_CURVE('',#1083,#994,#169,.F.);
#931=EDGE_CURVE('',#1123,#993,#170,.T.);
#932=EDGE_CURVE('',#1003,#1123,#171,.F.);
#933=EDGE_CURVE('',#1036,#1090,#172,.T.);
#934=EDGE_CURVE('',#1091,#1088,#173,.T.);
#935=EDGE_CURVE('',#1092,#1087,#174,.T.);
#936=EDGE_CURVE('',#1093,#1097,#175,.T.);
#937=EDGE_CURVE('',#1098,#1092,#176,.T.);
#938=EDGE_CURVE('',#1093,#1062,#177,.F.);
#939=EDGE_CURVE('',#1062,#1097,#178,.F.);
#940=EDGE_CURVE('',#986,#1090,#179,.F.);
#941=EDGE_CURVE('',#1098,#1087,#180,.F.);
#942=EDGE_CURVE('',#1063,#1096,#181,.T.);
#943=EDGE_CURVE('',#1094,#1061,#182,.T.);
#944=EDGE_CURVE('',#987,#1094,#183,.T.);
#945=EDGE_CURVE('',#1095,#1086,#184,.T.);
#946=EDGE_CURVE('',#1096,#1102,#185,.T.);
#947=EDGE_CURVE('',#1103,#1095,#186,.T.);
#948=EDGE_CURVE('',#1063,#1102,#187,.F.);
#949=EDGE_CURVE('',#987,#1061,#188,.F.);
#950=EDGE_CURVE('',#1103,#1086,#189,.F.);
#951=EDGE_CURVE('',#1060,#1101,#190,.T.);
#952=EDGE_CURVE('',#988,#1060,#191,.T.);
#953=EDGE_CURVE('',#1104,#1084,#192,.T.);
#954=EDGE_CURVE('',#988,#1101,#193,.F.);
#955=EDGE_CURVE('',#1100,#1039,#194,.T.);
#956=EDGE_CURVE('',#989,#1100,#195,.T.);
#957=EDGE_CURVE('',#1125,#1126,#1260,.T.);
#958=EDGE_CURVE('',#1126,#1127,#108,.F.);
#959=EDGE_CURVE('',#1127,#1128,#1261,.F.);
#960=EDGE_CURVE('',#1128,#1125,#109,.F.);
#961=EDGE_CURVE('',#1129,#1130,#1262,.F.);
#962=EDGE_CURVE('',#1130,#1131,#110,.T.);
#963=EDGE_CURVE('',#1131,#1132,#1263,.T.);
#964=EDGE_CURVE('',#1132,#1129,#111,.T.);
#965=EDGE_CURVE('',#1129,#1044,#196,.T.);
#966=EDGE_CURVE('',#1059,#1129,#197,.T.);
#967=EDGE_CURVE('',#1056,#1132,#198,.T.);
#968=EDGE_CURVE('',#1130,#1047,#199,.T.);
#969=EDGE_CURVE('',#1041,#1132,#200,.T.);
#970=EDGE_CURVE('',#1130,#1055,#201,.T.);
#971=EDGE_CURVE('',#1042,#1131,#202,.T.);
#972=EDGE_CURVE('',#1131,#1052,#203,.T.);
#973=EDGE_CURVE('',#1128,#1015,#204,.T.);
#974=EDGE_CURVE('',#1031,#1128,#205,.T.);
#975=EDGE_CURVE('',#1028,#1127,#206,.T.);
#976=EDGE_CURVE('',#1125,#1020,#207,.T.);
#977=EDGE_CURVE('',#1024,#1127,#208,.T.);
#978=EDGE_CURVE('',#1125,#1050,#209,.T.);
#979=EDGE_CURVE('',#1025,#1126,#210,.T.);
#980=EDGE_CURVE('',#1126,#1049,#211,.T.);
#981=EDGE_CURVE('',#1017,#1005,#1264,.T.);
#982=EDGE_CURVE('',#1009,#1099,#1265,.T.);
#983=VERTEX_POINT('',#2574);
#984=VERTEX_POINT('',#2575);
#985=VERTEX_POINT('',#2577);
#986=VERTEX_POINT('',#2579);
#987=VERTEX_POINT('',#2581);
#988=VERTEX_POINT('',#2583);
#989=VERTEX_POINT('',#2585);
#990=VERTEX_POINT('',#2587);
#991=VERTEX_POINT('',#2589);
#992=VERTEX_POINT('',#2591);
#993=VERTEX_POINT('',#2593);
#994=VERTEX_POINT('',#2595);
#995=VERTEX_POINT('',#2597);
#996=VERTEX_POINT('',#2599);
#997=VERTEX_POINT('',#2601);
#998=VERTEX_POINT('',#2603);
#999=VERTEX_POINT('',#2605);
#1000=VERTEX_POINT('',#2607);
#1001=VERTEX_POINT('',#2609);
#1002=VERTEX_POINT('',#2611);
#1003=VERTEX_POINT('',#2615);
#1004=VERTEX_POINT('',#2616);
#1005=VERTEX_POINT('',#2618);
#1006=VERTEX_POINT('',#2620);
#1007=VERTEX_POINT('',#2622);
#1008=VERTEX_POINT('',#2624);
#1009=VERTEX_POINT('',#2628);
#1010=VERTEX_POINT('',#2629);
#1011=VERTEX_POINT('',#2631);
#1012=VERTEX_POINT('',#2633);
#1013=VERTEX_POINT('',#2635);
#1014=VERTEX_POINT('',#2637);
#1015=VERTEX_POINT('',#2641);
#1016=VERTEX_POINT('',#2642);
#1017=VERTEX_POINT('',#2644);
#1018=VERTEX_POINT('',#2646);
#1019=VERTEX_POINT('',#2648);
#1020=VERTEX_POINT('',#2650);
#1021=VERTEX_POINT('',#2654);
#1022=VERTEX_POINT('',#2655);
#1023=VERTEX_POINT('',#2657);
#1024=VERTEX_POINT('',#2659);
#1025=VERTEX_POINT('',#2661);
#1026=VERTEX_POINT('',#2663);
#1027=VERTEX_POINT('',#2665);
#1028=VERTEX_POINT('',#2669);
#1029=VERTEX_POINT('',#2670);
#1030=VERTEX_POINT('',#2672);
#1031=VERTEX_POINT('',#2674);
#1032=VERTEX_POINT('',#2678);
#1033=VERTEX_POINT('',#2679);
#1034=VERTEX_POINT('',#2682);
#1035=VERTEX_POINT('',#2692);
#1036=VERTEX_POINT('',#2694);
#1037=VERTEX_POINT('',#2705);
#1038=VERTEX_POINT('',#2709);
#1039=VERTEX_POINT('',#2710);
#1040=VERTEX_POINT('',#2715);
#1041=VERTEX_POINT('',#2716);
#1042=VERTEX_POINT('',#2718);
#1043=VERTEX_POINT('',#2720);
#1044=VERTEX_POINT('',#2724);
#1045=VERTEX_POINT('',#2725);
#1046=VERTEX_POINT('',#2727);
#1047=VERTEX_POINT('',#2729);
#1048=VERTEX_POINT('',#2733);
#1049=VERTEX_POINT('',#2734);
#1050=VERTEX_POINT('',#2736);
#1051=VERTEX_POINT('',#2738);
#1052=VERTEX_POINT('',#2742);
#1053=VERTEX_POINT('',#2744);
#1054=VERTEX_POINT('',#2751);
#1055=VERTEX_POINT('',#2753);
#1056=VERTEX_POINT('',#2757);
#1057=VERTEX_POINT('',#2758);
#1058=VERTEX_POINT('',#2766);
#1059=VERTEX_POINT('',#2768);
#1060=VERTEX_POINT('',#2790);
#1061=VERTEX_POINT('',#2791);
#1062=VERTEX_POINT('',#2793);
#1063=VERTEX_POINT('',#2795);
#1064=VERTEX_POINT('',#2798);
#1065=VERTEX_POINT('',#2799);
#1066=VERTEX_POINT('',#2801);
#1067=VERTEX_POINT('',#2803);
#1068=VERTEX_POINT('',#2807);
#1069=VERTEX_POINT('',#2808);
#1070=VERTEX_POINT('',#2810);
#1071=VERTEX_POINT('',#2812);
#1072=VERTEX_POINT('',#2816);
#1073=VERTEX_POINT('',#2817);
#1074=VERTEX_POINT('',#2819);
#1075=VERTEX_POINT('',#2821);
#1076=VERTEX_POINT('',#2825);
#1077=VERTEX_POINT('',#2826);
#1078=VERTEX_POINT('',#2828);
#1079=VERTEX_POINT('',#2830);
#1080=VERTEX_POINT('',#2834);
#1081=VERTEX_POINT('',#2836);
#1082=VERTEX_POINT('',#2846);
#1083=VERTEX_POINT('',#2848);
#1084=VERTEX_POINT('',#2852);
#1085=VERTEX_POINT('',#2857);
#1086=VERTEX_POINT('',#2859);
#1087=VERTEX_POINT('',#2861);
#1088=VERTEX_POINT('',#2863);
#1089=VERTEX_POINT('',#2865);
#1090=VERTEX_POINT('',#2870);
#1091=VERTEX_POINT('',#2871);
#1092=VERTEX_POINT('',#2873);
#1093=VERTEX_POINT('',#2875);
#1094=VERTEX_POINT('',#2877);
#1095=VERTEX_POINT('',#2881);
#1096=VERTEX_POINT('',#2882);
#1097=VERTEX_POINT('',#2884);
#1098=VERTEX_POINT('',#2886);
#1099=VERTEX_POINT('',#2890);
#1100=VERTEX_POINT('',#2895);
#1101=VERTEX_POINT('',#2896);
#1102=VERTEX_POINT('',#2898);
#1103=VERTEX_POINT('',#2900);
#1104=VERTEX_POINT('',#2902);
#1105=VERTEX_POINT('',#2907);
#1106=VERTEX_POINT('',#2909);
#1107=VERTEX_POINT('',#2911);
#1108=VERTEX_POINT('',#2913);
#1109=VERTEX_POINT('',#2917);
#1110=VERTEX_POINT('',#2918);
#1111=VERTEX_POINT('',#2920);
#1112=VERTEX_POINT('',#2922);
#1113=VERTEX_POINT('',#2926);
#1114=VERTEX_POINT('',#2927);
#1115=VERTEX_POINT('',#2929);
#1116=VERTEX_POINT('',#2931);
#1117=VERTEX_POINT('',#2935);
#1118=VERTEX_POINT('',#2936);
#1119=VERTEX_POINT('',#2938);
#1120=VERTEX_POINT('',#2940);
#1121=VERTEX_POINT('',#2944);
#1122=VERTEX_POINT('',#2945);
#1123=VERTEX_POINT('',#2949);
#1124=VERTEX_POINT('',#2951);
#1125=VERTEX_POINT('',#3051);
#1126=VERTEX_POINT('',#3052);
#1127=VERTEX_POINT('',#3054);
#1128=VERTEX_POINT('',#3056);
#1129=VERTEX_POINT('',#3060);
#1130=VERTEX_POINT('',#3061);
#1131=VERTEX_POINT('',#3063);
#1132=VERTEX_POINT('',#3065);
#1133=LINE('',#2573,#1266);
#1134=LINE('',#2576,#1267);
#1135=LINE('',#2578,#1268);
#1136=LINE('',#2580,#1269);
#1137=LINE('',#2582,#1270);
#1138=LINE('',#2584,#1271);
#1139=LINE('',#2586,#1272);
#1140=LINE('',#2588,#1273);
#1141=LINE('',#2590,#1274);
#1142=LINE('',#2594,#1275);
#1143=LINE('',#2598,#1276);
#1144=LINE('',#2602,#1277);
#1145=LINE('',#2606,#1278);
#1146=LINE('',#2610,#1279);
#1147=LINE('',#2614,#1280);
#1148=LINE('',#2617,#1281);
#1149=LINE('',#2619,#1282);
#1150=LINE('',#2621,#1283);
#1151=LINE('',#2623,#1284);
#1152=LINE('',#2625,#1285);
#1153=LINE('',#2627,#1286);
#1154=LINE('',#2630,#1287);
#1155=LINE('',#2632,#1288);
#1156=LINE('',#2634,#1289);
#1157=LINE('',#2636,#1290);
#1158=LINE('',#2638,#1291);
#1159=LINE('',#2640,#1292);
#1160=LINE('',#2643,#1293);
#1161=LINE('',#2645,#1294);
#1162=LINE('',#2649,#1295);
#1163=LINE('',#2653,#1296);
#1164=LINE('',#2656,#1297);
#1165=LINE('',#2658,#1298);
#1166=LINE('',#2662,#1299);
#1167=LINE('',#2668,#1300);
#1168=LINE('',#2671,#1301);
#1169=LINE('',#2673,#1302);
#1170=LINE('',#2675,#1303);
#1171=LINE('',#2677,#1304);
#1172=LINE('',#2693,#1305);
#1173=LINE('',#2708,#1306);
#1174=LINE('',#2714,#1307);
#1175=LINE('',#2717,#1308);
#1176=LINE('',#2719,#1309);
#1177=LINE('',#2721,#1310);
#1178=LINE('',#2723,#1311);
#1179=LINE('',#2726,#1312);
#1180=LINE('',#2728,#1313);
#1181=LINE('',#2730,#1314);
#1182=LINE('',#2732,#1315);
#1183=LINE('',#2735,#1316);
#1184=LINE('',#2737,#1317);
#1185=LINE('',#2739,#1318);
#1186=LINE('',#2743,#1319);
#1187=LINE('',#2752,#1320);
#1188=LINE('',#2756,#1321);
#1189=LINE('',#2769,#1322);
#1190=LINE('',#2789,#1323);
#1191=LINE('',#2792,#1324);
#1192=LINE('',#2794,#1325);
#1193=LINE('',#2796,#1326);
#1194=LINE('',#2797,#1327);
#1195=LINE('',#2800,#1328);
#1196=LINE('',#2802,#1329);
#1197=LINE('',#2804,#1330);
#1198=LINE('',#2806,#1331);
#1199=LINE('',#2809,#1332);
#1200=LINE('',#2811,#1333);
#1201=LINE('',#2813,#1334);
#1202=LINE('',#2815,#1335);
#1203=LINE('',#2818,#1336);
#1204=LINE('',#2820,#1337);
#1205=LINE('',#2822,#1338);
#1206=LINE('',#2824,#1339);
#1207=LINE('',#2827,#1340);
#1208=LINE('',#2829,#1341);
#1209=LINE('',#2831,#1342);
#1210=LINE('',#2835,#1343);
#1211=LINE('',#2849,#1344);
#1212=LINE('',#2851,#1345);
#1213=LINE('',#2853,#1346);
#1214=LINE('',#2854,#1347);
#1215=LINE('',#2856,#1348);
#1216=LINE('',#2860,#1349);
#1217=LINE('',#2864,#1350);
#1218=LINE('',#2869,#1351);
#1219=LINE('',#2874,#1352);
#1220=LINE('',#2876,#1353);
#1221=LINE('',#2878,#1354);
#1222=LINE('',#2880,#1355);
#1223=LINE('',#2883,#1356);
#1224=LINE('',#2885,#1357);
#1225=LINE('',#2887,#1358);
#1226=LINE('',#2889,#1359);
#1227=LINE('',#2891,#1360);
#1228=LINE('',#2892,#1361);
#1229=LINE('',#2894,#1362);
#1230=LINE('',#2897,#1363);
#1231=LINE('',#2899,#1364);
#1232=LINE('',#2903,#1365);
#1233=LINE('',#2905,#1366);
#1234=LINE('',#2906,#1367);
#1235=LINE('',#2908,#1368);
#1236=LINE('',#2910,#1369);
#1237=LINE('',#2912,#1370);
#1238=LINE('',#2914,#1371);
#1239=LINE('',#2916,#1372);
#1240=LINE('',#2919,#1373);
#1241=LINE('',#2921,#1374);
#1242=LINE('',#2923,#1375);
#1243=LINE('',#2925,#1376);
#1244=LINE('',#2928,#1377);
#1245=LINE('',#2930,#1378);
#1246=LINE('',#2932,#1379);
#1247=LINE('',#2934,#1380);
#1248=LINE('',#2937,#1381);
#1249=LINE('',#2939,#1382);
#1250=LINE('',#2941,#1383);
#1251=LINE('',#2943,#1384);
#1252=LINE('',#2946,#1385);
#1253=LINE('',#2947,#1386);
#1254=LINE('',#2948,#1387);
#1255=LINE('',#2950,#1388);
#1256=LINE('',#2952,#1389);
#1257=LINE('',#2955,#1390);
#1258=LINE('',#2962,#1391);
#1259=LINE('',#2966,#1392);
#1260=LINE('',#3050,#1393);
#1261=LINE('',#3055,#1394);
#1262=LINE('',#3059,#1395);
#1263=LINE('',#3064,#1396);
#1264=LINE('',#3180,#1397);
#1265=LINE('',#3183,#1398);
#1266=VECTOR('',#1996,1.);
#1267=VECTOR('',#1997,1.);
#1268=VECTOR('',#1998,1.);
#1269=VECTOR('',#1999,1.);
#1270=VECTOR('',#2000,1.);
#1271=VECTOR('',#2001,1.);
#1272=VECTOR('',#2002,1.);
#1273=VECTOR('',#2003,1.);
#1274=VECTOR('',#2004,1.);
#1275=VECTOR('',#2007,1.);
#1276=VECTOR('',#2010,1.);
#1277=VECTOR('',#2013,1.);
#1278=VECTOR('',#2016,1.);
#1279=VECTOR('',#2019,1.);
#1280=VECTOR('',#2024,1.);
#1281=VECTOR('',#2025,1.);
#1282=VECTOR('',#2026,1.);
#1283=VECTOR('',#2027,1.);
#1284=VECTOR('',#2028,1.);
#1285=VECTOR('',#2029,1.);
#1286=VECTOR('',#2032,1.);
#1287=VECTOR('',#2033,1.);
#1288=VECTOR('',#2034,1.);
#1289=VECTOR('',#2035,1.);
#1290=VECTOR('',#2036,1.);
#1291=VECTOR('',#2037,1.);
#1292=VECTOR('',#2040,1.);
#1293=VECTOR('',#2041,1.);
#1294=VECTOR('',#2042,1.);
#1295=VECTOR('',#2045,1.);
#1296=VECTOR('',#2050,1.);
#1297=VECTOR('',#2051,1.);
#1298=VECTOR('',#2052,1.);
#1299=VECTOR('',#2055,1.);
#1300=VECTOR('',#2062,1.);
#1301=VECTOR('',#2063,1.);
#1302=VECTOR('',#2064,1.);
#1303=VECTOR('',#2065,1.);
#1304=VECTOR('',#2068,1.);
#1305=VECTOR('',#2083,1.);
#1306=VECTOR('',#2100,1.);
#1307=VECTOR('',#2107,1.);
#1308=VECTOR('',#2108,1.);
#1309=VECTOR('',#2109,1.);
#1310=VECTOR('',#2110,1.);
#1311=VECTOR('',#2113,1.);
#1312=VECTOR('',#2114,1.);
#1313=VECTOR('',#2115,1.);
#1314=VECTOR('',#2116,1.);
#1315=VECTOR('',#2119,1.);
#1316=VECTOR('',#2120,1.);
#1317=VECTOR('',#2121,1.);
#1318=VECTOR('',#2122,1.);
#1319=VECTOR('',#2127,1.);
#1320=VECTOR('',#2132,1.);
#1321=VECTOR('',#2137,1.);
#1322=VECTOR('',#2146,1.);
#1323=VECTOR('',#2169,1.);
#1324=VECTOR('',#2170,1.);
#1325=VECTOR('',#2171,1.);
#1326=VECTOR('',#2172,1.);
#1327=VECTOR('',#2173,1.);
#1328=VECTOR('',#2174,1.);
#1329=VECTOR('',#2175,1.);
#1330=VECTOR('',#2176,1.);
#1331=VECTOR('',#2179,1.);
#1332=VECTOR('',#2180,1.);
#1333=VECTOR('',#2181,1.);
#1334=VECTOR('',#2182,1.);
#1335=VECTOR('',#2185,1.);
#1336=VECTOR('',#2186,1.);
#1337=VECTOR('',#2187,1.);
#1338=VECTOR('',#2188,1.);
#1339=VECTOR('',#2191,1.);
#1340=VECTOR('',#2192,1.);
#1341=VECTOR('',#2193,1.);
#1342=VECTOR('',#2194,1.);
#1343=VECTOR('',#2199,1.);
#1344=VECTOR('',#2220,1.);
#1345=VECTOR('',#2223,1.);
#1346=VECTOR('',#2224,1.);
#1347=VECTOR('',#2225,1.);
#1348=VECTOR('',#2228,1.);
#1349=VECTOR('',#2231,1.);
#1350=VECTOR('',#2234,1.);
#1351=VECTOR('',#2241,1.);
#1352=VECTOR('',#2244,1.);
#1353=VECTOR('',#2245,1.);
#1354=VECTOR('',#2246,1.);
#1355=VECTOR('',#2249,1.);
#1356=VECTOR('',#2250,1.);
#1357=VECTOR('',#2251,1.);
#1358=VECTOR('',#2252,1.);
#1359=VECTOR('',#2255,1.);
#1360=VECTOR('',#2256,1.);
#1361=VECTOR('',#2257,1.);
#1362=VECTOR('',#2260,1.);
#1363=VECTOR('',#2261,1.);
#1364=VECTOR('',#2262,1.);
#1365=VECTOR('',#2265,1.);
#1366=VECTOR('',#2268,1.);
#1367=VECTOR('',#2269,1.);
#1368=VECTOR('',#2270,1.);
#1369=VECTOR('',#2271,1.);
#1370=VECTOR('',#2272,1.);
#1371=VECTOR('',#2273,1.);
#1372=VECTOR('',#2276,1.);
#1373=VECTOR('',#2277,1.);
#1374=VECTOR('',#2278,1.);
#1375=VECTOR('',#2279,1.);
#1376=VECTOR('',#2282,1.);
#1377=VECTOR('',#2283,1.);
#1378=VECTOR('',#2284,1.);
#1379=VECTOR('',#2285,1.);
#1380=VECTOR('',#2288,1.);
#1381=VECTOR('',#2289,1.);
#1382=VECTOR('',#2290,1.);
#1383=VECTOR('',#2291,1.);
#1384=VECTOR('',#2294,1.);
#1385=VECTOR('',#2295,1.);
#1386=VECTOR('',#2296,1.);
#1387=VECTOR('',#2297,1.);
#1388=VECTOR('',#2298,1.);
#1389=VECTOR('',#2299,1.);
#1390=VECTOR('',#2304,1.);
#1391=VECTOR('',#2317,1.);
#1392=VECTOR('',#2324,1.);
#1393=VECTOR('',#2491,1.);
#1394=VECTOR('',#2494,1.);
#1395=VECTOR('',#2499,1.);
#1396=VECTOR('',#2502,1.);
#1397=VECTOR('',#2563,1.);
#1398=VECTOR('',#2568,1.);
#1399=EDGE_LOOP('',(#212,#213,#214,#215,#216,#217,#218,#219,#220,#221,#222,
#223,#224,#225,#226,#227,#228,#229,#230,#231));
#1400=EDGE_LOOP('',(#232,#233,#234,#235,#236,#237));
#1401=EDGE_LOOP('',(#238,#239,#240,#241,#242,#243));
#1402=EDGE_LOOP('',(#244,#245,#246,#247,#248,#249));
#1403=EDGE_LOOP('',(#250,#251,#252,#253,#254,#255,#256));
#1404=EDGE_LOOP('',(#257,#258,#259,#260));
#1405=EDGE_LOOP('',(#261,#262,#263,#264,#265));
#1406=EDGE_LOOP('',(#266,#267,#268,#269));
#1407=EDGE_LOOP('',(#270,#271,#272,#273));
#1408=EDGE_LOOP('',(#274,#275,#276,#277));
#1409=EDGE_LOOP('',(#278,#279,#280,#281,#282));
#1410=EDGE_LOOP('',(#283,#284,#285,#286));
#1411=EDGE_LOOP('',(#287,#288,#289,#290));
#1412=EDGE_LOOP('',(#291,#292,#293,#294));
#1413=EDGE_LOOP('',(#295,#296,#297,#298));
#1414=EDGE_LOOP('',(#299,#300,#301,#302));
#1415=EDGE_LOOP('',(#303,#304,#305,#306));
#1416=EDGE_LOOP('',(#307,#308,#309,#310));
#1417=EDGE_LOOP('',(#311,#312,#313,#314));
#1418=EDGE_LOOP('',(#315,#316,#317,#318));
#1419=EDGE_LOOP('',(#319,#320,#321,#322));
#1420=EDGE_LOOP('',(#323,#324,#325,#326));
#1421=EDGE_LOOP('',(#327,#328,#329,#330));
#1422=EDGE_LOOP('',(#331,#332,#333,#334));
#1423=EDGE_LOOP('',(#335,#336,#337,#338));
#1424=EDGE_LOOP('',(#339,#340,#341,#342));
#1425=EDGE_LOOP('',(#343,#344,#345,#346));
#1426=EDGE_LOOP('',(#347,#348,#349,#350));
#1427=EDGE_LOOP('',(#351,#352,#353,#354));
#1428=EDGE_LOOP('',(#355,#356,#357,#358));
#1429=EDGE_LOOP('',(#359,#360,#361,#362));
#1430=EDGE_LOOP('',(#363,#364,#365,#366));
#1431=EDGE_LOOP('',(#367,#368,#369,#370,#371));
#1432=EDGE_LOOP('',(#372,#373,#374,#375,#376,#377,#378,#379,#380,#381,#382,
#383,#384,#385,#386,#387));
#1433=EDGE_LOOP('',(#388,#389,#390,#391,#392));
#1434=EDGE_LOOP('',(#393,#394,#395,#396));
#1435=EDGE_LOOP('',(#397,#398,#399,#400,#401));
#1436=EDGE_LOOP('',(#402,#403,#404,#405,#406));
#1437=EDGE_LOOP('',(#407,#408,#409,#410,#411,#412,#413,#414));
#1438=EDGE_LOOP('',(#415,#416,#417,#418));
#1439=EDGE_LOOP('',(#419,#420,#421,#422));
#1440=EDGE_LOOP('',(#423,#424,#425,#426));
#1441=EDGE_LOOP('',(#427,#428,#429,#430,#431,#432,#433,#434));
#1442=EDGE_LOOP('',(#435,#436,#437,#438,#439,#440,#441,#442,#443,#444,#445,
#446,#447,#448,#449,#450));
#1443=EDGE_LOOP('',(#451,#452,#453,#454,#455,#456,#457));
#1444=EDGE_LOOP('',(#458,#459,#460,#461,#462,#463));
#1445=EDGE_LOOP('',(#464,#465,#466,#467));
#1446=EDGE_LOOP('',(#468,#469,#470,#471));
#1447=EDGE_LOOP('',(#472,#473,#474,#475));
#1448=EDGE_LOOP('',(#476,#477,#478,#479));
#1449=EDGE_LOOP('',(#480,#481,#482,#483));
#1450=EDGE_LOOP('',(#484,#485,#486,#487));
#1451=EDGE_LOOP('',(#488,#489,#490,#491));
#1452=EDGE_LOOP('',(#492,#493,#494,#495));
#1453=EDGE_LOOP('',(#496,#497,#498,#499));
#1454=EDGE_LOOP('',(#500,#501,#502,#503));
#1455=EDGE_LOOP('',(#504,#505,#506,#507));
#1456=EDGE_LOOP('',(#508,#509,#510,#511));
#1457=EDGE_LOOP('',(#512,#513,#514,#515));
#1458=EDGE_LOOP('',(#516,#517,#518,#519));
#1459=EDGE_LOOP('',(#520,#521,#522,#523));
#1460=EDGE_LOOP('',(#524,#525,#526,#527));
#1461=EDGE_LOOP('',(#528,#529,#530,#531));
#1462=EDGE_LOOP('',(#532,#533,#534,#535));
#1463=EDGE_LOOP('',(#536,#537,#538,#539));
#1464=EDGE_LOOP('',(#540,#541,#542,#543));
#1465=EDGE_LOOP('',(#544,#545,#546));
#1466=EDGE_LOOP('',(#547,#548,#549));
#1467=EDGE_LOOP('',(#550,#551,#552));
#1468=EDGE_LOOP('',(#553,#554,#555,#556));
#1469=EDGE_LOOP('',(#557,#558,#559,#560));
#1470=EDGE_LOOP('',(#561,#562,#563,#564));
#1471=EDGE_LOOP('',(#565,#566,#567,#568));
#1472=EDGE_LOOP('',(#569,#570,#571,#572));
#1473=EDGE_LOOP('',(#573,#574,#575));
#1474=EDGE_LOOP('',(#576,#577,#578));
#1475=EDGE_LOOP('',(#579,#580,#581));
#1476=EDGE_LOOP('',(#582,#583,#584,#585));
#1477=EDGE_LOOP('',(#586,#587,#588,#589));
#1478=EDGE_LOOP('',(#590,#591,#592,#593));
#1479=EDGE_LOOP('',(#594,#595,#596));
#1480=EDGE_LOOP('',(#597,#598,#599,#600));
#1481=EDGE_LOOP('',(#601,#602,#603,#604));
#1482=EDGE_LOOP('',(#605,#606,#607));
#1483=EDGE_LOOP('',(#608,#609,#610,#611,#612,#613));
#1484=EDGE_LOOP('',(#614,#615,#616,#617,#618,#619,#620,#621,#622,#623));
#1485=EDGE_LOOP('',(#624,#625,#626,#627,#628,#629,#630,#631,#632,#633));
#1486=EDGE_LOOP('',(#634,#635,#636,#637));
#1487=EDGE_LOOP('',(#638,#639,#640,#641));
#1488=EDGE_LOOP('',(#642,#643,#644));
#1489=EDGE_LOOP('',(#645,#646,#647,#648));
#1490=EDGE_LOOP('',(#649,#650,#651,#652));
#1491=EDGE_LOOP('',(#653,#654,#655));
#1492=EDGE_LOOP('',(#656,#657,#658));
#1493=EDGE_LOOP('',(#659,#660,#661,#662));
#1494=EDGE_LOOP('',(#663,#664,#665,#666));
#1495=EDGE_LOOP('',(#667,#668,#669));
#1496=EDGE_LOOP('',(#670,#671,#672));
#1497=EDGE_LOOP('',(#673,#674,#675,#676));
#1498=EDGE_LOOP('',(#677,#678,#679,#680));
#1499=EDGE_LOOP('',(#681,#682,#683));
#1500=EDGE_LOOP('',(#684,#685,#686));
#1501=EDGE_LOOP('',(#687,#688,#689,#690));
#1502=EDGE_LOOP('',(#691,#692,#693,#694));
#1503=EDGE_LOOP('',(#695,#696,#697));
#1504=EDGE_LOOP('',(#698,#699,#700,#701,#702,#703));
#1505=EDGE_LOOP('',(#704,#705,#706,#707,#708,#709,#710,#711));
#1506=EDGE_LOOP('',(#712,#713,#714,#715,#716,#717,#718,#719));
#1507=EDGE_LOOP('',(#720,#721,#722,#723,#724,#725));
#1508=FACE_BOUND('',#1399,.T.);
#1509=FACE_BOUND('',#1400,.T.);
#1510=FACE_BOUND('',#1401,.T.);
#1511=FACE_BOUND('',#1402,.T.);
#1512=FACE_BOUND('',#1403,.T.);
#1513=FACE_BOUND('',#1404,.T.);
#1514=FACE_BOUND('',#1405,.T.);
#1515=FACE_BOUND('',#1406,.T.);
#1516=FACE_BOUND('',#1407,.T.);
#1517=FACE_BOUND('',#1408,.T.);
#1518=FACE_BOUND('',#1409,.T.);
#1519=FACE_BOUND('',#1410,.T.);
#1520=FACE_BOUND('',#1411,.T.);
#1521=FACE_BOUND('',#1412,.T.);
#1522=FACE_BOUND('',#1413,.T.);
#1523=FACE_BOUND('',#1414,.T.);
#1524=FACE_BOUND('',#1415,.T.);
#1525=FACE_BOUND('',#1416,.T.);
#1526=FACE_BOUND('',#1417,.T.);
#1527=FACE_BOUND('',#1418,.T.);
#1528=FACE_BOUND('',#1419,.T.);
#1529=FACE_BOUND('',#1420,.T.);
#1530=FACE_BOUND('',#1421,.T.);
#1531=FACE_BOUND('',#1422,.T.);
#1532=FACE_BOUND('',#1423,.T.);
#1533=FACE_BOUND('',#1424,.T.);
#1534=FACE_BOUND('',#1425,.T.);
#1535=FACE_BOUND('',#1426,.T.);
#1536=FACE_BOUND('',#1427,.T.);
#1537=FACE_BOUND('',#1428,.T.);
#1538=FACE_BOUND('',#1429,.T.);
#1539=FACE_BOUND('',#1430,.T.);
#1540=FACE_BOUND('',#1431,.T.);
#1541=FACE_BOUND('',#1432,.T.);
#1542=FACE_BOUND('',#1433,.T.);
#1543=FACE_BOUND('',#1434,.T.);
#1544=FACE_BOUND('',#1435,.T.);
#1545=FACE_BOUND('',#1436,.T.);
#1546=FACE_BOUND('',#1437,.T.);
#1547=FACE_BOUND('',#1438,.T.);
#1548=FACE_BOUND('',#1439,.T.);
#1549=FACE_BOUND('',#1440,.T.);
#1550=FACE_BOUND('',#1441,.T.);
#1551=FACE_BOUND('',#1442,.T.);
#1552=FACE_BOUND('',#1443,.T.);
#1553=FACE_BOUND('',#1444,.T.);
#1554=FACE_BOUND('',#1445,.T.);
#1555=FACE_BOUND('',#1446,.T.);
#1556=FACE_BOUND('',#1447,.T.);
#1557=FACE_BOUND('',#1448,.T.);
#1558=FACE_BOUND('',#1449,.T.);
#1559=FACE_BOUND('',#1450,.T.);
#1560=FACE_BOUND('',#1451,.T.);
#1561=FACE_BOUND('',#1452,.T.);
#1562=FACE_BOUND('',#1453,.T.);
#1563=FACE_BOUND('',#1454,.T.);
#1564=FACE_BOUND('',#1455,.T.);
#1565=FACE_BOUND('',#1456,.T.);
#1566=FACE_BOUND('',#1457,.T.);
#1567=FACE_BOUND('',#1458,.T.);
#1568=FACE_BOUND('',#1459,.T.);
#1569=FACE_BOUND('',#1460,.T.);
#1570=FACE_BOUND('',#1461,.T.);
#1571=FACE_BOUND('',#1462,.T.);
#1572=FACE_BOUND('',#1463,.T.);
#1573=FACE_BOUND('',#1464,.T.);
#1574=FACE_BOUND('',#1465,.T.);
#1575=FACE_BOUND('',#1466,.T.);
#1576=FACE_BOUND('',#1467,.T.);
#1577=FACE_BOUND('',#1468,.T.);
#1578=FACE_BOUND('',#1469,.T.);
#1579=FACE_BOUND('',#1470,.T.);
#1580=FACE_BOUND('',#1471,.T.);
#1581=FACE_BOUND('',#1472,.T.);
#1582=FACE_BOUND('',#1473,.T.);
#1583=FACE_BOUND('',#1474,.T.);
#1584=FACE_BOUND('',#1475,.T.);
#1585=FACE_BOUND('',#1476,.T.);
#1586=FACE_BOUND('',#1477,.T.);
#1587=FACE_BOUND('',#1478,.T.);
#1588=FACE_BOUND('',#1479,.T.);
#1589=FACE_BOUND('',#1480,.T.);
#1590=FACE_BOUND('',#1481,.T.);
#1591=FACE_BOUND('',#1482,.T.);
#1592=FACE_BOUND('',#1483,.T.);
#1593=FACE_BOUND('',#1484,.T.);
#1594=FACE_BOUND('',#1485,.T.);
#1595=FACE_BOUND('',#1486,.T.);
#1596=FACE_BOUND('',#1487,.T.);
#1597=FACE_BOUND('',#1488,.T.);
#1598=FACE_BOUND('',#1489,.T.);
#1599=FACE_BOUND('',#1490,.T.);
#1600=FACE_BOUND('',#1491,.T.);
#1601=FACE_BOUND('',#1492,.T.);
#1602=FACE_BOUND('',#1493,.T.);
#1603=FACE_BOUND('',#1494,.T.);
#1604=FACE_BOUND('',#1495,.T.);
#1605=FACE_BOUND('',#1496,.T.);
#1606=FACE_BOUND('',#1497,.T.);
#1607=FACE_BOUND('',#1498,.T.);
#1608=FACE_BOUND('',#1499,.T.);
#1609=FACE_BOUND('',#1500,.T.);
#1610=FACE_BOUND('',#1501,.T.);
#1611=FACE_BOUND('',#1502,.T.);
#1612=FACE_BOUND('',#1503,.T.);
#1613=FACE_BOUND('',#1504,.T.);
#1614=FACE_BOUND('',#1505,.T.);
#1615=FACE_BOUND('',#1506,.T.);
#1616=FACE_BOUND('',#1507,.T.);
#1617=PLANE('',#1770);
#1618=PLANE('',#1777);
#1619=PLANE('',#1778);
#1620=PLANE('',#1779);
#1621=PLANE('',#1782);
#1622=PLANE('',#1786);
#1623=PLANE('',#1805);
#1624=PLANE('',#1806);
#1625=PLANE('',#1807);
#1626=PLANE('',#1828);
#1627=PLANE('',#1829);
#1628=PLANE('',#1830);
#1629=PLANE('',#1831);
#1630=PLANE('',#1844);
#1631=PLANE('',#1850);
#1632=PLANE('',#1852);
#1633=PLANE('',#1853);
#1634=PLANE('',#1854);
#1635=PLANE('',#1856);
#1636=PLANE('',#1857);
#1637=PLANE('',#1858);
#1638=PLANE('',#1859);
#1639=PLANE('',#1860);
#1640=PLANE('',#1861);
#1641=PLANE('',#1868);
#1642=PLANE('',#1871);
#1643=PLANE('',#1952);
#1644=PLANE('',#1953);
#1645=PLANE('',#1988);
#1646=PLANE('',#1989);
#1647=PLANE('',#1990);
#1648=PLANE('',#1991);
#1649=ADVANCED_FACE('',(#1508),#1617,.T.);
#1650=ADVANCED_FACE('',(#1509),#1618,.T.);
#1651=ADVANCED_FACE('',(#1510),#1619,.F.);
#1652=ADVANCED_FACE('',(#1511),#1620,.T.);
#1653=ADVANCED_FACE('',(#1512),#1621,.T.);
#1654=ADVANCED_FACE('',(#1513),#1622,.T.);
#1655=ADVANCED_FACE('',(#1514),#46,.T.);
#1656=ADVANCED_FACE('',(#1515),#47,.T.);
#1657=ADVANCED_FACE('',(#1516),#48,.T.);
#1658=ADVANCED_FACE('',(#1517),#49,.T.);
#1659=ADVANCED_FACE('',(#1518),#50,.T.);
#1660=ADVANCED_FACE('',(#1519),#51,.T.);
#1661=ADVANCED_FACE('',(#1520),#1623,.F.);
#1662=ADVANCED_FACE('',(#1521),#1624,.F.);
#1663=ADVANCED_FACE('',(#1522),#1625,.T.);
#1664=ADVANCED_FACE('',(#1523),#52,.T.);
#1665=ADVANCED_FACE('',(#1524),#53,.T.);
#1666=ADVANCED_FACE('',(#1525),#54,.T.);
#1667=ADVANCED_FACE('',(#1526),#55,.T.);
#1668=ADVANCED_FACE('',(#1527),#56,.T.);
#1669=ADVANCED_FACE('',(#1528),#57,.T.);
#1670=ADVANCED_FACE('',(#1529),#58,.T.);
#1671=ADVANCED_FACE('',(#1530),#59,.T.);
#1672=ADVANCED_FACE('',(#1531,#1532),#1626,.T.);
#1673=ADVANCED_FACE('',(#1533),#1627,.F.);
#1674=ADVANCED_FACE('',(#1534),#1628,.F.);
#1675=ADVANCED_FACE('',(#1535),#1629,.T.);
#1676=ADVANCED_FACE('',(#1536),#60,.F.);
#1677=ADVANCED_FACE('',(#1537),#61,.F.);
#1678=ADVANCED_FACE('',(#1538),#62,.F.);
#1679=ADVANCED_FACE('',(#1539),#63,.F.);
#1680=ADVANCED_FACE('',(#1540),#1630,.T.);
#1681=ADVANCED_FACE('',(#1541),#64,.F.);
#1682=ADVANCED_FACE('',(#1542),#1631,.F.);
#1683=ADVANCED_FACE('',(#1543),#1632,.T.);
#1684=ADVANCED_FACE('',(#1544),#1633,.T.);
#1685=ADVANCED_FACE('',(#1545),#1634,.T.);
#1686=ADVANCED_FACE('',(#1546),#1635,.F.);
#1687=ADVANCED_FACE('',(#1547),#1636,.F.);
#1688=ADVANCED_FACE('',(#1548),#1637,.F.);
#1689=ADVANCED_FACE('',(#1549),#1638,.T.);
#1690=ADVANCED_FACE('',(#1550),#1639,.T.);
#1691=ADVANCED_FACE('',(#1551),#1640,.F.);
#1692=ADVANCED_FACE('',(#1552),#1641,.F.);
#1693=ADVANCED_FACE('',(#1553),#1642,.F.);
#1694=ADVANCED_FACE('',(#1554),#65,.F.);
#1695=ADVANCED_FACE('',(#1555),#66,.T.);
#1696=ADVANCED_FACE('',(#1556),#67,.F.);
#1697=ADVANCED_FACE('',(#1557),#32,.T.);
#1698=ADVANCED_FACE('',(#1558),#33,.T.);
#1699=ADVANCED_FACE('',(#1559),#68,.T.);
#1700=ADVANCED_FACE('',(#1560),#69,.F.);
#1701=ADVANCED_FACE('',(#1561),#34,.T.);
#1702=ADVANCED_FACE('',(#1562),#70,.T.);
#1703=ADVANCED_FACE('',(#1563),#71,.F.);
#1704=ADVANCED_FACE('',(#1564),#35,.T.);
#1705=ADVANCED_FACE('',(#1565),#72,.T.);
#1706=ADVANCED_FACE('',(#1566),#73,.F.);
#1707=ADVANCED_FACE('',(#1567),#36,.T.);
#1708=ADVANCED_FACE('',(#1568),#74,.T.);
#1709=ADVANCED_FACE('',(#1569),#75,.F.);
#1710=ADVANCED_FACE('',(#1570),#76,.T.);
#1711=ADVANCED_FACE('',(#1571),#37,.T.);
#1712=ADVANCED_FACE('',(#1572),#38,.T.);
#1713=ADVANCED_FACE('',(#1573),#77,.T.);
#1714=ADVANCED_FACE('',(#1574),#16,.T.);
#1715=ADVANCED_FACE('',(#1575),#17,.T.);
#1716=ADVANCED_FACE('',(#1576),#18,.T.);
#1717=ADVANCED_FACE('',(#1577),#78,.T.);
#1718=ADVANCED_FACE('',(#1578),#79,.T.);
#1719=ADVANCED_FACE('',(#1579),#80,.T.);
#1720=ADVANCED_FACE('',(#1580),#81,.T.);
#1721=ADVANCED_FACE('',(#1581),#82,.T.);
#1722=ADVANCED_FACE('',(#1582),#19,.T.);
#1723=ADVANCED_FACE('',(#1583),#20,.T.);
#1724=ADVANCED_FACE('',(#1584),#21,.T.);
#1725=ADVANCED_FACE('',(#1585),#83,.T.);
#1726=ADVANCED_FACE('',(#1586),#84,.T.);
#1727=ADVANCED_FACE('',(#1587),#39,.T.);
#1728=ADVANCED_FACE('',(#1588),#22,.T.);
#1729=ADVANCED_FACE('',(#1589),#85,.T.);
#1730=ADVANCED_FACE('',(#1590),#86,.T.);
#1731=ADVANCED_FACE('',(#1591),#23,.T.);
#1732=ADVANCED_FACE('',(#1592),#87,.T.);
#1733=ADVANCED_FACE('',(#1593),#1643,.T.);
#1734=ADVANCED_FACE('',(#1594),#1644,.F.);
#1735=ADVANCED_FACE('',(#1595),#88,.F.);
#1736=ADVANCED_FACE('',(#1596),#89,.F.);
#1737=ADVANCED_FACE('',(#1597),#24,.T.);
#1738=ADVANCED_FACE('',(#1598),#12,.T.);
#1739=ADVANCED_FACE('',(#1599),#90,.T.);
#1740=ADVANCED_FACE('',(#1600),#25,.T.);
#1741=ADVANCED_FACE('',(#1601),#26,.T.);
#1742=ADVANCED_FACE('',(#1602),#91,.T.);
#1743=ADVANCED_FACE('',(#1603),#13,.T.);
#1744=ADVANCED_FACE('',(#1604),#27,.T.);
#1745=ADVANCED_FACE('',(#1605),#28,.T.);
#1746=ADVANCED_FACE('',(#1606),#92,.T.);
#1747=ADVANCED_FACE('',(#1607),#14,.T.);
#1748=ADVANCED_FACE('',(#1608),#29,.T.);
#1749=ADVANCED_FACE('',(#1609),#30,.T.);
#1750=ADVANCED_FACE('',(#1610),#15,.T.);
#1751=ADVANCED_FACE('',(#1611),#93,.T.);
#1752=ADVANCED_FACE('',(#1612),#31,.T.);
#1753=ADVANCED_FACE('',(#1613),#1645,.T.);
#1754=ADVANCED_FACE('',(#1614),#1646,.T.);
#1755=ADVANCED_FACE('',(#1615),#1647,.T.);
#1756=ADVANCED_FACE('',(#1616),#1648,.T.);
#1757=CLOSED_SHELL('',(#1649,#1650,#1651,#1652,#1653,#1654,#1655,#1656,
#1657,#1658,#1659,#1660,#1661,#1662,#1663,#1664,#1665,#1666,#1667,#1668,
#1669,#1670,#1671,#1672,#1673,#1674,#1675,#1676,#1677,#1678,#1679,#1680,
#1681,#1682,#1683,#1684,#1685,#1686,#1687,#1688,#1689,#1690,#1691,#1692,
#1693,#1694,#1695,#1696,#1697,#1698,#1699,#1700,#1701,#1702,#1703,#1704,
#1705,#1706,#1707,#1708,#1709,#1710,#1711,#1712,#1713,#1714,#1715,#1716,
#1717,#1718,#1719,#1720,#1721,#1722,#1723,#1724,#1725,#1726,#1727,#1728,
#1729,#1730,#1731,#1732,#1733,#1734,#1735,#1736,#1737,#1738,#1739,#1740,
#1741,#1742,#1743,#1744,#1745,#1746,#1747,#1748,#1749,#1750,#1751,#1752,
#1753,#1754,#1755,#1756));
#1758=STYLED_ITEM('',(#1759),#1766);
#1759=PRESENTATION_STYLE_ASSIGNMENT((#1760));
#1760=SURFACE_STYLE_USAGE(.BOTH.,#1761);
#1761=SURFACE_SIDE_STYLE('',(#1762));
#1762=SURFACE_STYLE_FILL_AREA(#1763);
#1763=FILL_AREA_STYLE('',(#1764));
#1764=FILL_AREA_STYLE_COLOUR('',#1765);
#1765=COLOUR_RGB('',0.231372549019608,0.380392156862745,0.705882352941177);
#1766=MANIFOLD_SOLID_BREP('Part PCB case',#1757);
#1767=SHAPE_DEFINITION_REPRESENTATION(#3191,#1768);
#1768=SHAPE_REPRESENTATION('Part PCB case',(#1769),#3186);
#1769=AXIS2_PLACEMENT_3D('',#2571,#1992,#1993);
#1770=AXIS2_PLACEMENT_3D('',#2572,#1994,#1995);
#1771=AXIS2_PLACEMENT_3D('',#2592,#2005,#2006);
#1772=AXIS2_PLACEMENT_3D('',#2596,#2008,#2009);
#1773=AXIS2_PLACEMENT_3D('',#2600,#2011,#2012);
#1774=AXIS2_PLACEMENT_3D('',#2604,#2014,#2015);
#1775=AXIS2_PLACEMENT_3D('',#2608,#2017,#2018);
#1776=AXIS2_PLACEMENT_3D('',#2612,#2020,#2021);
#1777=AXIS2_PLACEMENT_3D('',#2613,#2022,#2023);
#1778=AXIS2_PLACEMENT_3D('',#2626,#2030,#2031);
#1779=AXIS2_PLACEMENT_3D('',#2639,#2038,#2039);
#1780=AXIS2_PLACEMENT_3D('',#2647,#2043,#2044);
#1781=AXIS2_PLACEMENT_3D('',#2651,#2046,#2047);
#1782=AXIS2_PLACEMENT_3D('',#2652,#2048,#2049);
#1783=AXIS2_PLACEMENT_3D('',#2660,#2053,#2054);
#1784=AXIS2_PLACEMENT_3D('',#2664,#2056,#2057);
#1785=AXIS2_PLACEMENT_3D('',#2666,#2058,#2059);
#1786=AXIS2_PLACEMENT_3D('',#2667,#2060,#2061);
#1787=AXIS2_PLACEMENT_3D('',#2676,#2066,#2067);
#1788=AXIS2_PLACEMENT_3D('',#2680,#2069,#2070);
#1789=AXIS2_PLACEMENT_3D('',#2681,#2071,#2072);
#1790=AXIS2_PLACEMENT_3D('',#2687,#2073,#2074);
#1791=AXIS2_PLACEMENT_3D('',#2688,#2075,#2076);
#1792=AXIS2_PLACEMENT_3D('',#2689,#2077,#2078);
#1793=AXIS2_PLACEMENT_3D('',#2690,#2079,#2080);
#1794=AXIS2_PLACEMENT_3D('',#2691,#2081,#2082);
#1795=AXIS2_PLACEMENT_3D('',#2695,#2084,#2085);
#1796=AXIS2_PLACEMENT_3D('',#2696,#2086,#2087);
#1797=AXIS2_PLACEMENT_3D('',#2697,#2088,#2089);
#1798=AXIS2_PLACEMENT_3D('',#2698,#2090,#2091);
#1799=AXIS2_PLACEMENT_3D('',#2699,#2092,#2093);
#1800=AXIS2_PLACEMENT_3D('',#2700,#2094,#2095);
#1801=AXIS2_PLACEMENT_3D('',#2706,#2096,#2097);
#1802=AXIS2_PLACEMENT_3D('',#2707,#2098,#2099);
#1803=AXIS2_PLACEMENT_3D('',#2711,#2101,#2102);
#1804=AXIS2_PLACEMENT_3D('',#2712,#2103,#2104);
#1805=AXIS2_PLACEMENT_3D('',#2713,#2105,#2106);
#1806=AXIS2_PLACEMENT_3D('',#2722,#2111,#2112);
#1807=AXIS2_PLACEMENT_3D('',#2731,#2117,#2118);
#1808=AXIS2_PLACEMENT_3D('',#2740,#2123,#2124);
#1809=AXIS2_PLACEMENT_3D('',#2741,#2125,#2126);
#1810=AXIS2_PLACEMENT_3D('',#2749,#2128,#2129);
#1811=AXIS2_PLACEMENT_3D('',#2750,#2130,#2131);
#1812=AXIS2_PLACEMENT_3D('',#2754,#2133,#2134);
#1813=AXIS2_PLACEMENT_3D('',#2755,#2135,#2136);
#1814=AXIS2_PLACEMENT_3D('',#2759,#2138,#2139);
#1815=AXIS2_PLACEMENT_3D('',#2764,#2140,#2141);
#1816=AXIS2_PLACEMENT_3D('',#2765,#2142,#2143);
#1817=AXIS2_PLACEMENT_3D('',#2767,#2144,#2145);
#1818=AXIS2_PLACEMENT_3D('',#2770,#2147,#2148);
#1819=AXIS2_PLACEMENT_3D('',#2771,#2149,#2150);
#1820=AXIS2_PLACEMENT_3D('',#2776,#2151,#2152);
#1821=AXIS2_PLACEMENT_3D('',#2777,#2153,#2154);
#1822=AXIS2_PLACEMENT_3D('',#2778,#2155,#2156);
#1823=AXIS2_PLACEMENT_3D('',#2779,#2157,#2158);
#1824=AXIS2_PLACEMENT_3D('',#2780,#2159,#2160);
#1825=AXIS2_PLACEMENT_3D('',#2785,#2161,#2162);
#1826=AXIS2_PLACEMENT_3D('',#2786,#2163,#2164);
#1827=AXIS2_PLACEMENT_3D('',#2787,#2165,#2166);
#1828=AXIS2_PLACEMENT_3D('',#2788,#2167,#2168);
#1829=AXIS2_PLACEMENT_3D('',#2805,#2177,#2178);
#1830=AXIS2_PLACEMENT_3D('',#2814,#2183,#2184);
#1831=AXIS2_PLACEMENT_3D('',#2823,#2189,#2190);
#1832=AXIS2_PLACEMENT_3D('',#2832,#2195,#2196);
#1833=AXIS2_PLACEMENT_3D('',#2833,#2197,#2198);
#1834=AXIS2_PLACEMENT_3D('',#2837,#2200,#2201);
#1835=AXIS2_PLACEMENT_3D('',#2838,#2202,#2203);
#1836=AXIS2_PLACEMENT_3D('',#2839,#2204,#2205);
#1837=AXIS2_PLACEMENT_3D('',#2840,#2206,#2207);
#1838=AXIS2_PLACEMENT_3D('',#2841,#2208,#2209);
#1839=AXIS2_PLACEMENT_3D('',#2842,#2210,#2211);
#1840=AXIS2_PLACEMENT_3D('',#2843,#2212,#2213);
#1841=AXIS2_PLACEMENT_3D('',#2844,#2214,#2215);
#1842=AXIS2_PLACEMENT_3D('',#2845,#2216,#2217);
#1843=AXIS2_PLACEMENT_3D('',#2847,#2218,#2219);
#1844=AXIS2_PLACEMENT_3D('',#2850,#2221,#2222);
#1845=AXIS2_PLACEMENT_3D('',#2855,#2226,#2227);
#1846=AXIS2_PLACEMENT_3D('',#2858,#2229,#2230);
#1847=AXIS2_PLACEMENT_3D('',#2862,#2232,#2233);
#1848=AXIS2_PLACEMENT_3D('',#2866,#2235,#2236);
#1849=AXIS2_PLACEMENT_3D('',#2867,#2237,#2238);
#1850=AXIS2_PLACEMENT_3D('',#2868,#2239,#2240);
#1851=AXIS2_PLACEMENT_3D('',#2872,#2242,#2243);
#1852=AXIS2_PLACEMENT_3D('',#2879,#2247,#2248);
#1853=AXIS2_PLACEMENT_3D('',#2888,#2253,#2254);
#1854=AXIS2_PLACEMENT_3D('',#2893,#2258,#2259);
#1855=AXIS2_PLACEMENT_3D('',#2901,#2263,#2264);
#1856=AXIS2_PLACEMENT_3D('',#2904,#2266,#2267);
#1857=AXIS2_PLACEMENT_3D('',#2915,#2274,#2275);
#1858=AXIS2_PLACEMENT_3D('',#2924,#2280,#2281);
#1859=AXIS2_PLACEMENT_3D('',#2933,#2286,#2287);
#1860=AXIS2_PLACEMENT_3D('',#2942,#2292,#2293);
#1861=AXIS2_PLACEMENT_3D('',#2953,#2300,#2301);
#1862=AXIS2_PLACEMENT_3D('',#2954,#2302,#2303);
#1863=AXIS2_PLACEMENT_3D('',#2956,#2305,#2306);
#1864=AXIS2_PLACEMENT_3D('',#2957,#2307,#2308);
#1865=AXIS2_PLACEMENT_3D('',#2958,#2309,#2310);
#1866=AXIS2_PLACEMENT_3D('',#2959,#2311,#2312);
#1867=AXIS2_PLACEMENT_3D('',#2960,#2313,#2314);
#1868=AXIS2_PLACEMENT_3D('',#2961,#2315,#2316);
#1869=AXIS2_PLACEMENT_3D('',#2963,#2318,#2319);
#1870=AXIS2_PLACEMENT_3D('',#2964,#2320,#2321);
#1871=AXIS2_PLACEMENT_3D('',#2965,#2322,#2323);
#1872=AXIS2_PLACEMENT_3D('',#2967,#2325,#2326);
#1873=AXIS2_PLACEMENT_3D('',#2968,#2327,#2328);
#1874=AXIS2_PLACEMENT_3D('',#2969,#2329,#2330);
#1875=AXIS2_PLACEMENT_3D('',#2970,#2331,#2332);
#1876=AXIS2_PLACEMENT_3D('',#2971,#2333,#2334);
#1877=AXIS2_PLACEMENT_3D('',#2972,#2335,#2336);
#1878=AXIS2_PLACEMENT_3D('',#2973,#2337,#2338);
#1879=AXIS2_PLACEMENT_3D('',#2974,#2339,#2340);
#1880=AXIS2_PLACEMENT_3D('',#2975,#2341,#2342);
#1881=AXIS2_PLACEMENT_3D('',#2976,#2343,#2344);
#1882=AXIS2_PLACEMENT_3D('',#2977,#2345,#2346);
#1883=AXIS2_PLACEMENT_3D('',#2978,#2347,#2348);
#1884=AXIS2_PLACEMENT_3D('',#2979,#2349,#2350);
#1885=AXIS2_PLACEMENT_3D('',#2980,#2351,#2352);
#1886=AXIS2_PLACEMENT_3D('',#2981,#2353,#2354);
#1887=AXIS2_PLACEMENT_3D('',#2982,#2355,#2356);
#1888=AXIS2_PLACEMENT_3D('',#2983,#2357,#2358);
#1889=AXIS2_PLACEMENT_3D('',#2984,#2359,#2360);
#1890=AXIS2_PLACEMENT_3D('',#2985,#2361,#2362);
#1891=AXIS2_PLACEMENT_3D('',#2986,#2363,#2364);
#1892=AXIS2_PLACEMENT_3D('',#2987,#2365,#2366);
#1893=AXIS2_PLACEMENT_3D('',#2988,#2367,#2368);
#1894=AXIS2_PLACEMENT_3D('',#2989,#2369,#2370);
#1895=AXIS2_PLACEMENT_3D('',#2990,#2371,#2372);
#1896=AXIS2_PLACEMENT_3D('',#2991,#2373,#2374);
#1897=AXIS2_PLACEMENT_3D('',#2992,#2375,#2376);
#1898=AXIS2_PLACEMENT_3D('',#2993,#2377,#2378);
#1899=AXIS2_PLACEMENT_3D('',#2994,#2379,#2380);
#1900=AXIS2_PLACEMENT_3D('',#2995,#2381,#2382);
#1901=AXIS2_PLACEMENT_3D('',#2996,#2383,#2384);
#1902=AXIS2_PLACEMENT_3D('',#2997,#2385,#2386);
#1903=AXIS2_PLACEMENT_3D('',#2998,#2387,#2388);
#1904=AXIS2_PLACEMENT_3D('',#2999,#2389,#2390);
#1905=AXIS2_PLACEMENT_3D('',#3000,#2391,#2392);
#1906=AXIS2_PLACEMENT_3D('',#3001,#2393,#2394);
#1907=AXIS2_PLACEMENT_3D('',#3002,#2395,#2396);
#1908=AXIS2_PLACEMENT_3D('',#3003,#2397,#2398);
#1909=AXIS2_PLACEMENT_3D('',#3004,#2399,#2400);
#1910=AXIS2_PLACEMENT_3D('',#3005,#2401,#2402);
#1911=AXIS2_PLACEMENT_3D('',#3006,#2403,#2404);
#1912=AXIS2_PLACEMENT_3D('',#3007,#2405,#2406);
#1913=AXIS2_PLACEMENT_3D('',#3008,#2407,#2408);
#1914=AXIS2_PLACEMENT_3D('',#3009,#2409,#2410);
#1915=AXIS2_PLACEMENT_3D('',#3010,#2411,#2412);
#1916=AXIS2_PLACEMENT_3D('',#3011,#2413,#2414);
#1917=AXIS2_PLACEMENT_3D('',#3012,#2415,#2416);
#1918=AXIS2_PLACEMENT_3D('',#3013,#2417,#2418);
#1919=AXIS2_PLACEMENT_3D('',#3014,#2419,#2420);
#1920=AXIS2_PLACEMENT_3D('',#3015,#2421,#2422);
#1921=AXIS2_PLACEMENT_3D('',#3016,#2423,#2424);
#1922=AXIS2_PLACEMENT_3D('',#3017,#2425,#2426);
#1923=AXIS2_PLACEMENT_3D('',#3018,#2427,#2428);
#1924=AXIS2_PLACEMENT_3D('',#3019,#2429,#2430);
#1925=AXIS2_PLACEMENT_3D('',#3020,#2431,#2432);
#1926=AXIS2_PLACEMENT_3D('',#3021,#2433,#2434);
#1927=AXIS2_PLACEMENT_3D('',#3022,#2435,#2436);
#1928=AXIS2_PLACEMENT_3D('',#3023,#2437,#2438);
#1929=AXIS2_PLACEMENT_3D('',#3024,#2439,#2440);
#1930=AXIS2_PLACEMENT_3D('',#3025,#2441,#2442);
#1931=AXIS2_PLACEMENT_3D('',#3026,#2443,#2444);
#1932=AXIS2_PLACEMENT_3D('',#3027,#2445,#2446);
#1933=AXIS2_PLACEMENT_3D('',#3028,#2447,#2448);
#1934=AXIS2_PLACEMENT_3D('',#3029,#2449,#2450);
#1935=AXIS2_PLACEMENT_3D('',#3030,#2451,#2452);
#1936=AXIS2_PLACEMENT_3D('',#3031,#2453,#2454);
#1937=AXIS2_PLACEMENT_3D('',#3032,#2455,#2456);
#1938=AXIS2_PLACEMENT_3D('',#3033,#2457,#2458);
#1939=AXIS2_PLACEMENT_3D('',#3034,#2459,#2460);
#1940=AXIS2_PLACEMENT_3D('',#3035,#2461,#2462);
#1941=AXIS2_PLACEMENT_3D('',#3036,#2463,#2464);
#1942=AXIS2_PLACEMENT_3D('',#3037,#2465,#2466);
#1943=AXIS2_PLACEMENT_3D('',#3038,#2467,#2468);
#1944=AXIS2_PLACEMENT_3D('',#3039,#2469,#2470);
#1945=AXIS2_PLACEMENT_3D('',#3040,#2471,#2472);
#1946=AXIS2_PLACEMENT_3D('',#3041,#2473,#2474);
#1947=AXIS2_PLACEMENT_3D('',#3042,#2475,#2476);
#1948=AXIS2_PLACEMENT_3D('',#3043,#2477,#2478);
#1949=AXIS2_PLACEMENT_3D('',#3044,#2479,#2480);
#1950=AXIS2_PLACEMENT_3D('',#3045,#2481,#2482);
#1951=AXIS2_PLACEMENT_3D('',#3046,#2483,#2484);
#1952=AXIS2_PLACEMENT_3D('',#3047,#2485,#2486);
#1953=AXIS2_PLACEMENT_3D('',#3048,#2487,#2488);
#1954=AXIS2_PLACEMENT_3D('',#3049,#2489,#2490);
#1955=AXIS2_PLACEMENT_3D('',#3053,#2492,#2493);
#1956=AXIS2_PLACEMENT_3D('',#3057,#2495,#2496);
#1957=AXIS2_PLACEMENT_3D('',#3058,#2497,#2498);
#1958=AXIS2_PLACEMENT_3D('',#3062,#2500,#2501);
#1959=AXIS2_PLACEMENT_3D('',#3066,#2503,#2504);
#1960=AXIS2_PLACEMENT_3D('',#3067,#2505,#2506);
#1961=AXIS2_PLACEMENT_3D('',#3068,#2507,#2508);
#1962=AXIS2_PLACEMENT_3D('',#3069,#2509,#2510);
#1963=AXIS2_PLACEMENT_3D('',#3091,#2511,#2512);
#1964=AXIS2_PLACEMENT_3D('',#3092,#2513,#2514);
#1965=AXIS2_PLACEMENT_3D('',#3093,#2515,#2516);
#1966=AXIS2_PLACEMENT_3D('',#3094,#2517,#2518);
#1967=AXIS2_PLACEMENT_3D('',#3095,#2519,#2520);
#1968=AXIS2_PLACEMENT_3D('',#3096,#2521,#2522);
#1969=AXIS2_PLACEMENT_3D('',#3097,#2523,#2524);
#1970=AXIS2_PLACEMENT_3D('',#3098,#2525,#2526);
#1971=AXIS2_PLACEMENT_3D('',#3099,#2527,#2528);
#1972=AXIS2_PLACEMENT_3D('',#3121,#2529,#2530);
#1973=AXIS2_PLACEMENT_3D('',#3122,#2531,#2532);
#1974=AXIS2_PLACEMENT_3D('',#3123,#2533,#2534);
#1975=AXIS2_PLACEMENT_3D('',#3124,#2535,#2536);
#1976=AXIS2_PLACEMENT_3D('',#3125,#2537,#2538);
#1977=AXIS2_PLACEMENT_3D('',#3126,#2539,#2540);
#1978=AXIS2_PLACEMENT_3D('',#3127,#2541,#2542);
#1979=AXIS2_PLACEMENT_3D('',#3149,#2543,#2544);
#1980=AXIS2_PLACEMENT_3D('',#3150,#2545,#2546);
#1981=AXIS2_PLACEMENT_3D('',#3151,#2547,#2548);
#1982=AXIS2_PLACEMENT_3D('',#3152,#2549,#2550);
#1983=AXIS2_PLACEMENT_3D('',#3153,#2551,#2552);
#1984=AXIS2_PLACEMENT_3D('',#3175,#2553,#2554);
#1985=AXIS2_PLACEMENT_3D('',#3176,#2555,#2556);
#1986=AXIS2_PLACEMENT_3D('',#3177,#2557,#2558);
#1987=AXIS2_PLACEMENT_3D('',#3178,#2559,#2560);
#1988=AXIS2_PLACEMENT_3D('',#3179,#2561,#2562);
#1989=AXIS2_PLACEMENT_3D('',#3181,#2564,#2565);
#1990=AXIS2_PLACEMENT_3D('',#3182,#2566,#2567);
#1991=AXIS2_PLACEMENT_3D('',#3184,#2569,#2570);
#1992=DIRECTION('',(0.,0.,1.));
#1993=DIRECTION('',(1.,0.,0.));
#1994=DIRECTION('',(0.,1.,1.15648231731787E-16));
#1995=DIRECTION('',(0.,-1.15648231731787E-16,1.));
#1996=DIRECTION('',(-0.707106781186547,-8.177564888978E-17,0.707106781186548));
#1997=DIRECTION('',(-0.77691586805694,7.28126386237665E-17,-0.629604426573806));
#1998=DIRECTION('',(-1.,0.,0.));
#1999=DIRECTION('',(0.,1.15648231731787E-16,-1.));
#2000=DIRECTION('',(-1.,0.,0.));
#2001=DIRECTION('',(0.,1.15648231731787E-16,-1.));
#2002=DIRECTION('',(-1.,0.,0.));
#2003=DIRECTION('',(-0.776915868056941,-7.28126386237664E-17,0.629604426573805));
#2004=DIRECTION('',(0.707106781186548,-8.177564888978E-17,0.707106781186548));
#2005=DIRECTION('',(0.,1.,1.15648231731787E-16));
#2006=DIRECTION('',(0.,-1.15648231731787E-16,1.));
#2007=DIRECTION('',(0.,-1.15648231731787E-16,1.));
#2008=DIRECTION('',(0.,1.,1.15648231731787E-16));
#2009=DIRECTION('',(0.,-1.15648231731787E-16,1.));
#2010=DIRECTION('',(-0.707106781186547,-8.17756488897801E-17,0.707106781186548));
#2011=DIRECTION('',(0.,1.,1.15648231731787E-16));
#2012=DIRECTION('',(0.,-1.15648231731787E-16,1.));
#2013=DIRECTION('',(1.,-2.44655734805289E-32,2.11551643411805E-16));
#2014=DIRECTION('',(0.,1.,1.15648231731787E-16));
#2015=DIRECTION('',(0.,-1.15648231731787E-16,1.));
#2016=DIRECTION('',(0.707106781186548,-8.177564888978E-17,0.707106781186547));
#2017=DIRECTION('',(0.,1.,1.15648231731787E-16));
#2018=DIRECTION('',(0.,-1.15648231731787E-16,1.));
#2019=DIRECTION('',(0.,-1.15648231731787E-16,1.));
#2020=DIRECTION('',(0.,1.,1.15648231731787E-16));
#2021=DIRECTION('',(0.,-1.15648231731787E-16,1.));
#2022=DIRECTION('',(-0.707106781186547,-8.177564888978E-17,0.707106781186548));
#2023=DIRECTION('',(0.707106781186548,0.,0.707106781186548));
#2024=DIRECTION('',(0.707106781186548,-8.177564888978E-17,0.707106781186548));
#2025=DIRECTION('',(0.,1.,1.15648231731787E-16));
#2026=DIRECTION('',(-0.707106781186548,8.177564888978E-17,-0.707106781186548));
#2027=DIRECTION('',(-2.46519032881566E-32,1.,1.15648231731787E-16));
#2028=DIRECTION('',(0.707106781186548,0.,0.707106781186548));
#2029=DIRECTION('',(-8.71576399210524E-33,1.,1.15648231731787E-16));
#2030=DIRECTION('',(-0.707106781186548,8.177564888978E-17,-0.707106781186547));
#2031=DIRECTION('',(-0.707106781186547,0.,0.707106781186548));
#2032=DIRECTION('',(0.,1.,1.15648231731787E-16));
#2033=DIRECTION('',(-0.707106781186547,-8.177564888978E-17,0.707106781186548));
#2034=DIRECTION('',(-8.71576399210525E-33,1.,1.15648231731787E-16));
#2035=DIRECTION('',(-0.707106781186547,0.,0.707106781186548));
#2036=DIRECTION('',(4.20834312723671E-32,1.,1.15648231731787E-16));
#2037=DIRECTION('',(0.707106781186547,8.177564888978E-17,-0.707106781186548));
#2038=DIRECTION('',(0.866025403784439,-5.78241158658936E-17,0.5));
#2039=DIRECTION('',(0.5,0.,-0.866025403784439));
#2040=DIRECTION('',(0.,1.,1.15648231731787E-16));
#2041=DIRECTION('',(-0.5,-1.00154306582477E-16,0.866025403784439));
#2042=DIRECTION('',(0.,1.,1.15648231731787E-16));
#2043=DIRECTION('',(0.866025403784439,-5.78241158658936E-17,0.5));
#2044=DIRECTION('',(-0.5,-1.00154306582477E-16,0.866025403784439));
#2045=DIRECTION('',(0.,1.,1.15648231731787E-16));
#2046=DIRECTION('',(0.866025403784439,-5.78241158658936E-17,0.5));
#2047=DIRECTION('',(-0.5,-1.00154306582477E-16,0.866025403784439));
#2048=DIRECTION('',(-0.866025403784439,-5.78241158658936E-17,0.5));
#2049=DIRECTION('',(0.5,0.,0.866025403784439));
#2050=DIRECTION('',(-1.84889274661175E-32,1.,1.15648231731787E-16));
#2051=DIRECTION('',(-0.5,1.00154306582477E-16,-0.866025403784439));
#2052=DIRECTION('',(-1.65136439448793E-33,1.,1.15648231731787E-16));
#2053=DIRECTION('',(-0.866025403784439,-5.78241158658936E-17,0.5));
#2054=DIRECTION('',(-0.5,1.00154306582477E-16,-0.866025403784439));
#2055=DIRECTION('',(-1.65136439448793E-33,1.,1.15648231731787E-16));
#2056=DIRECTION('',(-0.866025403784439,-5.78241158658936E-17,0.5));
#2057=DIRECTION('',(-0.5,1.00154306582477E-16,-0.866025403784439));
#2058=DIRECTION('',(-0.866025403784439,-5.78241158658936E-17,0.5));
#2059=DIRECTION('',(-0.5,1.00154306582477E-16,-0.866025403784439));
#2060=DIRECTION('',(0.,1.15648231731787E-16,-1.));
#2061=DIRECTION('',(0.,1.,1.15648231731787E-16));
#2062=DIRECTION('',(6.16297582203916E-33,1.,1.15648231731787E-16));
#2063=DIRECTION('',(1.,0.,0.));
#2064=DIRECTION('',(0.,1.,1.15648231731787E-16));
#2065=DIRECTION('',(-1.,0.,0.));
#2066=DIRECTION('',(4.10971165441477E-32,1.,1.15648231731787E-16));
#2067=DIRECTION('',(0.,-1.15648231731787E-16,1.));
#2068=DIRECTION('',(2.91635147157078E-32,1.,1.15648231731787E-16));
#2069=DIRECTION('',(0.,1.,1.15648231731787E-16));
#2070=DIRECTION('',(0.,-1.15648231731787E-16,1.));
#2071=DIRECTION('',(0.,-1.,0.));
#2072=DIRECTION('',(0.,0.,-1.));
#2073=DIRECTION('',(0.707106781186547,8.177564888978E-17,-0.707106781186548));
#2074=DIRECTION('',(-0.707106781186548,0.,-0.707106781186547));
#2075=DIRECTION('',(0.629604426573806,8.98489463451516E-17,-0.77691586805694));
#2076=DIRECTION('',(0.77691586805694,-7.28126386237665E-17,0.629604426573806));
#2077=DIRECTION('',(-0.707106781186547,1.53329341668317E-15,0.707106781186549));
#2078=DIRECTION('',(0.707106781186549,0.,0.707106781186547));
#2079=DIRECTION('',(-1.,0.,0.));
#2080=DIRECTION('',(0.,0.,1.));
#2081=DIRECTION('',(0.629604426573806,8.98489463451516E-17,-0.77691586805694));
#2082=DIRECTION('',(-0.77691586805694,7.28126386237665E-17,-0.629604426573806));
#2083=DIRECTION('',(-1.,0.,0.));
#2084=DIRECTION('',(-1.,0.,0.));
#2085=DIRECTION('',(0.,0.,1.));
#2086=DIRECTION('',(0.707106781186548,-8.177564888978E-17,0.707106781186548));
#2087=DIRECTION('',(0.707106781186548,0.,-0.707106781186548));
#2088=DIRECTION('',(-0.629604426573805,8.98489463451518E-17,-0.776915868056941));
#2089=DIRECTION('',(0.776915868056941,7.28126386237664E-17,-0.629604426573805));
#2090=DIRECTION('',(0.707106781186547,0.,0.707106781186549));
#2091=DIRECTION('',(0.707106781186549,0.,-0.707106781186547));
#2092=DIRECTION('',(-1.03108595093553E-32,1.,1.15648231731787E-16));
#2093=DIRECTION('',(0.,-1.15648231731787E-16,1.));
#2094=DIRECTION('',(0.,1.,1.15648231731787E-16));
#2095=DIRECTION('',(0.,-1.15648231731787E-16,1.));
#2096=DIRECTION('',(0.,-1.,0.));
#2097=DIRECTION('',(0.,0.,-1.));
#2098=DIRECTION('',(-1.,0.,0.));
#2099=DIRECTION('',(0.,0.,1.));
#2100=DIRECTION('',(-1.,0.,0.));
#2101=DIRECTION('',(-0.629604426573805,8.98489463451518E-17,-0.776915868056941));
#2102=DIRECTION('',(-0.776915868056941,-7.28126386237664E-17,0.629604426573805));
#2103=DIRECTION('',(1.,0.,0.));
#2104=DIRECTION('',(0.,0.,-1.));
#2105=DIRECTION('',(0.,-1.15648231731787E-16,1.));
#2106=DIRECTION('',(0.,-1.,-1.15648231731787E-16));
#2107=DIRECTION('',(0.,1.,1.15648231731787E-16));
#2108=DIRECTION('',(1.,0.,0.));
#2109=DIRECTION('',(8.06980717741469E-33,1.,1.15648231731787E-16));
#2110=DIRECTION('',(-1.,0.,0.));
#2111=DIRECTION('',(0.,-1.15648231731787E-16,1.));
#2112=DIRECTION('',(0.,-1.,-1.15648231731787E-16));
#2113=DIRECTION('',(0.,1.,1.15648231731787E-16));
#2114=DIRECTION('',(1.,0.,0.));
#2115=DIRECTION('',(8.06980717741469E-33,1.,1.15648231731787E-16));
#2116=DIRECTION('',(1.,0.,0.));
#2117=DIRECTION('',(0.,1.15648231731787E-16,-1.));
#2118=DIRECTION('',(0.,1.,1.15648231731787E-16));
#2119=DIRECTION('',(6.16297582203916E-33,1.,1.15648231731787E-16));
#2120=DIRECTION('',(-1.,0.,0.));
#2121=DIRECTION('',(0.,1.,1.15648231731787E-16));
#2122=DIRECTION('',(-1.,0.,0.));
#2123=DIRECTION('',(8.06980717741469E-33,1.,1.15648231731787E-16));
#2124=DIRECTION('',(0.,-1.15648231731787E-16,1.));
#2125=DIRECTION('',(8.06980717741469E-33,1.,1.15648231731787E-16));
#2126=DIRECTION('',(0.,-1.15648231731787E-16,1.));
#2127=DIRECTION('',(1.06745872495904E-32,1.,1.15648231731787E-16));
#2128=DIRECTION('',(8.06980717741469E-33,1.,1.15648231731787E-16));
#2129=DIRECTION('',(0.,-1.15648231731787E-16,1.));
#2130=DIRECTION('',(0.,1.,1.15648231731787E-16));
#2131=DIRECTION('',(0.,-1.15648231731787E-16,1.));
#2132=DIRECTION('',(1.06745872495904E-32,1.,1.15648231731787E-16));
#2133=DIRECTION('',(8.06980717741469E-33,1.,1.15648231731787E-16));
#2134=DIRECTION('',(0.,-1.15648231731787E-16,1.));
#2135=DIRECTION('',(0.,1.,1.15648231731787E-16));
#2136=DIRECTION('',(0.,-1.15648231731787E-16,1.));
#2137=DIRECTION('',(0.,1.,1.15648231731787E-16));
#2138=DIRECTION('',(0.,1.,1.15648231731787E-16));
#2139=DIRECTION('',(0.,-1.15648231731787E-16,1.));
#2140=DIRECTION('',(0.,1.,1.15648231731787E-16));
#2141=DIRECTION('',(0.,-1.15648231731787E-16,1.));
#2142=DIRECTION('',(0.,1.,1.15648231731787E-16));
#2143=DIRECTION('',(0.,-1.15648231731787E-16,1.));
#2144=DIRECTION('',(0.,1.,1.15648231731787E-16));
#2145=DIRECTION('',(0.,-1.15648231731787E-16,1.));
#2146=DIRECTION('',(0.,1.,1.15648231731787E-16));
#2147=DIRECTION('',(6.16297582203916E-33,1.,1.15648231731787E-16));
#2148=DIRECTION('',(0.,-1.15648231731787E-16,1.));
#2149=DIRECTION('',(6.16297582203916E-33,1.,1.15648231731787E-16));
#2150=DIRECTION('',(0.,-1.15648231731787E-16,1.));
#2151=DIRECTION('',(6.16297582203916E-33,1.,1.15648231731787E-16));
#2152=DIRECTION('',(0.,-1.15648231731787E-16,1.));
#2153=DIRECTION('',(0.,1.,1.15648231731787E-16));
#2154=DIRECTION('',(0.,-1.15648231731787E-16,1.));
#2155=DIRECTION('',(6.16297582203916E-33,1.,1.15648231731787E-16));
#2156=DIRECTION('',(0.,-1.15648231731787E-16,1.));
#2157=DIRECTION('',(0.,1.,1.15648231731787E-16));
#2158=DIRECTION('',(0.,-1.15648231731787E-16,1.));
#2159=DIRECTION('',(0.,1.,1.15648231731787E-16));
#2160=DIRECTION('',(0.,-1.15648231731787E-16,1.));
#2161=DIRECTION('',(0.,1.,1.15648231731787E-16));
#2162=DIRECTION('',(0.,-1.15648231731787E-16,1.));
#2163=DIRECTION('',(0.,1.,1.15648231731787E-16));
#2164=DIRECTION('',(0.,-1.15648231731787E-16,1.));
#2165=DIRECTION('',(0.,1.,1.15648231731787E-16));
#2166=DIRECTION('',(0.,-1.15648231731787E-16,1.));
#2167=DIRECTION('',(0.,0.,1.));
#2168=DIRECTION('',(1.,0.,0.));
#2169=DIRECTION('',(-1.,0.,0.));
#2170=DIRECTION('',(0.,1.,0.));
#2171=DIRECTION('',(-1.,0.,0.));
#2172=DIRECTION('',(0.,1.,0.));
#2173=DIRECTION('',(3.40141858034668E-16,-1.,0.));
#2174=DIRECTION('',(1.,0.,0.));
#2175=DIRECTION('',(3.40141858034668E-16,-1.,0.));
#2176=DIRECTION('',(1.,0.,0.));
#2177=DIRECTION('',(-0.707106781186547,-8.177564888978E-17,0.707106781186548));
#2178=DIRECTION('',(0.707106781186548,0.,0.707106781186547));
#2179=DIRECTION('',(0.707106781186548,0.,0.707106781186547));
#2180=DIRECTION('',(6.84227765783602E-48,1.,1.15648231731787E-16));
#2181=DIRECTION('',(0.707106781186548,-8.177564888978E-17,0.707106781186547));
#2182=DIRECTION('',(6.84227765783602E-48,1.,1.15648231731787E-16));
#2183=DIRECTION('',(-2.11551643411805E-16,-1.15648231731787E-16,1.));
#2184=DIRECTION('',(1.,0.,2.11551643411805E-16));
#2185=DIRECTION('',(1.,0.,2.11551643411805E-16));
#2186=DIRECTION('',(5.10557634013219E-33,1.,1.15648231731787E-16));
#2187=DIRECTION('',(1.,-2.44655734805289E-32,2.11551643411805E-16));
#2188=DIRECTION('',(5.10557634013217E-33,1.,1.15648231731787E-16));
#2189=DIRECTION('',(-0.707106781186548,8.177564888978E-17,-0.707106781186547));
#2190=DIRECTION('',(-0.707106781186547,0.,0.707106781186548));
#2191=DIRECTION('',(-8.71576399210527E-33,1.,1.15648231731787E-16));
#2192=DIRECTION('',(-0.707106781186547,0.,0.707106781186548));
#2193=DIRECTION('',(-1.23160997841048E-47,1.,1.15648231731787E-16));
#2194=DIRECTION('',(-0.707106781186547,-8.17756488897801E-17,0.707106781186548));
#2195=DIRECTION('',(0.,-1.,-1.15648231731787E-16));
#2196=DIRECTION('',(0.,1.15648231731787E-16,-1.));
#2197=DIRECTION('',(0.,-1.,0.));
#2198=DIRECTION('',(0.,0.,-1.));
#2199=DIRECTION('',(0.,1.,1.15648231731787E-16));
#2200=DIRECTION('',(0.,1.,1.15648231731787E-16));
#2201=DIRECTION('',(0.,-1.15648231731787E-16,1.));
#2202=DIRECTION('',(-5.10557634013219E-33,-1.,-1.15648231731787E-16));
#2203=DIRECTION('',(0.,1.15648231731787E-16,-1.));
#2204=DIRECTION('',(0.,-1.,0.));
#2205=DIRECTION('',(0.,0.,-1.));
#2206=DIRECTION('',(0.,1.,1.15648231731787E-16));
#2207=DIRECTION('',(0.,-1.15648231731787E-16,1.));
#2208=DIRECTION('',(5.10557634013217E-33,1.,1.15648231731787E-16));
#2209=DIRECTION('',(0.,-1.15648231731787E-16,1.));
#2210=DIRECTION('',(0.,-1.,0.));
#2211=DIRECTION('',(0.,0.,-1.));
#2212=DIRECTION('',(0.,1.,1.15648231731787E-16));
#2213=DIRECTION('',(0.,-1.15648231731787E-16,1.));
#2214=DIRECTION('',(0.,-1.,-1.15648231731787E-16));
#2215=DIRECTION('',(0.,1.15648231731787E-16,-1.));
#2216=DIRECTION('',(0.,-1.,0.));
#2217=DIRECTION('',(0.,0.,-1.));
#2218=DIRECTION('',(0.,1.,1.15648231731787E-16));
#2219=DIRECTION('',(0.,-1.15648231731787E-16,1.));
#2220=DIRECTION('',(0.,1.,1.15648231731787E-16));
#2221=DIRECTION('',(0.,0.,-1.));
#2222=DIRECTION('',(-1.,0.,0.));
#2223=DIRECTION('',(0.,-1.,0.));
#2224=DIRECTION('',(-1.,0.,0.));
#2225=DIRECTION('',(0.,1.,1.15648231731787E-16));
#2226=DIRECTION('',(-1.,0.,0.));
#2227=DIRECTION('',(0.,0.,1.));
#2228=DIRECTION('',(-1.,0.,0.));
#2229=DIRECTION('',(1.,0.,0.));
#2230=DIRECTION('',(0.,0.,-1.));
#2231=DIRECTION('',(-1.,0.,0.));
#2232=DIRECTION('',(1.,0.,0.));
#2233=DIRECTION('',(0.,0.,-1.));
#2234=DIRECTION('',(-1.,0.,0.));
#2235=DIRECTION('',(0.866025403784439,5.78241158658936E-17,-0.5));
#2236=DIRECTION('',(-0.5,1.00154306582477E-16,-0.866025403784439));
#2237=DIRECTION('',(-0.866025403784439,5.78241158658936E-17,-0.5));
#2238=DIRECTION('',(-0.5,-1.00154306582477E-16,0.866025403784439));
#2239=DIRECTION('',(1.,0.,0.));
#2240=DIRECTION('',(0.,1.,0.));
#2241=DIRECTION('',(0.,-1.,0.));
#2242=DIRECTION('',(1.,0.,0.));
#2243=DIRECTION('',(0.,0.,-1.));
#2244=DIRECTION('',(0.,0.,1.));
#2245=DIRECTION('',(0.,1.,0.));
#2246=DIRECTION('',(0.,1.15648231731787E-16,-1.));
#2247=DIRECTION('',(0.,-1.,0.));
#2248=DIRECTION('',(0.,0.,-1.));
#2249=DIRECTION('',(0.,0.,1.));
#2250=DIRECTION('',(-1.,0.,0.));
#2251=DIRECTION('',(0.,0.,1.));
#2252=DIRECTION('',(-1.,0.,0.));
#2253=DIRECTION('',(0.,0.,-1.));
#2254=DIRECTION('',(-1.,0.,0.));
#2255=DIRECTION('',(0.,1.,1.15648231731787E-16));
#2256=DIRECTION('',(0.,1.,1.15648231731787E-16));
#2257=DIRECTION('',(0.,-1.,0.));
#2258=DIRECTION('',(1.,0.,0.));
#2259=DIRECTION('',(0.,1.,0.));
#2260=DIRECTION('',(0.,1.15648231731787E-16,-1.));
#2261=DIRECTION('',(0.,1.,0.));
#2262=DIRECTION('',(0.,0.,1.));
#2263=DIRECTION('',(1.,0.,0.));
#2264=DIRECTION('',(0.,0.,-1.));
#2265=DIRECTION('',(0.,-1.,0.));
#2266=DIRECTION('',(-1.,0.,0.));
#2267=DIRECTION('',(0.,0.,1.));
#2268=DIRECTION('',(0.,0.,1.));
#2269=DIRECTION('',(0.,0.,1.));
#2270=DIRECTION('',(0.,1.,1.15648231731787E-16));
#2271=DIRECTION('',(0.,0.,1.));
#2272=DIRECTION('',(0.,1.,1.15648231731787E-16));
#2273=DIRECTION('',(0.,-1.15648231731787E-16,1.));
#2274=DIRECTION('',(-0.707106781186547,-8.177564888978E-17,0.707106781186548));
#2275=DIRECTION('',(0.707106781186548,0.,0.707106781186547));
#2276=DIRECTION('',(6.84227765783602E-48,1.,1.15648231731787E-16));
#2277=DIRECTION('',(0.707106781186548,0.,0.707106781186547));
#2278=DIRECTION('',(6.84227765783602E-48,1.,1.15648231731787E-16));
#2279=DIRECTION('',(0.707106781186548,0.,0.707106781186547));
#2280=DIRECTION('',(-2.11551643411805E-16,-1.15648231731787E-16,1.));
#2281=DIRECTION('',(1.,0.,2.11551643411805E-16));
#2282=DIRECTION('',(5.10557634013219E-33,1.,1.15648231731787E-16));
#2283=DIRECTION('',(1.,0.,2.11551643411805E-16));
#2284=DIRECTION('',(5.10557634013217E-33,1.,1.15648231731787E-16));
#2285=DIRECTION('',(1.,0.,2.11551643411805E-16));
#2286=DIRECTION('',(-0.707106781186548,8.177564888978E-17,-0.707106781186547));
#2287=DIRECTION('',(-0.707106781186547,0.,0.707106781186548));
#2288=DIRECTION('',(-0.707106781186547,0.,0.707106781186548));
#2289=DIRECTION('',(-8.71576399210527E-33,1.,1.15648231731787E-16));
#2290=DIRECTION('',(-0.707106781186547,0.,0.707106781186548));
#2291=DIRECTION('',(-1.23160997841048E-47,1.,1.15648231731787E-16));
#2292=DIRECTION('',(-1.,0.,0.));
#2293=DIRECTION('',(0.,0.,1.));
#2294=DIRECTION('',(0.,1.,1.15648231731787E-16));
#2295=DIRECTION('',(0.,0.,1.));
#2296=DIRECTION('',(0.,0.,1.));
#2297=DIRECTION('',(0.,-1.15648231731787E-16,1.));
#2298=DIRECTION('',(0.,1.,1.15648231731787E-16));
#2299=DIRECTION('',(0.,0.,1.));
#2300=DIRECTION('',(0.,-1.,0.));
#2301=DIRECTION('',(0.,0.,-1.));
#2302=DIRECTION('',(0.,-1.,0.));
#2303=DIRECTION('',(0.,0.,-1.));
#2304=DIRECTION('',(-1.,0.,0.));
#2305=DIRECTION('',(0.,-1.,0.));
#2306=DIRECTION('',(0.,0.,-1.));
#2307=DIRECTION('',(0.,-1.,0.));
#2308=DIRECTION('',(0.,0.,-1.));
#2309=DIRECTION('',(0.,-1.,0.));
#2310=DIRECTION('',(0.,0.,-1.));
#2311=DIRECTION('',(0.,-1.,0.));
#2312=DIRECTION('',(0.,0.,-1.));
#2313=DIRECTION('',(0.,-1.,0.));
#2314=DIRECTION('',(0.,0.,-1.));
#2315=DIRECTION('',(-0.866025403784439,5.78241158658936E-17,-0.5));
#2316=DIRECTION('',(-0.5,0.,0.866025403784439));
#2317=DIRECTION('',(-0.5,-1.00154306582477E-16,0.866025403784439));
#2318=DIRECTION('',(-0.866025403784439,5.78241158658936E-17,-0.5));
#2319=DIRECTION('',(-0.5,-1.00154306582477E-16,0.866025403784439));
#2320=DIRECTION('',(-0.866025403784439,5.78241158658936E-17,-0.5));
#2321=DIRECTION('',(-0.5,-1.00154306582477E-16,0.866025403784439));
#2322=DIRECTION('',(0.866025403784439,5.78241158658936E-17,-0.5));
#2323=DIRECTION('',(-0.5,0.,-0.866025403784439));
#2324=DIRECTION('',(-0.5,1.00154306582477E-16,-0.866025403784439));
#2325=DIRECTION('',(0.866025403784439,5.78241158658936E-17,-0.5));
#2326=DIRECTION('',(-0.5,1.00154306582477E-16,-0.866025403784439));
#2327=DIRECTION('',(0.,-1.,-1.15648231731787E-16));
#2328=DIRECTION('',(0.,1.15648231731787E-16,-1.));
#2329=DIRECTION('',(0.,1.,1.15648231731787E-16));
#2330=DIRECTION('',(0.,-1.15648231731787E-16,1.));
#2331=DIRECTION('',(0.,1.15648231731787E-16,-1.));
#2332=DIRECTION('',(0.,1.,1.15648231731787E-16));
#2333=DIRECTION('',(0.,0.,1.));
#2334=DIRECTION('',(1.,0.,0.));
#2335=DIRECTION('',(0.,0.,-1.));
#2336=DIRECTION('',(-1.,0.,0.));
#2337=DIRECTION('',(0.,-1.,-1.15648231731787E-16));
#2338=DIRECTION('',(0.,1.15648231731787E-16,-1.));
#2339=DIRECTION('',(0.,-1.,0.));
#2340=DIRECTION('',(0.,0.,-1.));
#2341=DIRECTION('',(0.,1.,1.15648231731787E-16));
#2342=DIRECTION('',(0.,-1.15648231731787E-16,1.));
#2343=DIRECTION('',(0.,1.,1.15648231731787E-16));
#2344=DIRECTION('',(0.,-1.15648231731787E-16,1.));
#2345=DIRECTION('',(-0.707106781186548,0.,-0.707106781186548));
#2346=DIRECTION('',(-0.707106781186548,0.,0.707106781186548));
#2347=DIRECTION('',(-0.707106781186548,8.177564888978E-17,-0.707106781186547));
#2348=DIRECTION('',(-0.707106781186547,0.,0.707106781186548));
#2349=DIRECTION('',(0.707106781186548,0.,0.707106781186548));
#2350=DIRECTION('',(0.707106781186548,0.,-0.707106781186548));
#2351=DIRECTION('',(-5.10557634013219E-33,-1.,-1.15648231731787E-16));
#2352=DIRECTION('',(0.,1.15648231731787E-16,-1.));
#2353=DIRECTION('',(0.,-1.,0.));
#2354=DIRECTION('',(0.,0.,-1.));
#2355=DIRECTION('',(0.,1.,1.15648231731787E-16));
#2356=DIRECTION('',(0.,-1.15648231731787E-16,1.));
#2357=DIRECTION('',(-1.,0.,0.));
#2358=DIRECTION('',(0.,0.,1.));
#2359=DIRECTION('',(-1.,2.44655734805289E-32,-2.11551643411805E-16));
#2360=DIRECTION('',(-2.11551643411805E-16,0.,1.));
#2361=DIRECTION('',(1.,0.,0.));
#2362=DIRECTION('',(0.,0.,-1.));
#2363=DIRECTION('',(5.10557634013217E-33,1.,1.15648231731787E-16));
#2364=DIRECTION('',(0.,-1.15648231731787E-16,1.));
#2365=DIRECTION('',(0.,-1.,0.));
#2366=DIRECTION('',(0.,0.,-1.));
#2367=DIRECTION('',(0.,1.,1.15648231731787E-16));
#2368=DIRECTION('',(0.,-1.15648231731787E-16,1.));
#2369=DIRECTION('',(-0.707106781186545,0.,0.70710678118655));
#2370=DIRECTION('',(0.70710678118655,0.,0.707106781186545));
#2371=DIRECTION('',(-0.707106781186547,-8.17756488897801E-17,0.707106781186548));
#2372=DIRECTION('',(0.707106781186548,0.,0.707106781186547));
#2373=DIRECTION('',(0.707106781186548,0.,-0.707106781186548));
#2374=DIRECTION('',(-0.707106781186548,0.,-0.707106781186548));
#2375=DIRECTION('',(0.,-1.,-1.15648231731787E-16));
#2376=DIRECTION('',(0.,1.15648231731787E-16,-1.));
#2377=DIRECTION('',(0.,-1.,0.));
#2378=DIRECTION('',(0.,0.,-1.));
#2379=DIRECTION('',(0.,1.,1.15648231731787E-16));
#2380=DIRECTION('',(0.,-1.15648231731787E-16,1.));
#2381=DIRECTION('',(0.,0.,1.));
#2382=DIRECTION('',(1.,0.,0.));
#2383=DIRECTION('',(0.,-1.15648231731787E-16,1.));
#2384=DIRECTION('',(0.,-1.,-1.15648231731787E-16));
#2385=DIRECTION('',(0.,0.,-1.));
#2386=DIRECTION('',(-1.,0.,0.));
#2387=DIRECTION('',(0.,-1.,-1.15648231731787E-16));
#2388=DIRECTION('',(0.,1.15648231731787E-16,-1.));
#2389=DIRECTION('',(0.,1.,1.15648231731787E-16));
#2390=DIRECTION('',(0.,-1.15648231731787E-16,1.));
#2391=DIRECTION('',(0.,1.,0.));
#2392=DIRECTION('',(0.,0.,1.));
#2393=DIRECTION('',(-4.33680868994201E-15,1.,0.));
#2394=DIRECTION('',(-1.,-4.33680868994201E-15,0.));
#2395=DIRECTION('',(0.,-1.,0.));
#2396=DIRECTION('',(0.,0.,-1.));
#2397=DIRECTION('',(0.,1.,1.15648231731787E-16));
#2398=DIRECTION('',(0.,-1.15648231731787E-16,1.));
#2399=DIRECTION('',(1.,0.,0.));
#2400=DIRECTION('',(0.,0.,-1.));
#2401=DIRECTION('',(0.,-0.484122918275918,-0.875));
#2402=DIRECTION('',(0.,0.875,-0.484122918275919));
#2403=DIRECTION('',(0.,0.,-1.));
#2404=DIRECTION('',(-1.,0.,0.));
#2405=DIRECTION('',(0.,0.,1.));
#2406=DIRECTION('',(1.,0.,0.));
#2407=DIRECTION('',(1.0842021724855E-15,0.,-1.));
#2408=DIRECTION('',(-1.,0.,-1.0842021724855E-15));
#2409=DIRECTION('',(0.,-1.,0.));
#2410=DIRECTION('',(0.,0.,-1.));
#2411=DIRECTION('',(0.,-1.,0.));
#2412=DIRECTION('',(0.,0.,-1.));
#2413=DIRECTION('',(-1.,0.,0.));
#2414=DIRECTION('',(0.,0.,1.));
#2415=DIRECTION('',(0.,0.,-1.));
#2416=DIRECTION('',(-1.,0.,0.));
#2417=DIRECTION('',(0.,6.77626357803437E-16,-1.));
#2418=DIRECTION('',(0.,1.,6.77626357803437E-16));
#2419=DIRECTION('',(-1.,0.,2.16840434497101E-15));
#2420=DIRECTION('',(2.16840434497101E-15,0.,1.));
#2421=DIRECTION('',(-1.,8.67361737988404E-15,1.56766286430444E-14));
#2422=DIRECTION('',(1.56766286430444E-14,0.,1.));
#2423=DIRECTION('',(-1.,0.,0.));
#2424=DIRECTION('',(0.,0.,1.));
#2425=DIRECTION('',(1.,0.,0.));
#2426=DIRECTION('',(0.,0.,-1.));
#2427=DIRECTION('',(0.,-1.,0.));
#2428=DIRECTION('',(0.,0.,-1.));
#2429=DIRECTION('',(0.,1.,-1.30104260698261E-14));
#2430=DIRECTION('',(0.,1.30104260698261E-14,1.));
#2431=DIRECTION('',(0.,-1.15648231731787E-16,1.));
#2432=DIRECTION('',(0.,-1.,-1.15648231731787E-16));
#2433=DIRECTION('',(0.,0.,1.));
#2434=DIRECTION('',(1.,0.,0.));
#2435=DIRECTION('',(-1.,0.,0.));
#2436=DIRECTION('',(0.,0.,1.));
#2437=DIRECTION('',(1.,0.,0.));
#2438=DIRECTION('',(0.,0.,-1.));
#2439=DIRECTION('',(0.,0.,1.));
#2440=DIRECTION('',(1.,0.,0.));
#2441=DIRECTION('',(0.,0.,1.));
#2442=DIRECTION('',(1.,0.,0.));
#2443=DIRECTION('',(0.,-1.08420217248551E-15,-1.));
#2444=DIRECTION('',(0.,1.,-1.08420217248551E-15));
#2445=DIRECTION('',(0.,-1.,0.));
#2446=DIRECTION('',(0.,0.,-1.));
#2447=DIRECTION('',(0.,-1.,0.));
#2448=DIRECTION('',(0.,0.,-1.));
#2449=DIRECTION('',(-1.,-4.33680868994201E-15,0.));
#2450=DIRECTION('',(4.33680868994201E-15,-1.,0.));
#2451=DIRECTION('',(-1.,0.,0.));
#2452=DIRECTION('',(0.,0.,1.));
#2453=DIRECTION('',(1.,0.,-2.16840434497101E-15));
#2454=DIRECTION('',(-2.16840434497101E-15,0.,-1.));
#2455=DIRECTION('',(-5.6920614055489E-15,-0.484122918275923,-0.875));
#2456=DIRECTION('',(0.,0.875,-0.484122918275924));
#2457=DIRECTION('',(0.,1.,0.));
#2458=DIRECTION('',(0.,0.,1.));
#2459=DIRECTION('',(8.67361737988401E-15,1.,0.));
#2460=DIRECTION('',(-1.,8.67361737988401E-15,0.));
#2461=DIRECTION('',(-1.,0.,0.));
#2462=DIRECTION('',(0.,0.,1.));
#2463=DIRECTION('',(1.,0.,0.));
#2464=DIRECTION('',(0.,0.,-1.));
#2465=DIRECTION('',(1.,0.,0.));
#2466=DIRECTION('',(0.,0.,-1.));
#2467=DIRECTION('',(0.,1.,0.));
#2468=DIRECTION('',(0.,0.,1.));
#2469=DIRECTION('',(0.,8.67361737988405E-15,1.));
#2470=DIRECTION('',(0.,-1.,8.67361737988405E-15));
#2471=DIRECTION('',(0.,0.,1.));
#2472=DIRECTION('',(1.,0.,0.));
#2473=DIRECTION('',(0.,-1.,0.));
#2474=DIRECTION('',(0.,0.,-1.));
#2475=DIRECTION('',(0.,1.,0.));
#2476=DIRECTION('',(0.,0.,1.));
#2477=DIRECTION('',(0.,1.15648231731787E-16,-1.));
#2478=DIRECTION('',(0.,1.,1.15648231731787E-16));
#2479=DIRECTION('',(-4.06575814682063E-16,1.35525271560688E-16,-1.));
#2480=DIRECTION('',(-1.,0.,4.06575814682063E-16));
#2481=DIRECTION('',(1.,0.,0.));
#2482=DIRECTION('',(0.,0.,-1.));
#2483=DIRECTION('',(-1.,0.,0.));
#2484=DIRECTION('',(0.,0.,1.));
#2485=DIRECTION('',(0.,-1.,0.));
#2486=DIRECTION('',(0.,0.,-1.));
#2487=DIRECTION('',(0.,-1.,0.));
#2488=DIRECTION('',(0.,0.,-1.));
#2489=DIRECTION('',(-1.,0.,0.));
#2490=DIRECTION('',(0.,0.,1.));
#2491=DIRECTION('',(-1.,0.,0.));
#2492=DIRECTION('',(0.777713771047819,7.26986245616753E-17,-0.628618557093712));
#2493=DIRECTION('',(-0.628618557093712,0.,-0.777713771047819));
#2494=DIRECTION('',(-1.,0.,0.));
#2495=DIRECTION('',(-0.777713771047819,7.26986245616753E-17,-0.628618557093712));
#2496=DIRECTION('',(-0.628618557093712,0.,0.777713771047819));
#2497=DIRECTION('',(-1.,0.,0.));
#2498=DIRECTION('',(0.,0.,1.));
#2499=DIRECTION('',(-1.,0.,0.));
#2500=DIRECTION('',(0.777713771047819,-7.26986245616754E-17,0.628618557093713));
#2501=DIRECTION('',(-0.628618557093713,0.,0.777713771047819));
#2502=DIRECTION('',(-1.,0.,0.));
#2503=DIRECTION('',(-0.777713771047819,-7.26986245616753E-17,0.628618557093712));
#2504=DIRECTION('',(-0.628618557093712,0.,-0.777713771047819));
#2505=DIRECTION('',(0.,-0.95831484749991,-0.285714285714286));
#2506=DIRECTION('',(0.,0.285714285714286,-0.95831484749991));
#2507=DIRECTION('',(1.,0.,0.));
#2508=DIRECTION('',(0.,0.,-1.));
#2509=DIRECTION('',(0.484122918275925,-0.25,0.838525491562422));
#2510=DIRECTION('',(0.86602540378444,0.,-0.5));
#2511=DIRECTION('',(-0.484122918275926,-0.25,-0.838525491562422));
#2512=DIRECTION('',(-0.866025403784439,0.,0.5));
#2513=DIRECTION('',(-1.,0.,0.));
#2514=DIRECTION('',(0.,0.,1.));
#2515=DIRECTION('',(1.,0.,0.));
#2516=DIRECTION('',(0.,0.,-1.));
#2517=DIRECTION('',(0.,0.95831484749991,-0.285714285714286));
#2518=DIRECTION('',(0.,0.285714285714286,0.95831484749991));
#2519=DIRECTION('',(1.,0.,0.));
#2520=DIRECTION('',(0.,0.,-1.));
#2521=DIRECTION('',(0.,-0.95831484749991,-0.285714285714286));
#2522=DIRECTION('',(0.,0.285714285714286,-0.95831484749991));
#2523=DIRECTION('',(-0.484122918275925,-0.25,0.838525491562422));
#2524=DIRECTION('',(0.86602540378444,0.,0.5));
#2525=DIRECTION('',(-1.,0.,0.));
#2526=DIRECTION('',(0.,0.,1.));
#2527=DIRECTION('',(1.,0.,0.));
#2528=DIRECTION('',(0.,0.,-1.));
#2529=DIRECTION('',(0.484122918275926,-0.25,-0.838525491562422));
#2530=DIRECTION('',(-0.86602540378444,0.,-0.5));
#2531=DIRECTION('',(0.,0.95831484749991,-0.285714285714286));
#2532=DIRECTION('',(0.,0.285714285714286,0.95831484749991));
#2533=DIRECTION('',(0.,-0.95831484749991,-0.285714285714286));
#2534=DIRECTION('',(0.,0.285714285714286,-0.95831484749991));
#2535=DIRECTION('',(-0.484122918275925,-0.25,0.838525491562422));
#2536=DIRECTION('',(0.86602540378444,0.,0.5));
#2537=DIRECTION('',(-1.,0.,0.));
#2538=DIRECTION('',(0.,0.,1.));
#2539=DIRECTION('',(-1.,0.,0.));
#2540=DIRECTION('',(0.,0.,1.));
#2541=DIRECTION('',(-1.,0.,0.));
#2542=DIRECTION('',(0.,0.,1.));
#2543=DIRECTION('',(0.484122918275925,-0.25,-0.838525491562422));
#2544=DIRECTION('',(-0.86602540378444,0.,-0.5));
#2545=DIRECTION('',(0.,-0.95831484749991,-0.285714285714286));
#2546=DIRECTION('',(0.,0.285714285714286,-0.95831484749991));
#2547=DIRECTION('',(0.484122918275925,-0.25,0.838525491562422));
#2548=DIRECTION('',(0.86602540378444,0.,-0.5));
#2549=DIRECTION('',(0.,0.95831484749991,-0.285714285714286));
#2550=DIRECTION('',(0.,0.285714285714286,0.95831484749991));
#2551=DIRECTION('',(-1.,0.,0.));
#2552=DIRECTION('',(0.,0.,1.));
#2553=DIRECTION('',(-0.484122918275929,-0.249999999999997,-0.838525491562421));
#2554=DIRECTION('',(-0.866025403784438,0.,0.5));
#2555=DIRECTION('',(-1.,0.,0.));
#2556=DIRECTION('',(0.,0.,1.));
#2557=DIRECTION('',(-1.,0.,0.));
#2558=DIRECTION('',(0.,0.,1.));
#2559=DIRECTION('',(0.,0.95831484749991,-0.285714285714286));
#2560=DIRECTION('',(0.,0.285714285714286,0.95831484749991));
#2561=DIRECTION('',(-0.629604426573805,8.98489463451518E-17,-0.776915868056941));
#2562=DIRECTION('',(-0.776915868056941,0.,0.629604426573805));
#2563=DIRECTION('',(-0.776915868056941,-7.28126386237664E-17,0.629604426573805));
#2564=DIRECTION('',(0.,1.,1.15648231731787E-16));
#2565=DIRECTION('',(-1.,0.,0.));
#2566=DIRECTION('',(0.,1.,1.15648231731787E-16));
#2567=DIRECTION('',(-1.,0.,0.));
#2568=DIRECTION('',(-0.77691586805694,7.28126386237665E-17,-0.629604426573806));
#2569=DIRECTION('',(0.629604426573806,8.98489463451516E-17,-0.77691586805694));
#2570=DIRECTION('',(-0.77691586805694,0.,-0.629604426573806));
#2571=CARTESIAN_POINT('',(0.,0.,0.));
#2572=CARTESIAN_POINT('',(0.011002,-0.00142473922221737,0.00375));
#2573=CARTESIAN_POINT('',(-0.00654142135623731,-0.00142473922221737,-0.000141421356237303));
#2574=CARTESIAN_POINT('',(-0.00958284271247462,-0.00142473922221737,0.0029));
#2575=CARTESIAN_POINT('',(-0.00755623307557285,-0.0014247392222174,0.000873390363098236));
#2576=CARTESIAN_POINT('',(-0.00801698729810778,-0.00142473922221737,0.0005));
#2577=CARTESIAN_POINT('',(-0.00838717967697245,-0.00142473922221737,0.0002));
#2578=CARTESIAN_POINT('',(0.011002,-0.00142473922221737,0.0002));
#2579=CARTESIAN_POINT('',(-0.0108,-0.00142473922221737,0.0002));
#2580=CARTESIAN_POINT('',(-0.0108,-0.00142473922221737,0.0075));
#2581=CARTESIAN_POINT('',(-0.0108,-0.00142473922221737,0.0073));
#2582=CARTESIAN_POINT('',(0.011002,-0.00142473922221737,0.0073));
#2583=CARTESIAN_POINT('',(0.0108,-0.00142473922221737,0.0073));
#2584=CARTESIAN_POINT('',(0.0108,-0.00142473922221737,0.00375));
#2585=CARTESIAN_POINT('',(0.0108,-0.00142473922221737,0.0002));
#2586=CARTESIAN_POINT('',(0.011002,-0.00142473922221737,0.0002));
#2587=CARTESIAN_POINT('',(0.00838717967697245,-0.00142473922221737,0.0002));
#2588=CARTESIAN_POINT('',(0.00801698729810778,-0.00142473922221737,0.0005));
#2589=CARTESIAN_POINT('',(0.00755623307557285,-0.00142473922221737,0.000873390363098235));
#2590=CARTESIAN_POINT('',(0.0107174213562373,-0.00142473922221737,0.00403457864376269));
#2591=CARTESIAN_POINT('',(0.00958284271247462,-0.00142473922221737,0.0029));
#2592=CARTESIAN_POINT('',(0.0093,-0.00142473922221737,0.00318284271247462));
#2593=CARTESIAN_POINT('',(0.0097,-0.00142473922221737,0.00318284271247462));
#2594=CARTESIAN_POINT('',(0.0097,-0.00142473922221737,0.00375));
#2595=CARTESIAN_POINT('',(0.0097,-0.00142473922221737,0.00461715728752538));
#2596=CARTESIAN_POINT('',(0.0093,-0.00142473922221737,0.00461715728752538));
#2597=CARTESIAN_POINT('',(0.00958284271247462,-0.00142473922221737,0.0049));
#2598=CARTESIAN_POINT('',(0.0108674213562373,-0.00142473922221737,0.00361542135623731));
#2599=CARTESIAN_POINT('',(0.0084,-0.00142473922221737,0.00608284271247462));
#2600=CARTESIAN_POINT('',(0.00811715728752538,-0.00142473922221737,0.0058));
#2601=CARTESIAN_POINT('',(0.00811715728752538,-0.00142473922221737,0.0062));
#2602=CARTESIAN_POINT('',(-0.0082,-0.00142473922221737,0.0062));
#2603=CARTESIAN_POINT('',(-0.00811715728752539,-0.00142473922221737,0.0062));
#2604=CARTESIAN_POINT('',(-0.00811715728752539,-0.00142473922221737,0.0058));
#2605=CARTESIAN_POINT('',(-0.0084,-0.00142473922221737,0.00608284271247462));
#2606=CARTESIAN_POINT('',(-0.00964142135623731,-0.00142473922221737,0.00484142135623731));
#2607=CARTESIAN_POINT('',(-0.00958284271247462,-0.00142473922221737,0.0049));
#2608=CARTESIAN_POINT('',(-0.0093,-0.00142473922221737,0.00461715728752539));
#2609=CARTESIAN_POINT('',(-0.0097,-0.00142473922221737,0.00461715728752539));
#2610=CARTESIAN_POINT('',(-0.0097,-0.00142473922221737,0.0031));
#2611=CARTESIAN_POINT('',(-0.0097,-0.00142473922221737,0.00318284271247463));
#2612=CARTESIAN_POINT('',(-0.0093,-0.00142473922221737,0.00318284271247463));
#2613=CARTESIAN_POINT('',(0.00795,-0.259742360357549,0.00154999999999997));
#2614=CARTESIAN_POINT('',(0.00795,-0.00162473922221739,0.00155));
#2615=CARTESIAN_POINT('',(0.00944142135623731,-0.00162473922221737,0.00304142135623731));
#2616=CARTESIAN_POINT('',(0.0074,-0.00162473922221737,0.001));
#2617=CARTESIAN_POINT('',(0.0074,-0.00342473922221737,0.001));
#2618=CARTESIAN_POINT('',(0.0074,-0.00362473922221737,0.001));
#2619=CARTESIAN_POINT('',(0.00795,-0.00362473922221734,0.00155));
#2620=CARTESIAN_POINT('',(0.00641861847476084,-0.00362473922221734,1.86184747608388E-5));
#2621=CARTESIAN_POINT('',(0.00641861847476084,-0.259742360357549,1.86184747608092E-5));
#2622=CARTESIAN_POINT('',(0.00641861847476084,-0.0349247392222174,1.86184747608342E-5));
#2623=CARTESIAN_POINT('',(0.00795,-0.0349247392222174,0.00155));
#2624=CARTESIAN_POINT('',(0.00944142135623731,-0.0349247392222174,0.0030414213562373));
#2625=CARTESIAN_POINT('',(0.00944142135623731,-0.00142473922221736,0.00304142135623731));
#2626=CARTESIAN_POINT('',(-0.00795,-0.259742360357549,0.00154999999999998));
#2627=CARTESIAN_POINT('',(-0.0074,-0.00342473922221737,0.001));
#2628=CARTESIAN_POINT('',(-0.0074,-0.00362473922221737,0.001));
#2629=CARTESIAN_POINT('',(-0.0074,-0.00162473922221739,0.001));
#2630=CARTESIAN_POINT('',(-0.0095,-0.0016247392222174,0.0031));
#2631=CARTESIAN_POINT('',(-0.00944142135623731,-0.0016247392222174,0.00304142135623731));
#2632=CARTESIAN_POINT('',(-0.00944142135623731,-0.0349247392222174,0.00304142135623731));
#2633=CARTESIAN_POINT('',(-0.00944142135623731,-0.0349247392222174,0.00304142135623731));
#2634=CARTESIAN_POINT('',(-0.00795,-0.0349247392222174,0.00155));
#2635=CARTESIAN_POINT('',(-0.00641861847476084,-0.0349247392222174,1.8618474760842E-5));
#2636=CARTESIAN_POINT('',(-0.00641861847476084,-0.259742360357549,1.86184747608166E-5));
#2637=CARTESIAN_POINT('',(-0.00641861847476084,-0.00362473922221734,1.86184747608462E-5));
#2638=CARTESIAN_POINT('',(-0.00795,-0.00362473922221734,0.00155));
#2639=CARTESIAN_POINT('',(0.00906698729810778,-0.0364267392222174,-0.00075));
#2640=CARTESIAN_POINT('',(0.00932679491924311,-0.0364267392222174,-0.0012));
#2641=CARTESIAN_POINT('',(0.00932679491924311,-0.00575391882896743,-0.0012));
#2642=CARTESIAN_POINT('',(0.00932679491924311,-0.00362473922221737,-0.0012));
#2643=CARTESIAN_POINT('',(0.00906698729810778,-0.00362473922221737,-0.00075));
#2644=CARTESIAN_POINT('',(0.00863397459621556,-0.00362473922221737,1.6429276920397E-18));
#2645=CARTESIAN_POINT('',(0.00863397459621556,-0.0364267392222174,-4.70052237873851E-19));
#2646=CARTESIAN_POINT('',(0.00863397459621556,-0.0334247392222174,-8.67361737988404E-19));
#2647=CARTESIAN_POINT('',(0.0103660254037844,-0.0334247392222174,-0.003));
#2648=CARTESIAN_POINT('',(0.00932679491924311,-0.0358247392222173,-0.0012));
#2649=CARTESIAN_POINT('',(0.00932679491924311,-0.0364267392222174,-0.0012));
#2650=CARTESIAN_POINT('',(0.00932679491924311,-0.00709555961546731,-0.0012));
#2651=CARTESIAN_POINT('',(0.00944226497308104,-0.00642473922221737,-0.0014));
#2652=CARTESIAN_POINT('',(0.00596698729810778,-0.0364267392222174,-0.00075));
#2653=CARTESIAN_POINT('',(0.00638683475024126,-0.0364267392222174,-2.28028814764747E-5));
#2654=CARTESIAN_POINT('',(0.00638683475024126,-0.034881190007423,-2.28028814764745E-5));
#2655=CARTESIAN_POINT('',(0.00638683475024126,-0.00362473922221737,-2.28028814764708E-5));
#2656=CARTESIAN_POINT('',(0.00596698729810778,-0.00362473922221737,-0.00075));
#2657=CARTESIAN_POINT('',(0.00570717967697245,-0.00362473922221737,-0.0012));
#2658=CARTESIAN_POINT('',(0.00570717967697245,-0.0364267392222174,-0.0012));
#2659=CARTESIAN_POINT('',(0.00570717967697245,-0.00575391882896743,-0.0012));
#2660=CARTESIAN_POINT('',(0.00559170962313453,-0.00642473922221737,-0.0014));
#2661=CARTESIAN_POINT('',(0.00570717967697245,-0.00709555961546731,-0.0012));
#2662=CARTESIAN_POINT('',(0.00570717967697245,-0.0364267392222174,-0.0012));
#2663=CARTESIAN_POINT('',(0.00570717967697245,-0.0358247392222173,-0.0012));
#2664=CARTESIAN_POINT('',(0.00466794919243112,-0.0334247392222174,-0.003));
#2665=CARTESIAN_POINT('',(0.00618349364905389,-0.0348771079770452,-0.000375));
#2666=CARTESIAN_POINT('',(0.00628452994616208,-0.0349739325607003,-0.0002));
#2667=CARTESIAN_POINT('',(0.00751698729810778,-0.0364267392222174,-0.0015));
#2668=CARTESIAN_POINT('',(0.00588038475772934,-0.0364267392222174,-0.0015));
#2669=CARTESIAN_POINT('',(0.00588038475772934,-0.00575391882896743,-0.0015));
#2670=CARTESIAN_POINT('',(0.00588038475772934,-0.00362473922221737,-0.0015));
#2671=CARTESIAN_POINT('',(0.00751698729810778,-0.00362473922221737,-0.0015));
#2672=CARTESIAN_POINT('',(0.00915358983848622,-0.00362473922221737,-0.0015));
#2673=CARTESIAN_POINT('',(0.00915358983848622,-0.0364267392222174,-0.0015));
#2674=CARTESIAN_POINT('',(0.00915358983848622,-0.00575391882896743,-0.0015));
#2675=CARTESIAN_POINT('',(0.00751698729810778,-0.00575391882896743,-0.0015));
#2676=CARTESIAN_POINT('',(-0.00656003983099815,-0.259742360357549,-0.000122802881476493));
#2677=CARTESIAN_POINT('',(-0.00638683475024127,-0.0364267392222174,-2.28028814764675E-5));
#2678=CARTESIAN_POINT('',(-0.00638683475024127,-0.00362473922221737,-2.28028814764637E-5));
#2679=CARTESIAN_POINT('',(-0.00638683475024127,-0.0348811900074231,-2.28028814764673E-5));
#2680=CARTESIAN_POINT('',(-0.00656003983099815,-0.00362473922221734,-0.000122802881476464));
#2681=CARTESIAN_POINT('',(-0.00656003983099815,-0.0349247392222174,-0.000122802881476467));
#2682=CARTESIAN_POINT('',(-0.00639758742079051,-0.0349247392222174,-6.1443437789344E-6));
#2683=CARTESIAN_POINT('',(-0.00639758742079051,-0.0349247392222174,-6.14434377893438E-6));
#2684=CARTESIAN_POINT('',(-0.00639479103294718,-0.034909393786769,-1.00384432078347E-5));
#2685=CARTESIAN_POINT('',(-0.00639098891303979,-0.0348949374447036,-1.56076604461973E-5));
#2686=CARTESIAN_POINT('',(-0.00638683475023931,-0.0348811900074243,-2.28028814798631E-5));
#2687=CARTESIAN_POINT('',(-0.00809142135623731,-0.00162473922221739,0.0014085786437627));
#2688=CARTESIAN_POINT('',(-0.00755623307557285,-0.00162473922221739,0.000873390363098236));
#2689=CARTESIAN_POINT('',(-0.00958284271247462,-0.0016247392222174,0.0029));
#2690=CARTESIAN_POINT('',(0.011002,-0.00162473922221737,0.0002));
#2691=CARTESIAN_POINT('',(-0.00838717967697245,-0.00162473922221737,0.0002));
#2692=CARTESIAN_POINT('',(-0.00863397459621556,-0.00162473922221737,5.39788121608117E-18));
#2693=CARTESIAN_POINT('',(0.011002,-0.00162473922221737,0.));
#2694=CARTESIAN_POINT('',(-0.0108,-0.00162473922221737,0.));
#2695=CARTESIAN_POINT('',(-0.0108,-0.00162473922221737,0.0002));
#2696=CARTESIAN_POINT('',(0.0107174213562373,-0.00162473922221737,0.00403457864376269));
#2697=CARTESIAN_POINT('',(0.00755623307557285,-0.00162473922221737,0.000873390363098235));
#2698=CARTESIAN_POINT('',(0.00958284271247462,-0.00162473922221737,0.0029));
#2699=CARTESIAN_POINT('',(0.00656003983099815,-0.0364267392222174,-0.000122802881476475));
#2700=CARTESIAN_POINT('',(0.00656003983099815,-0.00362473922221737,-0.000122802881476471));
#2701=CARTESIAN_POINT('',(0.00638683475024126,-0.034881190007423,-2.28028814764744E-5));
#2702=CARTESIAN_POINT('',(0.00639098891304195,-0.0348949374447025,-1.56076604427729E-5));
#2703=CARTESIAN_POINT('',(0.0063947910329472,-0.0349093937867692,-1.00384432077999E-5));
#2704=CARTESIAN_POINT('',(0.00639758742079051,-0.0349247392222174,-6.14434377893344E-6));
#2705=CARTESIAN_POINT('',(0.00639758742079051,-0.0349247392222174,-6.14434377893437E-6));
#2706=CARTESIAN_POINT('',(0.00656003983099815,-0.0349247392222174,-0.000122802881476475));
#2707=CARTESIAN_POINT('',(0.011002,-0.00162473922221737,0.0002));
#2708=CARTESIAN_POINT('',(0.011002,-0.00162473922221737,0.));
#2709=CARTESIAN_POINT('',(0.00863397459621556,-0.00162473922221737,8.13151629364128E-20));
#2710=CARTESIAN_POINT('',(0.0108,-0.00162473922221737,0.));
#2711=CARTESIAN_POINT('',(0.00838717967697245,-0.00162473922221737,0.0002));
#2712=CARTESIAN_POINT('',(0.0108,-0.00162473922221737,0.0002));
#2713=CARTESIAN_POINT('',(-0.00751698729810778,-0.0364267392222174,-0.0015));
#2714=CARTESIAN_POINT('',(-0.00915358983848622,-0.0364267392222174,-0.0015));
#2715=CARTESIAN_POINT('',(-0.00915358983848622,-0.0360228154335707,-0.0015));
#2716=CARTESIAN_POINT('',(-0.00915358983848622,-0.00709555961546731,-0.0015));
#2717=CARTESIAN_POINT('',(-0.00588038475772934,-0.00709555961546731,-0.0015));
#2718=CARTESIAN_POINT('',(-0.00588038475772934,-0.00709555961546731,-0.0015));
#2719=CARTESIAN_POINT('',(-0.00588038475772934,-0.0364267392222174,-0.0015));
#2720=CARTESIAN_POINT('',(-0.00588038475772934,-0.0360228154335707,-0.0015));
#2721=CARTESIAN_POINT('',(0.011002,-0.0360228154335707,-0.0015));
#2722=CARTESIAN_POINT('',(-0.00751698729810778,-0.0364267392222174,-0.0015));
#2723=CARTESIAN_POINT('',(-0.00915358983848622,-0.0364267392222174,-0.0015));
#2724=CARTESIAN_POINT('',(-0.00915358983848622,-0.00575391882896743,-0.0015));
#2725=CARTESIAN_POINT('',(-0.00915358983848622,-0.00362473922221737,-0.0015));
#2726=CARTESIAN_POINT('',(0.,-0.00362473922221737,-0.0015));
#2727=CARTESIAN_POINT('',(-0.00588038475772934,-0.00362473922221737,-0.0015));
#2728=CARTESIAN_POINT('',(-0.00588038475772934,-0.0364267392222174,-0.0015));
#2729=CARTESIAN_POINT('',(-0.00588038475772934,-0.00575391882896743,-0.0015));
#2730=CARTESIAN_POINT('',(-0.00915358983848622,-0.00575391882896744,-0.0015));
#2731=CARTESIAN_POINT('',(0.00751698729810778,-0.0364267392222174,-0.0015));
#2732=CARTESIAN_POINT('',(0.00588038475772934,-0.0364267392222174,-0.0015));
#2733=CARTESIAN_POINT('',(0.00588038475772934,-0.0360228154335707,-0.0015));
#2734=CARTESIAN_POINT('',(0.00588038475772934,-0.00709555961546731,-0.0015));
#2735=CARTESIAN_POINT('',(0.00751698729810778,-0.00709555961546731,-0.0015));
#2736=CARTESIAN_POINT('',(0.00915358983848622,-0.00709555961546731,-0.0015));
#2737=CARTESIAN_POINT('',(0.00915358983848622,-0.0364267392222174,-0.0015));
#2738=CARTESIAN_POINT('',(0.00915358983848622,-0.0360228154335707,-0.0015));
#2739=CARTESIAN_POINT('',(0.011002,-0.0360228154335707,-0.0015));
#2740=CARTESIAN_POINT('',(-0.00588038475772934,-0.0364267392222174,-0.0013));
#2741=CARTESIAN_POINT('',(-0.00588038475772934,-0.00709555961546731,-0.0013));
#2742=CARTESIAN_POINT('',(-0.00570717967697245,-0.00709555961546731,-0.0012));
#2743=CARTESIAN_POINT('',(-0.00570717967697245,-0.0364267392222174,-0.0012));
#2744=CARTESIAN_POINT('',(-0.00570717967697245,-0.0358247392222173,-0.0012));
#2745=CARTESIAN_POINT('',(-0.00588038475772934,-0.0360228154335707,-0.0015));
#2746=CARTESIAN_POINT('',(-0.00572174975489656,-0.0360228154335707,-0.0015));
#2747=CARTESIAN_POINT('',(-0.00564092686073227,-0.0359108041551216,-0.0013147532438723));
#2748=CARTESIAN_POINT('',(-0.00570717967697233,-0.0358247392222173,-0.00119999999999996));
#2749=CARTESIAN_POINT('',(-0.00588038475772934,-0.0364267392222174,-0.0013));
#2750=CARTESIAN_POINT('',(-0.00588038475772934,-0.00362473922221737,-0.0013));
#2751=CARTESIAN_POINT('',(-0.00570717967697245,-0.00362473922221737,-0.0012));
#2752=CARTESIAN_POINT('',(-0.00570717967697245,-0.0364267392222174,-0.0012));
#2753=CARTESIAN_POINT('',(-0.00570717967697245,-0.00575391882896743,-0.0012));
#2754=CARTESIAN_POINT('',(-0.00588038475772934,-0.00575391882896743,-0.0013));
#2755=CARTESIAN_POINT('',(-0.00915358983848622,-0.0364267392222174,-0.0013));
#2756=CARTESIAN_POINT('',(-0.00932679491924311,-0.0364267392222174,-0.0012));
#2757=CARTESIAN_POINT('',(-0.00932679491924311,-0.00709555961546731,-0.0012));
#2758=CARTESIAN_POINT('',(-0.00932679491924311,-0.0358247392222173,-0.0012));
#2759=CARTESIAN_POINT('',(-0.00915358983848622,-0.00709555961546731,-0.0013));
#2760=CARTESIAN_POINT('',(-0.00932679491924311,-0.0358247392222173,-0.0012));
#2761=CARTESIAN_POINT('',(-0.0093932106128517,-0.0359110157390299,-0.00131503535575001));
#2762=CARTESIAN_POINT('',(-0.00931283056738591,-0.0360228154335727,-0.00150000000000063));
#2763=CARTESIAN_POINT('',(-0.00915358983848663,-0.0360228154335729,-0.00150000000000095));
#2764=CARTESIAN_POINT('',(-0.00915358983848622,-0.0364267392222174,-0.0013));
#2765=CARTESIAN_POINT('',(-0.00915358983848622,-0.00362473922221737,-0.0013));
#2766=CARTESIAN_POINT('',(-0.00932679491924311,-0.00362473922221737,-0.0012));
#2767=CARTESIAN_POINT('',(-0.00915358983848622,-0.00575391882896743,-0.0013));
#2768=CARTESIAN_POINT('',(-0.00932679491924311,-0.00575391882896743,-0.0012));
#2769=CARTESIAN_POINT('',(-0.00932679491924311,-0.0364267392222174,-0.0012));
#2770=CARTESIAN_POINT('',(0.00588038475772934,-0.0364267392222174,-0.0013));
#2771=CARTESIAN_POINT('',(0.00588038475772934,-0.00709555961546731,-0.0013));
#2772=CARTESIAN_POINT('',(0.00570717967697245,-0.0358247392222173,-0.0012));
#2773=CARTESIAN_POINT('',(0.00564076398336386,-0.0359110157390299,-0.00131503535575));
#2774=CARTESIAN_POINT('',(0.00572114402882965,-0.0360228154335727,-0.00150000000000063));
#2775=CARTESIAN_POINT('',(0.00588038475772893,-0.0360228154335729,-0.00150000000000095));
#2776=CARTESIAN_POINT('',(0.00588038475772934,-0.0364267392222174,-0.0013));
#2777=CARTESIAN_POINT('',(0.00588038475772934,-0.00362473922221737,-0.0013));
#2778=CARTESIAN_POINT('',(0.00588038475772934,-0.00575391882896743,-0.0013));
#2779=CARTESIAN_POINT('',(0.00915358983848622,-0.0364267392222174,-0.0013));
#2780=CARTESIAN_POINT('',(0.00915358983848622,-0.00709555961546731,-0.0013));
#2781=CARTESIAN_POINT('',(0.00915358983848622,-0.0360228154335707,-0.0015));
#2782=CARTESIAN_POINT('',(0.009312224841319,-0.0360228154335707,-0.0015));
#2783=CARTESIAN_POINT('',(0.0093930477354833,-0.0359108041551216,-0.00131475324387231));
#2784=CARTESIAN_POINT('',(0.00932679491924324,-0.0358247392222173,-0.00119999999999996));
#2785=CARTESIAN_POINT('',(0.00915358983848622,-0.0364267392222174,-0.0013));
#2786=CARTESIAN_POINT('',(0.00915358983848622,-0.00362473922221737,-0.0013));
#2787=CARTESIAN_POINT('',(0.00915358983848622,-0.00575391882896743,-0.0013));
#2788=CARTESIAN_POINT('',(0.011002,-0.0189247392222174,0.0075));
#2789=CARTESIAN_POINT('',(0.011002,-0.00162473922221737,0.0075));
#2790=CARTESIAN_POINT('',(0.0108,-0.00162473922221737,0.0075));
#2791=CARTESIAN_POINT('',(-0.0108,-0.00162473922221737,0.0075));
#2792=CARTESIAN_POINT('',(-0.0108,-0.0364247392222174,0.0075));
#2793=CARTESIAN_POINT('',(-0.0108,-0.0362247392222174,0.0075));
#2794=CARTESIAN_POINT('',(0.011002,-0.0362247392222174,0.0075));
#2795=CARTESIAN_POINT('',(0.0108,-0.0362247392222174,0.0075));
#2796=CARTESIAN_POINT('',(0.0108,-0.0189247392222174,0.0075));
#2797=CARTESIAN_POINT('',(-0.0095,-0.0263747392222173,0.0075));
#2798=CARTESIAN_POINT('',(-0.0095,-0.0238247392222173,0.0075));
#2799=CARTESIAN_POINT('',(-0.0095,-0.0289247392222174,0.0075));
#2800=CARTESIAN_POINT('',(-1.7347234759768E-18,-0.0238247392222173,0.0075));
#2801=CARTESIAN_POINT('',(0.0095,-0.0238247392222173,0.0075));
#2802=CARTESIAN_POINT('',(0.0095,-0.0263747392222173,0.0075));
#2803=CARTESIAN_POINT('',(0.0095,-0.0289247392222174,0.0075));
#2804=CARTESIAN_POINT('',(0.,-0.0289247392222174,0.0075));
#2805=CARTESIAN_POINT('',(-0.00885,-0.259742360357549,0.00535));
#2806=CARTESIAN_POINT('',(-0.00885,-0.0238247392222173,0.00535));
#2807=CARTESIAN_POINT('',(-0.00944142135623731,-0.0238247392222173,0.00475857864376269));
#2808=CARTESIAN_POINT('',(-0.00825857864376269,-0.0238247392222173,0.00594142135623731));
#2809=CARTESIAN_POINT('',(-0.00944142135623731,-0.00142473922221736,0.0047585786437627));
#2810=CARTESIAN_POINT('',(-0.00944142135623731,-0.00162473922221739,0.0047585786437627));
#2811=CARTESIAN_POINT('',(-0.0082,-0.00162473922221739,0.006));
#2812=CARTESIAN_POINT('',(-0.0082585786437627,-0.00162473922221739,0.00594142135623731));
#2813=CARTESIAN_POINT('',(-0.0082585786437627,-0.0349247392222174,0.00594142135623731));
#2814=CARTESIAN_POINT('',(-0.0041,-0.259742360357549,0.006));
#2815=CARTESIAN_POINT('',(-0.0041,-0.0238247392222173,0.006));
#2816=CARTESIAN_POINT('',(-0.00811715728752539,-0.0238247392222173,0.006));
#2817=CARTESIAN_POINT('',(0.00811715728752538,-0.0238247392222173,0.006));
#2818=CARTESIAN_POINT('',(-0.00811715728752539,-0.00142473922221736,0.006));
#2819=CARTESIAN_POINT('',(-0.00811715728752539,-0.00162473922221739,0.006));
#2820=CARTESIAN_POINT('',(0.0082,-0.00162473922221739,0.006));
#2821=CARTESIAN_POINT('',(0.00811715728752538,-0.00162473922221739,0.006));
#2822=CARTESIAN_POINT('',(0.00811715728752538,-0.259742360357549,0.006));
#2823=CARTESIAN_POINT('',(0.00885,-0.259742360357549,0.00535));
#2824=CARTESIAN_POINT('',(0.00944142135623731,-0.0349247392222174,0.00475857864376269));
#2825=CARTESIAN_POINT('',(0.00944142135623731,-0.00162473922221737,0.00475857864376269));
#2826=CARTESIAN_POINT('',(0.00944142135623731,-0.0238247392222173,0.00475857864376269));
#2827=CARTESIAN_POINT('',(0.00885,-0.0238247392222173,0.00535));
#2828=CARTESIAN_POINT('',(0.00825857864376269,-0.0238247392222173,0.00594142135623731));
#2829=CARTESIAN_POINT('',(0.00825857864376269,-0.259742360357549,0.00594142135623728));
#2830=CARTESIAN_POINT('',(0.00825857864376269,-0.00162473922221737,0.00594142135623731));
#2831=CARTESIAN_POINT('',(0.00885,-0.00162473922221739,0.00535));
#2832=CARTESIAN_POINT('',(-0.0093,-0.259742360357549,0.00461715728752536));
#2833=CARTESIAN_POINT('',(-0.0093,-0.0238247392222173,0.00461715728752538));
#2834=CARTESIAN_POINT('',(-0.0095,-0.0238247392222173,0.00461715728752538));
#2835=CARTESIAN_POINT('',(-0.0095,-0.0349247392222174,0.00461715728752538));
#2836=CARTESIAN_POINT('',(-0.0095,-0.00162473922221739,0.00461715728752539));
#2837=CARTESIAN_POINT('',(-0.0093,-0.00162473922221739,0.00461715728752539));
#2838=CARTESIAN_POINT('',(-0.00811715728752539,-0.259742360357549,0.0058));
#2839=CARTESIAN_POINT('',(-0.00811715728752539,-0.0238247392222173,0.0058));
#2840=CARTESIAN_POINT('',(-0.00811715728752539,-0.00162473922221739,0.0058));
#2841=CARTESIAN_POINT('',(0.00811715728752538,-0.259742360357549,0.0058));
#2842=CARTESIAN_POINT('',(0.00811715728752538,-0.0238247392222173,0.0058));
#2843=CARTESIAN_POINT('',(0.00811715728752538,-0.00162473922221739,0.0058));
#2844=CARTESIAN_POINT('',(0.0093,-0.259742360357549,0.00461715728752535));
#2845=CARTESIAN_POINT('',(0.0093,-0.0238247392222173,0.00461715728752538));
#2846=CARTESIAN_POINT('',(0.0095,-0.0238247392222173,0.00461715728752538));
#2847=CARTESIAN_POINT('',(0.0093,-0.00162473922221739,0.00461715728752538));
#2848=CARTESIAN_POINT('',(0.0095,-0.00162473922221737,0.00461715728752538));
#2849=CARTESIAN_POINT('',(0.0095,-0.00142473922221736,0.00461715728752538));
#2850=CARTESIAN_POINT('',(0.011002,-0.0174247392222174,0.));
#2851=CARTESIAN_POINT('',(0.0108,-0.0174247392222174,0.));
#2852=CARTESIAN_POINT('',(0.0108,-0.0334247392222174,-8.67361737988404E-19));
#2853=CARTESIAN_POINT('',(0.011002,-0.0334247392222174,-8.67361737988404E-19));
#2854=CARTESIAN_POINT('',(0.00863397459621556,-0.00342473922221737,-1.44560289664735E-20));
#2855=CARTESIAN_POINT('',(0.011002,-0.0334247392222174,-0.003));
#2856=CARTESIAN_POINT('',(0.011002,-0.0348771079770452,-0.000375));
#2857=CARTESIAN_POINT('',(-0.00618349364905389,-0.0348771079770452,-0.000375));
#2858=CARTESIAN_POINT('',(0.0108,-0.0334247392222174,-0.003));
#2859=CARTESIAN_POINT('',(0.0108,-0.0360497392222174,-0.00154763124517222));
#2860=CARTESIAN_POINT('',(0.011002,-0.0360497392222174,-0.00154763124517222));
#2861=CARTESIAN_POINT('',(-0.0108,-0.0360497392222174,-0.00154763124517222));
#2862=CARTESIAN_POINT('',(-0.0108,-0.0334247392222174,-0.003));
#2863=CARTESIAN_POINT('',(-0.0108,-0.0334247392222174,-8.67361737988404E-19));
#2864=CARTESIAN_POINT('',(0.011002,-0.0334247392222174,-8.67361737988404E-19));
#2865=CARTESIAN_POINT('',(-0.00863397459621556,-0.0334247392222174,1.72026744701033E-18));
#2866=CARTESIAN_POINT('',(-0.0103660254037844,-0.0334247392222174,-0.003));
#2867=CARTESIAN_POINT('',(-0.00466794919243112,-0.0334247392222174,-0.003));
#2868=CARTESIAN_POINT('',(-0.011,-0.0169623696111087,-0.000283651224376201));
#2869=CARTESIAN_POINT('',(-0.011,-0.0334247392222174,0.0002));
#2870=CARTESIAN_POINT('',(-0.011,-0.00162473922221737,0.0002));
#2871=CARTESIAN_POINT('',(-0.011,-0.0334247392222174,0.0002));
#2872=CARTESIAN_POINT('',(-0.011,-0.0334247392222174,-0.003));
#2873=CARTESIAN_POINT('',(-0.011,-0.0362247392222174,-0.00145080666151704));
#2874=CARTESIAN_POINT('',(-0.011,-0.0362247392222174,0.0075));
#2875=CARTESIAN_POINT('',(-0.011,-0.0362247392222174,0.0073));
#2876=CARTESIAN_POINT('',(-0.011,-0.00142473922221737,0.0073));
#2877=CARTESIAN_POINT('',(-0.011,-0.00162473922221737,0.0073));
#2878=CARTESIAN_POINT('',(-0.011,-0.00162473922221737,3.46944695195361E-18));
#2879=CARTESIAN_POINT('',(0.011002,-0.0364247392222174,0.00225));
#2880=CARTESIAN_POINT('',(0.0108,-0.0364247392222174,0.00225));
#2881=CARTESIAN_POINT('',(0.0108,-0.0364247392222174,-0.00145080666151704));
#2882=CARTESIAN_POINT('',(0.0108,-0.0364247392222174,0.0073));
#2883=CARTESIAN_POINT('',(0.011002,-0.0364247392222174,0.0073));
#2884=CARTESIAN_POINT('',(-0.0108,-0.0364247392222174,0.0073));
#2885=CARTESIAN_POINT('',(-0.0108,-0.0364247392222174,-0.003));
#2886=CARTESIAN_POINT('',(-0.0108,-0.0364247392222174,-0.00145080666151704));
#2887=CARTESIAN_POINT('',(0.011002,-0.0364247392222174,-0.00145080666151704));
#2888=CARTESIAN_POINT('',(0.011002,-0.0174247392222174,0.));
#2889=CARTESIAN_POINT('',(-0.00863397459621556,-0.00342473922221737,-1.2612885273248E-18));
#2890=CARTESIAN_POINT('',(-0.00863397459621556,-0.00362473922221737,-2.62087805162162E-18));
#2891=CARTESIAN_POINT('',(-0.00863397459621556,-0.0364267392222174,1.37309145535151E-18));
#2892=CARTESIAN_POINT('',(-0.0108,-0.00142473922221737,0.));
#2893=CARTESIAN_POINT('',(0.011,-0.0169623696111087,-0.000283651224376201));
#2894=CARTESIAN_POINT('',(0.011,-0.00162473922221737,-0.000283651224376199));
#2895=CARTESIAN_POINT('',(0.011,-0.00162473922221737,0.0002));
#2896=CARTESIAN_POINT('',(0.011,-0.00162473922221737,0.0073));
#2897=CARTESIAN_POINT('',(0.011,-0.0169623696111087,0.0073));
#2898=CARTESIAN_POINT('',(0.011,-0.0362247392222174,0.0073));
#2899=CARTESIAN_POINT('',(0.011,-0.0362247392222174,-0.000283651224376201));
#2900=CARTESIAN_POINT('',(0.011,-0.0362247392222174,-0.00145080666151704));
#2901=CARTESIAN_POINT('',(0.011,-0.0334247392222174,-0.003));
#2902=CARTESIAN_POINT('',(0.011,-0.0334247392222174,0.0002));
#2903=CARTESIAN_POINT('',(0.011,-0.0169623696111087,0.0002));
#2904=CARTESIAN_POINT('',(-0.0095,-0.259742360357549,0.0039));
#2905=CARTESIAN_POINT('',(-0.0095,-0.0238247392222173,0.0035));
#2906=CARTESIAN_POINT('',(-0.0095,-0.0289247392222174,0.0035));
#2907=CARTESIAN_POINT('',(-0.0095,-0.0289247392222174,0.00461715728752538));
#2908=CARTESIAN_POINT('',(-0.0095,-0.0349247392222174,0.00461715728752538));
#2909=CARTESIAN_POINT('',(-0.0095,-0.0349247392222174,0.00461715728752538));
#2910=CARTESIAN_POINT('',(-0.0095,-0.0349247392222174,0.0039));
#2911=CARTESIAN_POINT('',(-0.0095,-0.0349247392222174,0.00318284271247462));
#2912=CARTESIAN_POINT('',(-0.0095,-0.00142473922221736,0.00318284271247463));
#2913=CARTESIAN_POINT('',(-0.0095,-0.00162473922221739,0.00318284271247463));
#2914=CARTESIAN_POINT('',(-0.0095,-0.00162473922221739,0.0047));
#2915=CARTESIAN_POINT('',(-0.00885,-0.259742360357549,0.00535));
#2916=CARTESIAN_POINT('',(-0.00944142135623731,-0.00142473922221736,0.0047585786437627));
#2917=CARTESIAN_POINT('',(-0.00944142135623731,-0.0349247392222174,0.00475857864376269));
#2918=CARTESIAN_POINT('',(-0.00944142135623731,-0.0289247392222174,0.00475857864376269));
#2919=CARTESIAN_POINT('',(-0.00885,-0.0289247392222174,0.00535));
#2920=CARTESIAN_POINT('',(-0.00825857864376269,-0.0289247392222174,0.00594142135623731));
#2921=CARTESIAN_POINT('',(-0.0082585786437627,-0.0349247392222174,0.00594142135623731));
#2922=CARTESIAN_POINT('',(-0.0082585786437627,-0.0349247392222174,0.00594142135623731));
#2923=CARTESIAN_POINT('',(-0.00885,-0.0349247392222174,0.00535));
#2924=CARTESIAN_POINT('',(-0.0041,-0.259742360357549,0.006));
#2925=CARTESIAN_POINT('',(-0.00811715728752539,-0.00142473922221736,0.006));
#2926=CARTESIAN_POINT('',(-0.00811715728752539,-0.0349247392222174,0.006));
#2927=CARTESIAN_POINT('',(-0.00811715728752539,-0.0289247392222174,0.006));
#2928=CARTESIAN_POINT('',(-0.0041,-0.0289247392222174,0.006));
#2929=CARTESIAN_POINT('',(0.00811715728752538,-0.0289247392222174,0.006));
#2930=CARTESIAN_POINT('',(0.00811715728752538,-0.259742360357549,0.006));
#2931=CARTESIAN_POINT('',(0.00811715728752538,-0.0349247392222174,0.006));
#2932=CARTESIAN_POINT('',(-0.0041,-0.0349247392222174,0.006));
#2933=CARTESIAN_POINT('',(0.00885,-0.259742360357549,0.00535));
#2934=CARTESIAN_POINT('',(0.00885,-0.0289247392222174,0.00535));
#2935=CARTESIAN_POINT('',(0.00944142135623731,-0.0289247392222174,0.00475857864376269));
#2936=CARTESIAN_POINT('',(0.00825857864376269,-0.0289247392222174,0.00594142135623731));
#2937=CARTESIAN_POINT('',(0.00944142135623731,-0.0349247392222174,0.00475857864376269));
#2938=CARTESIAN_POINT('',(0.00944142135623731,-0.0349247392222174,0.00475857864376269));
#2939=CARTESIAN_POINT('',(0.00885,-0.0349247392222174,0.00535));
#2940=CARTESIAN_POINT('',(0.00825857864376269,-0.0349247392222174,0.00594142135623731));
#2941=CARTESIAN_POINT('',(0.00825857864376269,-0.259742360357549,0.00594142135623728));
#2942=CARTESIAN_POINT('',(0.0095,-0.259742360357549,0.0039));
#2943=CARTESIAN_POINT('',(0.0095,-0.00142473922221736,0.00461715728752538));
#2944=CARTESIAN_POINT('',(0.0095,-0.0349247392222174,0.00461715728752538));
#2945=CARTESIAN_POINT('',(0.0095,-0.0289247392222174,0.00461715728752538));
#2946=CARTESIAN_POINT('',(0.0095,-0.0289247392222174,0.0035));
#2947=CARTESIAN_POINT('',(0.0095,-0.0238247392222173,0.0035));
#2948=CARTESIAN_POINT('',(0.0095,-0.00162473922221739,0.0039));
#2949=CARTESIAN_POINT('',(0.0095,-0.00162473922221737,0.00318284271247462));
#2950=CARTESIAN_POINT('',(0.0095,-0.0349247392222174,0.00318284271247462));
#2951=CARTESIAN_POINT('',(0.0095,-0.0349247392222174,0.00318284271247462));
#2952=CARTESIAN_POINT('',(0.0095,-0.0349247392222174,0.0039));
#2953=CARTESIAN_POINT('',(0.011002,-0.0349247392222174,0.00225));
#2954=CARTESIAN_POINT('',(0.0093,-0.0349247392222174,0.00318284271247462));
#2955=CARTESIAN_POINT('',(0.,-0.0349247392222174,-6.14434377893438E-6));
#2956=CARTESIAN_POINT('',(-0.0093,-0.0349247392222174,0.00318284271247462));
#2957=CARTESIAN_POINT('',(-0.0093,-0.0349247392222174,0.00461715728752538));
#2958=CARTESIAN_POINT('',(-0.00811715728752539,-0.0349247392222174,0.0058));
#2959=CARTESIAN_POINT('',(0.00811715728752538,-0.0349247392222174,0.0058));
#2960=CARTESIAN_POINT('',(0.0093,-0.0349247392222174,0.00461715728752538));
#2961=CARTESIAN_POINT('',(-0.00596698729810778,-0.0364267392222174,-0.00075));
#2962=CARTESIAN_POINT('',(-0.00609903810567666,-0.00362473922221737,-0.000521281292110203));
#2963=CARTESIAN_POINT('',(-0.00628452994616208,-0.0349739325607003,-0.0002));
#2964=CARTESIAN_POINT('',(-0.00559170962313453,-0.00642473922221737,-0.0014));
#2965=CARTESIAN_POINT('',(-0.00906698729810778,-0.0364267392222174,-0.00075));
#2966=CARTESIAN_POINT('',(-0.00517644284148501,-0.00362473922221737,0.00598862066797609));
#2967=CARTESIAN_POINT('',(-0.00944226497308104,-0.00642473922221737,-0.0014));
#2968=CARTESIAN_POINT('',(-0.0093,-0.259742360357549,0.0031828427124746));
#2969=CARTESIAN_POINT('',(-0.0093,-0.00162473922221739,0.00318284271247463));
#2970=CARTESIAN_POINT('',(-0.0097,-0.00162473922221739,0.0039));
#2971=CARTESIAN_POINT('',(-0.0097,-0.00162473922221739,0.00461715728752539));
#2972=CARTESIAN_POINT('',(-0.0097,-0.00162473922221737,0.00318284271247463));
#2973=CARTESIAN_POINT('',(-0.0093,-0.259742360357549,0.00461715728752536));
#2974=CARTESIAN_POINT('',(-0.0093,-0.0289247392222174,0.00461715728752538));
#2975=CARTESIAN_POINT('',(-0.0093,-0.00162473922221739,0.00318284271247463));
#2976=CARTESIAN_POINT('',(-0.0093,-0.00162473922221739,0.00461715728752539));
#2977=CARTESIAN_POINT('',(-0.00958284271247462,-0.00162473922221737,0.0049));
#2978=CARTESIAN_POINT('',(-0.00899142135623731,-0.00162473922221739,0.00549142135623731));
#2979=CARTESIAN_POINT('',(-0.0084,-0.00162473922221739,0.00608284271247462));
#2980=CARTESIAN_POINT('',(-0.00811715728752539,-0.259742360357549,0.0058));
#2981=CARTESIAN_POINT('',(-0.00811715728752539,-0.0289247392222174,0.0058));
#2982=CARTESIAN_POINT('',(-0.00811715728752539,-0.00162473922221739,0.0058));
#2983=CARTESIAN_POINT('',(-0.00811715728752539,-0.00162473922221737,0.0062));
#2984=CARTESIAN_POINT('',(-0.0041,-0.00162473922221739,0.0062));
#2985=CARTESIAN_POINT('',(0.00811715728752538,-0.00162473922221739,0.0062));
#2986=CARTESIAN_POINT('',(0.00811715728752538,-0.259742360357549,0.0058));
#2987=CARTESIAN_POINT('',(0.00811715728752538,-0.0289247392222174,0.0058));
#2988=CARTESIAN_POINT('',(0.00811715728752538,-0.00162473922221739,0.0058));
#2989=CARTESIAN_POINT('',(0.0084,-0.00162473922221737,0.00608284271247462));
#2990=CARTESIAN_POINT('',(0.0108674213562373,-0.00162473922221737,0.00361542135623731));
#2991=CARTESIAN_POINT('',(0.00958284271247462,-0.00162473922221737,0.0049));
#2992=CARTESIAN_POINT('',(0.0093,-0.259742360357549,0.00461715728752535));
#2993=CARTESIAN_POINT('',(0.0093,-0.0289247392222174,0.00461715728752538));
#2994=CARTESIAN_POINT('',(0.0093,-0.00162473922221739,0.00461715728752538));
#2995=CARTESIAN_POINT('',(0.0097,-0.00162473922221737,0.00461715728752538));
#2996=CARTESIAN_POINT('',(0.0097,-0.00162473922221737,0.00375));
#2997=CARTESIAN_POINT('',(0.0097,-0.00162473922221737,0.00318284271247462));
#2998=CARTESIAN_POINT('',(0.0093,-0.259742360357549,0.00318284271247459));
#2999=CARTESIAN_POINT('',(0.0093,-0.00162473922221739,0.00318284271247462));
#3000=CARTESIAN_POINT('',(-0.0108,-0.0169623696111087,0.0002));
#3001=CARTESIAN_POINT('',(-0.0108,-0.00162473922221737,0.0002));
#3002=CARTESIAN_POINT('',(-0.0108,-0.0334247392222174,0.0002));
#3003=CARTESIAN_POINT('',(0.0093,-0.00162473922221739,0.00318284271247462));
#3004=CARTESIAN_POINT('',(-0.0108,-0.0334247392222174,-0.003));
#3005=CARTESIAN_POINT('',(-0.0108,-0.0362247392222174,-0.00145080666151704));
#3006=CARTESIAN_POINT('',(-0.0108,-0.0362247392222174,-0.000283651224376201));
#3007=CARTESIAN_POINT('',(-0.0108,-0.0362247392222174,0.0073));
#3008=CARTESIAN_POINT('',(-0.0108,-0.0362247392222174,-0.00145080666151704));
#3009=CARTESIAN_POINT('',(-0.0108,-0.0362247392222174,0.0073));
#3010=CARTESIAN_POINT('',(-0.0108,-0.0362247392222174,0.0073));
#3011=CARTESIAN_POINT('',(-0.0108,-0.0362247392222174,0.0073));
#3012=CARTESIAN_POINT('',(-0.0108,-0.00162473922221737,0.0002));
#3013=CARTESIAN_POINT('',(-0.0108,-0.00162473922221737,0.0002));
#3014=CARTESIAN_POINT('',(-0.0108,-0.0362247392222174,-0.00145080666151704));
#3015=CARTESIAN_POINT('',(-0.0108,-0.0362247392222174,-0.00145080666151704));
#3016=CARTESIAN_POINT('',(0.011002,-0.0362247392222174,0.0073));
#3017=CARTESIAN_POINT('',(0.0108,-0.0362247392222174,0.0073));
#3018=CARTESIAN_POINT('',(-0.0108,-0.0169623696111087,0.0073));
#3019=CARTESIAN_POINT('',(-0.0108,-0.00162473922221737,0.0073));
#3020=CARTESIAN_POINT('',(-0.0108,-0.00162473922221737,-0.000283651224376199));
#3021=CARTESIAN_POINT('',(-0.0108,-0.00162473922221737,0.0073));
#3022=CARTESIAN_POINT('',(0.011002,-0.0362247392222174,-0.00145080666151704));
#3023=CARTESIAN_POINT('',(0.0108,-0.0362247392222174,-0.00145080666151704));
#3024=CARTESIAN_POINT('',(0.0108,-0.0362247392222174,0.00225));
#3025=CARTESIAN_POINT('',(0.0108,-0.0362247392222174,0.0073));
#3026=CARTESIAN_POINT('',(0.0108,-0.0362247392222174,-0.00145080666151704));
#3027=CARTESIAN_POINT('',(0.0108,-0.0362247392222174,0.0073));
#3028=CARTESIAN_POINT('',(0.0108,-0.0362247392222174,0.0073));
#3029=CARTESIAN_POINT('',(-0.0108,-0.00162473922221737,0.0073));
#3030=CARTESIAN_POINT('',(-0.0108,-0.00162473922221737,0.0073));
#3031=CARTESIAN_POINT('',(0.0108,-0.0362247392222174,-0.00145080666151704));
#3032=CARTESIAN_POINT('',(0.0108,-0.0362247392222174,-0.00145080666151704));
#3033=CARTESIAN_POINT('',(0.0108,-0.0189247392222174,0.0073));
#3034=CARTESIAN_POINT('',(0.0108,-0.00162473922221737,0.0073));
#3035=CARTESIAN_POINT('',(0.011002,-0.00162473922221737,0.0073));
#3036=CARTESIAN_POINT('',(0.0108,-0.00162473922221737,0.0073));
#3037=CARTESIAN_POINT('',(0.0108,-0.0334247392222174,-0.003));
#3038=CARTESIAN_POINT('',(0.0108,-0.0334247392222174,0.0002));
#3039=CARTESIAN_POINT('',(0.0108,-0.00162473922221737,0.0073));
#3040=CARTESIAN_POINT('',(0.0108,-0.00162473922221737,0.0073));
#3041=CARTESIAN_POINT('',(0.0108,-0.0174247392222174,0.0002));
#3042=CARTESIAN_POINT('',(0.0108,-0.00162473922221737,0.0002));
#3043=CARTESIAN_POINT('',(0.0108,-0.00162473922221737,0.00375));
#3044=CARTESIAN_POINT('',(0.0108,-0.00162473922221737,0.0002));
#3045=CARTESIAN_POINT('',(0.0108,-0.00162473922221737,0.0002));
#3046=CARTESIAN_POINT('',(0.011002,-0.0349739325607003,-0.0002));
#3047=CARTESIAN_POINT('',(-1.7347234759768E-18,-0.0238247392222173,0.0035));
#3048=CARTESIAN_POINT('',(0.,-0.0289247392222174,0.0035));
#3049=CARTESIAN_POINT('',(0.011002,-0.00642473922221737,-0.0015));
#3050=CARTESIAN_POINT('',(0.011002,-0.00690389664596733,-0.00135714285714285));
#3051=CARTESIAN_POINT('',(0.00915358983848622,-0.00690389664596733,-0.00135714285714285));
#3052=CARTESIAN_POINT('',(0.00588038475772934,-0.00690389664596733,-0.00135714285714285));
#3053=CARTESIAN_POINT('',(0.00576491470389141,-0.00642473922221737,-0.0015));
#3054=CARTESIAN_POINT('',(0.00588038475772934,-0.00594558179846742,-0.00135714285714285));
#3055=CARTESIAN_POINT('',(0.011002,-0.00594558179846742,-0.00135714285714285));
#3056=CARTESIAN_POINT('',(0.00915358983848622,-0.00594558179846742,-0.00135714285714285));
#3057=CARTESIAN_POINT('',(0.00926905989232415,-0.00642473922221737,-0.0015));
#3058=CARTESIAN_POINT('',(0.011002,-0.00642473922221737,-0.0015));
#3059=CARTESIAN_POINT('',(0.011002,-0.00594558179846742,-0.00135714285714285));
#3060=CARTESIAN_POINT('',(-0.00915358983848622,-0.00594558179846742,-0.00135714285714285));
#3061=CARTESIAN_POINT('',(-0.00588038475772934,-0.00594558179846742,-0.00135714285714285));
#3062=CARTESIAN_POINT('',(-0.00576491470389141,-0.00642473922221737,-0.0015));
#3063=CARTESIAN_POINT('',(-0.00588038475772934,-0.00690389664596733,-0.00135714285714285));
#3064=CARTESIAN_POINT('',(0.011002,-0.00690389664596733,-0.00135714285714285));
#3065=CARTESIAN_POINT('',(-0.00915358983848622,-0.00690389664596733,-0.00135714285714285));
#3066=CARTESIAN_POINT('',(-0.00926905989232415,-0.00642473922221737,-0.0015));
#3067=CARTESIAN_POINT('',(-0.00915358983848622,-0.00575391882896744,-0.0013));
#3068=CARTESIAN_POINT('',(-0.00915358983848622,-0.00575391882896744,-0.0013));
#3069=CARTESIAN_POINT('',(-0.00915358983848622,-0.00575391882896744,-0.0013));
#3070=CARTESIAN_POINT('',(-0.00915358983848623,-0.00594558179846741,-0.00135714285714286));
#3071=CARTESIAN_POINT('',(-0.00935566243270259,-0.00597752562671741,-0.00125));
#3072=CARTESIAN_POINT('',(-0.00932679491924311,-0.00575391882896743,-0.0012));
#3073=CARTESIAN_POINT('',(-0.00907089872043382,-0.00597608287686193,-0.00125483913012707));
#3074=CARTESIAN_POINT('',(-0.00929337226521727,-0.00603618229110096,-0.00114211026510393));
#3075=CARTESIAN_POINT('',(-0.00924410380119079,-0.0057966203387895,-0.00105677478219871));
#3076=CARTESIAN_POINT('',(-0.0089221390026449,-0.00610477968051211,-0.00107079670919919));
#3077=CARTESIAN_POINT('',(-0.00921077927470952,-0.00623323437438947,-0.000999055009194696));
#3078=CARTESIAN_POINT('',(-0.00909534408340174,-0.00597679586380011,-0.000799115392868462));
#3079=CARTESIAN_POINT('',(-0.00883630255451467,-0.00642473922221737,-0.000964601645400407));
#3080=CARTESIAN_POINT('',(-0.00921162896130554,-0.00642473922221736,-0.00100052670954993));
#3081=CARTESIAN_POINT('',(-0.00900950763527158,-0.00642473922221737,-0.000650442303565769));
#3082=CARTESIAN_POINT('',(-0.0089221390026449,-0.00674469876392263,-0.00107079670919918));
#3083=CARTESIAN_POINT('',(-0.00921077927470953,-0.00661624407004528,-0.000999055009194693));
#3084=CARTESIAN_POINT('',(-0.00909534408340174,-0.00687268258063464,-0.000799115392868461));
#3085=CARTESIAN_POINT('',(-0.0090708987204338,-0.00687339556757281,-0.00125483913012709));
#3086=CARTESIAN_POINT('',(-0.00929337226521726,-0.00681329615333377,-0.00114211026510393));
#3087=CARTESIAN_POINT('',(-0.00924410380119079,-0.00705285810564523,-0.00105677478219871));
#3088=CARTESIAN_POINT('',(-0.00915358983848623,-0.00690389664596733,-0.00135714285714286));
#3089=CARTESIAN_POINT('',(-0.00935566243270259,-0.00687195281771733,-0.00125));
#3090=CARTESIAN_POINT('',(-0.00932679491924311,-0.00709555961546731,-0.0012));
#3091=CARTESIAN_POINT('',(-0.00915358983848622,-0.00709555961546731,-0.0013));
#3092=CARTESIAN_POINT('',(0.011002,-0.00575391882896744,-0.0013));
#3093=CARTESIAN_POINT('',(-0.00588038475772934,-0.00575391882896744,-0.0013));
#3094=CARTESIAN_POINT('',(-0.00915358983848622,-0.00709555961546731,-0.0013));
#3095=CARTESIAN_POINT('',(-0.00915358983848622,-0.00709555961546731,-0.0013));
#3096=CARTESIAN_POINT('',(-0.00588038475772934,-0.00575391882896744,-0.0013));
#3097=CARTESIAN_POINT('',(-0.00588038475772934,-0.00575391882896744,-0.0013));
#3098=CARTESIAN_POINT('',(0.011002,-0.00709555961546731,-0.0013));
#3099=CARTESIAN_POINT('',(-0.00588038475772934,-0.00709555961546731,-0.0013));
#3100=CARTESIAN_POINT('',(-0.00588038475772933,-0.00690389664596733,-0.00135714285714286));
#3101=CARTESIAN_POINT('',(-0.00567831216351296,-0.00687195281771733,-0.00125));
#3102=CARTESIAN_POINT('',(-0.00570717967697245,-0.00709555961546731,-0.0012));
#3103=CARTESIAN_POINT('',(-0.00596307587578176,-0.00687339556757281,-0.00125483913012709));
#3104=CARTESIAN_POINT('',(-0.00574060233099812,-0.00681329615333258,-0.00114211026510358));
#3105=CARTESIAN_POINT('',(-0.00578987079502476,-0.00705285810564523,-0.00105677478219871));
#3106=CARTESIAN_POINT('',(-0.00611183559357066,-0.00674469876392264,-0.00107079670919918));
#3107=CARTESIAN_POINT('',(-0.00582319532150608,-0.00661624407004603,-0.000999055009195013));
#3108=CARTESIAN_POINT('',(-0.00593863051281382,-0.00687268258063464,-0.000799115392868457));
#3109=CARTESIAN_POINT('',(-0.00619767204170086,-0.00642473922221737,-0.000964601645400404));
#3110=CARTESIAN_POINT('',(-0.00582234563490992,-0.00642473922221724,-0.0010005267095498));
#3111=CARTESIAN_POINT('',(-0.00602446696094397,-0.00642473922221737,-0.000650442303565789));
#3112=CARTESIAN_POINT('',(-0.00611183559357079,-0.0061047796805121,-0.0010707967091992));
#3113=CARTESIAN_POINT('',(-0.00582319532150636,-0.00623323437438909,-0.00099905500919486));
#3114=CARTESIAN_POINT('',(-0.00593863051281386,-0.0059767958638001,-0.00079911539286838));
#3115=CARTESIAN_POINT('',(-0.00596307587578146,-0.00597608287686194,-0.00125483913012706));
#3116=CARTESIAN_POINT('',(-0.00574060233099761,-0.00603618229110167,-0.00114211026510377));
#3117=CARTESIAN_POINT('',(-0.00578987079502466,-0.00579662033878951,-0.00105677478219888));
#3118=CARTESIAN_POINT('',(-0.00588038475772934,-0.00594558179846741,-0.00135714285714286));
#3119=CARTESIAN_POINT('',(-0.00567831216351297,-0.00597752562671741,-0.00125));
#3120=CARTESIAN_POINT('',(-0.00570717967697245,-0.00575391882896743,-0.0012));
#3121=CARTESIAN_POINT('',(-0.00588038475772934,-0.00709555961546731,-0.0013));
#3122=CARTESIAN_POINT('',(-0.00588038475772934,-0.00709555961546731,-0.0013));
#3123=CARTESIAN_POINT('',(0.00915358983848622,-0.00575391882896744,-0.0013));
#3124=CARTESIAN_POINT('',(0.00915358983848622,-0.00575391882896744,-0.0013));
#3125=CARTESIAN_POINT('',(0.00915358983848622,-0.00575391882896744,-0.0013));
#3126=CARTESIAN_POINT('',(0.011002,-0.00575391882896744,-0.0013));
#3127=CARTESIAN_POINT('',(0.00588038475772934,-0.00575391882896744,-0.0013));
#3128=CARTESIAN_POINT('',(0.00932679491924311,-0.00575391882896743,-0.0012));
#3129=CARTESIAN_POINT('',(0.00935566243270259,-0.00597752562671741,-0.00125));
#3130=CARTESIAN_POINT('',(0.00915358983848623,-0.00594558179846742,-0.00135714285714286));
#3131=CARTESIAN_POINT('',(0.0092441038011908,-0.00579662033878951,-0.00105677478219872));
#3132=CARTESIAN_POINT('',(0.0092933722652174,-0.00603618229110045,-0.00114211026510392));
#3133=CARTESIAN_POINT('',(0.0090708987204338,-0.0059760828768619,-0.00125483913012717));
#3134=CARTESIAN_POINT('',(0.00909534408340174,-0.0059767958638001,-0.000799115392868456));
#3135=CARTESIAN_POINT('',(0.00921077927470946,-0.00623323437438972,-0.000999055009194706));
#3136=CARTESIAN_POINT('',(0.00892213900264491,-0.00610477968051211,-0.00107079670919914));
#3137=CARTESIAN_POINT('',(0.00900950763527158,-0.00642473922221737,-0.000650442303565777));
#3138=CARTESIAN_POINT('',(0.00921162896130555,-0.00642473922221729,-0.00100052670954994));
#3139=CARTESIAN_POINT('',(0.00883630255451466,-0.00642473922221737,-0.000964601645400427));
#3140=CARTESIAN_POINT('',(0.00909534408340172,-0.00687268258063464,-0.000799115392868435));
#3141=CARTESIAN_POINT('',(0.00921077927470952,-0.0066162440700453,-0.000999055009194662));
#3142=CARTESIAN_POINT('',(0.0089221390026449,-0.00674469876392263,-0.00107079670919915));
#3143=CARTESIAN_POINT('',(0.00924410380119083,-0.00705285810564523,-0.00105677478219876));
#3144=CARTESIAN_POINT('',(0.00929337226521726,-0.00681329615333377,-0.00114211026510399));
#3145=CARTESIAN_POINT('',(0.0090708987204338,-0.00687339556757283,-0.00125483913012716));
#3146=CARTESIAN_POINT('',(0.00932679491924311,-0.00709555961546731,-0.0012));
#3147=CARTESIAN_POINT('',(0.00935566243270259,-0.00687195281771733,-0.00125));
#3148=CARTESIAN_POINT('',(0.00915358983848623,-0.00690389664596733,-0.00135714285714286));
#3149=CARTESIAN_POINT('',(0.00915358983848622,-0.00709555961546731,-0.0013));
#3150=CARTESIAN_POINT('',(0.00588038475772934,-0.00575391882896744,-0.0013));
#3151=CARTESIAN_POINT('',(0.00588038475772934,-0.00575391882896744,-0.0013));
#3152=CARTESIAN_POINT('',(0.00915358983848622,-0.00709555961546731,-0.0013));
#3153=CARTESIAN_POINT('',(0.00915358983848622,-0.00709555961546731,-0.0013));
#3154=CARTESIAN_POINT('',(0.00570717967697245,-0.00709555961546731,-0.0012));
#3155=CARTESIAN_POINT('',(0.00567831216351297,-0.00687195281771733,-0.00125));
#3156=CARTESIAN_POINT('',(0.00588038475772934,-0.00690389664596733,-0.00135714285714286));
#3157=CARTESIAN_POINT('',(0.00578987079502459,-0.00705285810564494,-0.00105677478219902));
#3158=CARTESIAN_POINT('',(0.00574060233099738,-0.00681329615333286,-0.00114211026510385));
#3159=CARTESIAN_POINT('',(0.00596307587578145,-0.00687339556757281,-0.00125483913012706));
#3160=CARTESIAN_POINT('',(0.0059386305128139,-0.00687268258063478,-0.000799115392868319));
#3161=CARTESIAN_POINT('',(0.00582319532150648,-0.00661624407004577,-0.000999055009194828));
#3162=CARTESIAN_POINT('',(0.0061118355935708,-0.00674469876392264,-0.0010707967091992));
#3163=CARTESIAN_POINT('',(0.00602446696094396,-0.00642473922221733,-0.000650442303565807));
#3164=CARTESIAN_POINT('',(0.00582234563490988,-0.00642473922221747,-0.0010005267095498));
#3165=CARTESIAN_POINT('',(0.00619767204170086,-0.00642473922221737,-0.000964601645400399));
#3166=CARTESIAN_POINT('',(0.00593863051281383,-0.00597679586380012,-0.00079911539286845));
#3167=CARTESIAN_POINT('',(0.00582319532150609,-0.00623323437438869,-0.000999055009195059));
#3168=CARTESIAN_POINT('',(0.00611183559357067,-0.0061047796805121,-0.00107079670919921));
#3169=CARTESIAN_POINT('',(0.00578987079502476,-0.00579662033878951,-0.00105677478219871));
#3170=CARTESIAN_POINT('',(0.00574060233099812,-0.00603618229110223,-0.00114211026510348));
#3171=CARTESIAN_POINT('',(0.00596307587578176,-0.00597608287686194,-0.00125483913012704));
#3172=CARTESIAN_POINT('',(0.00570717967697245,-0.00575391882896743,-0.0012));
#3173=CARTESIAN_POINT('',(0.00567831216351297,-0.00597752562671741,-0.00125));
#3174=CARTESIAN_POINT('',(0.00588038475772933,-0.00594558179846741,-0.00135714285714286));
#3175=CARTESIAN_POINT('',(0.00588038475772934,-0.00709555961546731,-0.0013));
#3176=CARTESIAN_POINT('',(0.011002,-0.00709555961546731,-0.0013));
#3177=CARTESIAN_POINT('',(0.00588038475772934,-0.00709555961546731,-0.0013));
#3178=CARTESIAN_POINT('',(0.00588038475772934,-0.00709555961546731,-0.0013));
#3179=CARTESIAN_POINT('',(0.00801698729810778,-0.00342473922221737,0.0005));
#3180=CARTESIAN_POINT('',(0.00195507349210568,-0.00362473922221737,0.00541251102299285));
#3181=CARTESIAN_POINT('',(0.,-0.00362473922221737,0.003));
#3182=CARTESIAN_POINT('',(0.,-0.00362473922221737,0.003));
#3183=CARTESIAN_POINT('',(-0.00195507349210569,-0.00362473922221737,0.00541251102299286));
#3184=CARTESIAN_POINT('',(-0.00801698729810778,-0.00342473922221737,0.0005));
#3185=MECHANICAL_DESIGN_GEOMETRIC_PRESENTATION_REPRESENTATION('',(#1758),
#3186);
#3186=(
GEOMETRIC_REPRESENTATION_CONTEXT(3)
GLOBAL_UNCERTAINTY_ASSIGNED_CONTEXT((#3187))
GLOBAL_UNIT_ASSIGNED_CONTEXT((#3190,#3189,#3188))
REPRESENTATION_CONTEXT('Part PCB case','TOP_LEVEL_ASSEMBLY_PART')
);
#3187=UNCERTAINTY_MEASURE_WITH_UNIT(LENGTH_MEASURE(2.E-5),#3190,
'DISTANCE_ACCURACY_VALUE','Maximum Tolerance applied to model');
#3188=(
NAMED_UNIT(*)
SI_UNIT($,.STERADIAN.)
SOLID_ANGLE_UNIT()
);
#3189=(
NAMED_UNIT(*)
PLANE_ANGLE_UNIT()
SI_UNIT($,.RADIAN.)
);
#3190=(
LENGTH_UNIT()
NAMED_UNIT(*)
SI_UNIT($,.METRE.)
);
#3191=PRODUCT_DEFINITION_SHAPE('','',#3192);
#3192=PRODUCT_DEFINITION('','',#3194,#3193);
#3193=PRODUCT_DEFINITION_CONTEXT('',#3200,'design');
#3194=PRODUCT_DEFINITION_FORMATION_WITH_SPECIFIED_SOURCE('','',#3196,
 .NOT_KNOWN.);
#3195=PRODUCT_RELATED_PRODUCT_CATEGORY('','',(#3196));
#3196=PRODUCT('Part PCB case','Part PCB case','Part PCB case',(#3198));
#3197=PRODUCT_CATEGORY('','');
#3198=PRODUCT_CONTEXT('',#3200,'mechanical');
#3199=APPLICATION_PROTOCOL_DEFINITION('international standard',
'ap242_managed_model_based_3d_engineering',2020,#3200);
#3200=APPLICATION_CONTEXT('managed model based 3d engineering');
ENDSEC;
END-ISO-10303-21;
