ISO-10303-21;
HEADER;
/* Generated by software containing ST-Developer
 * from STEP Tools, Inc. (www.steptools.com) 
 */
/* OPTION: using custom renumber hook */

FILE_DESCRIPTION(
/* description */ (
  'STEP AP242 Edition 2',
  'License: MIT License, (c) 2025 Allan Juhl Kristensen',
  'CAx-IF Rec.Pracs.---Representation and Presentation of Product Manufacturing Information (PMI)---4.0---2014-10-13',
  'CAx-IF Rec.Pracs.---3D Tessellated Geometry---0.4---2014-09-14',
  'CAx-IF Rec.Pracs.---User Defined Attributes---1.5---2016-08-15'
),
/* implementation_level */ '2;1');

FILE_NAME(
/* name */ 'PCB_case_usb_c',
/* time_stamp */ '2025-12-16T20:40:32Z',
/* author */ ('Allan Juhl Kristensen'),
/* organization */ (''),
/* preprocessor_version */ 'ST-DEVELOPER v20',
/* originating_system */ 'ONSHAPE BY PTC INC, 1.207',
/* authorisation */ 'Open-source release under MIT License');

FILE_SCHEMA (('AP242_MANAGED_MODEL_BASED_3D_ENGINEERING_MIM_LF { 1 0 10303 442 3 1 4 }'));
ENDSEC;

DATA;
#10=SHAPE_REPRESENTATION_RELATIONSHIP('','',#2164,#11);
#11=ADVANCED_BREP_SHAPE_REPRESENTATION('',(#2162),#4020);
#12=B_SPLINE_SURFACE_WITH_KNOTS('',1,3,((#3926,#3927,#3928,#3929),(#3930,
#3931,#3932,#3933)),.RULED_SURF.,.F.,.F.,.F.,(2,2),(4,4),(0.,0.416698843747308),
(7.26415455565288E-14,0.986919579583823),.PIECEWISE_BEZIER_KNOTS.);
#13=B_SPLINE_SURFACE_WITH_KNOTS('',1,3,((#3943,#3944,#3945,#3946,#3947,
#3948,#3949,#3950,#3951,#3952),(#3953,#3954,#3955,#3956,#3957,#3958,#3959,
#3960,#3961,#3962),(#3963,#3964,#3965,#3966,#3967,#3968,#3969,#3970,#3971,
#3972)),.RULED_SURF.,.F.,.F.,.F.,(2,1,2),(4,2,2,2,4),(-0.01,0.,1.),(0.00181919175029311,
1.05893672616398,1.3232161097674,1.58749549337082,1.72912006243432),
 .UNSPECIFIED.);
#14=B_SPLINE_SURFACE_WITH_KNOTS('',1,3,((#3982,#3983,#3984,#3985,#3986,
#3987,#3988,#3989,#3990,#3991),(#3992,#3993,#3994,#3995,#3996,#3997,#3998,
#3999,#4000,#4001)),.RULED_SURF.,.F.,.F.,.F.,(2,2),(4,2,2,2,4),(0.,1.),
(1.41247271283885,1.55409716023661,1.8183765438371,2.08265592743757,3.1397734618395),
 .UNSPECIFIED.);
#15=B_SPLINE_SURFACE_WITH_KNOTS('',1,3,((#4011,#4012,#4013,#4014),(#4015,
#4016,#4017,#4018)),.RULED_SURF.,.F.,.F.,.F.,(2,2),(4,4),(0.,0.416698843747343),
(2.15467307304539,3.1415926535898),.PIECEWISE_BEZIER_KNOTS.);
#16=SPHERICAL_SURFACE('',#2320,0.0002);
#17=SPHERICAL_SURFACE('',#2322,0.0002);
#18=SPHERICAL_SURFACE('',#2324,0.0002);
#19=SPHERICAL_SURFACE('',#2326,0.0002);
#20=SPHERICAL_SURFACE('',#2346,0.0002);
#21=SPHERICAL_SURFACE('',#2348,0.0002);
#22=SPHERICAL_SURFACE('',#2358,0.0002);
#23=SPHERICAL_SURFACE('',#2364,0.0002);
#24=SPHERICAL_SURFACE('',#2366,0.0002);
#25=SPHERICAL_SURFACE('',#2371,0.0002);
#26=SPHERICAL_SURFACE('',#2372,0.0002);
#27=SPHERICAL_SURFACE('',#2378,0.0002);
#28=SPHERICAL_SURFACE('',#2380,0.0002);
#29=SPHERICAL_SURFACE('',#2385,0.0002);
#30=ELLIPSE('',#2189,0.00116145341230528,0.0011);
#31=ELLIPSE('',#2191,0.0015556349186104,0.0011);
#32=ELLIPSE('',#2192,0.00116145341230528,0.0011);
#33=ELLIPSE('',#2194,0.0015556349186104,0.0011);
#34=ELLIPSE('',#2195,0.00116145341230528,0.0011);
#35=ELLIPSE('',#2196,0.00116145341230528,0.0011);
#36=ELLIPSE('',#2212,0.00346410161513775,0.003);
#37=ELLIPSE('',#2213,0.000808290376865476,0.0007);
#38=ELLIPSE('',#2215,0.00346410161513775,0.003);
#39=ELLIPSE('',#2216,0.000808290376865476,0.0007);
#40=ELLIPSE('',#2219,0.000201093943368143,0.0002);
#41=ELLIPSE('',#2229,0.000201093943368143,0.0002);
#42=ELLIPSE('',#2233,0.000317659774230567,0.0002);
#43=ELLIPSE('',#2236,0.000317659774230566,0.0002);
#44=ELLIPSE('',#2271,0.00346410161513776,0.003);
#45=ELLIPSE('',#2274,0.00346410161513775,0.003);
#46=ELLIPSE('',#2286,0.000808290376865477,0.0007);
#47=ELLIPSE('',#2288,0.000808290376865476,0.0007);
#48=ELLIPSE('',#2353,0.000642910050732864,0.0005);
#49=ELLIPSE('',#2354,0.000642910050732864,0.0005);
#50=ELLIPSE('',#2356,0.000642910050732864,0.0005);
#51=ELLIPSE('',#2357,0.000642910050732864,0.0005);
#52=ELLIPSE('',#2395,0.00116145341230528,0.0011);
#53=ELLIPSE('',#2397,0.00116145341230528,0.0011);
#54=(
BOUNDED_SURFACE()
B_SPLINE_SURFACE(3,2,((#3175,#3176,#3177),(#3178,#3179,#3180),(#3181,#3182,
#3183),(#3184,#3185,#3186)),.UNSPECIFIED.,.F.,.F.,.F.)
B_SPLINE_SURFACE_WITH_KNOTS((4,4),(3,3),(5.79831828288849,6.28318530717959),
(0.540570347746308,1.),.PIECEWISE_BEZIER_KNOTS.)
GEOMETRIC_REPRESENTATION_ITEM()
RATIONAL_B_SPLINE_SURFACE(((0.970664274720811,0.972865950378621,1.),(0.96551192302057,
0.968100287850403,1.),(0.962190347716692,0.965028000110494,1.),(0.962190347696991,
0.965028000092272,1.)))
REPRESENTATION_ITEM('')
SURFACE()
);
#55=(
BOUNDED_SURFACE()
B_SPLINE_SURFACE(3,2,((#3205,#3206,#3207),(#3208,#3209,#3210),(#3211,#3212,
#3213),(#3214,#3215,#3216)),.UNSPECIFIED.,.F.,.F.,.F.)
B_SPLINE_SURFACE_WITH_KNOTS((4,4),(3,3),(5.79831828288853,6.28318530717959),
(0.,0.459429652253649),.PIECEWISE_BEZIER_KNOTS.)
GEOMETRIC_REPRESENTATION_ITEM()
RATIONAL_B_SPLINE_SURFACE(((1.,0.972865950378622,0.97066427472081),(1.,
0.968100287850405,0.96551192302057),(1.,0.965028000110579,0.962190347716781),
(1.,0.965028000092275,0.962190347696992)))
REPRESENTATION_ITEM('')
SURFACE()
);
#56=(
BOUNDED_SURFACE()
B_SPLINE_SURFACE(3,2,((#3723,#3724,#3725),(#3726,#3727,#3728),(#3729,#3730,
#3731),(#3732,#3733,#3734),(#3735,#3736,#3737),(#3738,#3739,#3740),(#3741,
#3742,#3743)),.UNSPECIFIED.,.F.,.F.,.F.)
B_SPLINE_SURFACE_WITH_KNOTS((4,1,1,1,4),(3,3),(1.86054802823094,2.50107034091037,
3.14159265358979,3.78211496626922,4.42263727894864),(0.,1.),
 .UNSPECIFIED.)
GEOMETRIC_REPRESENTATION_ITEM()
RATIONAL_B_SPLINE_SURFACE(((1.,0.654653670707977,1.),(1.,0.615585789296958,
1.),(1.,0.536837761903185,1.),(1.,0.481581119048407,1.),(1.,0.536837761903187,
1.),(1.,0.615585789296951,1.),(1.,0.654653670707977,1.)))
REPRESENTATION_ITEM('')
SURFACE()
);
#57=(
BOUNDED_SURFACE()
B_SPLINE_SURFACE(3,2,((#3753,#3754,#3755),(#3756,#3757,#3758),(#3759,#3760,
#3761),(#3762,#3763,#3764),(#3765,#3766,#3767),(#3768,#3769,#3770),(#3771,
#3772,#3773)),.UNSPECIFIED.,.F.,.F.,.F.)
B_SPLINE_SURFACE_WITH_KNOTS((4,1,1,1,4),(3,3),(5.00214068182074,5.64266299450016,
6.28318530717959,6.92370761985901,7.56422993253844),(0.,1.),
 .UNSPECIFIED.)
GEOMETRIC_REPRESENTATION_ITEM()
RATIONAL_B_SPLINE_SURFACE(((1.,0.654653670707979,1.),(1.,0.615585789295995,
1.),(1.,0.536837761903648,1.),(1.,0.481581119048229,1.),(1.,0.536837761903433,
1.),(1.,0.615585789296486,1.),(1.,0.654653670707977,1.)))
REPRESENTATION_ITEM('')
SURFACE()
);
#58=(
BOUNDED_SURFACE()
B_SPLINE_SURFACE(3,2,((#3781,#3782,#3783),(#3784,#3785,#3786),(#3787,#3788,
#3789),(#3790,#3791,#3792),(#3793,#3794,#3795),(#3796,#3797,#3798),(#3799,
#3800,#3801)),.UNSPECIFIED.,.F.,.F.,.F.)
B_SPLINE_SURFACE_WITH_KNOTS((4,1,1,1,4),(3,3),(5.00214068182074,5.64266299450016,
6.28318530717959,6.92370761985901,7.56422993253844),(0.,1.),
 .UNSPECIFIED.)
GEOMETRIC_REPRESENTATION_ITEM()
RATIONAL_B_SPLINE_SURFACE(((1.,0.654653670707977,1.),(1.,0.615585789296951,
1.),(1.,0.536837761903189,1.),(1.,0.481581119048405,1.),(1.,0.536837761903192,
1.),(1.,0.615585789296941,1.),(1.,0.654653670707977,1.)))
REPRESENTATION_ITEM('')
SURFACE()
);
#59=(
BOUNDED_SURFACE()
B_SPLINE_SURFACE(3,2,((#3807,#3808,#3809),(#3810,#3811,#3812),(#3813,#3814,
#3815),(#3816,#3817,#3818),(#3819,#3820,#3821),(#3822,#3823,#3824),(#3825,
#3826,#3827)),.UNSPECIFIED.,.F.,.F.,.F.)
B_SPLINE_SURFACE_WITH_KNOTS((4,1,1,1,4),(3,3),(1.86054802823094,2.50107034091037,
3.14159265358979,3.78211496626922,4.42263727894865),(0.,1.),
 .UNSPECIFIED.)
GEOMETRIC_REPRESENTATION_ITEM()
RATIONAL_B_SPLINE_SURFACE(((1.,0.654653670707977,1.),(1.,0.615585789298181,
1.),(1.,0.536837761902661,1.),(1.,0.481581119048414,1.),(1.,0.536837761903702,
1.),(1.,0.61558578929575,1.),(1.,0.65465367070798,1.)))
REPRESENTATION_ITEM('')
SURFACE()
);
#60=(
BOUNDED_SURFACE()
B_SPLINE_SURFACE(3,2,((#3854,#3855,#3856),(#3857,#3858,#3859),(#3860,#3861,
#3862),(#3863,#3864,#3865),(#3866,#3867,#3868)),.UNSPECIFIED.,.F.,.F.,.F.)
B_SPLINE_SURFACE_WITH_KNOTS((4,1,4),(3,3),(4.71238898038469,5.49778714378214,
6.28318530717959),(0.,1.),.UNSPECIFIED.)
GEOMETRIC_REPRESENTATION_ITEM()
RATIONAL_B_SPLINE_SURFACE(((1.,1.,1.),(1.,0.999999999963092,1.),(1.,0.963445073493078,
1.),(1.,0.923879532575376,1.),(1.,0.923879532511287,1.)))
REPRESENTATION_ITEM('')
SURFACE()
);
#61=(
BOUNDED_SURFACE()
B_SPLINE_SURFACE(3,2,((#3872,#3873,#3874),(#3875,#3876,#3877),(#3878,#3879,
#3880),(#3881,#3882,#3883),(#3884,#3885,#3886)),.UNSPECIFIED.,.F.,.F.,.F.)
B_SPLINE_SURFACE_WITH_KNOTS((4,1,4),(3,3),(4.71238898038469,5.49778714378214,
6.28318530717959),(0.,1.),.UNSPECIFIED.)
GEOMETRIC_REPRESENTATION_ITEM()
RATIONAL_B_SPLINE_SURFACE(((1.,1.,1.),(1.,0.999999999963092,1.),(1.,0.963445073492957,
1.),(1.,0.923879532575625,1.),(1.,0.923879532511287,1.)))
REPRESENTATION_ITEM('')
SURFACE()
);
#62=B_SPLINE_CURVE_WITH_KNOTS('',3,(#3122,#3123,#3124,#3125),
 .UNSPECIFIED.,.F.,.F.,(4,4),(0.000336420859324473,0.000417968441865621),
 .UNSPECIFIED.);
#63=B_SPLINE_CURVE_WITH_KNOTS('',3,(#3127,#3128,#3129,#3130),
 .UNSPECIFIED.,.F.,.F.,(4,4),(-2.82842712496692E-6,0.000111873505350832),
 .UNSPECIFIED.);
#64=B_SPLINE_CURVE_WITH_KNOTS('',3,(#3187,#3188,#3189,#3190),
 .UNSPECIFIED.,.F.,.F.,(4,4),(0.,0.000540232896860789),.UNSPECIFIED.);
#65=B_SPLINE_CURVE_WITH_KNOTS('',3,(#3217,#3218,#3219,#3220),
 .UNSPECIFIED.,.F.,.F.,(4,4),(0.,0.000539604070340442),.UNSPECIFIED.);
#66=B_SPLINE_CURVE_WITH_KNOTS('',3,(#3408,#3409,#3410,#3411),
 .UNSPECIFIED.,.F.,.F.,(4,4),(0.,0.000467741542988563),.UNSPECIFIED.);
#67=B_SPLINE_CURVE_WITH_KNOTS('',3,(#3420,#3421,#3422,#3423),
 .UNSPECIFIED.,.F.,.F.,(4,4),(0.,0.000468726679317553),.UNSPECIFIED.);
#68=B_SPLINE_CURVE_WITH_KNOTS('',3,(#3432,#3433,#3434,#3435),
 .UNSPECIFIED.,.F.,.F.,(4,4),(0.,0.000468726679317547),.UNSPECIFIED.);
#69=B_SPLINE_CURVE_WITH_KNOTS('',3,(#3444,#3445,#3446,#3447),
 .UNSPECIFIED.,.F.,.F.,(4,4),(0.,0.000467741542988575),.UNSPECIFIED.);
#70=B_SPLINE_CURVE_WITH_KNOTS('',3,(#3491,#3492,#3493,#3494,#3495),
 .UNSPECIFIED.,.F.,.F.,(4,1,4),(2.37169225231204E-20,0.000824971340974002,
0.001649942681948),.UNSPECIFIED.);
#71=B_SPLINE_CURVE_WITH_KNOTS('',3,(#3499,#3500,#3501,#3502,#3503),
 .UNSPECIFIED.,.F.,.F.,(4,1,4),(0.,0.000824801039413235,0.00164960207882647),
 .UNSPECIFIED.);
#72=B_SPLINE_CURVE_WITH_KNOTS('',3,(#3528,#3529,#3530,#3531),
 .UNSPECIFIED.,.F.,.F.,(4,4),(0.,0.00038193355272512),.UNSPECIFIED.);
#73=B_SPLINE_CURVE_WITH_KNOTS('',3,(#3536,#3537,#3538,#3539),
 .UNSPECIFIED.,.F.,.F.,(4,4),(0.,0.000185210156060806),.UNSPECIFIED.);
#74=B_SPLINE_CURVE_WITH_KNOTS('',3,(#3540,#3541,#3542,#3543),
 .UNSPECIFIED.,.F.,.F.,(4,4),(-2.82842712496386E-6,0.000255093857982621),
 .UNSPECIFIED.);
#75=B_SPLINE_CURVE_WITH_KNOTS('',3,(#3563,#3564,#3565,#3566),
 .UNSPECIFIED.,.F.,.F.,(4,4),(-2.82842712496386E-6,0.000255093857806477),
 .UNSPECIFIED.);
#76=B_SPLINE_CURVE_WITH_KNOTS('',3,(#3568,#3569,#3570,#3571),
 .UNSPECIFIED.,.F.,.F.,(4,4),(0.,0.000185210155850875),.UNSPECIFIED.);
#77=B_SPLINE_CURVE_WITH_KNOTS('',3,(#3575,#3576,#3577,#3578),
 .UNSPECIFIED.,.F.,.F.,(4,4),(0.,0.000381933552727341),.UNSPECIFIED.);
#78=B_SPLINE_CURVE_WITH_KNOTS('',3,(#3587,#3588,#3589,#3590),
 .UNSPECIFIED.,.F.,.F.,(4,4),(-2.82842712496692E-6,0.000111873505350846),
 .UNSPECIFIED.);
#79=B_SPLINE_CURVE_WITH_KNOTS('',3,(#3632,#3633,#3634,#3635),
 .UNSPECIFIED.,.F.,.F.,(4,4),(0.000254583029791643,0.000336420859324039),
 .UNSPECIFIED.);
#80=B_SPLINE_CURVE_WITH_KNOTS('',3,(#3684,#3685,#3686,#3687,#3688,#3689,
#3690,#3691,#3692),.UNSPECIFIED.,.F.,.F.,(4,1,1,1,1,1,4),(0.,0.000278120288473465,
0.000417180432710197,0.000556240576946929,0.000695300721183661,0.000834360865420394,
0.00111248115389386),.UNSPECIFIED.);
#81=B_SPLINE_CURVE_WITH_KNOTS('',3,(#3693,#3694,#3695,#3696,#3697,#3698,
#3699,#3700,#3701),.UNSPECIFIED.,.F.,.F.,(4,1,1,1,1,1,4),(8.470329472543E-22,
0.000275793254461701,0.000413689881692552,0.000551586508923402,0.000689483136154253,
0.000827379763385103,0.0011031730178468),.UNSPECIFIED.);
#82=B_SPLINE_CURVE_WITH_KNOTS('',3,(#3843,#3844,#3845,#3846,#3847,#3848,
#3849,#3850,#3851,#3852,#3853),.UNSPECIFIED.,.F.,.F.,(4,1,1,1,1,1,1,1,4),
(0.,0.25,0.375,0.4375,0.5,0.5625,0.625,0.75,1.),.UNSPECIFIED.);
#83=B_SPLINE_CURVE_WITH_KNOTS('',3,(#3888,#3889,#3890,#3891,#3892,#3893,
#3894,#3895,#3896,#3897,#3898),.UNSPECIFIED.,.F.,.F.,(4,1,1,1,1,1,1,1,4),
(0.,0.25,0.375,0.4375,0.5,0.5625,0.625,0.75,1.),.UNSPECIFIED.);
#84=B_SPLINE_CURVE_WITH_KNOTS('',3,(#3916,#3917,#3918,#3919),
 .UNSPECIFIED.,.F.,.F.,(4,4),(0.,1.),.UNSPECIFIED.);
#85=B_SPLINE_CURVE_WITH_KNOTS('',3,(#3920,#3921,#3922,#3923),
 .UNSPECIFIED.,.F.,.F.,(4,4),(0.,1.),.UNSPECIFIED.);
#86=B_SPLINE_CURVE_WITH_KNOTS('',3,(#3934,#3935,#3936,#3937),
 .UNSPECIFIED.,.F.,.F.,(4,4),(0.,1.),.UNSPECIFIED.);
#87=B_SPLINE_CURVE_WITH_KNOTS('',3,(#3939,#3940,#3941,#3942),
 .UNSPECIFIED.,.F.,.F.,(4,4),(0.,1.),.UNSPECIFIED.);
#88=B_SPLINE_CURVE_WITH_KNOTS('',3,(#3973,#3974,#3975,#3976),
 .UNSPECIFIED.,.F.,.F.,(4,4),(1.30374665143624E-5,1.),.UNSPECIFIED.);
#89=B_SPLINE_CURVE_WITH_KNOTS('',3,(#3978,#3979,#3980,#3981),
 .UNSPECIFIED.,.F.,.F.,(4,4),(2.20646628919692E-5,1.),.UNSPECIFIED.);
#90=B_SPLINE_CURVE_WITH_KNOTS('',3,(#4002,#4003,#4004,#4005),
 .UNSPECIFIED.,.F.,.F.,(4,4),(0.,1.),.UNSPECIFIED.);
#91=B_SPLINE_CURVE_WITH_KNOTS('',3,(#4007,#4008,#4009,#4010),
 .UNSPECIFIED.,.F.,.F.,(4,4),(0.,1.),.UNSPECIFIED.);
#92=TOROIDAL_SURFACE('',#2179,0.0004,0.0002);
#93=TOROIDAL_SURFACE('',#2296,0.0004,0.0002);
#94=TOROIDAL_SURFACE('',#2298,0.0004,0.0002);
#95=TOROIDAL_SURFACE('',#2303,0.0004,0.0002);
#96=TOROIDAL_SURFACE('',#2309,0.0004,0.0002);
#97=TOROIDAL_SURFACE('',#2310,0.0004,0.0002);
#98=TOROIDAL_SURFACE('',#2339,0.0032,0.0002);
#99=TOROIDAL_SURFACE('',#2341,0.0032,0.0002);
#100=TOROIDAL_SURFACE('',#2392,0.0013,0.0011);
#101=TOROIDAL_SURFACE('',#2400,0.0013,0.0011);
#102=TOROIDAL_SURFACE('',#2403,0.0018,0.0002);
#103=TOROIDAL_SURFACE('',#2407,0.0018,0.0002);
#104=PLANE('',#2172);
#105=PLANE('',#2183);
#106=PLANE('',#2186);
#107=PLANE('',#2197);
#108=PLANE('',#2200);
#109=PLANE('',#2203);
#110=PLANE('',#2209);
#111=PLANE('',#2210);
#112=PLANE('',#2211);
#113=PLANE('',#2214);
#114=PLANE('',#2217);
#115=PLANE('',#2238);
#116=PLANE('',#2239);
#117=PLANE('',#2240);
#118=PLANE('',#2261);
#119=PLANE('',#2262);
#120=PLANE('',#2263);
#121=PLANE('',#2264);
#122=PLANE('',#2269);
#123=PLANE('',#2275);
#124=PLANE('',#2276);
#125=PLANE('',#2277);
#126=PLANE('',#2278);
#127=PLANE('',#2279);
#128=PLANE('',#2280);
#129=PLANE('',#2281);
#130=PLANE('',#2282);
#131=PLANE('',#2285);
#132=PLANE('',#2287);
#133=PLANE('',#2386);
#134=PLANE('',#2387);
#135=PLANE('',#2388);
#136=PLANE('',#2389);
#137=PLANE('',#2408);
#138=PLANE('',#2409);
#139=PLANE('',#2410);
#140=PLANE('',#2411);
#141=PLANE('',#2412);
#142=PLANE('',#2413);
#143=PLANE('',#2414);
#144=PLANE('',#2415);
#145=CIRCLE('',#2167,0.0002);
#146=CIRCLE('',#2168,0.0002);
#147=CIRCLE('',#2170,0.0002);
#148=CIRCLE('',#2171,0.0002);
#149=CIRCLE('',#2174,0.0002);
#150=CIRCLE('',#2175,0.0002);
#151=CIRCLE('',#2177,0.0002);
#152=CIRCLE('',#2178,0.0002);
#153=CIRCLE('',#2180,0.0002);
#154=CIRCLE('',#2181,0.0004);
#155=CIRCLE('',#2182,0.0002);
#156=CIRCLE('',#2184,0.0002);
#157=CIRCLE('',#2185,0.0002);
#158=CIRCLE('',#2187,0.0002);
#159=CIRCLE('',#2188,0.0002);
#160=CIRCLE('',#2198,0.0018);
#161=CIRCLE('',#2199,0.0032);
#162=CIRCLE('',#2201,0.0018);
#163=CIRCLE('',#2202,0.0032);
#164=CIRCLE('',#2204,0.0004);
#165=CIRCLE('',#2205,0.0004);
#166=CIRCLE('',#2206,0.0004);
#167=CIRCLE('',#2207,0.0004);
#168=CIRCLE('',#2208,0.0004);
#169=CIRCLE('',#2220,0.0002);
#170=CIRCLE('',#2221,0.0002);
#171=CIRCLE('',#2223,0.0002);
#172=CIRCLE('',#2224,0.0002);
#173=CIRCLE('',#2226,0.0002);
#174=CIRCLE('',#2227,0.0002);
#175=CIRCLE('',#2230,0.0002);
#176=CIRCLE('',#2231,0.0002);
#177=CIRCLE('',#2234,0.0002);
#178=CIRCLE('',#2237,0.0002);
#179=CIRCLE('',#2242,0.0002);
#180=CIRCLE('',#2244,0.0002);
#181=CIRCLE('',#2245,0.0002);
#182=CIRCLE('',#2247,0.0002);
#183=CIRCLE('',#2249,0.0002);
#184=CIRCLE('',#2250,0.0002);
#185=CIRCLE('',#2252,0.0002);
#186=CIRCLE('',#2254,0.0002);
#187=CIRCLE('',#2255,0.0002);
#188=CIRCLE('',#2257,0.0002);
#189=CIRCLE('',#2259,0.0002);
#190=CIRCLE('',#2260,0.0002);
#191=CIRCLE('',#2266,0.0002);
#192=CIRCLE('',#2268,0.0002);
#193=CIRCLE('',#2272,0.003);
#194=CIRCLE('',#2273,0.003);
#195=CIRCLE('',#2283,0.0013);
#196=CIRCLE('',#2284,0.0013);
#197=CIRCLE('',#2290,0.0002);
#198=CIRCLE('',#2292,0.0002);
#199=CIRCLE('',#2294,0.0002);
#200=CIRCLE('',#2295,0.0002);
#201=CIRCLE('',#2297,0.0002);
#202=CIRCLE('',#2299,0.0002);
#203=CIRCLE('',#2301,0.0002);
#204=CIRCLE('',#2304,0.0002);
#205=CIRCLE('',#2306,0.0002);
#206=CIRCLE('',#2308,0.0002);
#207=CIRCLE('',#2312,0.0002);
#208=CIRCLE('',#2313,0.0002);
#209=CIRCLE('',#2315,0.0002);
#210=CIRCLE('',#2316,0.0002);
#211=CIRCLE('',#2318,0.0002);
#212=CIRCLE('',#2319,0.0002);
#213=CIRCLE('',#2321,0.0002);
#214=CIRCLE('',#2323,0.0002);
#215=CIRCLE('',#2325,0.0002);
#216=CIRCLE('',#2327,0.0002);
#217=CIRCLE('',#2329,0.0002);
#218=CIRCLE('',#2331,0.0002);
#219=CIRCLE('',#2333,0.0002);
#220=CIRCLE('',#2335,0.0002);
#221=CIRCLE('',#2337,0.0002);
#222=CIRCLE('',#2338,0.0002);
#223=CIRCLE('',#2340,0.0002);
#224=CIRCLE('',#2342,0.0002);
#225=CIRCLE('',#2344,0.0002);
#226=CIRCLE('',#2345,0.0002);
#227=CIRCLE('',#2347,0.0002);
#228=CIRCLE('',#2349,0.0002);
#229=CIRCLE('',#2359,0.0002);
#230=CIRCLE('',#2360,0.0002);
#231=CIRCLE('',#2361,0.0002);
#232=CIRCLE('',#2363,0.0002);
#233=CIRCLE('',#2365,0.0002);
#234=CIRCLE('',#2367,0.0002);
#235=CIRCLE('',#2369,0.0002);
#236=CIRCLE('',#2370,0.0002);
#237=CIRCLE('',#2373,0.0002);
#238=CIRCLE('',#2374,0.0002);
#239=CIRCLE('',#2376,0.0002);
#240=CIRCLE('',#2377,0.0002);
#241=CIRCLE('',#2379,0.0002);
#242=CIRCLE('',#2381,0.0002);
#243=CIRCLE('',#2382,0.0002);
#244=CIRCLE('',#2384,0.0002);
#245=CIRCLE('',#2391,0.0011);
#246=CIRCLE('',#2393,0.0011);
#247=CIRCLE('',#2399,0.0011);
#248=CIRCLE('',#2401,0.0011);
#249=CIRCLE('',#2404,0.002);
#250=CIRCLE('',#2406,0.002);
#251=ORIENTED_EDGE('',*,*,#885,.F.);
#252=ORIENTED_EDGE('',*,*,#886,.F.);
#253=ORIENTED_EDGE('',*,*,#887,.F.);
#254=ORIENTED_EDGE('',*,*,#888,.F.);
#255=ORIENTED_EDGE('',*,*,#889,.F.);
#256=ORIENTED_EDGE('',*,*,#890,.F.);
#257=ORIENTED_EDGE('',*,*,#891,.F.);
#258=ORIENTED_EDGE('',*,*,#892,.F.);
#259=ORIENTED_EDGE('',*,*,#893,.F.);
#260=ORIENTED_EDGE('',*,*,#894,.T.);
#261=ORIENTED_EDGE('',*,*,#895,.T.);
#262=ORIENTED_EDGE('',*,*,#896,.T.);
#263=ORIENTED_EDGE('',*,*,#897,.F.);
#264=ORIENTED_EDGE('',*,*,#898,.T.);
#265=ORIENTED_EDGE('',*,*,#899,.F.);
#266=ORIENTED_EDGE('',*,*,#900,.T.);
#267=ORIENTED_EDGE('',*,*,#901,.F.);
#268=ORIENTED_EDGE('',*,*,#902,.T.);
#269=ORIENTED_EDGE('',*,*,#903,.F.);
#270=ORIENTED_EDGE('',*,*,#904,.T.);
#271=ORIENTED_EDGE('',*,*,#905,.T.);
#272=ORIENTED_EDGE('',*,*,#906,.T.);
#273=ORIENTED_EDGE('',*,*,#907,.F.);
#274=ORIENTED_EDGE('',*,*,#908,.T.);
#275=ORIENTED_EDGE('',*,*,#909,.T.);
#276=ORIENTED_EDGE('',*,*,#890,.T.);
#277=ORIENTED_EDGE('',*,*,#910,.F.);
#278=ORIENTED_EDGE('',*,*,#911,.T.);
#279=ORIENTED_EDGE('',*,*,#892,.T.);
#280=ORIENTED_EDGE('',*,*,#912,.T.);
#281=ORIENTED_EDGE('',*,*,#913,.T.);
#282=ORIENTED_EDGE('',*,*,#914,.T.);
#283=ORIENTED_EDGE('',*,*,#915,.T.);
#284=ORIENTED_EDGE('',*,*,#916,.F.);
#285=ORIENTED_EDGE('',*,*,#886,.T.);
#286=ORIENTED_EDGE('',*,*,#917,.T.);
#287=ORIENTED_EDGE('',*,*,#918,.T.);
#288=ORIENTED_EDGE('',*,*,#919,.F.);
#289=ORIENTED_EDGE('',*,*,#920,.F.);
#290=ORIENTED_EDGE('',*,*,#921,.T.);
#291=ORIENTED_EDGE('',*,*,#922,.T.);
#292=ORIENTED_EDGE('',*,*,#923,.F.);
#293=ORIENTED_EDGE('',*,*,#924,.F.);
#294=ORIENTED_EDGE('',*,*,#900,.F.);
#295=ORIENTED_EDGE('',*,*,#925,.T.);
#296=ORIENTED_EDGE('',*,*,#926,.F.);
#297=ORIENTED_EDGE('',*,*,#927,.F.);
#298=ORIENTED_EDGE('',*,*,#928,.F.);
#299=ORIENTED_EDGE('',*,*,#929,.F.);
#300=ORIENTED_EDGE('',*,*,#902,.F.);
#301=ORIENTED_EDGE('',*,*,#930,.F.);
#302=ORIENTED_EDGE('',*,*,#931,.F.);
#303=ORIENTED_EDGE('',*,*,#898,.F.);
#304=ORIENTED_EDGE('',*,*,#932,.F.);
#305=ORIENTED_EDGE('',*,*,#896,.F.);
#306=ORIENTED_EDGE('',*,*,#933,.F.);
#307=ORIENTED_EDGE('',*,*,#934,.F.);
#308=ORIENTED_EDGE('',*,*,#931,.T.);
#309=ORIENTED_EDGE('',*,*,#935,.F.);
#310=ORIENTED_EDGE('',*,*,#936,.F.);
#311=ORIENTED_EDGE('',*,*,#937,.F.);
#312=ORIENTED_EDGE('',*,*,#938,.T.);
#313=ORIENTED_EDGE('',*,*,#894,.F.);
#314=ORIENTED_EDGE('',*,*,#939,.F.);
#315=ORIENTED_EDGE('',*,*,#904,.F.);
#316=ORIENTED_EDGE('',*,*,#936,.T.);
#317=ORIENTED_EDGE('',*,*,#940,.F.);
#318=ORIENTED_EDGE('',*,*,#941,.T.);
#319=ORIENTED_EDGE('',*,*,#942,.T.);
#320=ORIENTED_EDGE('',*,*,#943,.T.);
#321=ORIENTED_EDGE('',*,*,#944,.T.);
#322=ORIENTED_EDGE('',*,*,#945,.T.);
#323=ORIENTED_EDGE('',*,*,#946,.F.);
#324=ORIENTED_EDGE('',*,*,#947,.T.);
#325=ORIENTED_EDGE('',*,*,#948,.T.);
#326=ORIENTED_EDGE('',*,*,#949,.T.);
#327=ORIENTED_EDGE('',*,*,#950,.T.);
#328=ORIENTED_EDGE('',*,*,#951,.T.);
#329=ORIENTED_EDGE('',*,*,#952,.T.);
#330=ORIENTED_EDGE('',*,*,#953,.T.);
#331=ORIENTED_EDGE('',*,*,#954,.T.);
#332=ORIENTED_EDGE('',*,*,#955,.T.);
#333=ORIENTED_EDGE('',*,*,#956,.T.);
#334=ORIENTED_EDGE('',*,*,#957,.T.);
#335=ORIENTED_EDGE('',*,*,#958,.T.);
#336=ORIENTED_EDGE('',*,*,#959,.T.);
#337=ORIENTED_EDGE('',*,*,#960,.T.);
#338=ORIENTED_EDGE('',*,*,#961,.F.);
#339=ORIENTED_EDGE('',*,*,#962,.T.);
#340=ORIENTED_EDGE('',*,*,#963,.F.);
#341=ORIENTED_EDGE('',*,*,#964,.T.);
#342=ORIENTED_EDGE('',*,*,#965,.F.);
#343=ORIENTED_EDGE('',*,*,#966,.T.);
#344=ORIENTED_EDGE('',*,*,#967,.F.);
#345=ORIENTED_EDGE('',*,*,#968,.T.);
#346=ORIENTED_EDGE('',*,*,#908,.F.);
#347=ORIENTED_EDGE('',*,*,#969,.T.);
#348=ORIENTED_EDGE('',*,*,#970,.F.);
#349=ORIENTED_EDGE('',*,*,#971,.T.);
#350=ORIENTED_EDGE('',*,*,#972,.T.);
#351=ORIENTED_EDGE('',*,*,#973,.T.);
#352=ORIENTED_EDGE('',*,*,#974,.T.);
#353=ORIENTED_EDGE('',*,*,#975,.F.);
#354=ORIENTED_EDGE('',*,*,#976,.T.);
#355=ORIENTED_EDGE('',*,*,#977,.T.);
#356=ORIENTED_EDGE('',*,*,#978,.T.);
#357=ORIENTED_EDGE('',*,*,#979,.T.);
#358=ORIENTED_EDGE('',*,*,#980,.F.);
#359=ORIENTED_EDGE('',*,*,#981,.T.);
#360=ORIENTED_EDGE('',*,*,#982,.T.);
#361=ORIENTED_EDGE('',*,*,#983,.T.);
#362=ORIENTED_EDGE('',*,*,#984,.T.);
#363=ORIENTED_EDGE('',*,*,#985,.F.);
#364=ORIENTED_EDGE('',*,*,#986,.T.);
#365=ORIENTED_EDGE('',*,*,#987,.T.);
#366=ORIENTED_EDGE('',*,*,#988,.T.);
#367=ORIENTED_EDGE('',*,*,#989,.T.);
#368=ORIENTED_EDGE('',*,*,#990,.T.);
#369=ORIENTED_EDGE('',*,*,#991,.T.);
#370=ORIENTED_EDGE('',*,*,#992,.T.);
#371=ORIENTED_EDGE('',*,*,#993,.T.);
#372=ORIENTED_EDGE('',*,*,#994,.T.);
#373=ORIENTED_EDGE('',*,*,#995,.T.);
#374=ORIENTED_EDGE('',*,*,#996,.T.);
#375=ORIENTED_EDGE('',*,*,#997,.T.);
#376=ORIENTED_EDGE('',*,*,#998,.T.);
#377=ORIENTED_EDGE('',*,*,#999,.T.);
#378=ORIENTED_EDGE('',*,*,#960,.F.);
#379=ORIENTED_EDGE('',*,*,#1000,.T.);
#380=ORIENTED_EDGE('',*,*,#974,.F.);
#381=ORIENTED_EDGE('',*,*,#1001,.T.);
#382=ORIENTED_EDGE('',*,*,#1002,.T.);
#383=ORIENTED_EDGE('',*,*,#991,.F.);
#384=ORIENTED_EDGE('',*,*,#1003,.T.);
#385=ORIENTED_EDGE('',*,*,#971,.F.);
#386=ORIENTED_EDGE('',*,*,#1004,.F.);
#387=ORIENTED_EDGE('',*,*,#979,.F.);
#388=ORIENTED_EDGE('',*,*,#1005,.T.);
#389=ORIENTED_EDGE('',*,*,#1006,.F.);
#390=ORIENTED_EDGE('',*,*,#1007,.T.);
#391=ORIENTED_EDGE('',*,*,#982,.F.);
#392=ORIENTED_EDGE('',*,*,#1008,.T.);
#393=ORIENTED_EDGE('',*,*,#952,.F.);
#394=ORIENTED_EDGE('',*,*,#1009,.T.);
#395=ORIENTED_EDGE('',*,*,#1010,.T.);
#396=ORIENTED_EDGE('',*,*,#1011,.F.);
#397=ORIENTED_EDGE('',*,*,#1012,.T.);
#398=ORIENTED_EDGE('',*,*,#958,.F.);
#399=ORIENTED_EDGE('',*,*,#1013,.F.);
#400=ORIENTED_EDGE('',*,*,#954,.F.);
#401=ORIENTED_EDGE('',*,*,#1014,.T.);
#402=ORIENTED_EDGE('',*,*,#1015,.F.);
#403=ORIENTED_EDGE('',*,*,#1016,.F.);
#404=ORIENTED_EDGE('',*,*,#1017,.T.);
#405=ORIENTED_EDGE('',*,*,#1018,.T.);
#406=ORIENTED_EDGE('',*,*,#1019,.T.);
#407=ORIENTED_EDGE('',*,*,#1020,.F.);
#408=ORIENTED_EDGE('',*,*,#1021,.T.);
#409=ORIENTED_EDGE('',*,*,#1022,.T.);
#410=ORIENTED_EDGE('',*,*,#1023,.T.);
#411=ORIENTED_EDGE('',*,*,#1024,.T.);
#412=ORIENTED_EDGE('',*,*,#1025,.T.);
#413=ORIENTED_EDGE('',*,*,#1026,.T.);
#414=ORIENTED_EDGE('',*,*,#1027,.T.);
#415=ORIENTED_EDGE('',*,*,#1028,.T.);
#416=ORIENTED_EDGE('',*,*,#995,.F.);
#417=ORIENTED_EDGE('',*,*,#1029,.T.);
#418=ORIENTED_EDGE('',*,*,#1025,.F.);
#419=ORIENTED_EDGE('',*,*,#1030,.F.);
#420=ORIENTED_EDGE('',*,*,#1031,.F.);
#421=ORIENTED_EDGE('',*,*,#996,.F.);
#422=ORIENTED_EDGE('',*,*,#1032,.T.);
#423=ORIENTED_EDGE('',*,*,#993,.F.);
#424=ORIENTED_EDGE('',*,*,#1019,.F.);
#425=ORIENTED_EDGE('',*,*,#1033,.T.);
#426=ORIENTED_EDGE('',*,*,#1034,.F.);
#427=ORIENTED_EDGE('',*,*,#1035,.F.);
#428=ORIENTED_EDGE('',*,*,#1036,.F.);
#429=ORIENTED_EDGE('',*,*,#1037,.F.);
#430=ORIENTED_EDGE('',*,*,#1038,.T.);
#431=ORIENTED_EDGE('',*,*,#1023,.F.);
#432=ORIENTED_EDGE('',*,*,#1027,.F.);
#433=ORIENTED_EDGE('',*,*,#1039,.T.);
#434=ORIENTED_EDGE('',*,*,#987,.F.);
#435=ORIENTED_EDGE('',*,*,#1040,.F.);
#436=ORIENTED_EDGE('',*,*,#1041,.F.);
#437=ORIENTED_EDGE('',*,*,#983,.F.);
#438=ORIENTED_EDGE('',*,*,#1042,.T.);
#439=ORIENTED_EDGE('',*,*,#998,.F.);
#440=ORIENTED_EDGE('',*,*,#1043,.F.);
#441=ORIENTED_EDGE('',*,*,#1044,.T.);
#442=ORIENTED_EDGE('',*,*,#1017,.F.);
#443=ORIENTED_EDGE('',*,*,#1045,.F.);
#444=ORIENTED_EDGE('',*,*,#1046,.F.);
#445=ORIENTED_EDGE('',*,*,#1021,.F.);
#446=ORIENTED_EDGE('',*,*,#1047,.T.);
#447=ORIENTED_EDGE('',*,*,#1048,.F.);
#448=ORIENTED_EDGE('',*,*,#1049,.T.);
#449=ORIENTED_EDGE('',*,*,#1050,.T.);
#450=ORIENTED_EDGE('',*,*,#1051,.T.);
#451=ORIENTED_EDGE('',*,*,#1052,.T.);
#452=ORIENTED_EDGE('',*,*,#1053,.F.);
#453=ORIENTED_EDGE('',*,*,#919,.T.);
#454=ORIENTED_EDGE('',*,*,#1054,.T.);
#455=ORIENTED_EDGE('',*,*,#922,.F.);
#456=ORIENTED_EDGE('',*,*,#912,.F.);
#457=ORIENTED_EDGE('',*,*,#891,.T.);
#458=ORIENTED_EDGE('',*,*,#1055,.T.);
#459=ORIENTED_EDGE('',*,*,#1056,.T.);
#460=ORIENTED_EDGE('',*,*,#914,.F.);
#461=ORIENTED_EDGE('',*,*,#1057,.T.);
#462=ORIENTED_EDGE('',*,*,#1058,.T.);
#463=ORIENTED_EDGE('',*,*,#1059,.T.);
#464=ORIENTED_EDGE('',*,*,#887,.T.);
#465=ORIENTED_EDGE('',*,*,#916,.T.);
#466=ORIENTED_EDGE('',*,*,#1060,.T.);
#467=ORIENTED_EDGE('',*,*,#1061,.T.);
#468=ORIENTED_EDGE('',*,*,#915,.F.);
#469=ORIENTED_EDGE('',*,*,#1059,.F.);
#470=ORIENTED_EDGE('',*,*,#1062,.F.);
#471=ORIENTED_EDGE('',*,*,#1060,.F.);
#472=ORIENTED_EDGE('',*,*,#913,.F.);
#473=ORIENTED_EDGE('',*,*,#1056,.F.);
#474=ORIENTED_EDGE('',*,*,#1063,.F.);
#475=ORIENTED_EDGE('',*,*,#1057,.F.);
#476=ORIENTED_EDGE('',*,*,#1011,.T.);
#477=ORIENTED_EDGE('',*,*,#1064,.T.);
#478=ORIENTED_EDGE('',*,*,#1065,.T.);
#479=ORIENTED_EDGE('',*,*,#985,.T.);
#480=ORIENTED_EDGE('',*,*,#1066,.T.);
#481=ORIENTED_EDGE('',*,*,#1067,.T.);
#482=ORIENTED_EDGE('',*,*,#1068,.T.);
#483=ORIENTED_EDGE('',*,*,#1069,.T.);
#484=ORIENTED_EDGE('',*,*,#1070,.T.);
#485=ORIENTED_EDGE('',*,*,#989,.F.);
#486=ORIENTED_EDGE('',*,*,#1030,.T.);
#487=ORIENTED_EDGE('',*,*,#1028,.F.);
#488=ORIENTED_EDGE('',*,*,#1040,.T.);
#489=ORIENTED_EDGE('',*,*,#986,.F.);
#490=ORIENTED_EDGE('',*,*,#1065,.F.);
#491=ORIENTED_EDGE('',*,*,#1071,.T.);
#492=ORIENTED_EDGE('',*,*,#1072,.T.);
#493=ORIENTED_EDGE('',*,*,#1073,.T.);
#494=ORIENTED_EDGE('',*,*,#1074,.F.);
#495=ORIENTED_EDGE('',*,*,#1075,.T.);
#496=ORIENTED_EDGE('',*,*,#1045,.T.);
#497=ORIENTED_EDGE('',*,*,#1020,.T.);
#498=ORIENTED_EDGE('',*,*,#1035,.T.);
#499=ORIENTED_EDGE('',*,*,#1076,.T.);
#500=ORIENTED_EDGE('',*,*,#1077,.T.);
#501=ORIENTED_EDGE('',*,*,#1078,.T.);
#502=ORIENTED_EDGE('',*,*,#1079,.T.);
#503=ORIENTED_EDGE('',*,*,#1015,.T.);
#504=ORIENTED_EDGE('',*,*,#1080,.F.);
#505=ORIENTED_EDGE('',*,*,#1081,.F.);
#506=ORIENTED_EDGE('',*,*,#1074,.T.);
#507=ORIENTED_EDGE('',*,*,#1082,.T.);
#508=ORIENTED_EDGE('',*,*,#1083,.T.);
#509=ORIENTED_EDGE('',*,*,#1084,.T.);
#510=ORIENTED_EDGE('',*,*,#1085,.T.);
#511=ORIENTED_EDGE('',*,*,#1086,.F.);
#512=ORIENTED_EDGE('',*,*,#1087,.T.);
#513=ORIENTED_EDGE('',*,*,#906,.F.);
#514=ORIENTED_EDGE('',*,*,#1088,.F.);
#515=ORIENTED_EDGE('',*,*,#910,.T.);
#516=ORIENTED_EDGE('',*,*,#1053,.T.);
#517=ORIENTED_EDGE('',*,*,#921,.F.);
#518=ORIENTED_EDGE('',*,*,#1089,.F.);
#519=ORIENTED_EDGE('',*,*,#1090,.T.);
#520=ORIENTED_EDGE('',*,*,#1091,.T.);
#521=ORIENTED_EDGE('',*,*,#1092,.T.);
#522=ORIENTED_EDGE('',*,*,#937,.T.);
#523=ORIENTED_EDGE('',*,*,#903,.T.);
#524=ORIENTED_EDGE('',*,*,#929,.T.);
#525=ORIENTED_EDGE('',*,*,#1093,.T.);
#526=ORIENTED_EDGE('',*,*,#1094,.T.);
#527=ORIENTED_EDGE('',*,*,#1095,.T.);
#528=ORIENTED_EDGE('',*,*,#927,.T.);
#529=ORIENTED_EDGE('',*,*,#899,.T.);
#530=ORIENTED_EDGE('',*,*,#934,.T.);
#531=ORIENTED_EDGE('',*,*,#1096,.T.);
#532=ORIENTED_EDGE('',*,*,#925,.F.);
#533=ORIENTED_EDGE('',*,*,#1097,.T.);
#534=ORIENTED_EDGE('',*,*,#1098,.T.);
#535=ORIENTED_EDGE('',*,*,#1099,.T.);
#536=ORIENTED_EDGE('',*,*,#1100,.T.);
#537=ORIENTED_EDGE('',*,*,#1101,.F.);
#538=ORIENTED_EDGE('',*,*,#1102,.F.);
#539=ORIENTED_EDGE('',*,*,#1103,.T.);
#540=ORIENTED_EDGE('',*,*,#923,.T.);
#541=ORIENTED_EDGE('',*,*,#1054,.F.);
#542=ORIENTED_EDGE('',*,*,#918,.F.);
#543=ORIENTED_EDGE('',*,*,#1104,.T.);
#544=ORIENTED_EDGE('',*,*,#1105,.T.);
#545=ORIENTED_EDGE('',*,*,#1106,.T.);
#546=ORIENTED_EDGE('',*,*,#1107,.T.);
#547=ORIENTED_EDGE('',*,*,#1108,.T.);
#548=ORIENTED_EDGE('',*,*,#1109,.T.);
#549=ORIENTED_EDGE('',*,*,#1110,.T.);
#550=ORIENTED_EDGE('',*,*,#1111,.T.);
#551=ORIENTED_EDGE('',*,*,#1112,.T.);
#552=ORIENTED_EDGE('',*,*,#1113,.T.);
#553=ORIENTED_EDGE('',*,*,#1114,.T.);
#554=ORIENTED_EDGE('',*,*,#1006,.T.);
#555=ORIENTED_EDGE('',*,*,#1115,.T.);
#556=ORIENTED_EDGE('',*,*,#1067,.F.);
#557=ORIENTED_EDGE('',*,*,#1034,.T.);
#558=ORIENTED_EDGE('',*,*,#1116,.T.);
#559=ORIENTED_EDGE('',*,*,#1037,.T.);
#560=ORIENTED_EDGE('',*,*,#1117,.T.);
#561=ORIENTED_EDGE('',*,*,#1081,.T.);
#562=ORIENTED_EDGE('',*,*,#1118,.T.);
#563=ORIENTED_EDGE('',*,*,#1048,.T.);
#564=ORIENTED_EDGE('',*,*,#1119,.T.);
#565=ORIENTED_EDGE('',*,*,#1043,.T.);
#566=ORIENTED_EDGE('',*,*,#1075,.F.);
#567=ORIENTED_EDGE('',*,*,#1096,.F.);
#568=ORIENTED_EDGE('',*,*,#1120,.T.);
#569=ORIENTED_EDGE('',*,*,#1093,.F.);
#570=ORIENTED_EDGE('',*,*,#926,.T.);
#571=ORIENTED_EDGE('',*,*,#1095,.F.);
#572=ORIENTED_EDGE('',*,*,#1121,.T.);
#573=ORIENTED_EDGE('',*,*,#1092,.F.);
#574=ORIENTED_EDGE('',*,*,#928,.T.);
#575=ORIENTED_EDGE('',*,*,#1122,.F.);
#576=ORIENTED_EDGE('',*,*,#966,.F.);
#577=ORIENTED_EDGE('',*,*,#1123,.F.);
#578=ORIENTED_EDGE('',*,*,#1058,.F.);
#579=ORIENTED_EDGE('',*,*,#1123,.T.);
#580=ORIENTED_EDGE('',*,*,#965,.T.);
#581=ORIENTED_EDGE('',*,*,#1124,.F.);
#582=ORIENTED_EDGE('',*,*,#1062,.T.);
#583=ORIENTED_EDGE('',*,*,#1122,.T.);
#584=ORIENTED_EDGE('',*,*,#1063,.T.);
#585=ORIENTED_EDGE('',*,*,#1125,.F.);
#586=ORIENTED_EDGE('',*,*,#967,.T.);
#587=ORIENTED_EDGE('',*,*,#1124,.T.);
#588=ORIENTED_EDGE('',*,*,#964,.F.);
#589=ORIENTED_EDGE('',*,*,#1126,.F.);
#590=ORIENTED_EDGE('',*,*,#1061,.F.);
#591=ORIENTED_EDGE('',*,*,#1125,.T.);
#592=ORIENTED_EDGE('',*,*,#1055,.F.);
#593=ORIENTED_EDGE('',*,*,#909,.F.);
#594=ORIENTED_EDGE('',*,*,#968,.F.);
#595=ORIENTED_EDGE('',*,*,#1105,.F.);
#596=ORIENTED_EDGE('',*,*,#1127,.T.);
#597=ORIENTED_EDGE('',*,*,#888,.T.);
#598=ORIENTED_EDGE('',*,*,#1126,.T.);
#599=ORIENTED_EDGE('',*,*,#963,.T.);
#600=ORIENTED_EDGE('',*,*,#1128,.F.);
#601=ORIENTED_EDGE('',*,*,#1128,.T.);
#602=ORIENTED_EDGE('',*,*,#962,.F.);
#603=ORIENTED_EDGE('',*,*,#1129,.F.);
#604=ORIENTED_EDGE('',*,*,#1106,.F.);
#605=ORIENTED_EDGE('',*,*,#907,.T.);
#606=ORIENTED_EDGE('',*,*,#1087,.F.);
#607=ORIENTED_EDGE('',*,*,#1130,.F.);
#608=ORIENTED_EDGE('',*,*,#969,.F.);
#609=ORIENTED_EDGE('',*,*,#1002,.F.);
#610=ORIENTED_EDGE('',*,*,#1097,.F.);
#611=ORIENTED_EDGE('',*,*,#1129,.T.);
#612=ORIENTED_EDGE('',*,*,#961,.T.);
#613=ORIENTED_EDGE('',*,*,#1086,.T.);
#614=ORIENTED_EDGE('',*,*,#1009,.F.);
#615=ORIENTED_EDGE('',*,*,#970,.T.);
#616=ORIENTED_EDGE('',*,*,#1130,.T.);
#617=ORIENTED_EDGE('',*,*,#1131,.F.);
#618=ORIENTED_EDGE('',*,*,#957,.F.);
#619=ORIENTED_EDGE('',*,*,#1132,.F.);
#620=ORIENTED_EDGE('',*,*,#944,.F.);
#621=ORIENTED_EDGE('',*,*,#1133,.F.);
#622=ORIENTED_EDGE('',*,*,#955,.F.);
#623=ORIENTED_EDGE('',*,*,#1134,.F.);
#624=ORIENTED_EDGE('',*,*,#948,.F.);
#625=ORIENTED_EDGE('',*,*,#1135,.F.);
#626=ORIENTED_EDGE('',*,*,#956,.F.);
#627=ORIENTED_EDGE('',*,*,#1136,.F.);
#628=ORIENTED_EDGE('',*,*,#1052,.F.);
#629=ORIENTED_EDGE('',*,*,#1132,.T.);
#630=ORIENTED_EDGE('',*,*,#1135,.T.);
#631=ORIENTED_EDGE('',*,*,#1137,.F.);
#632=ORIENTED_EDGE('',*,*,#1013,.T.);
#633=ORIENTED_EDGE('',*,*,#1131,.T.);
#634=ORIENTED_EDGE('',*,*,#1138,.F.);
#635=ORIENTED_EDGE('',*,*,#1134,.T.);
#636=ORIENTED_EDGE('',*,*,#1016,.T.);
#637=ORIENTED_EDGE('',*,*,#1139,.F.);
#638=ORIENTED_EDGE('',*,*,#1136,.T.);
#639=ORIENTED_EDGE('',*,*,#1133,.T.);
#640=ORIENTED_EDGE('',*,*,#1140,.F.);
#641=ORIENTED_EDGE('',*,*,#1051,.F.);
#642=ORIENTED_EDGE('',*,*,#1141,.T.);
#643=ORIENTED_EDGE('',*,*,#945,.F.);
#644=ORIENTED_EDGE('',*,*,#1137,.T.);
#645=ORIENTED_EDGE('',*,*,#1138,.T.);
#646=ORIENTED_EDGE('',*,*,#943,.F.);
#647=ORIENTED_EDGE('',*,*,#1142,.F.);
#648=ORIENTED_EDGE('',*,*,#1064,.F.);
#649=ORIENTED_EDGE('',*,*,#1139,.T.);
#650=ORIENTED_EDGE('',*,*,#1082,.F.);
#651=ORIENTED_EDGE('',*,*,#1143,.F.);
#652=ORIENTED_EDGE('',*,*,#949,.F.);
#653=ORIENTED_EDGE('',*,*,#947,.F.);
#654=ORIENTED_EDGE('',*,*,#1144,.T.);
#655=ORIENTED_EDGE('',*,*,#1049,.F.);
#656=ORIENTED_EDGE('',*,*,#1140,.T.);
#657=ORIENTED_EDGE('',*,*,#941,.F.);
#658=ORIENTED_EDGE('',*,*,#1145,.T.);
#659=ORIENTED_EDGE('',*,*,#1076,.F.);
#660=ORIENTED_EDGE('',*,*,#1146,.F.);
#661=ORIENTED_EDGE('',*,*,#1142,.T.);
#662=ORIENTED_EDGE('',*,*,#942,.F.);
#663=ORIENTED_EDGE('',*,*,#1147,.F.);
#664=ORIENTED_EDGE('',*,*,#1071,.F.);
#665=ORIENTED_EDGE('',*,*,#1143,.T.);
#666=ORIENTED_EDGE('',*,*,#1073,.F.);
#667=ORIENTED_EDGE('',*,*,#1148,.F.);
#668=ORIENTED_EDGE('',*,*,#950,.F.);
#669=ORIENTED_EDGE('',*,*,#1078,.F.);
#670=ORIENTED_EDGE('',*,*,#1149,.T.);
#671=ORIENTED_EDGE('',*,*,#951,.F.);
#672=ORIENTED_EDGE('',*,*,#1150,.F.);
#673=ORIENTED_EDGE('',*,*,#1147,.T.);
#674=ORIENTED_EDGE('',*,*,#1146,.T.);
#675=ORIENTED_EDGE('',*,*,#1151,.F.);
#676=ORIENTED_EDGE('',*,*,#1150,.T.);
#677=ORIENTED_EDGE('',*,*,#1148,.T.);
#678=ORIENTED_EDGE('',*,*,#1152,.F.);
#679=ORIENTED_EDGE('',*,*,#1151,.T.);
#680=ORIENTED_EDGE('',*,*,#1079,.F.);
#681=ORIENTED_EDGE('',*,*,#1152,.T.);
#682=ORIENTED_EDGE('',*,*,#1072,.F.);
#683=ORIENTED_EDGE('',*,*,#1069,.F.);
#684=ORIENTED_EDGE('',*,*,#1153,.T.);
#685=ORIENTED_EDGE('',*,*,#1112,.F.);
#686=ORIENTED_EDGE('',*,*,#1154,.T.);
#687=ORIENTED_EDGE('',*,*,#1155,.T.);
#688=ORIENTED_EDGE('',*,*,#1156,.T.);
#689=ORIENTED_EDGE('',*,*,#1157,.T.);
#690=ORIENTED_EDGE('',*,*,#1158,.T.);
#691=ORIENTED_EDGE('',*,*,#1159,.T.);
#692=ORIENTED_EDGE('',*,*,#1160,.T.);
#693=ORIENTED_EDGE('',*,*,#1161,.T.);
#694=ORIENTED_EDGE('',*,*,#1162,.T.);
#695=ORIENTED_EDGE('',*,*,#1163,.F.);
#696=ORIENTED_EDGE('',*,*,#1164,.F.);
#697=ORIENTED_EDGE('',*,*,#1047,.F.);
#698=ORIENTED_EDGE('',*,*,#1164,.T.);
#699=ORIENTED_EDGE('',*,*,#1158,.F.);
#700=ORIENTED_EDGE('',*,*,#1165,.F.);
#701=ORIENTED_EDGE('',*,*,#1119,.F.);
#702=ORIENTED_EDGE('',*,*,#1163,.T.);
#703=ORIENTED_EDGE('',*,*,#1024,.F.);
#704=ORIENTED_EDGE('',*,*,#1166,.F.);
#705=ORIENTED_EDGE('',*,*,#1155,.F.);
#706=ORIENTED_EDGE('',*,*,#1044,.F.);
#707=ORIENTED_EDGE('',*,*,#1165,.T.);
#708=ORIENTED_EDGE('',*,*,#1167,.F.);
#709=ORIENTED_EDGE('',*,*,#1166,.T.);
#710=ORIENTED_EDGE('',*,*,#1038,.F.);
#711=ORIENTED_EDGE('',*,*,#1168,.F.);
#712=ORIENTED_EDGE('',*,*,#1167,.T.);
#713=ORIENTED_EDGE('',*,*,#1157,.F.);
#714=ORIENTED_EDGE('',*,*,#1169,.F.);
#715=ORIENTED_EDGE('',*,*,#1018,.F.);
#716=ORIENTED_EDGE('',*,*,#1168,.T.);
#717=ORIENTED_EDGE('',*,*,#1116,.F.);
#718=ORIENTED_EDGE('',*,*,#1170,.F.);
#719=ORIENTED_EDGE('',*,*,#1156,.F.);
#720=ORIENTED_EDGE('',*,*,#1033,.F.);
#721=ORIENTED_EDGE('',*,*,#1169,.T.);
#722=ORIENTED_EDGE('',*,*,#1170,.T.);
#723=ORIENTED_EDGE('',*,*,#1171,.F.);
#724=ORIENTED_EDGE('',*,*,#1172,.F.);
#725=ORIENTED_EDGE('',*,*,#1042,.F.);
#726=ORIENTED_EDGE('',*,*,#1172,.T.);
#727=ORIENTED_EDGE('',*,*,#1161,.F.);
#728=ORIENTED_EDGE('',*,*,#1173,.F.);
#729=ORIENTED_EDGE('',*,*,#999,.F.);
#730=ORIENTED_EDGE('',*,*,#1171,.T.);
#731=ORIENTED_EDGE('',*,*,#988,.F.);
#732=ORIENTED_EDGE('',*,*,#1174,.F.);
#733=ORIENTED_EDGE('',*,*,#1162,.F.);
#734=ORIENTED_EDGE('',*,*,#1032,.F.);
#735=ORIENTED_EDGE('',*,*,#1173,.T.);
#736=ORIENTED_EDGE('',*,*,#1175,.F.);
#737=ORIENTED_EDGE('',*,*,#1174,.T.);
#738=ORIENTED_EDGE('',*,*,#1039,.F.);
#739=ORIENTED_EDGE('',*,*,#1176,.F.);
#740=ORIENTED_EDGE('',*,*,#1175,.T.);
#741=ORIENTED_EDGE('',*,*,#1160,.F.);
#742=ORIENTED_EDGE('',*,*,#1177,.F.);
#743=ORIENTED_EDGE('',*,*,#994,.F.);
#744=ORIENTED_EDGE('',*,*,#1176,.T.);
#745=ORIENTED_EDGE('',*,*,#1026,.F.);
#746=ORIENTED_EDGE('',*,*,#1178,.F.);
#747=ORIENTED_EDGE('',*,*,#1159,.F.);
#748=ORIENTED_EDGE('',*,*,#1029,.F.);
#749=ORIENTED_EDGE('',*,*,#1177,.T.);
#750=ORIENTED_EDGE('',*,*,#1178,.T.);
#751=ORIENTED_EDGE('',*,*,#981,.F.);
#752=ORIENTED_EDGE('',*,*,#1179,.T.);
#753=ORIENTED_EDGE('',*,*,#1080,.T.);
#754=ORIENTED_EDGE('',*,*,#1014,.F.);
#755=ORIENTED_EDGE('',*,*,#953,.F.);
#756=ORIENTED_EDGE('',*,*,#1008,.F.);
#757=ORIENTED_EDGE('',*,*,#980,.T.);
#758=ORIENTED_EDGE('',*,*,#1007,.F.);
#759=ORIENTED_EDGE('',*,*,#1117,.F.);
#760=ORIENTED_EDGE('',*,*,#1036,.T.);
#761=ORIENTED_EDGE('',*,*,#1022,.F.);
#762=ORIENTED_EDGE('',*,*,#1046,.T.);
#763=ORIENTED_EDGE('',*,*,#1118,.F.);
#764=ORIENTED_EDGE('',*,*,#1179,.F.);
#765=ORIENTED_EDGE('',*,*,#959,.F.);
#766=ORIENTED_EDGE('',*,*,#1012,.F.);
#767=ORIENTED_EDGE('',*,*,#1066,.F.);
#768=ORIENTED_EDGE('',*,*,#1180,.T.);
#769=ORIENTED_EDGE('',*,*,#975,.T.);
#770=ORIENTED_EDGE('',*,*,#1000,.F.);
#771=ORIENTED_EDGE('',*,*,#1180,.F.);
#772=ORIENTED_EDGE('',*,*,#984,.F.);
#773=ORIENTED_EDGE('',*,*,#1041,.T.);
#774=ORIENTED_EDGE('',*,*,#997,.F.);
#775=ORIENTED_EDGE('',*,*,#1031,.T.);
#776=ORIENTED_EDGE('',*,*,#992,.F.);
#777=ORIENTED_EDGE('',*,*,#1004,.T.);
#778=ORIENTED_EDGE('',*,*,#976,.F.);
#779=ORIENTED_EDGE('',*,*,#1154,.F.);
#780=ORIENTED_EDGE('',*,*,#1111,.F.);
#781=ORIENTED_EDGE('',*,*,#1181,.F.);
#782=ORIENTED_EDGE('',*,*,#990,.F.);
#783=ORIENTED_EDGE('',*,*,#1070,.F.);
#784=ORIENTED_EDGE('',*,*,#1181,.T.);
#785=ORIENTED_EDGE('',*,*,#1110,.F.);
#786=ORIENTED_EDGE('',*,*,#1182,.F.);
#787=ORIENTED_EDGE('',*,*,#1003,.F.);
#788=ORIENTED_EDGE('',*,*,#1109,.F.);
#789=ORIENTED_EDGE('',*,*,#1183,.T.);
#790=ORIENTED_EDGE('',*,*,#972,.F.);
#791=ORIENTED_EDGE('',*,*,#1182,.T.);
#792=ORIENTED_EDGE('',*,*,#1120,.F.);
#793=ORIENTED_EDGE('',*,*,#933,.T.);
#794=ORIENTED_EDGE('',*,*,#1184,.F.);
#795=ORIENTED_EDGE('',*,*,#1184,.T.);
#796=ORIENTED_EDGE('',*,*,#895,.F.);
#797=ORIENTED_EDGE('',*,*,#1185,.F.);
#798=ORIENTED_EDGE('',*,*,#1094,.F.);
#799=ORIENTED_EDGE('',*,*,#1121,.F.);
#800=ORIENTED_EDGE('',*,*,#1185,.T.);
#801=ORIENTED_EDGE('',*,*,#938,.F.);
#802=ORIENTED_EDGE('',*,*,#978,.F.);
#803=ORIENTED_EDGE('',*,*,#1186,.T.);
#804=ORIENTED_EDGE('',*,*,#1107,.F.);
#805=ORIENTED_EDGE('',*,*,#1187,.F.);
#806=ORIENTED_EDGE('',*,*,#1187,.T.);
#807=ORIENTED_EDGE('',*,*,#1114,.F.);
#808=ORIENTED_EDGE('',*,*,#1188,.F.);
#809=ORIENTED_EDGE('',*,*,#1005,.F.);
#810=ORIENTED_EDGE('',*,*,#1068,.F.);
#811=ORIENTED_EDGE('',*,*,#1115,.F.);
#812=ORIENTED_EDGE('',*,*,#1188,.T.);
#813=ORIENTED_EDGE('',*,*,#1113,.F.);
#814=ORIENTED_EDGE('',*,*,#1153,.F.);
#815=ORIENTED_EDGE('',*,*,#940,.T.);
#816=ORIENTED_EDGE('',*,*,#1141,.F.);
#817=ORIENTED_EDGE('',*,*,#1189,.F.);
#818=ORIENTED_EDGE('',*,*,#1145,.F.);
#819=ORIENTED_EDGE('',*,*,#1189,.T.);
#820=ORIENTED_EDGE('',*,*,#1050,.F.);
#821=ORIENTED_EDGE('',*,*,#1190,.F.);
#822=ORIENTED_EDGE('',*,*,#1077,.F.);
#823=ORIENTED_EDGE('',*,*,#1144,.F.);
#824=ORIENTED_EDGE('',*,*,#946,.T.);
#825=ORIENTED_EDGE('',*,*,#1149,.F.);
#826=ORIENTED_EDGE('',*,*,#1190,.T.);
#827=ORIENTED_EDGE('',*,*,#1102,.T.);
#828=ORIENTED_EDGE('',*,*,#1191,.T.);
#829=ORIENTED_EDGE('',*,*,#1090,.F.);
#830=ORIENTED_EDGE('',*,*,#1192,.F.);
#831=ORIENTED_EDGE('',*,*,#924,.T.);
#832=ORIENTED_EDGE('',*,*,#1103,.F.);
#833=ORIENTED_EDGE('',*,*,#1192,.T.);
#834=ORIENTED_EDGE('',*,*,#1089,.T.);
#835=ORIENTED_EDGE('',*,*,#920,.T.);
#836=ORIENTED_EDGE('',*,*,#901,.T.);
#837=ORIENTED_EDGE('',*,*,#939,.T.);
#838=ORIENTED_EDGE('',*,*,#935,.T.);
#839=ORIENTED_EDGE('',*,*,#893,.T.);
#840=ORIENTED_EDGE('',*,*,#932,.T.);
#841=ORIENTED_EDGE('',*,*,#930,.T.);
#842=ORIENTED_EDGE('',*,*,#897,.T.);
#843=ORIENTED_EDGE('',*,*,#1193,.T.);
#844=ORIENTED_EDGE('',*,*,#1194,.T.);
#845=ORIENTED_EDGE('',*,*,#1091,.F.);
#846=ORIENTED_EDGE('',*,*,#1191,.F.);
#847=ORIENTED_EDGE('',*,*,#1101,.T.);
#848=ORIENTED_EDGE('',*,*,#1195,.T.);
#849=ORIENTED_EDGE('',*,*,#1104,.F.);
#850=ORIENTED_EDGE('',*,*,#917,.F.);
#851=ORIENTED_EDGE('',*,*,#885,.T.);
#852=ORIENTED_EDGE('',*,*,#1127,.F.);
#853=ORIENTED_EDGE('',*,*,#889,.T.);
#854=ORIENTED_EDGE('',*,*,#911,.F.);
#855=ORIENTED_EDGE('',*,*,#1088,.T.);
#856=ORIENTED_EDGE('',*,*,#905,.F.);
#857=ORIENTED_EDGE('',*,*,#1098,.F.);
#858=ORIENTED_EDGE('',*,*,#1001,.F.);
#859=ORIENTED_EDGE('',*,*,#1196,.F.);
#860=ORIENTED_EDGE('',*,*,#1196,.T.);
#861=ORIENTED_EDGE('',*,*,#973,.F.);
#862=ORIENTED_EDGE('',*,*,#1197,.F.);
#863=ORIENTED_EDGE('',*,*,#1099,.F.);
#864=ORIENTED_EDGE('',*,*,#1197,.T.);
#865=ORIENTED_EDGE('',*,*,#1183,.F.);
#866=ORIENTED_EDGE('',*,*,#1198,.F.);
#867=ORIENTED_EDGE('',*,*,#1195,.F.);
#868=ORIENTED_EDGE('',*,*,#1100,.F.);
#869=ORIENTED_EDGE('',*,*,#1198,.T.);
#870=ORIENTED_EDGE('',*,*,#1108,.F.);
#871=ORIENTED_EDGE('',*,*,#1199,.F.);
#872=ORIENTED_EDGE('',*,*,#1193,.F.);
#873=ORIENTED_EDGE('',*,*,#1199,.T.);
#874=ORIENTED_EDGE('',*,*,#1186,.F.);
#875=ORIENTED_EDGE('',*,*,#1200,.F.);
#876=ORIENTED_EDGE('',*,*,#1083,.F.);
#877=ORIENTED_EDGE('',*,*,#1194,.F.);
#878=ORIENTED_EDGE('',*,*,#1200,.T.);
#879=ORIENTED_EDGE('',*,*,#977,.F.);
#880=ORIENTED_EDGE('',*,*,#1201,.F.);
#881=ORIENTED_EDGE('',*,*,#1084,.F.);
#882=ORIENTED_EDGE('',*,*,#1201,.T.);
#883=ORIENTED_EDGE('',*,*,#1010,.F.);
#884=ORIENTED_EDGE('',*,*,#1085,.F.);
#885=EDGE_CURVE('',#1202,#1203,#1388,.F.);
#886=EDGE_CURVE('',#1204,#1202,#145,.F.);
#887=EDGE_CURVE('',#1205,#1204,#1389,.F.);
#888=EDGE_CURVE('',#1203,#1205,#146,.F.);
#889=EDGE_CURVE('',#1206,#1207,#1390,.T.);
#890=EDGE_CURVE('',#1208,#1206,#147,.F.);
#891=EDGE_CURVE('',#1209,#1208,#1391,.T.);
#892=EDGE_CURVE('',#1207,#1209,#148,.F.);
#893=EDGE_CURVE('',#1210,#1211,#1392,.T.);
#894=EDGE_CURVE('',#1210,#1212,#1393,.T.);
#895=EDGE_CURVE('',#1212,#1213,#1394,.T.);
#896=EDGE_CURVE('',#1213,#1211,#1395,.F.);
#897=EDGE_CURVE('',#1214,#1215,#1396,.F.);
#898=EDGE_CURVE('',#1214,#1216,#149,.T.);
#899=EDGE_CURVE('',#1217,#1216,#1397,.F.);
#900=EDGE_CURVE('',#1217,#1215,#150,.F.);
#901=EDGE_CURVE('',#1218,#1219,#1398,.T.);
#902=EDGE_CURVE('',#1218,#1220,#151,.F.);
#903=EDGE_CURVE('',#1221,#1220,#1399,.T.);
#904=EDGE_CURVE('',#1221,#1219,#152,.T.);
#905=EDGE_CURVE('',#1206,#1222,#62,.T.);
#906=EDGE_CURVE('',#1222,#1223,#63,.F.);
#907=EDGE_CURVE('',#1224,#1223,#153,.F.);
#908=EDGE_CURVE('',#1224,#1225,#154,.T.);
#909=EDGE_CURVE('',#1225,#1208,#155,.T.);
#910=EDGE_CURVE('',#1226,#1227,#1400,.T.);
#911=EDGE_CURVE('',#1226,#1207,#1401,.T.);
#912=EDGE_CURVE('',#1209,#1228,#1402,.T.);
#913=EDGE_CURVE('',#1228,#1229,#156,.F.);
#914=EDGE_CURVE('',#1229,#1230,#1403,.T.);
#915=EDGE_CURVE('',#1230,#1231,#157,.F.);
#916=EDGE_CURVE('',#1204,#1231,#1404,.T.);
#917=EDGE_CURVE('',#1202,#1232,#1405,.T.);
#918=EDGE_CURVE('',#1232,#1233,#1406,.T.);
#919=EDGE_CURVE('',#1227,#1233,#1407,.T.);
#920=EDGE_CURVE('',#1234,#1218,#1408,.T.);
#921=EDGE_CURVE('',#1234,#1235,#1409,.T.);
#922=EDGE_CURVE('',#1235,#1236,#1410,.T.);
#923=EDGE_CURVE('',#1237,#1236,#1411,.T.);
#924=EDGE_CURVE('',#1215,#1237,#1412,.T.);
#925=EDGE_CURVE('',#1217,#1238,#1413,.T.);
#926=EDGE_CURVE('',#1239,#1238,#158,.F.);
#927=EDGE_CURVE('',#1240,#1239,#1414,.T.);
#928=EDGE_CURVE('',#1241,#1240,#159,.F.);
#929=EDGE_CURVE('',#1220,#1241,#1415,.T.);
#930=EDGE_CURVE('',#1242,#1214,#64,.T.);
#931=EDGE_CURVE('',#1216,#1242,#30,.T.);
#932=EDGE_CURVE('',#1211,#1242,#31,.F.);
#933=EDGE_CURVE('',#1243,#1213,#32,.T.);
#934=EDGE_CURVE('',#1216,#1243,#1416,.T.);
#935=EDGE_CURVE('',#1244,#1210,#33,.F.);
#936=EDGE_CURVE('',#1221,#1244,#34,.T.);
#937=EDGE_CURVE('',#1245,#1221,#1417,.F.);
#938=EDGE_CURVE('',#1245,#1212,#35,.T.);
#939=EDGE_CURVE('',#1219,#1244,#65,.T.);
#940=EDGE_CURVE('',#1246,#1247,#160,.F.);
#941=EDGE_CURVE('',#1246,#1248,#1418,.F.);
#942=EDGE_CURVE('',#1248,#1249,#161,.F.);
#943=EDGE_CURVE('',#1249,#1250,#1419,.F.);
#944=EDGE_CURVE('',#1250,#1251,#1420,.F.);
#945=EDGE_CURVE('',#1251,#1247,#1421,.F.);
#946=EDGE_CURVE('',#1252,#1253,#162,.T.);
#947=EDGE_CURVE('',#1252,#1254,#1422,.T.);
#948=EDGE_CURVE('',#1254,#1255,#1423,.T.);
#949=EDGE_CURVE('',#1255,#1256,#1424,.T.);
#950=EDGE_CURVE('',#1256,#1257,#163,.T.);
#951=EDGE_CURVE('',#1257,#1253,#1425,.T.);
#952=EDGE_CURVE('',#1258,#1259,#1426,.F.);
#953=EDGE_CURVE('',#1259,#1260,#1427,.T.);
#954=EDGE_CURVE('',#1260,#1261,#1428,.T.);
#955=EDGE_CURVE('',#1261,#1262,#1429,.F.);
#956=EDGE_CURVE('',#1262,#1263,#1430,.F.);
#957=EDGE_CURVE('',#1263,#1264,#1431,.T.);
#958=EDGE_CURVE('',#1264,#1265,#1432,.T.);
#959=EDGE_CURVE('',#1265,#1266,#1433,.T.);
#960=EDGE_CURVE('',#1266,#1267,#1434,.T.);
#961=EDGE_CURVE('',#1268,#1267,#164,.T.);
#962=EDGE_CURVE('',#1268,#1269,#1435,.T.);
#963=EDGE_CURVE('',#1270,#1269,#165,.T.);
#964=EDGE_CURVE('',#1270,#1271,#1436,.T.);
#965=EDGE_CURVE('',#1272,#1271,#166,.T.);
#966=EDGE_CURVE('',#1272,#1273,#1437,.F.);
#967=EDGE_CURVE('',#1274,#1273,#167,.T.);
#968=EDGE_CURVE('',#1274,#1225,#1438,.F.);
#969=EDGE_CURVE('',#1224,#1275,#1439,.F.);
#970=EDGE_CURVE('',#1258,#1275,#168,.T.);
#971=EDGE_CURVE('',#1276,#1277,#1440,.F.);
#972=EDGE_CURVE('',#1277,#1278,#1441,.T.);
#973=EDGE_CURVE('',#1278,#1279,#1442,.T.);
#974=EDGE_CURVE('',#1279,#1280,#1443,.F.);
#975=EDGE_CURVE('',#1281,#1280,#1444,.T.);
#976=EDGE_CURVE('',#1281,#1276,#1445,.T.);
#977=EDGE_CURVE('',#1282,#1283,#1446,.F.);
#978=EDGE_CURVE('',#1283,#1284,#1447,.F.);
#979=EDGE_CURVE('',#1284,#1285,#1448,.T.);
#980=EDGE_CURVE('',#1286,#1285,#1449,.T.);
#981=EDGE_CURVE('',#1286,#1287,#1450,.T.);
#982=EDGE_CURVE('',#1287,#1282,#1451,.T.);
#983=EDGE_CURVE('',#1288,#1289,#1452,.T.);
#984=EDGE_CURVE('',#1289,#1290,#1453,.T.);
#985=EDGE_CURVE('',#1291,#1290,#1454,.T.);
#986=EDGE_CURVE('',#1291,#1292,#36,.T.);
#987=EDGE_CURVE('',#1292,#1293,#1455,.T.);
#988=EDGE_CURVE('',#1293,#1288,#37,.F.);
#989=EDGE_CURVE('',#1294,#1295,#38,.T.);
#990=EDGE_CURVE('',#1295,#1296,#1456,.F.);
#991=EDGE_CURVE('',#1296,#1297,#1457,.T.);
#992=EDGE_CURVE('',#1297,#1298,#1458,.T.);
#993=EDGE_CURVE('',#1298,#1299,#1459,.F.);
#994=EDGE_CURVE('',#1299,#1300,#39,.F.);
#995=EDGE_CURVE('',#1300,#1294,#1460,.F.);
#996=EDGE_CURVE('',#1301,#1302,#1461,.T.);
#997=EDGE_CURVE('',#1302,#1303,#1462,.T.);
#998=EDGE_CURVE('',#1303,#1304,#1463,.F.);
#999=EDGE_CURVE('',#1304,#1301,#1464,.T.);
#1000=EDGE_CURVE('',#1266,#1280,#40,.F.);
#1001=EDGE_CURVE('',#1279,#1305,#169,.F.);
#1002=EDGE_CURVE('',#1305,#1267,#170,.F.);
#1003=EDGE_CURVE('',#1296,#1277,#171,.F.);
#1004=EDGE_CURVE('',#1297,#1276,#172,.T.);
#1005=EDGE_CURVE('',#1284,#1306,#173,.F.);
#1006=EDGE_CURVE('',#1307,#1306,#1465,.F.);
#1007=EDGE_CURVE('',#1307,#1285,#174,.F.);
#1008=EDGE_CURVE('',#1287,#1259,#41,.F.);
#1009=EDGE_CURVE('',#1258,#1308,#175,.F.);
#1010=EDGE_CURVE('',#1308,#1282,#176,.F.);
#1011=EDGE_CURVE('',#1309,#1310,#1466,.F.);
#1012=EDGE_CURVE('',#1309,#1265,#42,.F.);
#1013=EDGE_CURVE('',#1310,#1264,#177,.T.);
#1014=EDGE_CURVE('',#1260,#1311,#43,.F.);
#1015=EDGE_CURVE('',#1312,#1311,#1467,.F.);
#1016=EDGE_CURVE('',#1261,#1312,#178,.T.);
#1017=EDGE_CURVE('',#1313,#1314,#1468,.T.);
#1018=EDGE_CURVE('',#1314,#1315,#1469,.T.);
#1019=EDGE_CURVE('',#1315,#1316,#1470,.F.);
#1020=EDGE_CURVE('',#1313,#1316,#1471,.F.);
#1021=EDGE_CURVE('',#1317,#1318,#1472,.T.);
#1022=EDGE_CURVE('',#1318,#1319,#1473,.T.);
#1023=EDGE_CURVE('',#1319,#1320,#1474,.F.);
#1024=EDGE_CURVE('',#1320,#1317,#1475,.F.);
#1025=EDGE_CURVE('',#1321,#1322,#1476,.T.);
#1026=EDGE_CURVE('',#1322,#1323,#1477,.F.);
#1027=EDGE_CURVE('',#1323,#1324,#1478,.F.);
#1028=EDGE_CURVE('',#1324,#1321,#1479,.T.);
#1029=EDGE_CURVE('',#1300,#1322,#179,.F.);
#1030=EDGE_CURVE('',#1294,#1321,#66,.T.);
#1031=EDGE_CURVE('',#1302,#1298,#180,.T.);
#1032=EDGE_CURVE('',#1301,#1299,#181,.T.);
#1033=EDGE_CURVE('',#1315,#1325,#182,.F.);
#1034=EDGE_CURVE('',#1326,#1325,#1480,.T.);
#1035=EDGE_CURVE('',#1316,#1326,#67,.T.);
#1036=EDGE_CURVE('',#1327,#1319,#183,.T.);
#1037=EDGE_CURVE('',#1328,#1327,#1481,.T.);
#1038=EDGE_CURVE('',#1328,#1320,#184,.T.);
#1039=EDGE_CURVE('',#1323,#1293,#185,.F.);
#1040=EDGE_CURVE('',#1324,#1292,#68,.T.);
#1041=EDGE_CURVE('',#1289,#1303,#186,.T.);
#1042=EDGE_CURVE('',#1288,#1304,#187,.T.);
#1043=EDGE_CURVE('',#1329,#1330,#1482,.F.);
#1044=EDGE_CURVE('',#1329,#1314,#188,.F.);
#1045=EDGE_CURVE('',#1330,#1313,#69,.T.);
#1046=EDGE_CURVE('',#1318,#1331,#189,.T.);
#1047=EDGE_CURVE('',#1317,#1332,#190,.T.);
#1048=EDGE_CURVE('',#1331,#1332,#1483,.F.);
#1049=EDGE_CURVE('',#1333,#1334,#1484,.F.);
#1050=EDGE_CURVE('',#1334,#1335,#1485,.F.);
#1051=EDGE_CURVE('',#1335,#1336,#1486,.T.);
#1052=EDGE_CURVE('',#1336,#1333,#1487,.T.);
#1053=EDGE_CURVE('',#1227,#1235,#1488,.T.);
#1054=EDGE_CURVE('',#1233,#1236,#1489,.T.);
#1055=EDGE_CURVE('',#1208,#1337,#1490,.T.);
#1056=EDGE_CURVE('',#1337,#1228,#1491,.F.);
#1057=EDGE_CURVE('',#1229,#1338,#1492,.T.);
#1058=EDGE_CURVE('',#1338,#1339,#1493,.T.);
#1059=EDGE_CURVE('',#1339,#1230,#1494,.F.);
#1060=EDGE_CURVE('',#1231,#1340,#1495,.T.);
#1061=EDGE_CURVE('',#1340,#1205,#1496,.F.);
#1062=EDGE_CURVE('',#1340,#1339,#191,.F.);
#1063=EDGE_CURVE('',#1338,#1337,#192,.F.);
#1064=EDGE_CURVE('',#1310,#1341,#1497,.T.);
#1065=EDGE_CURVE('',#1341,#1291,#1498,.T.);
#1066=EDGE_CURVE('',#1290,#1309,#1499,.T.);
#1067=EDGE_CURVE('',#1326,#1342,#44,.T.);
#1068=EDGE_CURVE('',#1342,#1343,#70,.T.);
#1069=EDGE_CURVE('',#1343,#1344,#1500,.F.);
#1070=EDGE_CURVE('',#1344,#1295,#71,.T.);
#1071=EDGE_CURVE('',#1341,#1345,#193,.T.);
#1072=EDGE_CURVE('',#1345,#1346,#1501,.T.);
#1073=EDGE_CURVE('',#1346,#1347,#194,.F.);
#1074=EDGE_CURVE('',#1348,#1347,#1502,.T.);
#1075=EDGE_CURVE('',#1348,#1330,#45,.T.);
#1076=EDGE_CURVE('',#1349,#1350,#1503,.T.);
#1077=EDGE_CURVE('',#1350,#1351,#1504,.T.);
#1078=EDGE_CURVE('',#1351,#1352,#1505,.F.);
#1079=EDGE_CURVE('',#1352,#1349,#1506,.F.);
#1080=EDGE_CURVE('',#1353,#1311,#1507,.T.);
#1081=EDGE_CURVE('',#1348,#1353,#1508,.T.);
#1082=EDGE_CURVE('',#1347,#1312,#1509,.F.);
#1083=EDGE_CURVE('',#1354,#1355,#72,.T.);
#1084=EDGE_CURVE('',#1355,#1356,#1510,.T.);
#1085=EDGE_CURVE('',#1356,#1308,#73,.T.);
#1086=EDGE_CURVE('',#1357,#1308,#74,.T.);
#1087=EDGE_CURVE('',#1357,#1223,#1511,.T.);
#1088=EDGE_CURVE('',#1226,#1222,#1512,.T.);
#1089=EDGE_CURVE('',#1358,#1234,#1513,.T.);
#1090=EDGE_CURVE('',#1358,#1359,#1514,.T.);
#1091=EDGE_CURVE('',#1359,#1354,#1515,.T.);
#1092=EDGE_CURVE('',#1241,#1245,#1516,.F.);
#1093=EDGE_CURVE('',#1239,#1360,#1517,.F.);
#1094=EDGE_CURVE('',#1360,#1361,#1518,.F.);
#1095=EDGE_CURVE('',#1361,#1240,#1519,.T.);
#1096=EDGE_CURVE('',#1243,#1238,#1520,.T.);
#1097=EDGE_CURVE('',#1362,#1305,#75,.T.);
#1098=EDGE_CURVE('',#1305,#1363,#76,.F.);
#1099=EDGE_CURVE('',#1363,#1364,#1521,.T.);
#1100=EDGE_CURVE('',#1364,#1365,#77,.F.);
#1101=EDGE_CURVE('',#1366,#1365,#1522,.T.);
#1102=EDGE_CURVE('',#1367,#1366,#1523,.T.);
#1103=EDGE_CURVE('',#1367,#1237,#1524,.T.);
#1104=EDGE_CURVE('',#1232,#1368,#1525,.T.);
#1105=EDGE_CURVE('',#1368,#1369,#78,.F.);
#1106=EDGE_CURVE('',#1369,#1362,#1526,.F.);
#1107=EDGE_CURVE('',#1370,#1371,#1527,.T.);
#1108=EDGE_CURVE('',#1371,#1372,#1528,.T.);
#1109=EDGE_CURVE('',#1372,#1373,#1529,.F.);
#1110=EDGE_CURVE('',#1373,#1374,#195,.T.);
#1111=EDGE_CURVE('',#1374,#1375,#1530,.T.);
#1112=EDGE_CURVE('',#1375,#1376,#1531,.T.);
#1113=EDGE_CURVE('',#1376,#1377,#1532,.T.);
#1114=EDGE_CURVE('',#1377,#1370,#196,.T.);
#1115=EDGE_CURVE('',#1306,#1342,#1533,.F.);
#1116=EDGE_CURVE('',#1325,#1328,#46,.T.);
#1117=EDGE_CURVE('',#1327,#1307,#1534,.T.);
#1118=EDGE_CURVE('',#1353,#1331,#1535,.T.);
#1119=EDGE_CURVE('',#1332,#1329,#47,.T.);
#1120=EDGE_CURVE('',#1243,#1360,#197,.T.);
#1121=EDGE_CURVE('',#1361,#1245,#198,.T.);
#1122=EDGE_CURVE('',#1273,#1338,#199,.T.);
#1123=EDGE_CURVE('',#1339,#1272,#200,.T.);
#1124=EDGE_CURVE('',#1340,#1271,#201,.F.);
#1125=EDGE_CURVE('',#1274,#1337,#202,.F.);
#1126=EDGE_CURVE('',#1205,#1270,#203,.T.);
#1127=EDGE_CURVE('',#1368,#1203,#79,.T.);
#1128=EDGE_CURVE('',#1369,#1269,#204,.F.);
#1129=EDGE_CURVE('',#1362,#1268,#205,.T.);
#1130=EDGE_CURVE('',#1275,#1357,#206,.T.);
#1131=EDGE_CURVE('',#1264,#1250,#207,.T.);
#1132=EDGE_CURVE('',#1251,#1263,#208,.T.);
#1133=EDGE_CURVE('',#1262,#1254,#209,.T.);
#1134=EDGE_CURVE('',#1255,#1261,#210,.T.);
#1135=EDGE_CURVE('',#1263,#1336,#211,.T.);
#1136=EDGE_CURVE('',#1333,#1262,#212,.T.);
#1137=EDGE_CURVE('',#1251,#1336,#213,.F.);
#1138=EDGE_CURVE('',#1310,#1250,#214,.F.);
#1139=EDGE_CURVE('',#1255,#1312,#215,.F.);
#1140=EDGE_CURVE('',#1333,#1254,#216,.F.);
#1141=EDGE_CURVE('',#1335,#1247,#217,.T.);
#1142=EDGE_CURVE('',#1341,#1249,#218,.T.);
#1143=EDGE_CURVE('',#1256,#1347,#219,.T.);
#1144=EDGE_CURVE('',#1252,#1334,#220,.T.);
#1145=EDGE_CURVE('',#1246,#1350,#221,.T.);
#1146=EDGE_CURVE('',#1248,#1349,#222,.T.);
#1147=EDGE_CURVE('',#1345,#1248,#223,.T.);
#1148=EDGE_CURVE('',#1257,#1346,#224,.T.);
#1149=EDGE_CURVE('',#1351,#1253,#225,.T.);
#1150=EDGE_CURVE('',#1352,#1257,#226,.T.);
#1151=EDGE_CURVE('',#1345,#1349,#227,.F.);
#1152=EDGE_CURVE('',#1352,#1346,#228,.F.);
#1153=EDGE_CURVE('',#1343,#1376,#80,.T.);
#1154=EDGE_CURVE('',#1375,#1344,#81,.T.);
#1155=EDGE_CURVE('',#1378,#1379,#1536,.F.);
#1156=EDGE_CURVE('',#1379,#1380,#48,.T.);
#1157=EDGE_CURVE('',#1380,#1381,#1537,.T.);
#1158=EDGE_CURVE('',#1381,#1378,#49,.T.);
#1159=EDGE_CURVE('',#1382,#1383,#1538,.T.);
#1160=EDGE_CURVE('',#1383,#1384,#50,.F.);
#1161=EDGE_CURVE('',#1384,#1385,#1539,.F.);
#1162=EDGE_CURVE('',#1385,#1382,#51,.F.);
#1163=EDGE_CURVE('',#1378,#1317,#229,.T.);
#1164=EDGE_CURVE('',#1332,#1378,#230,.T.);
#1165=EDGE_CURVE('',#1329,#1381,#231,.T.);
#1166=EDGE_CURVE('',#1379,#1320,#232,.T.);
#1167=EDGE_CURVE('',#1314,#1381,#233,.T.);
#1168=EDGE_CURVE('',#1379,#1328,#234,.T.);
#1169=EDGE_CURVE('',#1315,#1380,#235,.T.);
#1170=EDGE_CURVE('',#1380,#1325,#236,.T.);
#1171=EDGE_CURVE('',#1385,#1288,#237,.T.);
#1172=EDGE_CURVE('',#1304,#1385,#238,.T.);
#1173=EDGE_CURVE('',#1301,#1384,#239,.T.);
#1174=EDGE_CURVE('',#1382,#1293,#240,.T.);
#1175=EDGE_CURVE('',#1299,#1384,#241,.T.);
#1176=EDGE_CURVE('',#1382,#1323,#242,.T.);
#1177=EDGE_CURVE('',#1300,#1383,#243,.T.);
#1178=EDGE_CURVE('',#1383,#1322,#244,.T.);
#1179=EDGE_CURVE('',#1286,#1353,#1540,.T.);
#1180=EDGE_CURVE('',#1290,#1281,#1541,.T.);
#1181=EDGE_CURVE('',#1296,#1374,#245,.T.);
#1182=EDGE_CURVE('',#1277,#1373,#246,.T.);
#1183=EDGE_CURVE('',#1372,#1278,#82,.T.);
#1184=EDGE_CURVE('',#1360,#1213,#52,.T.);
#1185=EDGE_CURVE('',#1361,#1212,#53,.T.);
#1186=EDGE_CURVE('',#1283,#1371,#83,.T.);
#1187=EDGE_CURVE('',#1284,#1370,#247,.T.);
#1188=EDGE_CURVE('',#1306,#1377,#248,.T.);
#1189=EDGE_CURVE('',#1350,#1335,#249,.F.);
#1190=EDGE_CURVE('',#1351,#1334,#250,.F.);
#1191=EDGE_CURVE('',#1366,#1359,#1542,.T.);
#1192=EDGE_CURVE('',#1367,#1358,#1543,.T.);
#1193=EDGE_CURVE('',#1386,#1387,#1544,.T.);
#1194=EDGE_CURVE('',#1387,#1354,#84,.T.);
#1195=EDGE_CURVE('',#1365,#1386,#85,.T.);
#1196=EDGE_CURVE('',#1363,#1279,#86,.T.);
#1197=EDGE_CURVE('',#1364,#1278,#87,.F.);
#1198=EDGE_CURVE('',#1386,#1372,#88,.T.);
#1199=EDGE_CURVE('',#1387,#1371,#89,.F.);
#1200=EDGE_CURVE('',#1355,#1283,#90,.T.);
#1201=EDGE_CURVE('',#1356,#1282,#91,.T.);
#1202=VERTEX_POINT('',#3078);
#1203=VERTEX_POINT('',#3079);
#1204=VERTEX_POINT('',#3081);
#1205=VERTEX_POINT('',#3083);
#1206=VERTEX_POINT('',#3087);
#1207=VERTEX_POINT('',#3088);
#1208=VERTEX_POINT('',#3090);
#1209=VERTEX_POINT('',#3092);
#1210=VERTEX_POINT('',#3096);
#1211=VERTEX_POINT('',#3097);
#1212=VERTEX_POINT('',#3099);
#1213=VERTEX_POINT('',#3101);
#1214=VERTEX_POINT('',#3105);
#1215=VERTEX_POINT('',#3106);
#1216=VERTEX_POINT('',#3108);
#1217=VERTEX_POINT('',#3110);
#1218=VERTEX_POINT('',#3114);
#1219=VERTEX_POINT('',#3115);
#1220=VERTEX_POINT('',#3117);
#1221=VERTEX_POINT('',#3119);
#1222=VERTEX_POINT('',#3126);
#1223=VERTEX_POINT('',#3131);
#1224=VERTEX_POINT('',#3133);
#1225=VERTEX_POINT('',#3135);
#1226=VERTEX_POINT('',#3139);
#1227=VERTEX_POINT('',#3140);
#1228=VERTEX_POINT('',#3143);
#1229=VERTEX_POINT('',#3145);
#1230=VERTEX_POINT('',#3147);
#1231=VERTEX_POINT('',#3149);
#1232=VERTEX_POINT('',#3152);
#1233=VERTEX_POINT('',#3154);
#1234=VERTEX_POINT('',#3158);
#1235=VERTEX_POINT('',#3160);
#1236=VERTEX_POINT('',#3162);
#1237=VERTEX_POINT('',#3164);
#1238=VERTEX_POINT('',#3167);
#1239=VERTEX_POINT('',#3169);
#1240=VERTEX_POINT('',#3171);
#1241=VERTEX_POINT('',#3173);
#1242=VERTEX_POINT('',#3191);
#1243=VERTEX_POINT('',#3196);
#1244=VERTEX_POINT('',#3200);
#1245=VERTEX_POINT('',#3203);
#1246=VERTEX_POINT('',#3223);
#1247=VERTEX_POINT('',#3224);
#1248=VERTEX_POINT('',#3226);
#1249=VERTEX_POINT('',#3228);
#1250=VERTEX_POINT('',#3230);
#1251=VERTEX_POINT('',#3232);
#1252=VERTEX_POINT('',#3236);
#1253=VERTEX_POINT('',#3237);
#1254=VERTEX_POINT('',#3239);
#1255=VERTEX_POINT('',#3241);
#1256=VERTEX_POINT('',#3243);
#1257=VERTEX_POINT('',#3245);
#1258=VERTEX_POINT('',#3249);
#1259=VERTEX_POINT('',#3250);
#1260=VERTEX_POINT('',#3252);
#1261=VERTEX_POINT('',#3254);
#1262=VERTEX_POINT('',#3256);
#1263=VERTEX_POINT('',#3258);
#1264=VERTEX_POINT('',#3260);
#1265=VERTEX_POINT('',#3262);
#1266=VERTEX_POINT('',#3264);
#1267=VERTEX_POINT('',#3266);
#1268=VERTEX_POINT('',#3268);
#1269=VERTEX_POINT('',#3270);
#1270=VERTEX_POINT('',#3272);
#1271=VERTEX_POINT('',#3274);
#1272=VERTEX_POINT('',#3276);
#1273=VERTEX_POINT('',#3278);
#1274=VERTEX_POINT('',#3280);
#1275=VERTEX_POINT('',#3283);
#1276=VERTEX_POINT('',#3287);
#1277=VERTEX_POINT('',#3288);
#1278=VERTEX_POINT('',#3290);
#1279=VERTEX_POINT('',#3292);
#1280=VERTEX_POINT('',#3294);
#1281=VERTEX_POINT('',#3296);
#1282=VERTEX_POINT('',#3300);
#1283=VERTEX_POINT('',#3301);
#1284=VERTEX_POINT('',#3303);
#1285=VERTEX_POINT('',#3305);
#1286=VERTEX_POINT('',#3307);
#1287=VERTEX_POINT('',#3309);
#1288=VERTEX_POINT('',#3313);
#1289=VERTEX_POINT('',#3314);
#1290=VERTEX_POINT('',#3316);
#1291=VERTEX_POINT('',#3318);
#1292=VERTEX_POINT('',#3320);
#1293=VERTEX_POINT('',#3322);
#1294=VERTEX_POINT('',#3326);
#1295=VERTEX_POINT('',#3327);
#1296=VERTEX_POINT('',#3329);
#1297=VERTEX_POINT('',#3331);
#1298=VERTEX_POINT('',#3333);
#1299=VERTEX_POINT('',#3335);
#1300=VERTEX_POINT('',#3337);
#1301=VERTEX_POINT('',#3341);
#1302=VERTEX_POINT('',#3342);
#1303=VERTEX_POINT('',#3344);
#1304=VERTEX_POINT('',#3346);
#1305=VERTEX_POINT('',#3351);
#1306=VERTEX_POINT('',#3358);
#1307=VERTEX_POINT('',#3360);
#1308=VERTEX_POINT('',#3365);
#1309=VERTEX_POINT('',#3369);
#1310=VERTEX_POINT('',#3370);
#1311=VERTEX_POINT('',#3375);
#1312=VERTEX_POINT('',#3377);
#1313=VERTEX_POINT('',#3381);
#1314=VERTEX_POINT('',#3382);
#1315=VERTEX_POINT('',#3384);
#1316=VERTEX_POINT('',#3386);
#1317=VERTEX_POINT('',#3390);
#1318=VERTEX_POINT('',#3391);
#1319=VERTEX_POINT('',#3393);
#1320=VERTEX_POINT('',#3395);
#1321=VERTEX_POINT('',#3399);
#1322=VERTEX_POINT('',#3400);
#1323=VERTEX_POINT('',#3402);
#1324=VERTEX_POINT('',#3404);
#1325=VERTEX_POINT('',#3417);
#1326=VERTEX_POINT('',#3419);
#1327=VERTEX_POINT('',#3426);
#1328=VERTEX_POINT('',#3428);
#1329=VERTEX_POINT('',#3441);
#1330=VERTEX_POINT('',#3442);
#1331=VERTEX_POINT('',#3450);
#1332=VERTEX_POINT('',#3452);
#1333=VERTEX_POINT('',#3456);
#1334=VERTEX_POINT('',#3457);
#1335=VERTEX_POINT('',#3459);
#1336=VERTEX_POINT('',#3461);
#1337=VERTEX_POINT('',#3467);
#1338=VERTEX_POINT('',#3471);
#1339=VERTEX_POINT('',#3473);
#1340=VERTEX_POINT('',#3477);
#1341=VERTEX_POINT('',#3485);
#1342=VERTEX_POINT('',#3490);
#1343=VERTEX_POINT('',#3496);
#1344=VERTEX_POINT('',#3498);
#1345=VERTEX_POINT('',#3505);
#1346=VERTEX_POINT('',#3507);
#1347=VERTEX_POINT('',#3509);
#1348=VERTEX_POINT('',#3511);
#1349=VERTEX_POINT('',#3515);
#1350=VERTEX_POINT('',#3516);
#1351=VERTEX_POINT('',#3518);
#1352=VERTEX_POINT('',#3520);
#1353=VERTEX_POINT('',#3524);
#1354=VERTEX_POINT('',#3532);
#1355=VERTEX_POINT('',#3533);
#1356=VERTEX_POINT('',#3535);
#1357=VERTEX_POINT('',#3544);
#1358=VERTEX_POINT('',#3548);
#1359=VERTEX_POINT('',#3550);
#1360=VERTEX_POINT('',#3556);
#1361=VERTEX_POINT('',#3558);
#1362=VERTEX_POINT('',#3567);
#1363=VERTEX_POINT('',#3572);
#1364=VERTEX_POINT('',#3574);
#1365=VERTEX_POINT('',#3579);
#1366=VERTEX_POINT('',#3581);
#1367=VERTEX_POINT('',#3583);
#1368=VERTEX_POINT('',#3586);
#1369=VERTEX_POINT('',#3591);
#1370=VERTEX_POINT('',#3595);
#1371=VERTEX_POINT('',#3596);
#1372=VERTEX_POINT('',#3598);
#1373=VERTEX_POINT('',#3600);
#1374=VERTEX_POINT('',#3602);
#1375=VERTEX_POINT('',#3604);
#1376=VERTEX_POINT('',#3606);
#1377=VERTEX_POINT('',#3608);
#1378=VERTEX_POINT('',#3704);
#1379=VERTEX_POINT('',#3705);
#1380=VERTEX_POINT('',#3707);
#1381=VERTEX_POINT('',#3709);
#1382=VERTEX_POINT('',#3713);
#1383=VERTEX_POINT('',#3714);
#1384=VERTEX_POINT('',#3716);
#1385=VERTEX_POINT('',#3718);
#1386=VERTEX_POINT('',#3914);
#1387=VERTEX_POINT('',#3915);
#1388=LINE('',#3077,#1545);
#1389=LINE('',#3082,#1546);
#1390=LINE('',#3086,#1547);
#1391=LINE('',#3091,#1548);
#1392=LINE('',#3095,#1549);
#1393=LINE('',#3098,#1550);
#1394=LINE('',#3100,#1551);
#1395=LINE('',#3102,#1552);
#1396=LINE('',#3104,#1553);
#1397=LINE('',#3109,#1554);
#1398=LINE('',#3113,#1555);
#1399=LINE('',#3118,#1556);
#1400=LINE('',#3138,#1557);
#1401=LINE('',#3141,#1558);
#1402=LINE('',#3142,#1559);
#1403=LINE('',#3146,#1560);
#1404=LINE('',#3150,#1561);
#1405=LINE('',#3151,#1562);
#1406=LINE('',#3153,#1563);
#1407=LINE('',#3155,#1564);
#1408=LINE('',#3157,#1565);
#1409=LINE('',#3159,#1566);
#1410=LINE('',#3161,#1567);
#1411=LINE('',#3163,#1568);
#1412=LINE('',#3165,#1569);
#1413=LINE('',#3166,#1570);
#1414=LINE('',#3170,#1571);
#1415=LINE('',#3174,#1572);
#1416=LINE('',#3197,#1573);
#1417=LINE('',#3202,#1574);
#1418=LINE('',#3225,#1575);
#1419=LINE('',#3229,#1576);
#1420=LINE('',#3231,#1577);
#1421=LINE('',#3233,#1578);
#1422=LINE('',#3238,#1579);
#1423=LINE('',#3240,#1580);
#1424=LINE('',#3242,#1581);
#1425=LINE('',#3246,#1582);
#1426=LINE('',#3248,#1583);
#1427=LINE('',#3251,#1584);
#1428=LINE('',#3253,#1585);
#1429=LINE('',#3255,#1586);
#1430=LINE('',#3257,#1587);
#1431=LINE('',#3259,#1588);
#1432=LINE('',#3261,#1589);
#1433=LINE('',#3263,#1590);
#1434=LINE('',#3265,#1591);
#1435=LINE('',#3269,#1592);
#1436=LINE('',#3273,#1593);
#1437=LINE('',#3277,#1594);
#1438=LINE('',#3281,#1595);
#1439=LINE('',#3282,#1596);
#1440=LINE('',#3286,#1597);
#1441=LINE('',#3289,#1598);
#1442=LINE('',#3291,#1599);
#1443=LINE('',#3293,#1600);
#1444=LINE('',#3295,#1601);
#1445=LINE('',#3297,#1602);
#1446=LINE('',#3299,#1603);
#1447=LINE('',#3302,#1604);
#1448=LINE('',#3304,#1605);
#1449=LINE('',#3306,#1606);
#1450=LINE('',#3308,#1607);
#1451=LINE('',#3310,#1608);
#1452=LINE('',#3312,#1609);
#1453=LINE('',#3315,#1610);
#1454=LINE('',#3317,#1611);
#1455=LINE('',#3321,#1612);
#1456=LINE('',#3328,#1613);
#1457=LINE('',#3330,#1614);
#1458=LINE('',#3332,#1615);
#1459=LINE('',#3334,#1616);
#1460=LINE('',#3338,#1617);
#1461=LINE('',#3340,#1618);
#1462=LINE('',#3343,#1619);
#1463=LINE('',#3345,#1620);
#1464=LINE('',#3347,#1621);
#1465=LINE('',#3359,#1622);
#1466=LINE('',#3368,#1623);
#1467=LINE('',#3376,#1624);
#1468=LINE('',#3380,#1625);
#1469=LINE('',#3383,#1626);
#1470=LINE('',#3385,#1627);
#1471=LINE('',#3387,#1628);
#1472=LINE('',#3389,#1629);
#1473=LINE('',#3392,#1630);
#1474=LINE('',#3394,#1631);
#1475=LINE('',#3396,#1632);
#1476=LINE('',#3398,#1633);
#1477=LINE('',#3401,#1634);
#1478=LINE('',#3403,#1635);
#1479=LINE('',#3405,#1636);
#1480=LINE('',#3418,#1637);
#1481=LINE('',#3427,#1638);
#1482=LINE('',#3440,#1639);
#1483=LINE('',#3453,#1640);
#1484=LINE('',#3455,#1641);
#1485=LINE('',#3458,#1642);
#1486=LINE('',#3460,#1643);
#1487=LINE('',#3462,#1644);
#1488=LINE('',#3463,#1645);
#1489=LINE('',#3464,#1646);
#1490=LINE('',#3466,#1647);
#1491=LINE('',#3468,#1648);
#1492=LINE('',#3470,#1649);
#1493=LINE('',#3472,#1650);
#1494=LINE('',#3474,#1651);
#1495=LINE('',#3476,#1652);
#1496=LINE('',#3478,#1653);
#1497=LINE('',#3484,#1654);
#1498=LINE('',#3486,#1655);
#1499=LINE('',#3487,#1656);
#1500=LINE('',#3497,#1657);
#1501=LINE('',#3506,#1658);
#1502=LINE('',#3510,#1659);
#1503=LINE('',#3514,#1660);
#1504=LINE('',#3517,#1661);
#1505=LINE('',#3519,#1662);
#1506=LINE('',#3521,#1663);
#1507=LINE('',#3523,#1664);
#1508=LINE('',#3525,#1665);
#1509=LINE('',#3526,#1666);
#1510=LINE('',#3534,#1667);
#1511=LINE('',#3545,#1668);
#1512=LINE('',#3546,#1669);
#1513=LINE('',#3547,#1670);
#1514=LINE('',#3549,#1671);
#1515=LINE('',#3551,#1672);
#1516=LINE('',#3553,#1673);
#1517=LINE('',#3555,#1674);
#1518=LINE('',#3557,#1675);
#1519=LINE('',#3559,#1676);
#1520=LINE('',#3561,#1677);
#1521=LINE('',#3573,#1678);
#1522=LINE('',#3580,#1679);
#1523=LINE('',#3582,#1680);
#1524=LINE('',#3584,#1681);
#1525=LINE('',#3585,#1682);
#1526=LINE('',#3592,#1683);
#1527=LINE('',#3594,#1684);
#1528=LINE('',#3597,#1685);
#1529=LINE('',#3599,#1686);
#1530=LINE('',#3603,#1687);
#1531=LINE('',#3605,#1688);
#1532=LINE('',#3607,#1689);
#1533=LINE('',#3611,#1690);
#1534=LINE('',#3613,#1691);
#1535=LINE('',#3615,#1692);
#1536=LINE('',#3703,#1693);
#1537=LINE('',#3708,#1694);
#1538=LINE('',#3712,#1695);
#1539=LINE('',#3717,#1696);
#1540=LINE('',#3833,#1697);
#1541=LINE('',#3836,#1698);
#1542=LINE('',#3909,#1699);
#1543=LINE('',#3910,#1700);
#1544=LINE('',#3913,#1701);
#1545=VECTOR('',#2420,1.);
#1546=VECTOR('',#2423,1.);
#1547=VECTOR('',#2428,1.);
#1548=VECTOR('',#2431,1.);
#1549=VECTOR('',#2436,1.);
#1550=VECTOR('',#2437,1.);
#1551=VECTOR('',#2438,1.);
#1552=VECTOR('',#2439,1.);
#1553=VECTOR('',#2442,1.);
#1554=VECTOR('',#2445,1.);
#1555=VECTOR('',#2450,1.);
#1556=VECTOR('',#2453,1.);
#1557=VECTOR('',#2466,1.);
#1558=VECTOR('',#2467,1.);
#1559=VECTOR('',#2468,1.);
#1560=VECTOR('',#2471,1.);
#1561=VECTOR('',#2474,1.);
#1562=VECTOR('',#2475,1.);
#1563=VECTOR('',#2476,1.);
#1564=VECTOR('',#2477,1.);
#1565=VECTOR('',#2480,1.);
#1566=VECTOR('',#2481,1.);
#1567=VECTOR('',#2482,1.);
#1568=VECTOR('',#2483,1.);
#1569=VECTOR('',#2484,1.);
#1570=VECTOR('',#2485,1.);
#1571=VECTOR('',#2488,1.);
#1572=VECTOR('',#2491,1.);
#1573=VECTOR('',#2500,1.);
#1574=VECTOR('',#2507,1.);
#1575=VECTOR('',#2514,1.);
#1576=VECTOR('',#2517,1.);
#1577=VECTOR('',#2518,1.);
#1578=VECTOR('',#2519,1.);
#1579=VECTOR('',#2524,1.);
#1580=VECTOR('',#2525,1.);
#1581=VECTOR('',#2526,1.);
#1582=VECTOR('',#2529,1.);
#1583=VECTOR('',#2532,1.);
#1584=VECTOR('',#2533,1.);
#1585=VECTOR('',#2534,1.);
#1586=VECTOR('',#2535,1.);
#1587=VECTOR('',#2536,1.);
#1588=VECTOR('',#2537,1.);
#1589=VECTOR('',#2538,1.);
#1590=VECTOR('',#2539,1.);
#1591=VECTOR('',#2540,1.);
#1592=VECTOR('',#2543,1.);
#1593=VECTOR('',#2546,1.);
#1594=VECTOR('',#2549,1.);
#1595=VECTOR('',#2552,1.);
#1596=VECTOR('',#2553,1.);
#1597=VECTOR('',#2558,1.);
#1598=VECTOR('',#2559,1.);
#1599=VECTOR('',#2560,1.);
#1600=VECTOR('',#2561,1.);
#1601=VECTOR('',#2562,1.);
#1602=VECTOR('',#2563,1.);
#1603=VECTOR('',#2566,1.);
#1604=VECTOR('',#2567,1.);
#1605=VECTOR('',#2568,1.);
#1606=VECTOR('',#2569,1.);
#1607=VECTOR('',#2570,1.);
#1608=VECTOR('',#2571,1.);
#1609=VECTOR('',#2574,1.);
#1610=VECTOR('',#2575,1.);
#1611=VECTOR('',#2576,1.);
#1612=VECTOR('',#2579,1.);
#1613=VECTOR('',#2586,1.);
#1614=VECTOR('',#2587,1.);
#1615=VECTOR('',#2588,1.);
#1616=VECTOR('',#2589,1.);
#1617=VECTOR('',#2592,1.);
#1618=VECTOR('',#2595,1.);
#1619=VECTOR('',#2596,1.);
#1620=VECTOR('',#2597,1.);
#1621=VECTOR('',#2598,1.);
#1622=VECTOR('',#2617,1.);
#1623=VECTOR('',#2630,1.);
#1624=VECTOR('',#2639,1.);
#1625=VECTOR('',#2644,1.);
#1626=VECTOR('',#2645,1.);
#1627=VECTOR('',#2646,1.);
#1628=VECTOR('',#2647,1.);
#1629=VECTOR('',#2650,1.);
#1630=VECTOR('',#2651,1.);
#1631=VECTOR('',#2652,1.);
#1632=VECTOR('',#2653,1.);
#1633=VECTOR('',#2656,1.);
#1634=VECTOR('',#2657,1.);
#1635=VECTOR('',#2658,1.);
#1636=VECTOR('',#2659,1.);
#1637=VECTOR('',#2674,1.);
#1638=VECTOR('',#2679,1.);
#1639=VECTOR('',#2694,1.);
#1640=VECTOR('',#2703,1.);
#1641=VECTOR('',#2706,1.);
#1642=VECTOR('',#2707,1.);
#1643=VECTOR('',#2708,1.);
#1644=VECTOR('',#2709,1.);
#1645=VECTOR('',#2710,1.);
#1646=VECTOR('',#2711,1.);
#1647=VECTOR('',#2714,1.);
#1648=VECTOR('',#2715,1.);
#1649=VECTOR('',#2718,1.);
#1650=VECTOR('',#2719,1.);
#1651=VECTOR('',#2720,1.);
#1652=VECTOR('',#2723,1.);
#1653=VECTOR('',#2724,1.);
#1654=VECTOR('',#2735,1.);
#1655=VECTOR('',#2736,1.);
#1656=VECTOR('',#2737,1.);
#1657=VECTOR('',#2742,1.);
#1658=VECTOR('',#2745,1.);
#1659=VECTOR('',#2748,1.);
#1660=VECTOR('',#2753,1.);
#1661=VECTOR('',#2754,1.);
#1662=VECTOR('',#2755,1.);
#1663=VECTOR('',#2756,1.);
#1664=VECTOR('',#2759,1.);
#1665=VECTOR('',#2760,1.);
#1666=VECTOR('',#2761,1.);
#1667=VECTOR('',#2764,1.);
#1668=VECTOR('',#2765,1.);
#1669=VECTOR('',#2766,1.);
#1670=VECTOR('',#2767,1.);
#1671=VECTOR('',#2768,1.);
#1672=VECTOR('',#2769,1.);
#1673=VECTOR('',#2772,1.);
#1674=VECTOR('',#2775,1.);
#1675=VECTOR('',#2776,1.);
#1676=VECTOR('',#2777,1.);
#1677=VECTOR('',#2780,1.);
#1678=VECTOR('',#2783,1.);
#1679=VECTOR('',#2784,1.);
#1680=VECTOR('',#2785,1.);
#1681=VECTOR('',#2786,1.);
#1682=VECTOR('',#2787,1.);
#1683=VECTOR('',#2788,1.);
#1684=VECTOR('',#2791,1.);
#1685=VECTOR('',#2792,1.);
#1686=VECTOR('',#2793,1.);
#1687=VECTOR('',#2796,1.);
#1688=VECTOR('',#2797,1.);
#1689=VECTOR('',#2798,1.);
#1690=VECTOR('',#2803,1.);
#1691=VECTOR('',#2806,1.);
#1692=VECTOR('',#2809,1.);
#1693=VECTOR('',#2940,1.);
#1694=VECTOR('',#2943,1.);
#1695=VECTOR('',#2948,1.);
#1696=VECTOR('',#2951,1.);
#1697=VECTOR('',#3012,1.);
#1698=VECTOR('',#3017,1.);
#1699=VECTOR('',#3058,1.);
#1700=VECTOR('',#3059,1.);
#1701=VECTOR('',#3064,1.);
#1702=EDGE_LOOP('',(#251,#252,#253,#254));
#1703=EDGE_LOOP('',(#255,#256,#257,#258));
#1704=EDGE_LOOP('',(#259,#260,#261,#262));
#1705=EDGE_LOOP('',(#263,#264,#265,#266));
#1706=EDGE_LOOP('',(#267,#268,#269,#270));
#1707=EDGE_LOOP('',(#271,#272,#273,#274,#275,#276));
#1708=EDGE_LOOP('',(#277,#278,#279,#280,#281,#282,#283,#284,#285,#286,#287,
#288));
#1709=EDGE_LOOP('',(#289,#290,#291,#292,#293,#294,#295,#296,#297,#298,#299,
#300));
#1710=EDGE_LOOP('',(#301,#302,#303));
#1711=EDGE_LOOP('',(#304,#305,#306,#307,#308));
#1712=EDGE_LOOP('',(#309,#310,#311,#312,#313));
#1713=EDGE_LOOP('',(#314,#315,#316));
#1714=EDGE_LOOP('',(#317,#318,#319,#320,#321,#322));
#1715=EDGE_LOOP('',(#323,#324,#325,#326,#327,#328));
#1716=EDGE_LOOP('',(#329,#330,#331,#332,#333,#334,#335,#336,#337,#338,#339,
#340,#341,#342,#343,#344,#345,#346,#347,#348));
#1717=EDGE_LOOP('',(#349,#350,#351,#352,#353,#354));
#1718=EDGE_LOOP('',(#355,#356,#357,#358,#359,#360));
#1719=EDGE_LOOP('',(#361,#362,#363,#364,#365,#366));
#1720=EDGE_LOOP('',(#367,#368,#369,#370,#371,#372,#373));
#1721=EDGE_LOOP('',(#374,#375,#376,#377));
#1722=EDGE_LOOP('',(#378,#379,#380,#381,#382));
#1723=EDGE_LOOP('',(#383,#384,#385,#386));
#1724=EDGE_LOOP('',(#387,#388,#389,#390));
#1725=EDGE_LOOP('',(#391,#392,#393,#394,#395));
#1726=EDGE_LOOP('',(#396,#397,#398,#399));
#1727=EDGE_LOOP('',(#400,#401,#402,#403));
#1728=EDGE_LOOP('',(#404,#405,#406,#407));
#1729=EDGE_LOOP('',(#408,#409,#410,#411));
#1730=EDGE_LOOP('',(#412,#413,#414,#415));
#1731=EDGE_LOOP('',(#416,#417,#418,#419));
#1732=EDGE_LOOP('',(#420,#421,#422,#423));
#1733=EDGE_LOOP('',(#424,#425,#426,#427));
#1734=EDGE_LOOP('',(#428,#429,#430,#431));
#1735=EDGE_LOOP('',(#432,#433,#434,#435));
#1736=EDGE_LOOP('',(#436,#437,#438,#439));
#1737=EDGE_LOOP('',(#440,#441,#442,#443));
#1738=EDGE_LOOP('',(#444,#445,#446,#447));
#1739=EDGE_LOOP('',(#448,#449,#450,#451));
#1740=EDGE_LOOP('',(#452,#453,#454,#455));
#1741=EDGE_LOOP('',(#456,#457,#458,#459));
#1742=EDGE_LOOP('',(#460,#461,#462,#463));
#1743=EDGE_LOOP('',(#464,#465,#466,#467));
#1744=EDGE_LOOP('',(#468,#469,#470,#471));
#1745=EDGE_LOOP('',(#472,#473,#474,#475));
#1746=EDGE_LOOP('',(#476,#477,#478,#479,#480));
#1747=EDGE_LOOP('',(#481,#482,#483,#484,#485,#486,#487,#488,#489,#490,#491,
#492,#493,#494,#495,#496,#497,#498));
#1748=EDGE_LOOP('',(#499,#500,#501,#502));
#1749=EDGE_LOOP('',(#503,#504,#505,#506,#507));
#1750=EDGE_LOOP('',(#508,#509,#510,#511,#512,#513,#514,#515,#516,#517,#518,
#519,#520));
#1751=EDGE_LOOP('',(#521,#522,#523,#524));
#1752=EDGE_LOOP('',(#525,#526,#527,#528));
#1753=EDGE_LOOP('',(#529,#530,#531,#532));
#1754=EDGE_LOOP('',(#533,#534,#535,#536,#537,#538,#539,#540,#541,#542,#543,
#544,#545));
#1755=EDGE_LOOP('',(#546,#547,#548,#549,#550,#551,#552,#553));
#1756=EDGE_LOOP('',(#554,#555,#556,#557,#558,#559,#560));
#1757=EDGE_LOOP('',(#561,#562,#563,#564,#565,#566));
#1758=EDGE_LOOP('',(#567,#568,#569,#570));
#1759=EDGE_LOOP('',(#571,#572,#573,#574));
#1760=EDGE_LOOP('',(#575,#576,#577,#578));
#1761=EDGE_LOOP('',(#579,#580,#581,#582));
#1762=EDGE_LOOP('',(#583,#584,#585,#586));
#1763=EDGE_LOOP('',(#587,#588,#589,#590));
#1764=EDGE_LOOP('',(#591,#592,#593,#594));
#1765=EDGE_LOOP('',(#595,#596,#597,#598,#599,#600));
#1766=EDGE_LOOP('',(#601,#602,#603,#604));
#1767=EDGE_LOOP('',(#605,#606,#607,#608));
#1768=EDGE_LOOP('',(#609,#610,#611,#612));
#1769=EDGE_LOOP('',(#613,#614,#615,#616));
#1770=EDGE_LOOP('',(#617,#618,#619,#620));
#1771=EDGE_LOOP('',(#621,#622,#623,#624));
#1772=EDGE_LOOP('',(#625,#626,#627,#628));
#1773=EDGE_LOOP('',(#629,#630,#631));
#1774=EDGE_LOOP('',(#632,#633,#634));
#1775=EDGE_LOOP('',(#635,#636,#637));
#1776=EDGE_LOOP('',(#638,#639,#640));
#1777=EDGE_LOOP('',(#641,#642,#643,#644));
#1778=EDGE_LOOP('',(#645,#646,#647,#648));
#1779=EDGE_LOOP('',(#649,#650,#651,#652));
#1780=EDGE_LOOP('',(#653,#654,#655,#656));
#1781=EDGE_LOOP('',(#657,#658,#659,#660));
#1782=EDGE_LOOP('',(#661,#662,#663,#664));
#1783=EDGE_LOOP('',(#665,#666,#667,#668));
#1784=EDGE_LOOP('',(#669,#670,#671,#672));
#1785=EDGE_LOOP('',(#673,#674,#675));
#1786=EDGE_LOOP('',(#676,#677,#678));
#1787=EDGE_LOOP('',(#679,#680,#681,#682));
#1788=EDGE_LOOP('',(#683,#684,#685,#686));
#1789=EDGE_LOOP('',(#687,#688,#689,#690));
#1790=EDGE_LOOP('',(#691,#692,#693,#694));
#1791=EDGE_LOOP('',(#695,#696,#697));
#1792=EDGE_LOOP('',(#698,#699,#700,#701));
#1793=EDGE_LOOP('',(#702,#703,#704,#705));
#1794=EDGE_LOOP('',(#706,#707,#708));
#1795=EDGE_LOOP('',(#709,#710,#711));
#1796=EDGE_LOOP('',(#712,#713,#714,#715));
#1797=EDGE_LOOP('',(#716,#717,#718,#719));
#1798=EDGE_LOOP('',(#720,#721,#722));
#1799=EDGE_LOOP('',(#723,#724,#725));
#1800=EDGE_LOOP('',(#726,#727,#728,#729));
#1801=EDGE_LOOP('',(#730,#731,#732,#733));
#1802=EDGE_LOOP('',(#734,#735,#736));
#1803=EDGE_LOOP('',(#737,#738,#739));
#1804=EDGE_LOOP('',(#740,#741,#742,#743));
#1805=EDGE_LOOP('',(#744,#745,#746,#747));
#1806=EDGE_LOOP('',(#748,#749,#750));
#1807=EDGE_LOOP('',(#751,#752,#753,#754,#755,#756));
#1808=EDGE_LOOP('',(#757,#758,#759,#760,#761,#762,#763,#764));
#1809=EDGE_LOOP('',(#765,#766,#767,#768,#769,#770));
#1810=EDGE_LOOP('',(#771,#772,#773,#774,#775,#776,#777,#778));
#1811=EDGE_LOOP('',(#779,#780,#781,#782,#783));
#1812=EDGE_LOOP('',(#784,#785,#786,#787));
#1813=EDGE_LOOP('',(#788,#789,#790,#791));
#1814=EDGE_LOOP('',(#792,#793,#794));
#1815=EDGE_LOOP('',(#795,#796,#797,#798));
#1816=EDGE_LOOP('',(#799,#800,#801));
#1817=EDGE_LOOP('',(#802,#803,#804,#805));
#1818=EDGE_LOOP('',(#806,#807,#808,#809));
#1819=EDGE_LOOP('',(#810,#811,#812,#813,#814));
#1820=EDGE_LOOP('',(#815,#816,#817,#818));
#1821=EDGE_LOOP('',(#819,#820,#821,#822));
#1822=EDGE_LOOP('',(#823,#824,#825,#826));
#1823=EDGE_LOOP('',(#827,#828,#829,#830));
#1824=EDGE_LOOP('',(#831,#832,#833,#834,#835,#836,#837,#838,#839,#840,#841,
#842));
#1825=EDGE_LOOP('',(#843,#844,#845,#846,#847,#848));
#1826=EDGE_LOOP('',(#849,#850,#851,#852));
#1827=EDGE_LOOP('',(#853,#854,#855,#856));
#1828=EDGE_LOOP('',(#857,#858,#859));
#1829=EDGE_LOOP('',(#860,#861,#862,#863));
#1830=EDGE_LOOP('',(#864,#865,#866,#867,#868));
#1831=EDGE_LOOP('',(#869,#870,#871,#872));
#1832=EDGE_LOOP('',(#873,#874,#875,#876,#877));
#1833=EDGE_LOOP('',(#878,#879,#880,#881));
#1834=EDGE_LOOP('',(#882,#883,#884));
#1835=FACE_BOUND('',#1702,.T.);
#1836=FACE_BOUND('',#1703,.T.);
#1837=FACE_BOUND('',#1704,.T.);
#1838=FACE_BOUND('',#1705,.T.);
#1839=FACE_BOUND('',#1706,.T.);
#1840=FACE_BOUND('',#1707,.T.);
#1841=FACE_BOUND('',#1708,.T.);
#1842=FACE_BOUND('',#1709,.T.);
#1843=FACE_BOUND('',#1710,.T.);
#1844=FACE_BOUND('',#1711,.T.);
#1845=FACE_BOUND('',#1712,.T.);
#1846=FACE_BOUND('',#1713,.T.);
#1847=FACE_BOUND('',#1714,.T.);
#1848=FACE_BOUND('',#1715,.T.);
#1849=FACE_BOUND('',#1716,.T.);
#1850=FACE_BOUND('',#1717,.T.);
#1851=FACE_BOUND('',#1718,.T.);
#1852=FACE_BOUND('',#1719,.T.);
#1853=FACE_BOUND('',#1720,.T.);
#1854=FACE_BOUND('',#1721,.T.);
#1855=FACE_BOUND('',#1722,.T.);
#1856=FACE_BOUND('',#1723,.T.);
#1857=FACE_BOUND('',#1724,.T.);
#1858=FACE_BOUND('',#1725,.T.);
#1859=FACE_BOUND('',#1726,.T.);
#1860=FACE_BOUND('',#1727,.T.);
#1861=FACE_BOUND('',#1728,.T.);
#1862=FACE_BOUND('',#1729,.T.);
#1863=FACE_BOUND('',#1730,.T.);
#1864=FACE_BOUND('',#1731,.T.);
#1865=FACE_BOUND('',#1732,.T.);
#1866=FACE_BOUND('',#1733,.T.);
#1867=FACE_BOUND('',#1734,.T.);
#1868=FACE_BOUND('',#1735,.T.);
#1869=FACE_BOUND('',#1736,.T.);
#1870=FACE_BOUND('',#1737,.T.);
#1871=FACE_BOUND('',#1738,.T.);
#1872=FACE_BOUND('',#1739,.T.);
#1873=FACE_BOUND('',#1740,.T.);
#1874=FACE_BOUND('',#1741,.T.);
#1875=FACE_BOUND('',#1742,.T.);
#1876=FACE_BOUND('',#1743,.T.);
#1877=FACE_BOUND('',#1744,.T.);
#1878=FACE_BOUND('',#1745,.T.);
#1879=FACE_BOUND('',#1746,.T.);
#1880=FACE_BOUND('',#1747,.T.);
#1881=FACE_BOUND('',#1748,.T.);
#1882=FACE_BOUND('',#1749,.T.);
#1883=FACE_BOUND('',#1750,.T.);
#1884=FACE_BOUND('',#1751,.T.);
#1885=FACE_BOUND('',#1752,.T.);
#1886=FACE_BOUND('',#1753,.T.);
#1887=FACE_BOUND('',#1754,.T.);
#1888=FACE_BOUND('',#1755,.T.);
#1889=FACE_BOUND('',#1756,.T.);
#1890=FACE_BOUND('',#1757,.T.);
#1891=FACE_BOUND('',#1758,.T.);
#1892=FACE_BOUND('',#1759,.T.);
#1893=FACE_BOUND('',#1760,.T.);
#1894=FACE_BOUND('',#1761,.T.);
#1895=FACE_BOUND('',#1762,.T.);
#1896=FACE_BOUND('',#1763,.T.);
#1897=FACE_BOUND('',#1764,.T.);
#1898=FACE_BOUND('',#1765,.T.);
#1899=FACE_BOUND('',#1766,.T.);
#1900=FACE_BOUND('',#1767,.T.);
#1901=FACE_BOUND('',#1768,.T.);
#1902=FACE_BOUND('',#1769,.T.);
#1903=FACE_BOUND('',#1770,.T.);
#1904=FACE_BOUND('',#1771,.T.);
#1905=FACE_BOUND('',#1772,.T.);
#1906=FACE_BOUND('',#1773,.T.);
#1907=FACE_BOUND('',#1774,.T.);
#1908=FACE_BOUND('',#1775,.T.);
#1909=FACE_BOUND('',#1776,.T.);
#1910=FACE_BOUND('',#1777,.T.);
#1911=FACE_BOUND('',#1778,.T.);
#1912=FACE_BOUND('',#1779,.T.);
#1913=FACE_BOUND('',#1780,.T.);
#1914=FACE_BOUND('',#1781,.T.);
#1915=FACE_BOUND('',#1782,.T.);
#1916=FACE_BOUND('',#1783,.T.);
#1917=FACE_BOUND('',#1784,.T.);
#1918=FACE_BOUND('',#1785,.T.);
#1919=FACE_BOUND('',#1786,.T.);
#1920=FACE_BOUND('',#1787,.T.);
#1921=FACE_BOUND('',#1788,.T.);
#1922=FACE_BOUND('',#1789,.T.);
#1923=FACE_BOUND('',#1790,.T.);
#1924=FACE_BOUND('',#1791,.T.);
#1925=FACE_BOUND('',#1792,.T.);
#1926=FACE_BOUND('',#1793,.T.);
#1927=FACE_BOUND('',#1794,.T.);
#1928=FACE_BOUND('',#1795,.T.);
#1929=FACE_BOUND('',#1796,.T.);
#1930=FACE_BOUND('',#1797,.T.);
#1931=FACE_BOUND('',#1798,.T.);
#1932=FACE_BOUND('',#1799,.T.);
#1933=FACE_BOUND('',#1800,.T.);
#1934=FACE_BOUND('',#1801,.T.);
#1935=FACE_BOUND('',#1802,.T.);
#1936=FACE_BOUND('',#1803,.T.);
#1937=FACE_BOUND('',#1804,.T.);
#1938=FACE_BOUND('',#1805,.T.);
#1939=FACE_BOUND('',#1806,.T.);
#1940=FACE_BOUND('',#1807,.T.);
#1941=FACE_BOUND('',#1808,.T.);
#1942=FACE_BOUND('',#1809,.T.);
#1943=FACE_BOUND('',#1810,.T.);
#1944=FACE_BOUND('',#1811,.T.);
#1945=FACE_BOUND('',#1812,.T.);
#1946=FACE_BOUND('',#1813,.T.);
#1947=FACE_BOUND('',#1814,.T.);
#1948=FACE_BOUND('',#1815,.T.);
#1949=FACE_BOUND('',#1816,.T.);
#1950=FACE_BOUND('',#1817,.T.);
#1951=FACE_BOUND('',#1818,.T.);
#1952=FACE_BOUND('',#1819,.T.);
#1953=FACE_BOUND('',#1820,.T.);
#1954=FACE_BOUND('',#1821,.T.);
#1955=FACE_BOUND('',#1822,.T.);
#1956=FACE_BOUND('',#1823,.T.);
#1957=FACE_BOUND('',#1824,.T.);
#1958=FACE_BOUND('',#1825,.T.);
#1959=FACE_BOUND('',#1826,.T.);
#1960=FACE_BOUND('',#1827,.T.);
#1961=FACE_BOUND('',#1828,.T.);
#1962=FACE_BOUND('',#1829,.T.);
#1963=FACE_BOUND('',#1830,.T.);
#1964=FACE_BOUND('',#1831,.T.);
#1965=FACE_BOUND('',#1832,.T.);
#1966=FACE_BOUND('',#1833,.T.);
#1967=FACE_BOUND('',#1834,.T.);
#1968=CYLINDRICAL_SURFACE('',#2166,0.0002);
#1969=CYLINDRICAL_SURFACE('',#2169,0.0002);
#1970=CYLINDRICAL_SURFACE('',#2173,0.0002);
#1971=CYLINDRICAL_SURFACE('',#2176,0.0002);
#1972=CYLINDRICAL_SURFACE('',#2190,0.0011);
#1973=CYLINDRICAL_SURFACE('',#2193,0.0011);
#1974=CYLINDRICAL_SURFACE('',#2218,0.0002);
#1975=CYLINDRICAL_SURFACE('',#2222,0.0002);
#1976=CYLINDRICAL_SURFACE('',#2225,0.0002);
#1977=CYLINDRICAL_SURFACE('',#2228,0.0002);
#1978=CYLINDRICAL_SURFACE('',#2232,0.0002);
#1979=CYLINDRICAL_SURFACE('',#2235,0.0002);
#1980=CYLINDRICAL_SURFACE('',#2241,0.0002);
#1981=CYLINDRICAL_SURFACE('',#2243,0.0002);
#1982=CYLINDRICAL_SURFACE('',#2246,0.0002);
#1983=CYLINDRICAL_SURFACE('',#2248,0.0002);
#1984=CYLINDRICAL_SURFACE('',#2251,0.0002);
#1985=CYLINDRICAL_SURFACE('',#2253,0.0002);
#1986=CYLINDRICAL_SURFACE('',#2256,0.0002);
#1987=CYLINDRICAL_SURFACE('',#2258,0.0002);
#1988=CYLINDRICAL_SURFACE('',#2265,0.0002);
#1989=CYLINDRICAL_SURFACE('',#2267,0.0002);
#1990=CYLINDRICAL_SURFACE('',#2270,0.003);
#1991=CYLINDRICAL_SURFACE('',#2289,0.0002);
#1992=CYLINDRICAL_SURFACE('',#2291,0.0002);
#1993=CYLINDRICAL_SURFACE('',#2293,0.0002);
#1994=CYLINDRICAL_SURFACE('',#2300,0.0002);
#1995=CYLINDRICAL_SURFACE('',#2302,0.0002);
#1996=CYLINDRICAL_SURFACE('',#2305,0.0002);
#1997=CYLINDRICAL_SURFACE('',#2307,0.0002);
#1998=CYLINDRICAL_SURFACE('',#2311,0.0002);
#1999=CYLINDRICAL_SURFACE('',#2314,0.0002);
#2000=CYLINDRICAL_SURFACE('',#2317,0.0002);
#2001=CYLINDRICAL_SURFACE('',#2328,0.0002);
#2002=CYLINDRICAL_SURFACE('',#2330,0.0002);
#2003=CYLINDRICAL_SURFACE('',#2332,0.0002);
#2004=CYLINDRICAL_SURFACE('',#2334,0.0002);
#2005=CYLINDRICAL_SURFACE('',#2336,0.0002);
#2006=CYLINDRICAL_SURFACE('',#2343,0.0002);
#2007=CYLINDRICAL_SURFACE('',#2350,0.0002);
#2008=CYLINDRICAL_SURFACE('',#2351,0.0002);
#2009=CYLINDRICAL_SURFACE('',#2352,0.0005);
#2010=CYLINDRICAL_SURFACE('',#2355,0.0005);
#2011=CYLINDRICAL_SURFACE('',#2362,0.0002);
#2012=CYLINDRICAL_SURFACE('',#2368,0.0002);
#2013=CYLINDRICAL_SURFACE('',#2375,0.0002);
#2014=CYLINDRICAL_SURFACE('',#2383,0.0002);
#2015=CYLINDRICAL_SURFACE('',#2390,0.0011);
#2016=CYLINDRICAL_SURFACE('',#2394,0.0011);
#2017=CYLINDRICAL_SURFACE('',#2396,0.0011);
#2018=CYLINDRICAL_SURFACE('',#2398,0.0011);
#2019=CYLINDRICAL_SURFACE('',#2402,0.0011);
#2020=CYLINDRICAL_SURFACE('',#2405,0.002);
#2021=ADVANCED_FACE('',(#1835),#1968,.F.);
#2022=ADVANCED_FACE('',(#1836),#1969,.F.);
#2023=ADVANCED_FACE('',(#1837),#104,.F.);
#2024=ADVANCED_FACE('',(#1838),#1970,.F.);
#2025=ADVANCED_FACE('',(#1839),#1971,.F.);
#2026=ADVANCED_FACE('',(#1840),#92,.T.);
#2027=ADVANCED_FACE('',(#1841),#105,.T.);
#2028=ADVANCED_FACE('',(#1842),#106,.F.);
#2029=ADVANCED_FACE('',(#1843),#54,.F.);
#2030=ADVANCED_FACE('',(#1844),#1972,.F.);
#2031=ADVANCED_FACE('',(#1845),#1973,.F.);
#2032=ADVANCED_FACE('',(#1846),#55,.F.);
#2033=ADVANCED_FACE('',(#1847),#107,.T.);
#2034=ADVANCED_FACE('',(#1848),#108,.F.);
#2035=ADVANCED_FACE('',(#1849),#109,.T.);
#2036=ADVANCED_FACE('',(#1850),#110,.T.);
#2037=ADVANCED_FACE('',(#1851),#111,.F.);
#2038=ADVANCED_FACE('',(#1852),#112,.T.);
#2039=ADVANCED_FACE('',(#1853),#113,.T.);
#2040=ADVANCED_FACE('',(#1854),#114,.T.);
#2041=ADVANCED_FACE('',(#1855),#1974,.T.);
#2042=ADVANCED_FACE('',(#1856),#1975,.T.);
#2043=ADVANCED_FACE('',(#1857),#1976,.T.);
#2044=ADVANCED_FACE('',(#1858),#1977,.T.);
#2045=ADVANCED_FACE('',(#1859),#1978,.T.);
#2046=ADVANCED_FACE('',(#1860),#1979,.T.);
#2047=ADVANCED_FACE('',(#1861),#115,.F.);
#2048=ADVANCED_FACE('',(#1862),#116,.F.);
#2049=ADVANCED_FACE('',(#1863),#117,.T.);
#2050=ADVANCED_FACE('',(#1864),#1980,.T.);
#2051=ADVANCED_FACE('',(#1865),#1981,.T.);
#2052=ADVANCED_FACE('',(#1866),#1982,.T.);
#2053=ADVANCED_FACE('',(#1867),#1983,.T.);
#2054=ADVANCED_FACE('',(#1868),#1984,.T.);
#2055=ADVANCED_FACE('',(#1869),#1985,.T.);
#2056=ADVANCED_FACE('',(#1870),#1986,.T.);
#2057=ADVANCED_FACE('',(#1871),#1987,.T.);
#2058=ADVANCED_FACE('',(#1872,#1873),#118,.T.);
#2059=ADVANCED_FACE('',(#1874),#119,.F.);
#2060=ADVANCED_FACE('',(#1875),#120,.F.);
#2061=ADVANCED_FACE('',(#1876),#121,.T.);
#2062=ADVANCED_FACE('',(#1877),#1988,.F.);
#2063=ADVANCED_FACE('',(#1878),#1989,.F.);
#2064=ADVANCED_FACE('',(#1879),#122,.T.);
#2065=ADVANCED_FACE('',(#1880),#1990,.F.);
#2066=ADVANCED_FACE('',(#1881),#123,.T.);
#2067=ADVANCED_FACE('',(#1882),#124,.T.);
#2068=ADVANCED_FACE('',(#1883),#125,.F.);
#2069=ADVANCED_FACE('',(#1884),#126,.F.);
#2070=ADVANCED_FACE('',(#1885),#127,.F.);
#2071=ADVANCED_FACE('',(#1886),#128,.T.);
#2072=ADVANCED_FACE('',(#1887),#129,.T.);
#2073=ADVANCED_FACE('',(#1888),#130,.F.);
#2074=ADVANCED_FACE('',(#1889),#131,.F.);
#2075=ADVANCED_FACE('',(#1890),#132,.F.);
#2076=ADVANCED_FACE('',(#1891),#1991,.F.);
#2077=ADVANCED_FACE('',(#1892),#1992,.F.);
#2078=ADVANCED_FACE('',(#1893),#1993,.T.);
#2079=ADVANCED_FACE('',(#1894),#93,.T.);
#2080=ADVANCED_FACE('',(#1895),#94,.T.);
#2081=ADVANCED_FACE('',(#1896),#1994,.T.);
#2082=ADVANCED_FACE('',(#1897),#1995,.T.);
#2083=ADVANCED_FACE('',(#1898),#95,.T.);
#2084=ADVANCED_FACE('',(#1899),#1996,.T.);
#2085=ADVANCED_FACE('',(#1900),#1997,.T.);
#2086=ADVANCED_FACE('',(#1901),#96,.T.);
#2087=ADVANCED_FACE('',(#1902),#97,.T.);
#2088=ADVANCED_FACE('',(#1903),#1998,.T.);
#2089=ADVANCED_FACE('',(#1904),#1999,.T.);
#2090=ADVANCED_FACE('',(#1905),#2000,.T.);
#2091=ADVANCED_FACE('',(#1906),#16,.T.);
#2092=ADVANCED_FACE('',(#1907),#17,.T.);
#2093=ADVANCED_FACE('',(#1908),#18,.T.);
#2094=ADVANCED_FACE('',(#1909),#19,.T.);
#2095=ADVANCED_FACE('',(#1910),#2001,.T.);
#2096=ADVANCED_FACE('',(#1911),#2002,.T.);
#2097=ADVANCED_FACE('',(#1912),#2003,.T.);
#2098=ADVANCED_FACE('',(#1913),#2004,.T.);
#2099=ADVANCED_FACE('',(#1914),#2005,.T.);
#2100=ADVANCED_FACE('',(#1915),#98,.T.);
#2101=ADVANCED_FACE('',(#1916),#99,.T.);
#2102=ADVANCED_FACE('',(#1917),#2006,.T.);
#2103=ADVANCED_FACE('',(#1918),#20,.T.);
#2104=ADVANCED_FACE('',(#1919),#21,.T.);
#2105=ADVANCED_FACE('',(#1920),#2007,.T.);
#2106=ADVANCED_FACE('',(#1921),#2008,.T.);
#2107=ADVANCED_FACE('',(#1922),#2009,.F.);
#2108=ADVANCED_FACE('',(#1923),#2010,.F.);
#2109=ADVANCED_FACE('',(#1924),#22,.T.);
#2110=ADVANCED_FACE('',(#1925),#56,.T.);
#2111=ADVANCED_FACE('',(#1926),#2011,.T.);
#2112=ADVANCED_FACE('',(#1927),#23,.T.);
#2113=ADVANCED_FACE('',(#1928),#24,.T.);
#2114=ADVANCED_FACE('',(#1929),#2012,.T.);
#2115=ADVANCED_FACE('',(#1930),#57,.T.);
#2116=ADVANCED_FACE('',(#1931),#25,.T.);
#2117=ADVANCED_FACE('',(#1932),#26,.T.);
#2118=ADVANCED_FACE('',(#1933),#2013,.T.);
#2119=ADVANCED_FACE('',(#1934),#58,.T.);
#2120=ADVANCED_FACE('',(#1935),#27,.T.);
#2121=ADVANCED_FACE('',(#1936),#28,.T.);
#2122=ADVANCED_FACE('',(#1937),#59,.T.);
#2123=ADVANCED_FACE('',(#1938),#2014,.T.);
#2124=ADVANCED_FACE('',(#1939),#29,.T.);
#2125=ADVANCED_FACE('',(#1940),#133,.T.);
#2126=ADVANCED_FACE('',(#1941),#134,.T.);
#2127=ADVANCED_FACE('',(#1942),#135,.T.);
#2128=ADVANCED_FACE('',(#1943),#136,.T.);
#2129=ADVANCED_FACE('',(#1944),#2015,.F.);
#2130=ADVANCED_FACE('',(#1945),#100,.F.);
#2131=ADVANCED_FACE('',(#1946),#2016,.F.);
#2132=ADVANCED_FACE('',(#1947),#60,.F.);
#2133=ADVANCED_FACE('',(#1948),#2017,.F.);
#2134=ADVANCED_FACE('',(#1949),#61,.F.);
#2135=ADVANCED_FACE('',(#1950),#2018,.F.);
#2136=ADVANCED_FACE('',(#1951),#101,.F.);
#2137=ADVANCED_FACE('',(#1952),#2019,.F.);
#2138=ADVANCED_FACE('',(#1953),#102,.T.);
#2139=ADVANCED_FACE('',(#1954),#2020,.T.);
#2140=ADVANCED_FACE('',(#1955),#103,.T.);
#2141=ADVANCED_FACE('',(#1956),#137,.T.);
#2142=ADVANCED_FACE('',(#1957),#138,.T.);
#2143=ADVANCED_FACE('',(#1958),#139,.F.);
#2144=ADVANCED_FACE('',(#1959),#140,.T.);
#2145=ADVANCED_FACE('',(#1960),#141,.T.);
#2146=ADVANCED_FACE('',(#1961),#12,.T.);
#2147=ADVANCED_FACE('',(#1962),#142,.T.);
#2148=ADVANCED_FACE('',(#1963),#13,.T.);
#2149=ADVANCED_FACE('',(#1964),#143,.F.);
#2150=ADVANCED_FACE('',(#1965),#14,.T.);
#2151=ADVANCED_FACE('',(#1966),#144,.T.);
#2152=ADVANCED_FACE('',(#1967),#15,.T.);
#2153=CLOSED_SHELL('',(#2021,#2022,#2023,#2024,#2025,#2026,#2027,#2028,
#2029,#2030,#2031,#2032,#2033,#2034,#2035,#2036,#2037,#2038,#2039,#2040,
#2041,#2042,#2043,#2044,#2045,#2046,#2047,#2048,#2049,#2050,#2051,#2052,
#2053,#2054,#2055,#2056,#2057,#2058,#2059,#2060,#2061,#2062,#2063,#2064,
#2065,#2066,#2067,#2068,#2069,#2070,#2071,#2072,#2073,#2074,#2075,#2076,
#2077,#2078,#2079,#2080,#2081,#2082,#2083,#2084,#2085,#2086,#2087,#2088,
#2089,#2090,#2091,#2092,#2093,#2094,#2095,#2096,#2097,#2098,#2099,#2100,
#2101,#2102,#2103,#2104,#2105,#2106,#2107,#2108,#2109,#2110,#2111,#2112,
#2113,#2114,#2115,#2116,#2117,#2118,#2119,#2120,#2121,#2122,#2123,#2124,
#2125,#2126,#2127,#2128,#2129,#2130,#2131,#2132,#2133,#2134,#2135,#2136,
#2137,#2138,#2139,#2140,#2141,#2142,#2143,#2144,#2145,#2146,#2147,#2148,
#2149,#2150,#2151,#2152));
#2154=STYLED_ITEM('',(#2155),#2162);
#2155=PRESENTATION_STYLE_ASSIGNMENT((#2156));
#2156=SURFACE_STYLE_USAGE(.BOTH.,#2157);
#2157=SURFACE_SIDE_STYLE('',(#2158));
#2158=SURFACE_STYLE_FILL_AREA(#2159);
#2159=FILL_AREA_STYLE('',(#2160));
#2160=FILL_AREA_STYLE_COLOUR('',#2161);
#2161=COLOUR_RGB('',0.231372549019608,0.380392156862745,0.705882352941177);
#2162=MANIFOLD_SOLID_BREP('Part PCB case',#2153);
#2163=SHAPE_DEFINITION_REPRESENTATION(#4025,#2164);
#2164=SHAPE_REPRESENTATION('Part PCB case',(#2165),#4020);
#2165=AXIS2_PLACEMENT_3D('',#3075,#2416,#2417);
#2166=AXIS2_PLACEMENT_3D('',#3076,#2418,#2419);
#2167=AXIS2_PLACEMENT_3D('',#3080,#2421,#2422);
#2168=AXIS2_PLACEMENT_3D('',#3084,#2424,#2425);
#2169=AXIS2_PLACEMENT_3D('',#3085,#2426,#2427);
#2170=AXIS2_PLACEMENT_3D('',#3089,#2429,#2430);
#2171=AXIS2_PLACEMENT_3D('',#3093,#2432,#2433);
#2172=AXIS2_PLACEMENT_3D('',#3094,#2434,#2435);
#2173=AXIS2_PLACEMENT_3D('',#3103,#2440,#2441);
#2174=AXIS2_PLACEMENT_3D('',#3107,#2443,#2444);
#2175=AXIS2_PLACEMENT_3D('',#3111,#2446,#2447);
#2176=AXIS2_PLACEMENT_3D('',#3112,#2448,#2449);
#2177=AXIS2_PLACEMENT_3D('',#3116,#2451,#2452);
#2178=AXIS2_PLACEMENT_3D('',#3120,#2454,#2455);
#2179=AXIS2_PLACEMENT_3D('',#3121,#2456,#2457);
#2180=AXIS2_PLACEMENT_3D('',#3132,#2458,#2459);
#2181=AXIS2_PLACEMENT_3D('',#3134,#2460,#2461);
#2182=AXIS2_PLACEMENT_3D('',#3136,#2462,#2463);
#2183=AXIS2_PLACEMENT_3D('',#3137,#2464,#2465);
#2184=AXIS2_PLACEMENT_3D('',#3144,#2469,#2470);
#2185=AXIS2_PLACEMENT_3D('',#3148,#2472,#2473);
#2186=AXIS2_PLACEMENT_3D('',#3156,#2478,#2479);
#2187=AXIS2_PLACEMENT_3D('',#3168,#2486,#2487);
#2188=AXIS2_PLACEMENT_3D('',#3172,#2489,#2490);
#2189=AXIS2_PLACEMENT_3D('',#3192,#2492,#2493);
#2190=AXIS2_PLACEMENT_3D('',#3193,#2494,#2495);
#2191=AXIS2_PLACEMENT_3D('',#3194,#2496,#2497);
#2192=AXIS2_PLACEMENT_3D('',#3195,#2498,#2499);
#2193=AXIS2_PLACEMENT_3D('',#3198,#2501,#2502);
#2194=AXIS2_PLACEMENT_3D('',#3199,#2503,#2504);
#2195=AXIS2_PLACEMENT_3D('',#3201,#2505,#2506);
#2196=AXIS2_PLACEMENT_3D('',#3204,#2508,#2509);
#2197=AXIS2_PLACEMENT_3D('',#3221,#2510,#2511);
#2198=AXIS2_PLACEMENT_3D('',#3222,#2512,#2513);
#2199=AXIS2_PLACEMENT_3D('',#3227,#2515,#2516);
#2200=AXIS2_PLACEMENT_3D('',#3234,#2520,#2521);
#2201=AXIS2_PLACEMENT_3D('',#3235,#2522,#2523);
#2202=AXIS2_PLACEMENT_3D('',#3244,#2527,#2528);
#2203=AXIS2_PLACEMENT_3D('',#3247,#2530,#2531);
#2204=AXIS2_PLACEMENT_3D('',#3267,#2541,#2542);
#2205=AXIS2_PLACEMENT_3D('',#3271,#2544,#2545);
#2206=AXIS2_PLACEMENT_3D('',#3275,#2547,#2548);
#2207=AXIS2_PLACEMENT_3D('',#3279,#2550,#2551);
#2208=AXIS2_PLACEMENT_3D('',#3284,#2554,#2555);
#2209=AXIS2_PLACEMENT_3D('',#3285,#2556,#2557);
#2210=AXIS2_PLACEMENT_3D('',#3298,#2564,#2565);
#2211=AXIS2_PLACEMENT_3D('',#3311,#2572,#2573);
#2212=AXIS2_PLACEMENT_3D('',#3319,#2577,#2578);
#2213=AXIS2_PLACEMENT_3D('',#3323,#2580,#2581);
#2214=AXIS2_PLACEMENT_3D('',#3324,#2582,#2583);
#2215=AXIS2_PLACEMENT_3D('',#3325,#2584,#2585);
#2216=AXIS2_PLACEMENT_3D('',#3336,#2590,#2591);
#2217=AXIS2_PLACEMENT_3D('',#3339,#2593,#2594);
#2218=AXIS2_PLACEMENT_3D('',#3348,#2599,#2600);
#2219=AXIS2_PLACEMENT_3D('',#3349,#2601,#2602);
#2220=AXIS2_PLACEMENT_3D('',#3350,#2603,#2604);
#2221=AXIS2_PLACEMENT_3D('',#3352,#2605,#2606);
#2222=AXIS2_PLACEMENT_3D('',#3353,#2607,#2608);
#2223=AXIS2_PLACEMENT_3D('',#3354,#2609,#2610);
#2224=AXIS2_PLACEMENT_3D('',#3355,#2611,#2612);
#2225=AXIS2_PLACEMENT_3D('',#3356,#2613,#2614);
#2226=AXIS2_PLACEMENT_3D('',#3357,#2615,#2616);
#2227=AXIS2_PLACEMENT_3D('',#3361,#2618,#2619);
#2228=AXIS2_PLACEMENT_3D('',#3362,#2620,#2621);
#2229=AXIS2_PLACEMENT_3D('',#3363,#2622,#2623);
#2230=AXIS2_PLACEMENT_3D('',#3364,#2624,#2625);
#2231=AXIS2_PLACEMENT_3D('',#3366,#2626,#2627);
#2232=AXIS2_PLACEMENT_3D('',#3367,#2628,#2629);
#2233=AXIS2_PLACEMENT_3D('',#3371,#2631,#2632);
#2234=AXIS2_PLACEMENT_3D('',#3372,#2633,#2634);
#2235=AXIS2_PLACEMENT_3D('',#3373,#2635,#2636);
#2236=AXIS2_PLACEMENT_3D('',#3374,#2637,#2638);
#2237=AXIS2_PLACEMENT_3D('',#3378,#2640,#2641);
#2238=AXIS2_PLACEMENT_3D('',#3379,#2642,#2643);
#2239=AXIS2_PLACEMENT_3D('',#3388,#2648,#2649);
#2240=AXIS2_PLACEMENT_3D('',#3397,#2654,#2655);
#2241=AXIS2_PLACEMENT_3D('',#3406,#2660,#2661);
#2242=AXIS2_PLACEMENT_3D('',#3407,#2662,#2663);
#2243=AXIS2_PLACEMENT_3D('',#3412,#2664,#2665);
#2244=AXIS2_PLACEMENT_3D('',#3413,#2666,#2667);
#2245=AXIS2_PLACEMENT_3D('',#3414,#2668,#2669);
#2246=AXIS2_PLACEMENT_3D('',#3415,#2670,#2671);
#2247=AXIS2_PLACEMENT_3D('',#3416,#2672,#2673);
#2248=AXIS2_PLACEMENT_3D('',#3424,#2675,#2676);
#2249=AXIS2_PLACEMENT_3D('',#3425,#2677,#2678);
#2250=AXIS2_PLACEMENT_3D('',#3429,#2680,#2681);
#2251=AXIS2_PLACEMENT_3D('',#3430,#2682,#2683);
#2252=AXIS2_PLACEMENT_3D('',#3431,#2684,#2685);
#2253=AXIS2_PLACEMENT_3D('',#3436,#2686,#2687);
#2254=AXIS2_PLACEMENT_3D('',#3437,#2688,#2689);
#2255=AXIS2_PLACEMENT_3D('',#3438,#2690,#2691);
#2256=AXIS2_PLACEMENT_3D('',#3439,#2692,#2693);
#2257=AXIS2_PLACEMENT_3D('',#3443,#2695,#2696);
#2258=AXIS2_PLACEMENT_3D('',#3448,#2697,#2698);
#2259=AXIS2_PLACEMENT_3D('',#3449,#2699,#2700);
#2260=AXIS2_PLACEMENT_3D('',#3451,#2701,#2702);
#2261=AXIS2_PLACEMENT_3D('',#3454,#2704,#2705);
#2262=AXIS2_PLACEMENT_3D('',#3465,#2712,#2713);
#2263=AXIS2_PLACEMENT_3D('',#3469,#2716,#2717);
#2264=AXIS2_PLACEMENT_3D('',#3475,#2721,#2722);
#2265=AXIS2_PLACEMENT_3D('',#3479,#2725,#2726);
#2266=AXIS2_PLACEMENT_3D('',#3480,#2727,#2728);
#2267=AXIS2_PLACEMENT_3D('',#3481,#2729,#2730);
#2268=AXIS2_PLACEMENT_3D('',#3482,#2731,#2732);
#2269=AXIS2_PLACEMENT_3D('',#3483,#2733,#2734);
#2270=AXIS2_PLACEMENT_3D('',#3488,#2738,#2739);
#2271=AXIS2_PLACEMENT_3D('',#3489,#2740,#2741);
#2272=AXIS2_PLACEMENT_3D('',#3504,#2743,#2744);
#2273=AXIS2_PLACEMENT_3D('',#3508,#2746,#2747);
#2274=AXIS2_PLACEMENT_3D('',#3512,#2749,#2750);
#2275=AXIS2_PLACEMENT_3D('',#3513,#2751,#2752);
#2276=AXIS2_PLACEMENT_3D('',#3522,#2757,#2758);
#2277=AXIS2_PLACEMENT_3D('',#3527,#2762,#2763);
#2278=AXIS2_PLACEMENT_3D('',#3552,#2770,#2771);
#2279=AXIS2_PLACEMENT_3D('',#3554,#2773,#2774);
#2280=AXIS2_PLACEMENT_3D('',#3560,#2778,#2779);
#2281=AXIS2_PLACEMENT_3D('',#3562,#2781,#2782);
#2282=AXIS2_PLACEMENT_3D('',#3593,#2789,#2790);
#2283=AXIS2_PLACEMENT_3D('',#3601,#2794,#2795);
#2284=AXIS2_PLACEMENT_3D('',#3609,#2799,#2800);
#2285=AXIS2_PLACEMENT_3D('',#3610,#2801,#2802);
#2286=AXIS2_PLACEMENT_3D('',#3612,#2804,#2805);
#2287=AXIS2_PLACEMENT_3D('',#3614,#2807,#2808);
#2288=AXIS2_PLACEMENT_3D('',#3616,#2810,#2811);
#2289=AXIS2_PLACEMENT_3D('',#3617,#2812,#2813);
#2290=AXIS2_PLACEMENT_3D('',#3618,#2814,#2815);
#2291=AXIS2_PLACEMENT_3D('',#3619,#2816,#2817);
#2292=AXIS2_PLACEMENT_3D('',#3620,#2818,#2819);
#2293=AXIS2_PLACEMENT_3D('',#3621,#2820,#2821);
#2294=AXIS2_PLACEMENT_3D('',#3622,#2822,#2823);
#2295=AXIS2_PLACEMENT_3D('',#3623,#2824,#2825);
#2296=AXIS2_PLACEMENT_3D('',#3624,#2826,#2827);
#2297=AXIS2_PLACEMENT_3D('',#3625,#2828,#2829);
#2298=AXIS2_PLACEMENT_3D('',#3626,#2830,#2831);
#2299=AXIS2_PLACEMENT_3D('',#3627,#2832,#2833);
#2300=AXIS2_PLACEMENT_3D('',#3628,#2834,#2835);
#2301=AXIS2_PLACEMENT_3D('',#3629,#2836,#2837);
#2302=AXIS2_PLACEMENT_3D('',#3630,#2838,#2839);
#2303=AXIS2_PLACEMENT_3D('',#3631,#2840,#2841);
#2304=AXIS2_PLACEMENT_3D('',#3636,#2842,#2843);
#2305=AXIS2_PLACEMENT_3D('',#3637,#2844,#2845);
#2306=AXIS2_PLACEMENT_3D('',#3638,#2846,#2847);
#2307=AXIS2_PLACEMENT_3D('',#3639,#2848,#2849);
#2308=AXIS2_PLACEMENT_3D('',#3640,#2850,#2851);
#2309=AXIS2_PLACEMENT_3D('',#3641,#2852,#2853);
#2310=AXIS2_PLACEMENT_3D('',#3642,#2854,#2855);
#2311=AXIS2_PLACEMENT_3D('',#3643,#2856,#2857);
#2312=AXIS2_PLACEMENT_3D('',#3644,#2858,#2859);
#2313=AXIS2_PLACEMENT_3D('',#3645,#2860,#2861);
#2314=AXIS2_PLACEMENT_3D('',#3646,#2862,#2863);
#2315=AXIS2_PLACEMENT_3D('',#3647,#2864,#2865);
#2316=AXIS2_PLACEMENT_3D('',#3648,#2866,#2867);
#2317=AXIS2_PLACEMENT_3D('',#3649,#2868,#2869);
#2318=AXIS2_PLACEMENT_3D('',#3650,#2870,#2871);
#2319=AXIS2_PLACEMENT_3D('',#3651,#2872,#2873);
#2320=AXIS2_PLACEMENT_3D('',#3652,#2874,#2875);
#2321=AXIS2_PLACEMENT_3D('',#3653,#2876,#2877);
#2322=AXIS2_PLACEMENT_3D('',#3654,#2878,#2879);
#2323=AXIS2_PLACEMENT_3D('',#3655,#2880,#2881);
#2324=AXIS2_PLACEMENT_3D('',#3656,#2882,#2883);
#2325=AXIS2_PLACEMENT_3D('',#3657,#2884,#2885);
#2326=AXIS2_PLACEMENT_3D('',#3658,#2886,#2887);
#2327=AXIS2_PLACEMENT_3D('',#3659,#2888,#2889);
#2328=AXIS2_PLACEMENT_3D('',#3660,#2890,#2891);
#2329=AXIS2_PLACEMENT_3D('',#3661,#2892,#2893);
#2330=AXIS2_PLACEMENT_3D('',#3662,#2894,#2895);
#2331=AXIS2_PLACEMENT_3D('',#3663,#2896,#2897);
#2332=AXIS2_PLACEMENT_3D('',#3664,#2898,#2899);
#2333=AXIS2_PLACEMENT_3D('',#3665,#2900,#2901);
#2334=AXIS2_PLACEMENT_3D('',#3666,#2902,#2903);
#2335=AXIS2_PLACEMENT_3D('',#3667,#2904,#2905);
#2336=AXIS2_PLACEMENT_3D('',#3668,#2906,#2907);
#2337=AXIS2_PLACEMENT_3D('',#3669,#2908,#2909);
#2338=AXIS2_PLACEMENT_3D('',#3670,#2910,#2911);
#2339=AXIS2_PLACEMENT_3D('',#3671,#2912,#2913);
#2340=AXIS2_PLACEMENT_3D('',#3672,#2914,#2915);
#2341=AXIS2_PLACEMENT_3D('',#3673,#2916,#2917);
#2342=AXIS2_PLACEMENT_3D('',#3674,#2918,#2919);
#2343=AXIS2_PLACEMENT_3D('',#3675,#2920,#2921);
#2344=AXIS2_PLACEMENT_3D('',#3676,#2922,#2923);
#2345=AXIS2_PLACEMENT_3D('',#3677,#2924,#2925);
#2346=AXIS2_PLACEMENT_3D('',#3678,#2926,#2927);
#2347=AXIS2_PLACEMENT_3D('',#3679,#2928,#2929);
#2348=AXIS2_PLACEMENT_3D('',#3680,#2930,#2931);
#2349=AXIS2_PLACEMENT_3D('',#3681,#2932,#2933);
#2350=AXIS2_PLACEMENT_3D('',#3682,#2934,#2935);
#2351=AXIS2_PLACEMENT_3D('',#3683,#2936,#2937);
#2352=AXIS2_PLACEMENT_3D('',#3702,#2938,#2939);
#2353=AXIS2_PLACEMENT_3D('',#3706,#2941,#2942);
#2354=AXIS2_PLACEMENT_3D('',#3710,#2944,#2945);
#2355=AXIS2_PLACEMENT_3D('',#3711,#2946,#2947);
#2356=AXIS2_PLACEMENT_3D('',#3715,#2949,#2950);
#2357=AXIS2_PLACEMENT_3D('',#3719,#2952,#2953);
#2358=AXIS2_PLACEMENT_3D('',#3720,#2954,#2955);
#2359=AXIS2_PLACEMENT_3D('',#3721,#2956,#2957);
#2360=AXIS2_PLACEMENT_3D('',#3722,#2958,#2959);
#2361=AXIS2_PLACEMENT_3D('',#3744,#2960,#2961);
#2362=AXIS2_PLACEMENT_3D('',#3745,#2962,#2963);
#2363=AXIS2_PLACEMENT_3D('',#3746,#2964,#2965);
#2364=AXIS2_PLACEMENT_3D('',#3747,#2966,#2967);
#2365=AXIS2_PLACEMENT_3D('',#3748,#2968,#2969);
#2366=AXIS2_PLACEMENT_3D('',#3749,#2970,#2971);
#2367=AXIS2_PLACEMENT_3D('',#3750,#2972,#2973);
#2368=AXIS2_PLACEMENT_3D('',#3751,#2974,#2975);
#2369=AXIS2_PLACEMENT_3D('',#3752,#2976,#2977);
#2370=AXIS2_PLACEMENT_3D('',#3774,#2978,#2979);
#2371=AXIS2_PLACEMENT_3D('',#3775,#2980,#2981);
#2372=AXIS2_PLACEMENT_3D('',#3776,#2982,#2983);
#2373=AXIS2_PLACEMENT_3D('',#3777,#2984,#2985);
#2374=AXIS2_PLACEMENT_3D('',#3778,#2986,#2987);
#2375=AXIS2_PLACEMENT_3D('',#3779,#2988,#2989);
#2376=AXIS2_PLACEMENT_3D('',#3780,#2990,#2991);
#2377=AXIS2_PLACEMENT_3D('',#3802,#2992,#2993);
#2378=AXIS2_PLACEMENT_3D('',#3803,#2994,#2995);
#2379=AXIS2_PLACEMENT_3D('',#3804,#2996,#2997);
#2380=AXIS2_PLACEMENT_3D('',#3805,#2998,#2999);
#2381=AXIS2_PLACEMENT_3D('',#3806,#3000,#3001);
#2382=AXIS2_PLACEMENT_3D('',#3828,#3002,#3003);
#2383=AXIS2_PLACEMENT_3D('',#3829,#3004,#3005);
#2384=AXIS2_PLACEMENT_3D('',#3830,#3006,#3007);
#2385=AXIS2_PLACEMENT_3D('',#3831,#3008,#3009);
#2386=AXIS2_PLACEMENT_3D('',#3832,#3010,#3011);
#2387=AXIS2_PLACEMENT_3D('',#3834,#3013,#3014);
#2388=AXIS2_PLACEMENT_3D('',#3835,#3015,#3016);
#2389=AXIS2_PLACEMENT_3D('',#3837,#3018,#3019);
#2390=AXIS2_PLACEMENT_3D('',#3838,#3020,#3021);
#2391=AXIS2_PLACEMENT_3D('',#3839,#3022,#3023);
#2392=AXIS2_PLACEMENT_3D('',#3840,#3024,#3025);
#2393=AXIS2_PLACEMENT_3D('',#3841,#3026,#3027);
#2394=AXIS2_PLACEMENT_3D('',#3842,#3028,#3029);
#2395=AXIS2_PLACEMENT_3D('',#3869,#3030,#3031);
#2396=AXIS2_PLACEMENT_3D('',#3870,#3032,#3033);
#2397=AXIS2_PLACEMENT_3D('',#3871,#3034,#3035);
#2398=AXIS2_PLACEMENT_3D('',#3887,#3036,#3037);
#2399=AXIS2_PLACEMENT_3D('',#3899,#3038,#3039);
#2400=AXIS2_PLACEMENT_3D('',#3900,#3040,#3041);
#2401=AXIS2_PLACEMENT_3D('',#3901,#3042,#3043);
#2402=AXIS2_PLACEMENT_3D('',#3902,#3044,#3045);
#2403=AXIS2_PLACEMENT_3D('',#3903,#3046,#3047);
#2404=AXIS2_PLACEMENT_3D('',#3904,#3048,#3049);
#2405=AXIS2_PLACEMENT_3D('',#3905,#3050,#3051);
#2406=AXIS2_PLACEMENT_3D('',#3906,#3052,#3053);
#2407=AXIS2_PLACEMENT_3D('',#3907,#3054,#3055);
#2408=AXIS2_PLACEMENT_3D('',#3908,#3056,#3057);
#2409=AXIS2_PLACEMENT_3D('',#3911,#3060,#3061);
#2410=AXIS2_PLACEMENT_3D('',#3912,#3062,#3063);
#2411=AXIS2_PLACEMENT_3D('',#3924,#3065,#3066);
#2412=AXIS2_PLACEMENT_3D('',#3925,#3067,#3068);
#2413=AXIS2_PLACEMENT_3D('',#3938,#3069,#3070);
#2414=AXIS2_PLACEMENT_3D('',#3977,#3071,#3072);
#2415=AXIS2_PLACEMENT_3D('',#4006,#3073,#3074);
#2416=DIRECTION('',(0.,0.,1.));
#2417=DIRECTION('',(1.,0.,0.));
#2418=DIRECTION('',(0.,-1.,-1.20466908053945E-16));
#2419=DIRECTION('',(0.,1.20466908053945E-16,-1.));
#2420=DIRECTION('',(0.,-1.,-1.20466908053945E-16));
#2421=DIRECTION('',(0.,-1.,0.));
#2422=DIRECTION('',(0.,0.,-1.));
#2423=DIRECTION('',(-8.71576399210525E-33,1.,1.20466908053945E-16));
#2424=DIRECTION('',(0.,1.,1.20466908053945E-16));
#2425=DIRECTION('',(0.,-1.20466908053945E-16,1.));
#2426=DIRECTION('',(0.,-1.,-1.20466908053945E-16));
#2427=DIRECTION('',(0.,1.20466908053945E-16,-1.));
#2428=DIRECTION('',(0.,-1.,-1.20466908053945E-16));
#2429=DIRECTION('',(0.,1.,1.20466908053945E-16));
#2430=DIRECTION('',(0.,-1.20466908053945E-16,1.));
#2431=DIRECTION('',(1.74315279842105E-32,1.,1.20466908053945E-16));
#2432=DIRECTION('',(0.,-1.,0.));
#2433=DIRECTION('',(0.,0.,-1.));
#2434=DIRECTION('',(0.,-1.,0.));
#2435=DIRECTION('',(0.,0.,-1.));
#2436=DIRECTION('',(1.,0.,0.));
#2437=DIRECTION('',(0.707106781186548,0.,0.707106781186547));
#2438=DIRECTION('',(1.,0.,-4.23103286823611E-16));
#2439=DIRECTION('',(-0.707106781186548,0.,0.707106781186548));
#2440=DIRECTION('',(0.,-1.,-1.20466908053945E-16));
#2441=DIRECTION('',(0.,1.20466908053945E-16,-1.));
#2442=DIRECTION('',(0.,-1.,-1.20466908053945E-16));
#2443=DIRECTION('',(0.,-1.,0.));
#2444=DIRECTION('',(0.,0.,-1.));
#2445=DIRECTION('',(-8.71576399210525E-33,1.,1.20466908053945E-16));
#2446=DIRECTION('',(0.,-1.,0.));
#2447=DIRECTION('',(0.,0.,-1.));
#2448=DIRECTION('',(0.,-1.,-1.20466908053945E-16));
#2449=DIRECTION('',(0.,1.20466908053945E-16,-1.));
#2450=DIRECTION('',(0.,-1.,-1.20466908053945E-16));
#2451=DIRECTION('',(0.,-1.,0.));
#2452=DIRECTION('',(0.,0.,-1.));
#2453=DIRECTION('',(1.74315279842105E-32,1.,1.20466908053945E-16));
#2454=DIRECTION('',(0.,-1.,0.));
#2455=DIRECTION('',(0.,0.,-1.));
#2456=DIRECTION('',(0.,1.,1.20466908053945E-16));
#2457=DIRECTION('',(0.,-1.20466908053945E-16,1.));
#2458=DIRECTION('',(0.,0.,1.));
#2459=DIRECTION('',(1.,0.,0.));
#2460=DIRECTION('',(0.,1.,1.20466908053945E-16));
#2461=DIRECTION('',(0.,-1.20466908053945E-16,1.));
#2462=DIRECTION('',(-0.707106781186548,0.,-0.707106781186548));
#2463=DIRECTION('',(-0.707106781186548,0.,0.707106781186548));
#2464=DIRECTION('',(0.,-1.,0.));
#2465=DIRECTION('',(0.,0.,-1.));
#2466=DIRECTION('',(0.,0.,1.));
#2467=DIRECTION('',(1.,0.,0.));
#2468=DIRECTION('',(0.707106781186548,0.,0.707106781186547));
#2469=DIRECTION('',(0.,-1.,0.));
#2470=DIRECTION('',(0.,0.,-1.));
#2471=DIRECTION('',(1.,0.,-4.23103286823611E-16));
#2472=DIRECTION('',(0.,-1.,0.));
#2473=DIRECTION('',(0.,0.,-1.));
#2474=DIRECTION('',(-0.707106781186548,0.,0.707106781186548));
#2475=DIRECTION('',(1.,0.,0.));
#2476=DIRECTION('',(0.,0.,1.));
#2477=DIRECTION('',(1.,0.,0.));
#2478=DIRECTION('',(0.,-1.,0.));
#2479=DIRECTION('',(0.,0.,-1.));
#2480=DIRECTION('',(1.,0.,0.));
#2481=DIRECTION('',(0.,0.,1.));
#2482=DIRECTION('',(1.,0.,0.));
#2483=DIRECTION('',(0.,0.,1.));
#2484=DIRECTION('',(1.,0.,0.));
#2485=DIRECTION('',(-0.707106781186548,0.,0.707106781186548));
#2486=DIRECTION('',(0.,-1.,0.));
#2487=DIRECTION('',(0.,0.,-1.));
#2488=DIRECTION('',(1.,0.,-4.23103286823611E-16));
#2489=DIRECTION('',(0.,-1.,0.));
#2490=DIRECTION('',(0.,0.,-1.));
#2491=DIRECTION('',(0.707106781186548,0.,0.707106781186547));
#2492=DIRECTION('',(0.442732835363986,0.,-0.896653576634012));
#2493=DIRECTION('',(0.896653576634012,0.,0.442732835363986));
#2494=DIRECTION('',(-0.707106781186548,0.,0.707106781186548));
#2495=DIRECTION('',(0.707106781186548,0.,0.707106781186548));
#2496=DIRECTION('',(0.,1.20466908053945E-16,-1.));
#2497=DIRECTION('',(-1.,1.20466908053945E-16,1.45122759360776E-32));
#2498=DIRECTION('',(0.896653576634012,0.,-0.442732835363986));
#2499=DIRECTION('',(0.442732835363986,0.,0.896653576634012));
#2500=DIRECTION('',(-0.707106781186548,0.,0.707106781186548));
#2501=DIRECTION('',(-0.707106781186548,0.,-0.707106781186547));
#2502=DIRECTION('',(-0.707106781186547,0.,0.707106781186548));
#2503=DIRECTION('',(0.,1.20466908053945E-16,-1.));
#2504=DIRECTION('',(-1.,-1.20466908053945E-16,-1.45122759360776E-32));
#2505=DIRECTION('',(0.442732835363986,0.,0.896653576634011));
#2506=DIRECTION('',(-0.896653576634012,0.,0.442732835363986));
#2507=DIRECTION('',(0.707106781186548,6.16297582203916E-33,0.707106781186547));
#2508=DIRECTION('',(0.896653576634012,0.,0.442732835363986));
#2509=DIRECTION('',(-0.442732835363986,0.,0.896653576634012));
#2510=DIRECTION('',(1.,0.,0.));
#2511=DIRECTION('',(0.,1.,0.));
#2512=DIRECTION('',(1.,0.,0.));
#2513=DIRECTION('',(0.,0.,-1.));
#2514=DIRECTION('',(0.,0.,1.));
#2515=DIRECTION('',(1.,0.,0.));
#2516=DIRECTION('',(0.,0.,-1.));
#2517=DIRECTION('',(0.,-1.,0.));
#2518=DIRECTION('',(0.,1.20466908053945E-16,-1.));
#2519=DIRECTION('',(0.,1.,0.));
#2520=DIRECTION('',(1.,0.,0.));
#2521=DIRECTION('',(0.,1.,0.));
#2522=DIRECTION('',(1.,0.,0.));
#2523=DIRECTION('',(0.,0.,-1.));
#2524=DIRECTION('',(0.,1.,0.));
#2525=DIRECTION('',(0.,1.20466908053945E-16,-1.));
#2526=DIRECTION('',(0.,-1.,0.));
#2527=DIRECTION('',(1.,0.,0.));
#2528=DIRECTION('',(0.,0.,-1.));
#2529=DIRECTION('',(0.,0.,1.));
#2530=DIRECTION('',(0.,1.,1.20466908053945E-16));
#2531=DIRECTION('',(0.,-1.20466908053945E-16,1.));
#2532=DIRECTION('',(-0.707106781186547,-8.51829675935208E-17,0.707106781186548));
#2533=DIRECTION('',(-0.77691586805694,7.58464985664235E-17,-0.629604426573806));
#2534=DIRECTION('',(-1.,0.,0.));
#2535=DIRECTION('',(0.,1.20466908053945E-16,-1.));
#2536=DIRECTION('',(-1.,0.,0.));
#2537=DIRECTION('',(0.,1.20466908053945E-16,-1.));
#2538=DIRECTION('',(-1.,0.,0.));
#2539=DIRECTION('',(-0.776915868056941,-7.58464985664233E-17,0.629604426573805));
#2540=DIRECTION('',(0.707106781186548,-8.51829675935208E-17,0.707106781186547));
#2541=DIRECTION('',(0.,1.,1.20466908053945E-16));
#2542=DIRECTION('',(0.,-1.20466908053945E-16,1.));
#2543=DIRECTION('',(0.,-1.20466908053945E-16,1.));
#2544=DIRECTION('',(0.,1.,1.20466908053945E-16));
#2545=DIRECTION('',(0.,-1.20466908053945E-16,1.));
#2546=DIRECTION('',(-0.707106781186548,-8.51829675935208E-17,0.707106781186548));
#2547=DIRECTION('',(0.,1.,1.20466908053945E-16));
#2548=DIRECTION('',(0.,-1.20466908053945E-16,1.));
#2549=DIRECTION('',(1.,5.09699447511019E-32,-4.23103286823611E-16));
#2550=DIRECTION('',(0.,1.,1.20466908053945E-16));
#2551=DIRECTION('',(0.,-1.20466908053945E-16,1.));
#2552=DIRECTION('',(0.707106781186548,-8.51829675935208E-17,0.707106781186547));
#2553=DIRECTION('',(0.,-1.20466908053945E-16,1.));
#2554=DIRECTION('',(0.,1.,1.20466908053945E-16));
#2555=DIRECTION('',(0.,-1.20466908053945E-16,1.));
#2556=DIRECTION('',(-0.707106781186547,-8.51829675935208E-17,0.707106781186548));
#2557=DIRECTION('',(0.707106781186548,0.,0.707106781186547));
#2558=DIRECTION('',(2.46519032881566E-32,1.,1.20466908053945E-16));
#2559=DIRECTION('',(0.707106781186548,6.16297582203916E-33,0.707106781186547));
#2560=DIRECTION('',(8.71576399210525E-33,1.,1.20466908053945E-16));
#2561=DIRECTION('',(0.707106781186548,-8.51829675935208E-17,0.707106781186547));
#2562=DIRECTION('',(0.,1.,1.20466908053945E-16));
#2563=DIRECTION('',(-0.707106781186548,8.51829675935208E-17,-0.707106781186547));
#2564=DIRECTION('',(-0.707106781186548,8.51829675935207E-17,-0.707106781186547));
#2565=DIRECTION('',(-0.707106781186547,0.,0.707106781186548));
#2566=DIRECTION('',(-3.61018765197307E-33,1.,1.20466908053945E-16));
#2567=DIRECTION('',(-0.707106781186547,6.16297582203916E-33,0.707106781186548));
#2568=DIRECTION('',(4.93038065763133E-32,1.,1.20466908053945E-16));
#2569=DIRECTION('',(0.707106781186547,8.51829675935209E-17,-0.707106781186548));
#2570=DIRECTION('',(0.,1.,1.20466908053945E-16));
#2571=DIRECTION('',(-0.707106781186547,-8.51829675935209E-17,0.707106781186548));
#2572=DIRECTION('',(0.866025403784439,-6.02334540269725E-17,0.5));
#2573=DIRECTION('',(0.5,0.,-0.866025403784439));
#2574=DIRECTION('',(0.,1.,1.20466908053945E-16));
#2575=DIRECTION('',(-0.5,-1.0432740269008E-16,0.866025403784439));
#2576=DIRECTION('',(0.,1.,1.20466908053945E-16));
#2577=DIRECTION('',(0.866025403784439,-6.02334540269725E-17,0.5));
#2578=DIRECTION('',(-0.5,-1.0432740269008E-16,0.866025403784439));
#2579=DIRECTION('',(0.,1.,1.20466908053945E-16));
#2580=DIRECTION('',(0.866025403784439,-6.02334540269725E-17,0.5));
#2581=DIRECTION('',(-0.5,-1.0432740269008E-16,0.866025403784439));
#2582=DIRECTION('',(-0.866025403784439,-6.02334540269725E-17,0.5));
#2583=DIRECTION('',(0.5,0.,0.866025403784439));
#2584=DIRECTION('',(-0.866025403784439,-6.02334540269725E-17,0.5));
#2585=DIRECTION('',(-0.5,1.0432740269008E-16,-0.866025403784439));
#2586=DIRECTION('',(-0.5,-3.08148791101958E-33,-0.866025403784439));
#2587=DIRECTION('',(2.30005388936687E-32,1.,1.20466908053945E-16));
#2588=DIRECTION('',(-0.5,1.0432740269008E-16,-0.866025403784439));
#2589=DIRECTION('',(1.68375630716295E-32,1.,1.20466908053945E-16));
#2590=DIRECTION('',(-0.866025403784439,-6.02334540269725E-17,0.5));
#2591=DIRECTION('',(-0.5,1.0432740269008E-16,-0.866025403784439));
#2592=DIRECTION('',(1.68375630716295E-32,1.,1.20466908053945E-16));
#2593=DIRECTION('',(0.,1.20466908053945E-16,-1.));
#2594=DIRECTION('',(0.,1.,1.20466908053945E-16));
#2595=DIRECTION('',(1.42327829994538E-32,1.,1.20466908053945E-16));
#2596=DIRECTION('',(1.,0.,0.));
#2597=DIRECTION('',(0.,1.,1.20466908053945E-16));
#2598=DIRECTION('',(-1.,0.,0.));
#2599=DIRECTION('',(0.707106781186548,-8.51829675935208E-17,0.707106781186547));
#2600=DIRECTION('',(0.707106781186547,0.,-0.707106781186548));
#2601=DIRECTION('',(-0.629604426573805,9.35926524428664E-17,-0.776915868056941));
#2602=DIRECTION('',(0.776915868056941,7.58464985664232E-17,-0.629604426573805));
#2603=DIRECTION('',(0.707106781186547,0.,0.707106781186549));
#2604=DIRECTION('',(0.707106781186549,0.,-0.707106781186547));
#2605=DIRECTION('',(0.707106781186547,0.,0.707106781186549));
#2606=DIRECTION('',(0.707106781186549,0.,-0.707106781186547));
#2607=DIRECTION('',(2.38119100532109E-32,1.,1.20466908053945E-16));
#2608=DIRECTION('',(0.,-1.20466908053945E-16,1.));
#2609=DIRECTION('',(0.,-1.,0.));
#2610=DIRECTION('',(0.,0.,-1.));
#2611=DIRECTION('',(0.,1.,1.20466908053945E-16));
#2612=DIRECTION('',(0.,-1.20466908053945E-16,1.));
#2613=DIRECTION('',(5.79346796157773E-32,1.,1.20466908053945E-16));
#2614=DIRECTION('',(0.,-1.20466908053945E-16,1.));
#2615=DIRECTION('',(0.,-1.,0.));
#2616=DIRECTION('',(0.,0.,-1.));
#2617=DIRECTION('',(5.99783938259036E-32,1.,1.20466908053945E-16));
#2618=DIRECTION('',(0.,1.,1.20466908053945E-16));
#2619=DIRECTION('',(0.,-1.20466908053945E-16,1.));
#2620=DIRECTION('',(0.707106781186547,8.51829675935209E-17,-0.707106781186548));
#2621=DIRECTION('',(-0.707106781186548,0.,-0.707106781186547));
#2622=DIRECTION('',(0.629604426573806,9.35926524428662E-17,-0.77691586805694));
#2623=DIRECTION('',(0.77691586805694,-7.58464985664234E-17,0.629604426573806));
#2624=DIRECTION('',(-0.707106781186547,1.53329341668317E-15,0.707106781186549));
#2625=DIRECTION('',(0.707106781186549,0.,0.707106781186547));
#2626=DIRECTION('',(-0.707106781186547,1.53329341668317E-15,0.707106781186549));
#2627=DIRECTION('',(0.707106781186549,0.,0.707106781186547));
#2628=DIRECTION('',(-1.,0.,0.));
#2629=DIRECTION('',(0.,0.,1.));
#2630=DIRECTION('',(-1.,0.,0.));
#2631=DIRECTION('',(-0.629604426573805,9.35926524428664E-17,-0.776915868056941));
#2632=DIRECTION('',(-0.776915868056941,-7.58464985664233E-17,0.629604426573805));
#2633=DIRECTION('',(1.,0.,0.));
#2634=DIRECTION('',(0.,0.,-1.));
#2635=DIRECTION('',(-1.,0.,0.));
#2636=DIRECTION('',(0.,0.,1.));
#2637=DIRECTION('',(0.629604426573806,9.35926524428662E-17,-0.77691586805694));
#2638=DIRECTION('',(-0.77691586805694,7.58464985664235E-17,-0.629604426573806));
#2639=DIRECTION('',(-1.,0.,0.));
#2640=DIRECTION('',(-1.,0.,0.));
#2641=DIRECTION('',(0.,0.,1.));
#2642=DIRECTION('',(0.,-1.20466908053945E-16,1.));
#2643=DIRECTION('',(0.,-1.,-1.20466908053945E-16));
#2644=DIRECTION('',(0.,1.,1.20466908053945E-16));
#2645=DIRECTION('',(1.,0.,0.));
#2646=DIRECTION('',(8.06980717741469E-33,1.,1.20466908053945E-16));
#2647=DIRECTION('',(-1.,0.,0.));
#2648=DIRECTION('',(0.,-1.20466908053945E-16,1.));
#2649=DIRECTION('',(0.,-1.,-1.20466908053945E-16));
#2650=DIRECTION('',(0.,1.,1.20466908053945E-16));
#2651=DIRECTION('',(1.,0.,0.));
#2652=DIRECTION('',(8.06980717741469E-33,1.,1.20466908053945E-16));
#2653=DIRECTION('',(1.,0.,0.));
#2654=DIRECTION('',(0.,1.20466908053945E-16,-1.));
#2655=DIRECTION('',(0.,1.,1.20466908053945E-16));
#2656=DIRECTION('',(1.42327829994538E-32,1.,1.20466908053945E-16));
#2657=DIRECTION('',(-1.,0.,0.));
#2658=DIRECTION('',(0.,1.,1.20466908053945E-16));
#2659=DIRECTION('',(-1.,0.,0.));
#2660=DIRECTION('',(1.42327829994538E-32,1.,1.20466908053945E-16));
#2661=DIRECTION('',(0.,-1.20466908053945E-16,1.));
#2662=DIRECTION('',(1.42327829994538E-32,1.,1.20466908053945E-16));
#2663=DIRECTION('',(0.,-1.20466908053945E-16,1.));
#2664=DIRECTION('',(1.42327829994538E-32,1.,1.20466908053945E-16));
#2665=DIRECTION('',(0.,-1.20466908053945E-16,1.));
#2666=DIRECTION('',(0.,1.,1.20466908053945E-16));
#2667=DIRECTION('',(0.,-1.20466908053945E-16,1.));
#2668=DIRECTION('',(1.42327829994538E-32,1.,1.20466908053945E-16));
#2669=DIRECTION('',(0.,-1.20466908053945E-16,1.));
#2670=DIRECTION('',(8.06980717741469E-33,1.,1.20466908053945E-16));
#2671=DIRECTION('',(0.,-1.20466908053945E-16,1.));
#2672=DIRECTION('',(8.06980717741469E-33,1.,1.20466908053945E-16));
#2673=DIRECTION('',(0.,-1.20466908053945E-16,1.));
#2674=DIRECTION('',(1.06745872495904E-32,1.,1.20466908053945E-16));
#2675=DIRECTION('',(8.06980717741469E-33,1.,1.20466908053945E-16));
#2676=DIRECTION('',(0.,-1.20466908053945E-16,1.));
#2677=DIRECTION('',(0.,1.,1.20466908053945E-16));
#2678=DIRECTION('',(0.,-1.20466908053945E-16,1.));
#2679=DIRECTION('',(1.06745872495904E-32,1.,1.20466908053945E-16));
#2680=DIRECTION('',(8.06980717741469E-33,1.,1.20466908053945E-16));
#2681=DIRECTION('',(0.,-1.20466908053945E-16,1.));
#2682=DIRECTION('',(0.,1.,1.20466908053945E-16));
#2683=DIRECTION('',(0.,-1.20466908053945E-16,1.));
#2684=DIRECTION('',(0.,1.,1.20466908053945E-16));
#2685=DIRECTION('',(0.,-1.20466908053945E-16,1.));
#2686=DIRECTION('',(0.,1.,1.20466908053945E-16));
#2687=DIRECTION('',(0.,-1.20466908053945E-16,1.));
#2688=DIRECTION('',(0.,1.,1.20466908053945E-16));
#2689=DIRECTION('',(0.,-1.20466908053945E-16,1.));
#2690=DIRECTION('',(0.,1.,1.20466908053945E-16));
#2691=DIRECTION('',(0.,-1.20466908053945E-16,1.));
#2692=DIRECTION('',(0.,1.,1.20466908053945E-16));
#2693=DIRECTION('',(0.,-1.20466908053945E-16,1.));
#2694=DIRECTION('',(0.,1.,1.20466908053945E-16));
#2695=DIRECTION('',(0.,1.,1.20466908053945E-16));
#2696=DIRECTION('',(0.,-1.20466908053945E-16,1.));
#2697=DIRECTION('',(0.,1.,1.20466908053945E-16));
#2698=DIRECTION('',(0.,-1.20466908053945E-16,1.));
#2699=DIRECTION('',(0.,1.,1.20466908053945E-16));
#2700=DIRECTION('',(0.,-1.20466908053945E-16,1.));
#2701=DIRECTION('',(0.,1.,1.20466908053945E-16));
#2702=DIRECTION('',(0.,-1.20466908053945E-16,1.));
#2703=DIRECTION('',(0.,1.,1.20466908053945E-16));
#2704=DIRECTION('',(0.,0.,1.));
#2705=DIRECTION('',(1.,0.,0.));
#2706=DIRECTION('',(0.,1.,0.));
#2707=DIRECTION('',(-1.,0.,0.));
#2708=DIRECTION('',(0.,1.,0.));
#2709=DIRECTION('',(-1.,0.,0.));
#2710=DIRECTION('',(0.,-1.,0.));
#2711=DIRECTION('',(0.,-1.,0.));
#2712=DIRECTION('',(-0.707106781186547,-8.51829675935208E-17,0.707106781186548));
#2713=DIRECTION('',(0.707106781186548,0.,0.707106781186547));
#2714=DIRECTION('',(0.707106781186548,-8.51829675935208E-17,0.707106781186547));
#2715=DIRECTION('',(1.74315279842105E-32,1.,1.20466908053945E-16));
#2716=DIRECTION('',(4.23103286823611E-16,-1.20466908053945E-16,1.));
#2717=DIRECTION('',(1.,0.,-4.23103286823611E-16));
#2718=DIRECTION('',(5.10557634013219E-33,1.,1.20466908053945E-16));
#2719=DIRECTION('',(1.,5.09699447511019E-32,-4.23103286823611E-16));
#2720=DIRECTION('',(0.,1.,1.20466908053945E-16));
#2721=DIRECTION('',(-0.707106781186548,8.51829675935208E-17,-0.707106781186548));
#2722=DIRECTION('',(-0.707106781186548,0.,0.707106781186548));
#2723=DIRECTION('',(-8.71576399210525E-33,1.,1.20466908053945E-16));
#2724=DIRECTION('',(-0.707106781186548,-8.51829675935208E-17,0.707106781186548));
#2725=DIRECTION('',(0.,1.,1.20466908053945E-16));
#2726=DIRECTION('',(0.,-1.20466908053945E-16,1.));
#2727=DIRECTION('',(0.,1.,1.20466908053945E-16));
#2728=DIRECTION('',(0.,-1.20466908053945E-16,1.));
#2729=DIRECTION('',(-5.10557634013219E-33,-1.,-1.20466908053945E-16));
#2730=DIRECTION('',(0.,1.20466908053945E-16,-1.));
#2731=DIRECTION('',(0.,1.,1.20466908053945E-16));
#2732=DIRECTION('',(0.,-1.20466908053945E-16,1.));
#2733=DIRECTION('',(0.,0.,-1.));
#2734=DIRECTION('',(-1.,0.,0.));
#2735=DIRECTION('',(0.,-1.,0.));
#2736=DIRECTION('',(-1.,0.,0.));
#2737=DIRECTION('',(0.,1.,1.20466908053945E-16));
#2738=DIRECTION('',(-1.,0.,0.));
#2739=DIRECTION('',(0.,0.,1.));
#2740=DIRECTION('',(-0.866025403784439,6.02334540269725E-17,-0.5));
#2741=DIRECTION('',(-0.5,-1.04327402690081E-16,0.866025403784439));
#2742=DIRECTION('',(-1.,0.,0.));
#2743=DIRECTION('',(1.,0.,0.));
#2744=DIRECTION('',(0.,0.,-1.));
#2745=DIRECTION('',(-1.,0.,0.));
#2746=DIRECTION('',(1.,0.,0.));
#2747=DIRECTION('',(0.,0.,-1.));
#2748=DIRECTION('',(-1.,0.,0.));
#2749=DIRECTION('',(0.866025403784439,6.02334540269725E-17,-0.5));
#2750=DIRECTION('',(-0.5,1.0432740269008E-16,-0.866025403784439));
#2751=DIRECTION('',(0.,-1.,0.));
#2752=DIRECTION('',(0.,0.,-1.));
#2753=DIRECTION('',(0.,0.,1.));
#2754=DIRECTION('',(-1.,0.,0.));
#2755=DIRECTION('',(0.,0.,1.));
#2756=DIRECTION('',(-1.,0.,0.));
#2757=DIRECTION('',(0.,0.,-1.));
#2758=DIRECTION('',(-1.,0.,0.));
#2759=DIRECTION('',(0.,1.,1.20466908053945E-16));
#2760=DIRECTION('',(0.,1.,1.20466908053945E-16));
#2761=DIRECTION('',(0.,-1.,0.));
#2762=DIRECTION('',(-1.,0.,0.));
#2763=DIRECTION('',(0.,0.,1.));
#2764=DIRECTION('',(0.,1.,1.20466908053945E-16));
#2765=DIRECTION('',(0.,-1.20466908053945E-16,1.));
#2766=DIRECTION('',(0.,1.,1.20466908053945E-16));
#2767=DIRECTION('',(0.,1.,1.20466908053945E-16));
#2768=DIRECTION('',(0.,1.20466908053945E-16,-1.));
#2769=DIRECTION('',(0.,1.,1.20466908053945E-16));
#2770=DIRECTION('',(-0.707106781186547,-8.51829675935208E-17,0.707106781186548));
#2771=DIRECTION('',(0.707106781186548,0.,0.707106781186547));
#2772=DIRECTION('',(1.74315279842105E-32,1.,1.20466908053945E-16));
#2773=DIRECTION('',(4.23103286823611E-16,-1.20466908053945E-16,1.));
#2774=DIRECTION('',(1.,0.,-4.23103286823611E-16));
#2775=DIRECTION('',(0.,1.,1.20466908053945E-16));
#2776=DIRECTION('',(1.,0.,-4.23103286823611E-16));
#2777=DIRECTION('',(5.10557634013219E-33,1.,1.20466908053945E-16));
#2778=DIRECTION('',(-0.707106781186548,8.51829675935208E-17,-0.707106781186548));
#2779=DIRECTION('',(-0.707106781186548,0.,0.707106781186548));
#2780=DIRECTION('',(-8.71576399210525E-33,1.,1.20466908053945E-16));
#2781=DIRECTION('',(-1.,0.,0.));
#2782=DIRECTION('',(0.,0.,1.));
#2783=DIRECTION('',(0.,-1.,-1.20466908053945E-16));
#2784=DIRECTION('',(0.,1.,1.20466908053945E-16));
#2785=DIRECTION('',(0.,1.20466908053945E-16,-1.));
#2786=DIRECTION('',(0.,1.,1.20466908053945E-16));
#2787=DIRECTION('',(0.,1.,1.20466908053945E-16));
#2788=DIRECTION('',(0.,-1.20466908053945E-16,1.));
#2789=DIRECTION('',(0.,-1.,0.));
#2790=DIRECTION('',(0.,0.,-1.));
#2791=DIRECTION('',(-0.707106781186547,0.,0.707106781186548));
#2792=DIRECTION('',(1.,0.,0.));
#2793=DIRECTION('',(0.707106781186548,0.,0.707106781186547));
#2794=DIRECTION('',(0.,-1.,0.));
#2795=DIRECTION('',(0.,0.,-1.));
#2796=DIRECTION('',(-0.5,0.,-0.866025403784439));
#2797=DIRECTION('',(-1.,0.,0.));
#2798=DIRECTION('',(-0.5,0.,0.866025403784439));
#2799=DIRECTION('',(0.,-1.,0.));
#2800=DIRECTION('',(0.,0.,-1.));
#2801=DIRECTION('',(-0.866025403784439,6.02334540269725E-17,-0.5));
#2802=DIRECTION('',(-0.5,0.,0.866025403784439));
#2803=DIRECTION('',(-0.5,0.,0.866025403784439));
#2804=DIRECTION('',(-0.866025403784439,6.02334540269725E-17,-0.5));
#2805=DIRECTION('',(-0.5,-1.04327402690081E-16,0.866025403784439));
#2806=DIRECTION('',(-0.5,-1.0432740269008E-16,0.866025403784439));
#2807=DIRECTION('',(0.866025403784439,6.02334540269725E-17,-0.5));
#2808=DIRECTION('',(-0.5,0.,-0.866025403784439));
#2809=DIRECTION('',(-0.5,1.0432740269008E-16,-0.866025403784439));
#2810=DIRECTION('',(0.866025403784439,6.02334540269725E-17,-0.5));
#2811=DIRECTION('',(-0.5,1.0432740269008E-16,-0.866025403784439));
#2812=DIRECTION('',(0.,1.,1.20466908053945E-16));
#2813=DIRECTION('',(0.,-1.20466908053945E-16,1.));
#2814=DIRECTION('',(0.,-1.,0.));
#2815=DIRECTION('',(0.,0.,-1.));
#2816=DIRECTION('',(-5.10557634013219E-33,-1.,-1.20466908053945E-16));
#2817=DIRECTION('',(0.,1.20466908053945E-16,-1.));
#2818=DIRECTION('',(0.,-1.,0.));
#2819=DIRECTION('',(0.,0.,-1.));
#2820=DIRECTION('',(-1.,-5.09699447511019E-32,4.23103286823611E-16));
#2821=DIRECTION('',(4.23103286823611E-16,0.,1.));
#2822=DIRECTION('',(-1.,0.,0.));
#2823=DIRECTION('',(0.,0.,1.));
#2824=DIRECTION('',(1.,0.,0.));
#2825=DIRECTION('',(0.,0.,-1.));
#2826=DIRECTION('',(0.,1.,1.20466908053945E-16));
#2827=DIRECTION('',(0.,-1.20466908053945E-16,1.));
#2828=DIRECTION('',(-0.707106781186548,0.,0.707106781186548));
#2829=DIRECTION('',(0.707106781186548,0.,0.707106781186548));
#2830=DIRECTION('',(0.,1.,1.20466908053945E-16));
#2831=DIRECTION('',(0.,-1.20466908053945E-16,1.));
#2832=DIRECTION('',(0.707106781186548,0.,0.707106781186548));
#2833=DIRECTION('',(0.707106781186548,0.,-0.707106781186548));
#2834=DIRECTION('',(-0.707106781186548,-8.51829675935208E-17,0.707106781186548));
#2835=DIRECTION('',(0.707106781186548,0.,0.707106781186548));
#2836=DIRECTION('',(0.707106781186548,0.,-0.707106781186548));
#2837=DIRECTION('',(-0.707106781186548,0.,-0.707106781186548));
#2838=DIRECTION('',(-0.707106781186548,8.51829675935208E-17,-0.707106781186547));
#2839=DIRECTION('',(-0.707106781186547,0.,0.707106781186548));
#2840=DIRECTION('',(0.,1.,1.20466908053945E-16));
#2841=DIRECTION('',(0.,-1.20466908053945E-16,1.));
#2842=DIRECTION('',(0.,0.,1.));
#2843=DIRECTION('',(1.,0.,0.));
#2844=DIRECTION('',(0.,-1.20466908053945E-16,1.));
#2845=DIRECTION('',(0.,-1.,-1.20466908053945E-16));
#2846=DIRECTION('',(0.,0.,-1.));
#2847=DIRECTION('',(-1.,0.,0.));
#2848=DIRECTION('',(0.,1.20466908053945E-16,-1.));
#2849=DIRECTION('',(0.,1.,1.20466908053945E-16));
#2850=DIRECTION('',(0.,0.,-1.));
#2851=DIRECTION('',(-1.,0.,0.));
#2852=DIRECTION('',(0.,1.,1.20466908053945E-16));
#2853=DIRECTION('',(0.,-1.20466908053945E-16,1.));
#2854=DIRECTION('',(0.,1.,1.20466908053945E-16));
#2855=DIRECTION('',(0.,-1.20466908053945E-16,1.));
#2856=DIRECTION('',(0.,1.20466908053945E-16,-1.));
#2857=DIRECTION('',(0.,1.,1.20466908053945E-16));
#2858=DIRECTION('',(1.76182853028894E-15,1.35525271560688E-16,-1.));
#2859=DIRECTION('',(-1.,0.,-1.76182853028894E-15));
#2860=DIRECTION('',(0.,0.,1.));
#2861=DIRECTION('',(1.,0.,0.));
#2862=DIRECTION('',(0.,-1.20466908053945E-16,1.));
#2863=DIRECTION('',(0.,-1.,-1.20466908053945E-16));
#2864=DIRECTION('',(0.,0.,1.));
#2865=DIRECTION('',(1.,0.,0.));
#2866=DIRECTION('',(0.,-1.49077798716756E-15,-1.));
#2867=DIRECTION('',(0.,1.,-1.49077798716756E-15));
#2868=DIRECTION('',(-1.,0.,0.));
#2869=DIRECTION('',(0.,0.,1.));
#2870=DIRECTION('',(1.,0.,0.));
#2871=DIRECTION('',(0.,0.,-1.));
#2872=DIRECTION('',(-1.,0.,0.));
#2873=DIRECTION('',(0.,0.,1.));
#2874=DIRECTION('',(0.,1.,0.));
#2875=DIRECTION('',(0.,0.,1.));
#2876=DIRECTION('',(8.67361737988401E-15,1.,0.));
#2877=DIRECTION('',(-1.,8.67361737988401E-15,0.));
#2878=DIRECTION('',(0.,1.,-1.62630325872826E-15));
#2879=DIRECTION('',(0.,1.62630325872826E-15,1.));
#2880=DIRECTION('',(0.,1.,-1.0842021724855E-15));
#2881=DIRECTION('',(0.,1.0842021724855E-15,1.));
#2882=DIRECTION('',(0.,1.,-1.62630325872826E-15));
#2883=DIRECTION('',(0.,1.62630325872826E-15,1.));
#2884=DIRECTION('',(-4.33680868994201E-15,1.,0.));
#2885=DIRECTION('',(-1.,-4.33680868994201E-15,0.));
#2886=DIRECTION('',(0.,1.,0.));
#2887=DIRECTION('',(0.,0.,1.));
#2888=DIRECTION('',(0.,1.,-1.40946282423115E-14));
#2889=DIRECTION('',(0.,1.40946282423115E-14,1.));
#2890=DIRECTION('',(0.,1.,0.));
#2891=DIRECTION('',(0.,0.,1.));
#2892=DIRECTION('',(0.,1.,0.));
#2893=DIRECTION('',(0.,0.,1.));
#2894=DIRECTION('',(0.,-1.,0.));
#2895=DIRECTION('',(0.,0.,-1.));
#2896=DIRECTION('',(0.,-1.,0.));
#2897=DIRECTION('',(0.,0.,-1.));
#2898=DIRECTION('',(0.,1.,0.));
#2899=DIRECTION('',(0.,0.,1.));
#2900=DIRECTION('',(0.,-1.,0.));
#2901=DIRECTION('',(0.,0.,-1.));
#2902=DIRECTION('',(0.,-1.,0.));
#2903=DIRECTION('',(0.,0.,-1.));
#2904=DIRECTION('',(0.,1.,0.));
#2905=DIRECTION('',(0.,0.,1.));
#2906=DIRECTION('',(0.,0.,1.));
#2907=DIRECTION('',(1.,0.,0.));
#2908=DIRECTION('',(0.,0.,-1.));
#2909=DIRECTION('',(-1.,0.,0.));
#2910=DIRECTION('',(0.,-1.08420217248551E-15,-1.));
#2911=DIRECTION('',(0.,1.,-1.08420217248551E-15));
#2912=DIRECTION('',(1.,0.,0.));
#2913=DIRECTION('',(0.,0.,-1.));
#2914=DIRECTION('',(-5.6920614055489E-15,-0.484122918275923,-0.875));
#2915=DIRECTION('',(0.,0.875,-0.484122918275924));
#2916=DIRECTION('',(1.,0.,0.));
#2917=DIRECTION('',(0.,0.,-1.));
#2918=DIRECTION('',(0.,-0.484122918275918,-0.875));
#2919=DIRECTION('',(0.,0.875,-0.484122918275919));
#2920=DIRECTION('',(0.,0.,-1.));
#2921=DIRECTION('',(-1.,0.,0.));
#2922=DIRECTION('',(0.,0.,-1.));
#2923=DIRECTION('',(-1.,0.,0.));
#2924=DIRECTION('',(1.0842021724855E-15,0.,-1.));
#2925=DIRECTION('',(-1.,0.,-1.0842021724855E-15));
#2926=DIRECTION('',(1.,0.,-3.25260651745651E-15));
#2927=DIRECTION('',(-3.25260651745651E-15,0.,-1.));
#2928=DIRECTION('',(1.,0.,0.));
#2929=DIRECTION('',(0.,0.,-1.));
#2930=DIRECTION('',(-1.,0.,2.16840434497101E-15));
#2931=DIRECTION('',(2.16840434497101E-15,0.,1.));
#2932=DIRECTION('',(-1.,8.67361737988404E-15,1.56766286430444E-14));
#2933=DIRECTION('',(1.56766286430444E-14,0.,1.));
#2934=DIRECTION('',(-1.,0.,0.));
#2935=DIRECTION('',(0.,0.,1.));
#2936=DIRECTION('',(-1.,0.,0.));
#2937=DIRECTION('',(0.,0.,1.));
#2938=DIRECTION('',(-1.,0.,0.));
#2939=DIRECTION('',(0.,0.,1.));
#2940=DIRECTION('',(-1.,0.,0.));
#2941=DIRECTION('',(0.777713771047819,-7.57277339184119E-17,0.628618557093713));
#2942=DIRECTION('',(-0.628618557093713,0.,0.777713771047818));
#2943=DIRECTION('',(-1.,0.,0.));
#2944=DIRECTION('',(-0.777713771047819,-7.57277339184118E-17,0.628618557093712));
#2945=DIRECTION('',(-0.628618557093712,0.,-0.777713771047819));
#2946=DIRECTION('',(-1.,0.,0.));
#2947=DIRECTION('',(0.,0.,1.));
#2948=DIRECTION('',(-1.,0.,0.));
#2949=DIRECTION('',(0.777713771047819,7.57277339184118E-17,-0.628618557093712));
#2950=DIRECTION('',(-0.628618557093712,0.,-0.777713771047819));
#2951=DIRECTION('',(-1.,0.,0.));
#2952=DIRECTION('',(-0.777713771047819,7.57277339184118E-17,-0.628618557093712));
#2953=DIRECTION('',(-0.628618557093712,0.,0.777713771047819));
#2954=DIRECTION('',(0.,-0.95831484749991,-0.285714285714286));
#2955=DIRECTION('',(0.,0.285714285714286,-0.95831484749991));
#2956=DIRECTION('',(1.,0.,0.));
#2957=DIRECTION('',(0.,0.,-1.));
#2958=DIRECTION('',(0.484122918275925,-0.25,0.838525491562422));
#2959=DIRECTION('',(0.86602540378444,0.,-0.5));
#2960=DIRECTION('',(-0.484122918275926,-0.25,-0.838525491562422));
#2961=DIRECTION('',(-0.866025403784439,0.,0.5));
#2962=DIRECTION('',(-1.,0.,0.));
#2963=DIRECTION('',(0.,0.,1.));
#2964=DIRECTION('',(1.,0.,0.));
#2965=DIRECTION('',(0.,0.,-1.));
#2966=DIRECTION('',(0.,0.95831484749991,-0.285714285714286));
#2967=DIRECTION('',(0.,0.285714285714286,0.95831484749991));
#2968=DIRECTION('',(1.,0.,0.));
#2969=DIRECTION('',(0.,0.,-1.));
#2970=DIRECTION('',(0.,-0.95831484749991,-0.285714285714286));
#2971=DIRECTION('',(0.,0.285714285714286,-0.95831484749991));
#2972=DIRECTION('',(-0.484122918275929,-0.25,0.83852549156242));
#2973=DIRECTION('',(0.866025403784438,0.,0.5));
#2974=DIRECTION('',(-1.,0.,0.));
#2975=DIRECTION('',(0.,0.,1.));
#2976=DIRECTION('',(1.,0.,0.));
#2977=DIRECTION('',(0.,0.,-1.));
#2978=DIRECTION('',(0.484122918275929,-0.25,-0.83852549156242));
#2979=DIRECTION('',(-0.866025403784438,0.,-0.5));
#2980=DIRECTION('',(0.,0.95831484749991,-0.285714285714286));
#2981=DIRECTION('',(0.,0.285714285714286,0.95831484749991));
#2982=DIRECTION('',(0.,-0.95831484749991,-0.285714285714286));
#2983=DIRECTION('',(0.,0.285714285714286,-0.95831484749991));
#2984=DIRECTION('',(-0.484122918275925,-0.25,0.838525491562422));
#2985=DIRECTION('',(0.86602540378444,0.,0.5));
#2986=DIRECTION('',(-1.,0.,0.));
#2987=DIRECTION('',(0.,0.,1.));
#2988=DIRECTION('',(-1.,0.,0.));
#2989=DIRECTION('',(0.,0.,1.));
#2990=DIRECTION('',(-1.,0.,0.));
#2991=DIRECTION('',(0.,0.,1.));
#2992=DIRECTION('',(0.484122918275925,-0.25,-0.838525491562422));
#2993=DIRECTION('',(-0.86602540378444,0.,-0.5));
#2994=DIRECTION('',(0.,-0.95831484749991,-0.285714285714286));
#2995=DIRECTION('',(0.,0.285714285714286,-0.95831484749991));
#2996=DIRECTION('',(0.484122918275924,-0.25,0.838525491562423));
#2997=DIRECTION('',(0.866025403784441,0.,-0.5));
#2998=DIRECTION('',(0.,0.95831484749991,-0.285714285714286));
#2999=DIRECTION('',(0.,0.285714285714286,0.95831484749991));
#3000=DIRECTION('',(-1.,0.,0.));
#3001=DIRECTION('',(0.,0.,1.));
#3002=DIRECTION('',(-0.484122918275929,-0.249999999999995,-0.838525491562422));
#3003=DIRECTION('',(-0.866025403784438,0.,0.5));
#3004=DIRECTION('',(-1.,0.,0.));
#3005=DIRECTION('',(0.,0.,1.));
#3006=DIRECTION('',(-1.,0.,0.));
#3007=DIRECTION('',(0.,0.,1.));
#3008=DIRECTION('',(0.,0.95831484749991,-0.285714285714286));
#3009=DIRECTION('',(0.,0.285714285714286,0.95831484749991));
#3010=DIRECTION('',(0.629604426573806,9.35926524428662E-17,-0.77691586805694));
#3011=DIRECTION('',(-0.77691586805694,0.,-0.629604426573806));
#3012=DIRECTION('',(-0.77691586805694,7.58464985664235E-17,-0.629604426573806));
#3013=DIRECTION('',(0.,1.,1.20466908053945E-16));
#3014=DIRECTION('',(-1.,0.,0.));
#3015=DIRECTION('',(-0.629604426573805,9.35926524428664E-17,-0.776915868056941));
#3016=DIRECTION('',(-0.776915868056941,0.,0.629604426573805));
#3017=DIRECTION('',(-0.776915868056941,-7.58464985664233E-17,0.629604426573805));
#3018=DIRECTION('',(0.,1.,1.20466908053945E-16));
#3019=DIRECTION('',(-1.,0.,0.));
#3020=DIRECTION('',(-0.5,0.,-0.866025403784439));
#3021=DIRECTION('',(-0.866025403784439,0.,0.5));
#3022=DIRECTION('',(-0.5,-1.14220277689555E-15,-0.866025403784439));
#3023=DIRECTION('',(-0.866025403784439,0.,0.5));
#3024=DIRECTION('',(0.,-1.,0.));
#3025=DIRECTION('',(0.,0.,-1.));
#3026=DIRECTION('',(-0.707106781186548,-1.11512248486064E-15,-0.707106781186548));
#3027=DIRECTION('',(-0.707106781186548,0.,0.707106781186548));
#3028=DIRECTION('',(0.707106781186548,0.,0.707106781186547));
#3029=DIRECTION('',(0.707106781186547,0.,-0.707106781186548));
#3030=DIRECTION('',(0.947089214552903,0.,-0.32097043427326));
#3031=DIRECTION('',(0.32097043427326,0.,0.947089214552903));
#3032=DIRECTION('',(-1.,0.,4.23103286823611E-16));
#3033=DIRECTION('',(4.23103286823611E-16,0.,1.));
#3034=DIRECTION('',(0.947089214552904,0.,0.320970434273259));
#3035=DIRECTION('',(-0.320970434273259,0.,0.947089214552904));
#3036=DIRECTION('',(0.707106781186547,0.,-0.707106781186548));
#3037=DIRECTION('',(-0.707106781186548,0.,-0.707106781186547));
#3038=DIRECTION('',(-0.707106781186547,-6.96951553037905E-17,0.707106781186548));
#3039=DIRECTION('',(0.707106781186548,0.,0.707106781186547));
#3040=DIRECTION('',(0.,-1.,0.));
#3041=DIRECTION('',(0.,0.,-1.));
#3042=DIRECTION('',(-0.5,-3.0889655143012E-16,0.866025403784438));
#3043=DIRECTION('',(0.866025403784438,0.,0.5));
#3044=DIRECTION('',(0.5,0.,-0.866025403784439));
#3045=DIRECTION('',(-0.866025403784439,0.,-0.5));
#3046=DIRECTION('',(1.,0.,0.));
#3047=DIRECTION('',(0.,0.,-1.));
#3048=DIRECTION('',(1.,0.,0.));
#3049=DIRECTION('',(0.,0.,-1.));
#3050=DIRECTION('',(-1.,0.,0.));
#3051=DIRECTION('',(0.,0.,1.));
#3052=DIRECTION('',(1.,0.,0.));
#3053=DIRECTION('',(0.,0.,-1.));
#3054=DIRECTION('',(1.,0.,0.));
#3055=DIRECTION('',(0.,0.,-1.));
#3056=DIRECTION('',(0.,1.,1.20466908053945E-16));
#3057=DIRECTION('',(-1.,0.,0.));
#3058=DIRECTION('',(-1.,0.,0.));
#3059=DIRECTION('',(-1.,0.,0.));
#3060=DIRECTION('',(0.,1.20466908053945E-16,-1.));
#3061=DIRECTION('',(0.,1.,1.20466908053945E-16));
#3062=DIRECTION('',(0.,1.20466908053945E-16,-1.));
#3063=DIRECTION('',(0.,1.,1.20466908053945E-16));
#3064=DIRECTION('',(-1.,0.,0.));
#3065=DIRECTION('',(0.,1.20466908053945E-16,-1.));
#3066=DIRECTION('',(0.,1.,1.20466908053945E-16));
#3067=DIRECTION('',(0.,1.20466908053945E-16,-1.));
#3068=DIRECTION('',(0.,1.,1.20466908053945E-16));
#3069=DIRECTION('',(-0.382683432365131,-1.11296910695957E-16,0.923879532511269));
#3070=DIRECTION('',(0.,-1.,-1.20466908053945E-16));
#3071=DIRECTION('',(0.,-0.70710678118655,-0.707106781186545));
#3072=DIRECTION('',(1.,0.,0.));
#3073=DIRECTION('',(0.382683432365086,-1.11296910695959E-16,0.923879532511289));
#3074=DIRECTION('',(0.,-1.,-1.20466908053945E-16));
#3075=CARTESIAN_POINT('',(0.,0.,0.));
#3076=CARTESIAN_POINT('',(0.0093,-0.259742360357549,0.00611715728752535));
#3077=CARTESIAN_POINT('',(0.00948203594422489,-0.259742360357549,0.0062));
#3078=CARTESIAN_POINT('',(0.00948203594422489,-0.0238247392222173,0.0062));
#3079=CARTESIAN_POINT('',(0.00948203594422489,-0.00162473922221734,0.0062));
#3080=CARTESIAN_POINT('',(0.0093,-0.0238247392222173,0.00611715728752538));
#3081=CARTESIAN_POINT('',(0.00944142135623731,-0.0238247392222173,0.00625857864376269));
#3082=CARTESIAN_POINT('',(0.00944142135623731,-0.0349247392222174,0.00625857864376269));
#3083=CARTESIAN_POINT('',(0.00944142135623731,-0.00162473922221737,0.00625857864376269));
#3084=CARTESIAN_POINT('',(0.0093,-0.00162473922221739,0.00611715728752538));
#3085=CARTESIAN_POINT('',(-0.0093,-0.259742360357549,0.00611715728752535));
#3086=CARTESIAN_POINT('',(-0.00948203594422489,-0.259742360357549,0.0062));
#3087=CARTESIAN_POINT('',(-0.00948203594422489,-0.00162473922221739,0.0062));
#3088=CARTESIAN_POINT('',(-0.00948203594422489,-0.0238247392222173,0.0062));
#3089=CARTESIAN_POINT('',(-0.0093,-0.00162473922221739,0.00611715728752538));
#3090=CARTESIAN_POINT('',(-0.00944142135623731,-0.00162473922221739,0.00625857864376269));
#3091=CARTESIAN_POINT('',(-0.00944142135623731,-0.00142473922221736,0.00625857864376269));
#3092=CARTESIAN_POINT('',(-0.00944142135623731,-0.0238247392222173,0.00625857864376269));
#3093=CARTESIAN_POINT('',(-0.0093,-0.0238247392222173,0.00611715728752538));
#3094=CARTESIAN_POINT('',(0.011002,-0.0349247392222174,0.003));
#3095=CARTESIAN_POINT('',(0.011002,-0.0349247392222174,0.0062));
#3096=CARTESIAN_POINT('',(-0.0079443650813896,-0.0349247392222174,0.0062));
#3097=CARTESIAN_POINT('',(0.0079443650813896,-0.0349247392222174,0.0062));
#3098=CARTESIAN_POINT('',(-0.00748076118445749,-0.0349247392222174,0.00666360389693211));
#3099=CARTESIAN_POINT('',(-0.00774436508138959,-0.0349247392222174,0.0064));
#3100=CARTESIAN_POINT('',(0.00811715728752538,-0.0349247392222174,0.0064));
#3101=CARTESIAN_POINT('',(0.0077443650813896,-0.0349247392222174,0.0064));
#3102=CARTESIAN_POINT('',(0.0110731825406948,-0.0349247392222174,0.0030711825406948));
#3103=CARTESIAN_POINT('',(0.0093,-0.259742360357549,0.00611715728752535));
#3104=CARTESIAN_POINT('',(0.00948203594422489,-0.259742360357549,0.0062));
#3105=CARTESIAN_POINT('',(0.00948203594422489,-0.0338247392222174,0.0062));
#3106=CARTESIAN_POINT('',(0.00948203594422489,-0.0289247392222174,0.0062));
#3107=CARTESIAN_POINT('',(0.0093,-0.0338247392222174,0.00611715728752538));
#3108=CARTESIAN_POINT('',(0.00944142135623731,-0.0338247392222174,0.00625857864376269));
#3109=CARTESIAN_POINT('',(0.00944142135623731,-0.0349247392222174,0.00625857864376269));
#3110=CARTESIAN_POINT('',(0.00944142135623731,-0.0289247392222174,0.00625857864376269));
#3111=CARTESIAN_POINT('',(0.0093,-0.0289247392222174,0.00611715728752538));
#3112=CARTESIAN_POINT('',(-0.0093,-0.259742360357549,0.00611715728752535));
#3113=CARTESIAN_POINT('',(-0.00948203594422489,-0.259742360357549,0.0062));
#3114=CARTESIAN_POINT('',(-0.00948203594422489,-0.0289247392222174,0.0062));
#3115=CARTESIAN_POINT('',(-0.00948203594422489,-0.0338247392222174,0.0062));
#3116=CARTESIAN_POINT('',(-0.0093,-0.0289247392222174,0.00611715728752538));
#3117=CARTESIAN_POINT('',(-0.00944142135623731,-0.0289247392222174,0.00625857864376269));
#3118=CARTESIAN_POINT('',(-0.00944142135623731,-0.00142473922221736,0.00625857864376269));
#3119=CARTESIAN_POINT('',(-0.00944142135623731,-0.0338247392222174,0.00625857864376269));
#3120=CARTESIAN_POINT('',(-0.0093,-0.0338247392222174,0.00611715728752538));
#3121=CARTESIAN_POINT('',(-0.0093,-0.00162473922221739,0.00611715728752538));
#3122=CARTESIAN_POINT('',(-0.00948203594422495,-0.00162473922221739,0.0062));
#3123=CARTESIAN_POINT('',(-0.00948203594422495,-0.0015974499067946,0.0062));
#3124=CARTESIAN_POINT('',(-0.00948832203858845,-0.00157014853925783,0.0062));
#3125=CARTESIAN_POINT('',(-0.00949999999999999,-0.00154524181951374,0.0062));
#3126=CARTESIAN_POINT('',(-0.0095,-0.00154524181951374,0.0062));
#3127=CARTESIAN_POINT('',(-0.0095,-0.00162473922221739,0.00611715728752538));
#3128=CARTESIAN_POINT('',(-0.0095,-0.00159770405540677,0.00614419313022309));
#3129=CARTESIAN_POINT('',(-0.0095,-0.00157055591709999,0.00617134577695286));
#3130=CARTESIAN_POINT('',(-0.0095,-0.00154524181951373,0.00619999999999999));
#3131=CARTESIAN_POINT('',(-0.0095,-0.0016247392222174,0.00611715728752538));
#3132=CARTESIAN_POINT('',(-0.0097,-0.0016247392222174,0.00611715728752538));
#3133=CARTESIAN_POINT('',(-0.0097,-0.00142473922221737,0.00611715728752538));
#3134=CARTESIAN_POINT('',(-0.0093,-0.00142473922221737,0.00611715728752538));
#3135=CARTESIAN_POINT('',(-0.00958284271247462,-0.00142473922221737,0.0064));
#3136=CARTESIAN_POINT('',(-0.00958284271247462,-0.00162473922221737,0.0064));
#3137=CARTESIAN_POINT('',(0.,-0.0238247392222174,0.005));
#3138=CARTESIAN_POINT('',(-0.0095,-0.0238247392222174,0.005));
#3139=CARTESIAN_POINT('',(-0.0095,-0.0238247392222174,0.0062));
#3140=CARTESIAN_POINT('',(-0.0095,-0.0238247392222174,0.009));
#3141=CARTESIAN_POINT('',(0.,-0.0238247392222174,0.0062));
#3142=CARTESIAN_POINT('',(-0.00885,-0.0238247392222173,0.00685));
#3143=CARTESIAN_POINT('',(-0.00825857864376269,-0.0238247392222173,0.00744142135623731));
#3144=CARTESIAN_POINT('',(-0.00811715728752538,-0.0238247392222173,0.0073));
#3145=CARTESIAN_POINT('',(-0.00811715728752538,-0.0238247392222173,0.0075));
#3146=CARTESIAN_POINT('',(-0.0041,-0.0238247392222173,0.0075));
#3147=CARTESIAN_POINT('',(0.00811715728752538,-0.0238247392222173,0.0075));
#3148=CARTESIAN_POINT('',(0.00811715728752538,-0.0238247392222173,0.0073));
#3149=CARTESIAN_POINT('',(0.00825857864376269,-0.0238247392222173,0.00744142135623731));
#3150=CARTESIAN_POINT('',(0.00885,-0.0238247392222173,0.00685));
#3151=CARTESIAN_POINT('',(0.,-0.0238247392222174,0.0062));
#3152=CARTESIAN_POINT('',(0.0095,-0.0238247392222174,0.0062));
#3153=CARTESIAN_POINT('',(0.0095,-0.0238247392222174,0.005));
#3154=CARTESIAN_POINT('',(0.0095,-0.0238247392222174,0.009));
#3155=CARTESIAN_POINT('',(0.,-0.0238247392222174,0.009));
#3156=CARTESIAN_POINT('',(0.,-0.0289247392222174,0.005));
#3157=CARTESIAN_POINT('',(0.,-0.0289247392222174,0.0062));
#3158=CARTESIAN_POINT('',(-0.0095,-0.0289247392222174,0.0062));
#3159=CARTESIAN_POINT('',(-0.0095,-0.0289247392222174,0.005));
#3160=CARTESIAN_POINT('',(-0.0095,-0.0289247392222174,0.009));
#3161=CARTESIAN_POINT('',(0.,-0.0289247392222174,0.009));
#3162=CARTESIAN_POINT('',(0.0095,-0.0289247392222174,0.009));
#3163=CARTESIAN_POINT('',(0.0095,-0.0289247392222174,0.005));
#3164=CARTESIAN_POINT('',(0.0095,-0.0289247392222174,0.0062));
#3165=CARTESIAN_POINT('',(0.,-0.0289247392222174,0.0062));
#3166=CARTESIAN_POINT('',(0.00885,-0.0289247392222174,0.00685));
#3167=CARTESIAN_POINT('',(0.00825857864376269,-0.0289247392222174,0.00744142135623731));
#3168=CARTESIAN_POINT('',(0.00811715728752538,-0.0289247392222174,0.0073));
#3169=CARTESIAN_POINT('',(0.00811715728752538,-0.0289247392222174,0.0075));
#3170=CARTESIAN_POINT('',(-0.0041,-0.0289247392222174,0.0075));
#3171=CARTESIAN_POINT('',(-0.00811715728752538,-0.0289247392222174,0.0075));
#3172=CARTESIAN_POINT('',(-0.00811715728752538,-0.0289247392222174,0.0073));
#3173=CARTESIAN_POINT('',(-0.00825857864376269,-0.0289247392222174,0.00744142135623731));
#3174=CARTESIAN_POINT('',(-0.00885,-0.0289247392222174,0.00685));
#3175=CARTESIAN_POINT('',(0.00935454681703791,-0.0343432503781423,0.00614587818163839));
#3176=CARTESIAN_POINT('',(0.00934158794228802,-0.0343428020644663,0.00617510919535882));
#3177=CARTESIAN_POINT('',(0.00932138393946264,-0.0343374390087709,0.00619930881284547));
#3178=CARTESIAN_POINT('',(0.00943801016518696,-0.0341844162780552,0.00618100698176857));
#3179=CARTESIAN_POINT('',(0.00942370900928517,-0.0341840852573834,0.00621280997712815));
#3180=CARTESIAN_POINT('',(0.00939983494188863,-0.0341801463657649,0.00623804488178276));
#3181=CARTESIAN_POINT('',(0.00948220972112929,-0.0340051689216416,0.00619961708085651));
#3182=CARTESIAN_POINT('',(0.00946718657090716,-0.0340049632139192,0.00623281342906794));
#3183=CARTESIAN_POINT('',(0.00944142135622277,-0.0340025238709512,0.00625857864377723));
#3184=CARTESIAN_POINT('',(0.00948220972115252,-0.0338247392222174,0.00619961708086443));
#3185=CARTESIAN_POINT('',(0.00946718657093237,-0.0338247392222174,0.00623281342906763));
#3186=CARTESIAN_POINT('',(0.00944142135623731,-0.0338247392222174,0.00625857864376269));
#3187=CARTESIAN_POINT('',(0.00932278378014471,-0.0343346224887217,0.0062));
#3188=CARTESIAN_POINT('',(0.00943140808721397,-0.0341877949834477,0.0062));
#3189=CARTESIAN_POINT('',(0.0094820359442249,-0.0340069296647099,0.0062));
#3190=CARTESIAN_POINT('',(0.0094820359442249,-0.0338247392222174,0.0062));
#3191=CARTESIAN_POINT('',(0.00932278378014471,-0.0343346224887217,0.0062));
#3192=CARTESIAN_POINT('',(0.0084,-0.0338247392222174,0.00574436508138959));
#3193=CARTESIAN_POINT('',(0.00807218254069481,-0.0338247392222174,0.00607218254069478));
#3194=CARTESIAN_POINT('',(0.0079443650813896,-0.0338247392222174,0.0062));
#3195=CARTESIAN_POINT('',(0.0077443650813896,-0.0338247392222174,0.0064));
#3196=CARTESIAN_POINT('',(0.00825857864376269,-0.0338247392222174,0.0074414213562373));
#3197=CARTESIAN_POINT('',(0.00885,-0.0338247392222174,0.00685));
#3198=CARTESIAN_POINT('',(-7.11825406947905E-5,-0.0338247392222174,0.0140731825406948));
#3199=CARTESIAN_POINT('',(-0.0079443650813896,-0.0338247392222174,0.0062));
#3200=CARTESIAN_POINT('',(-0.00932278378014471,-0.0343346224887217,0.0062));
#3201=CARTESIAN_POINT('',(-0.0084,-0.0338247392222174,0.00574436508138959));
#3202=CARTESIAN_POINT('',(-0.00944142135623731,-0.0338247392222174,0.00625857864376269));
#3203=CARTESIAN_POINT('',(-0.00825857864376269,-0.0338247392222174,0.00744142135623731));
#3204=CARTESIAN_POINT('',(-0.00774436508138959,-0.0338247392222174,0.0064));
#3205=CARTESIAN_POINT('',(-0.00932138393946266,-0.0343374390087709,0.00619930881284547));
#3206=CARTESIAN_POINT('',(-0.00934158794228803,-0.0343428020644663,0.00617510919535883));
#3207=CARTESIAN_POINT('',(-0.00935454681703793,-0.0343432503781422,0.0061458781816384));
#3208=CARTESIAN_POINT('',(-0.00939983494188871,-0.034180146365765,0.00623804488178265));
#3209=CARTESIAN_POINT('',(-0.00942370900928509,-0.0341840852573854,0.00621280997712833));
#3210=CARTESIAN_POINT('',(-0.00943801016518684,-0.0341844162780573,0.00618100698176876));
#3211=CARTESIAN_POINT('',(-0.00944142135622293,-0.0340025238709512,0.00625857864377707));
#3212=CARTESIAN_POINT('',(-0.00946718657090746,-0.0340049632139185,0.00623281342906763));
#3213=CARTESIAN_POINT('',(-0.00948220972112957,-0.0340051689216409,0.00619961708085621));
#3214=CARTESIAN_POINT('',(-0.00944142135623731,-0.0338247392222174,0.00625857864376269));
#3215=CARTESIAN_POINT('',(-0.00946718657093237,-0.0338247392222174,0.00623281342906763));
#3216=CARTESIAN_POINT('',(-0.00948220972115252,-0.0338247392222174,0.00619961708086444));
#3217=CARTESIAN_POINT('',(-0.00948203594422489,-0.0338247392222174,0.0062));
#3218=CARTESIAN_POINT('',(-0.00948203594422489,-0.0340071918814586,0.0062));
#3219=CARTESIAN_POINT('',(-0.0094315595067695,-0.0341875903095992,0.0062));
#3220=CARTESIAN_POINT('',(-0.00932278378014902,-0.0343346224887233,0.0062));
#3221=CARTESIAN_POINT('',(0.011,-0.0169623696111087,0.000466348775623803));
#3222=CARTESIAN_POINT('',(0.011,-0.0344247392222174,0.007));
#3223=CARTESIAN_POINT('',(0.011,-0.0362247392222174,0.007));
#3224=CARTESIAN_POINT('',(0.011,-0.0344247392222174,0.0088));
#3225=CARTESIAN_POINT('',(0.011,-0.0362247392222174,0.000466348775623803));
#3226=CARTESIAN_POINT('',(0.011,-0.0362247392222174,-0.00145080666151704));
#3227=CARTESIAN_POINT('',(0.011,-0.0334247392222174,-0.003));
#3228=CARTESIAN_POINT('',(0.011,-0.0334247392222174,0.0002));
#3229=CARTESIAN_POINT('',(0.011,-0.0169623696111087,0.0002));
#3230=CARTESIAN_POINT('',(0.011,-0.00162473922221737,0.0002));
#3231=CARTESIAN_POINT('',(0.011,-0.00162473922221737,0.000466348775623805));
#3232=CARTESIAN_POINT('',(0.011,-0.00162473922221737,0.0088));
#3233=CARTESIAN_POINT('',(0.011,-0.0169623696111087,0.0088));
#3234=CARTESIAN_POINT('',(-0.011,-0.0169623696111087,0.000466348775623803));
#3235=CARTESIAN_POINT('',(-0.011,-0.0344247392222174,0.007));
#3236=CARTESIAN_POINT('',(-0.011,-0.0344247392222174,0.0088));
#3237=CARTESIAN_POINT('',(-0.011,-0.0362247392222174,0.007));
#3238=CARTESIAN_POINT('',(-0.011,-0.00142473922221737,0.0088));
#3239=CARTESIAN_POINT('',(-0.011,-0.00162473922221737,0.0088));
#3240=CARTESIAN_POINT('',(-0.011,-0.00162473922221737,3.46944695195361E-18));
#3241=CARTESIAN_POINT('',(-0.011,-0.00162473922221737,0.0002));
#3242=CARTESIAN_POINT('',(-0.011,-0.0334247392222174,0.0002));
#3243=CARTESIAN_POINT('',(-0.011,-0.0334247392222174,0.0002));
#3244=CARTESIAN_POINT('',(-0.011,-0.0334247392222174,-0.003));
#3245=CARTESIAN_POINT('',(-0.011,-0.0362247392222174,-0.00145080666151704));
#3246=CARTESIAN_POINT('',(-0.011,-0.0362247392222174,0.009));
#3247=CARTESIAN_POINT('',(0.011002,-0.00142473922221737,0.0045));
#3248=CARTESIAN_POINT('',(-0.00654142135623731,-0.00142473922221737,-0.000141421356237303));
#3249=CARTESIAN_POINT('',(-0.00958284271247462,-0.00142473922221737,0.0029));
#3250=CARTESIAN_POINT('',(-0.00755623307557285,-0.0014247392222174,0.000873390363098236));
#3251=CARTESIAN_POINT('',(-0.00801698729810778,-0.00142473922221737,0.0005));
#3252=CARTESIAN_POINT('',(-0.00838717967697245,-0.00142473922221737,0.0002));
#3253=CARTESIAN_POINT('',(0.011002,-0.00142473922221737,0.0002));
#3254=CARTESIAN_POINT('',(-0.0108,-0.00142473922221737,0.0002));
#3255=CARTESIAN_POINT('',(-0.0108,-0.00142473922221737,0.009));
#3256=CARTESIAN_POINT('',(-0.0108,-0.00142473922221737,0.0088));
#3257=CARTESIAN_POINT('',(0.011002,-0.00142473922221737,0.0088));
#3258=CARTESIAN_POINT('',(0.0108,-0.00142473922221737,0.0088));
#3259=CARTESIAN_POINT('',(0.0108,-0.00142473922221737,0.0045));
#3260=CARTESIAN_POINT('',(0.0108,-0.00142473922221737,0.0002));
#3261=CARTESIAN_POINT('',(0.011002,-0.00142473922221737,0.0002));
#3262=CARTESIAN_POINT('',(0.00838717967697245,-0.00142473922221737,0.0002));
#3263=CARTESIAN_POINT('',(0.00801698729810778,-0.00142473922221737,0.0005));
#3264=CARTESIAN_POINT('',(0.00755623307557286,-0.00142473922221737,0.000873390363098235));
#3265=CARTESIAN_POINT('',(0.0110924213562373,-0.00142473922221737,0.00440957864376269));
#3266=CARTESIAN_POINT('',(0.00958284271247462,-0.00142473922221737,0.0029));
#3267=CARTESIAN_POINT('',(0.0093,-0.00142473922221737,0.00318284271247462));
#3268=CARTESIAN_POINT('',(0.0097,-0.00142473922221737,0.00318284271247462));
#3269=CARTESIAN_POINT('',(0.0097,-0.00142473922221737,0.0045));
#3270=CARTESIAN_POINT('',(0.0097,-0.00142473922221737,0.00611715728752538));
#3271=CARTESIAN_POINT('',(0.0093,-0.00142473922221737,0.00611715728752538));
#3272=CARTESIAN_POINT('',(0.00958284271247462,-0.00142473922221737,0.0064));
#3273=CARTESIAN_POINT('',(0.0112424213562373,-0.00142473922221737,0.00474042135623731));
#3274=CARTESIAN_POINT('',(0.0084,-0.00142473922221737,0.00758284271247462));
#3275=CARTESIAN_POINT('',(0.00811715728752538,-0.00142473922221737,0.0073));
#3276=CARTESIAN_POINT('',(0.00811715728752538,-0.00142473922221737,0.0077));
#3277=CARTESIAN_POINT('',(-0.0082,-0.00142473922221737,0.0077));
#3278=CARTESIAN_POINT('',(-0.00811715728752538,-0.00142473922221737,0.0077));
#3279=CARTESIAN_POINT('',(-0.00811715728752538,-0.00142473922221737,0.0073));
#3280=CARTESIAN_POINT('',(-0.0084,-0.00142473922221737,0.00758284271247462));
#3281=CARTESIAN_POINT('',(-0.00964142135623731,-0.00142473922221737,0.00634142135623731));
#3282=CARTESIAN_POINT('',(-0.0097,-0.00142473922221737,0.0031));
#3283=CARTESIAN_POINT('',(-0.0097,-0.00142473922221737,0.00318284271247463));
#3284=CARTESIAN_POINT('',(-0.0093,-0.00142473922221737,0.00318284271247463));
#3285=CARTESIAN_POINT('',(0.00795,-0.259742360357549,0.00154999999999997));
#3286=CARTESIAN_POINT('',(0.00641861847476084,-0.259742360357549,1.86184747608123E-5));
#3287=CARTESIAN_POINT('',(0.00641861847476084,-0.00362473922221734,1.86184747608431E-5));
#3288=CARTESIAN_POINT('',(0.00641861847476084,-0.0338247392222174,1.86184747608395E-5));
#3289=CARTESIAN_POINT('',(0.00795,-0.0338247392222174,0.00155));
#3290=CARTESIAN_POINT('',(0.00944142135623731,-0.0338247392222174,0.0030414213562373));
#3291=CARTESIAN_POINT('',(0.00944142135623731,-0.00142473922221736,0.0030414213562373));
#3292=CARTESIAN_POINT('',(0.00944142135623731,-0.00162473922221737,0.0030414213562373));
#3293=CARTESIAN_POINT('',(0.00795,-0.00162473922221739,0.00155));
#3294=CARTESIAN_POINT('',(0.0074,-0.00162473922221737,0.001));
#3295=CARTESIAN_POINT('',(0.0074,-0.00342473922221737,0.001));
#3296=CARTESIAN_POINT('',(0.0074,-0.00362473922221737,0.001));
#3297=CARTESIAN_POINT('',(0.00795,-0.00362473922221734,0.00155));
#3298=CARTESIAN_POINT('',(-0.00795,-0.259742360357549,0.00154999999999998));
#3299=CARTESIAN_POINT('',(-0.00944142135623731,-0.0349247392222174,0.00304142135623731));
#3300=CARTESIAN_POINT('',(-0.00944142135623731,-0.0016247392222174,0.00304142135623731));
#3301=CARTESIAN_POINT('',(-0.00944142135623731,-0.0338247392222174,0.00304142135623731));
#3302=CARTESIAN_POINT('',(-0.00641861847476085,-0.0338247392222174,1.86184747608488E-5));
#3303=CARTESIAN_POINT('',(-0.00641861847476085,-0.0338247392222174,1.86184747608482E-5));
#3304=CARTESIAN_POINT('',(-0.00641861847476085,-0.259742360357549,1.86184747608209E-5));
#3305=CARTESIAN_POINT('',(-0.00641861847476085,-0.00362473922221734,1.86184747608517E-5));
#3306=CARTESIAN_POINT('',(-0.00795,-0.00362473922221734,0.00155));
#3307=CARTESIAN_POINT('',(-0.0074,-0.00362473922221737,0.001));
#3308=CARTESIAN_POINT('',(-0.0074,-0.00342473922221737,0.001));
#3309=CARTESIAN_POINT('',(-0.0074,-0.00162473922221739,0.001));
#3310=CARTESIAN_POINT('',(-0.0095,-0.0016247392222174,0.0031));
#3311=CARTESIAN_POINT('',(0.00906698729810778,-0.0364267392222174,-0.00075));
#3312=CARTESIAN_POINT('',(0.00932679491924311,-0.0364267392222174,-0.0012));
#3313=CARTESIAN_POINT('',(0.00932679491924311,-0.00575391882896743,-0.0012));
#3314=CARTESIAN_POINT('',(0.00932679491924311,-0.00362473922221737,-0.0012));
#3315=CARTESIAN_POINT('',(0.00906698729810778,-0.00362473922221737,-0.00075));
#3316=CARTESIAN_POINT('',(0.00863397459621556,-0.00362473922221737,1.63232660413095E-18));
#3317=CARTESIAN_POINT('',(0.00863397459621556,-0.0364267392222174,-6.38715546502017E-19));
#3318=CARTESIAN_POINT('',(0.00863397459621556,-0.0334247392222174,-8.67361737988404E-19));
#3319=CARTESIAN_POINT('',(0.0103660254037844,-0.0334247392222174,-0.003));
#3320=CARTESIAN_POINT('',(0.00932679491924311,-0.0358247392222173,-0.0012));
#3321=CARTESIAN_POINT('',(0.00932679491924311,-0.0364267392222174,-0.0012));
#3322=CARTESIAN_POINT('',(0.00932679491924311,-0.00709555961546731,-0.0012));
#3323=CARTESIAN_POINT('',(0.00944226497308104,-0.00642473922221737,-0.0014));
#3324=CARTESIAN_POINT('',(0.00596698729810779,-0.0364267392222174,-0.00075));
#3325=CARTESIAN_POINT('',(0.00466794919243113,-0.0334247392222174,-0.003));
#3326=CARTESIAN_POINT('',(0.00570717967697245,-0.0358247392222173,-0.0012));
#3327=CARTESIAN_POINT('',(0.00638453495104229,-0.0338247392222174,-2.67862505362993E-5));
#3328=CARTESIAN_POINT('',(0.00596698729810779,-0.0338247392222174,-0.00075));
#3329=CARTESIAN_POINT('',(0.00638683475024127,-0.0338247392222174,-2.28028814764698E-5));
#3330=CARTESIAN_POINT('',(0.00638683475024127,-0.0364267392222174,-2.28028814764701E-5));
#3331=CARTESIAN_POINT('',(0.00638683475024127,-0.00362473922221737,-2.28028814764661E-5));
#3332=CARTESIAN_POINT('',(0.00596698729810779,-0.00362473922221737,-0.00075));
#3333=CARTESIAN_POINT('',(0.00570717967697245,-0.00362473922221737,-0.0012));
#3334=CARTESIAN_POINT('',(0.00570717967697245,-0.0364267392222174,-0.0012));
#3335=CARTESIAN_POINT('',(0.00570717967697245,-0.00575391882896743,-0.0012));
#3336=CARTESIAN_POINT('',(0.00559170962313453,-0.00642473922221737,-0.0014));
#3337=CARTESIAN_POINT('',(0.00570717967697245,-0.00709555961546731,-0.0012));
#3338=CARTESIAN_POINT('',(0.00570717967697245,-0.0364267392222174,-0.0012));
#3339=CARTESIAN_POINT('',(0.00751698729810778,-0.0364267392222174,-0.0015));
#3340=CARTESIAN_POINT('',(0.00588038475772934,-0.0364267392222174,-0.0015));
#3341=CARTESIAN_POINT('',(0.00588038475772934,-0.00575391882896743,-0.0015));
#3342=CARTESIAN_POINT('',(0.00588038475772934,-0.00362473922221737,-0.0015));
#3343=CARTESIAN_POINT('',(0.00751698729810778,-0.00362473922221737,-0.0015));
#3344=CARTESIAN_POINT('',(0.00915358983848622,-0.00362473922221737,-0.0015));
#3345=CARTESIAN_POINT('',(0.00915358983848622,-0.0364267392222174,-0.0015));
#3346=CARTESIAN_POINT('',(0.00915358983848622,-0.00575391882896743,-0.0015));
#3347=CARTESIAN_POINT('',(0.00751698729810778,-0.00575391882896743,-0.0015));
#3348=CARTESIAN_POINT('',(0.0110924213562373,-0.00162473922221737,0.00440957864376269));
#3349=CARTESIAN_POINT('',(0.00755623307557286,-0.00162473922221737,0.000873390363098235));
#3350=CARTESIAN_POINT('',(0.00958284271247462,-0.00162473922221737,0.0029));
#3351=CARTESIAN_POINT('',(0.00949995253883842,-0.0014628359444259,0.00298289017403661));
#3352=CARTESIAN_POINT('',(0.00958284271247462,-0.00162473922221737,0.0029));
#3353=CARTESIAN_POINT('',(0.00656003983099815,-0.0364267392222174,-0.00012280288147647));
#3354=CARTESIAN_POINT('',(0.00656003983099815,-0.0338247392222174,-0.00012280288147647));
#3355=CARTESIAN_POINT('',(0.00656003983099815,-0.00362473922221737,-0.000122802881476466));
#3356=CARTESIAN_POINT('',(-0.00656003983099816,-0.259742360357549,-0.000122802881476489));
#3357=CARTESIAN_POINT('',(-0.00656003983099816,-0.0338247392222174,-0.000122802881476461));
#3358=CARTESIAN_POINT('',(-0.00638683475024127,-0.0338247392222174,-2.28028814764614E-5));
#3359=CARTESIAN_POINT('',(-0.00638683475024127,-0.0364267392222174,-2.28028814764617E-5));
#3360=CARTESIAN_POINT('',(-0.00638683475024127,-0.00362473922221737,-2.28028814764578E-5));
#3361=CARTESIAN_POINT('',(-0.00656003983099816,-0.00362473922221734,-0.000122802881476458));
#3362=CARTESIAN_POINT('',(-0.00809142135623731,-0.00162473922221739,0.0014085786437627));
#3363=CARTESIAN_POINT('',(-0.00755623307557285,-0.00162473922221739,0.000873390363098236));
#3364=CARTESIAN_POINT('',(-0.00958284271247462,-0.0016247392222174,0.0029));
#3365=CARTESIAN_POINT('',(-0.00949995253854079,-0.00146283594424033,0.00298289017393383));
#3366=CARTESIAN_POINT('',(-0.00958284271247462,-0.0016247392222174,0.0029));
#3367=CARTESIAN_POINT('',(0.011002,-0.00162473922221737,0.0002));
#3368=CARTESIAN_POINT('',(0.011002,-0.00162473922221737,0.));
#3369=CARTESIAN_POINT('',(0.00863397459621556,-0.00162473922221737,-3.52365706057789E-19));
#3370=CARTESIAN_POINT('',(0.0108,-0.00162473922221737,0.));
#3371=CARTESIAN_POINT('',(0.00838717967697245,-0.00162473922221737,0.0002));
#3372=CARTESIAN_POINT('',(0.0108,-0.00162473922221737,0.0002));
#3373=CARTESIAN_POINT('',(0.011002,-0.00162473922221737,0.0002));
#3374=CARTESIAN_POINT('',(-0.00838717967697245,-0.00162473922221737,0.0002));
#3375=CARTESIAN_POINT('',(-0.00863397459621556,-0.00162473922221737,5.39691748081673E-18));
#3376=CARTESIAN_POINT('',(0.011002,-0.00162473922221737,0.));
#3377=CARTESIAN_POINT('',(-0.0108,-0.00162473922221737,0.));
#3378=CARTESIAN_POINT('',(-0.0108,-0.00162473922221737,0.0002));
#3379=CARTESIAN_POINT('',(-0.00751698729810778,-0.0364267392222174,-0.0015));
#3380=CARTESIAN_POINT('',(-0.00915358983848622,-0.0364267392222174,-0.0015));
#3381=CARTESIAN_POINT('',(-0.00915358983848622,-0.0360228154335707,-0.0015));
#3382=CARTESIAN_POINT('',(-0.00915358983848622,-0.00709555961546731,-0.0015));
#3383=CARTESIAN_POINT('',(-0.00588038475772934,-0.00709555961546731,-0.0015));
#3384=CARTESIAN_POINT('',(-0.00588038475772934,-0.00709555961546731,-0.0015));
#3385=CARTESIAN_POINT('',(-0.00588038475772934,-0.0364267392222174,-0.0015));
#3386=CARTESIAN_POINT('',(-0.00588038475772934,-0.0360228154335707,-0.0015));
#3387=CARTESIAN_POINT('',(0.011002,-0.0360228154335707,-0.0015));
#3388=CARTESIAN_POINT('',(-0.00751698729810778,-0.0364267392222174,-0.0015));
#3389=CARTESIAN_POINT('',(-0.00915358983848622,-0.0364267392222174,-0.0015));
#3390=CARTESIAN_POINT('',(-0.00915358983848622,-0.00575391882896743,-0.0015));
#3391=CARTESIAN_POINT('',(-0.00915358983848622,-0.00362473922221737,-0.0015));
#3392=CARTESIAN_POINT('',(0.,-0.00362473922221737,-0.0015));
#3393=CARTESIAN_POINT('',(-0.00588038475772934,-0.00362473922221737,-0.0015));
#3394=CARTESIAN_POINT('',(-0.00588038475772934,-0.0364267392222174,-0.0015));
#3395=CARTESIAN_POINT('',(-0.00588038475772934,-0.00575391882896743,-0.0015));
#3396=CARTESIAN_POINT('',(-0.00915358983848622,-0.00575391882896744,-0.0015));
#3397=CARTESIAN_POINT('',(0.00751698729810778,-0.0364267392222174,-0.0015));
#3398=CARTESIAN_POINT('',(0.00588038475772934,-0.0364267392222174,-0.0015));
#3399=CARTESIAN_POINT('',(0.00588038475772934,-0.0360228154335707,-0.0015));
#3400=CARTESIAN_POINT('',(0.00588038475772934,-0.00709555961546731,-0.0015));
#3401=CARTESIAN_POINT('',(0.00751698729810778,-0.00709555961546731,-0.0015));
#3402=CARTESIAN_POINT('',(0.00915358983848622,-0.00709555961546731,-0.0015));
#3403=CARTESIAN_POINT('',(0.00915358983848622,-0.0364267392222174,-0.0015));
#3404=CARTESIAN_POINT('',(0.00915358983848622,-0.0360228154335707,-0.0015));
#3405=CARTESIAN_POINT('',(0.011002,-0.0360228154335707,-0.0015));
#3406=CARTESIAN_POINT('',(0.00588038475772934,-0.0364267392222174,-0.0013));
#3407=CARTESIAN_POINT('',(0.00588038475772934,-0.00709555961546731,-0.0013));
#3408=CARTESIAN_POINT('',(0.00570717967697245,-0.0358247392222174,-0.0012));
#3409=CARTESIAN_POINT('',(0.00564076398336386,-0.0359110157390299,-0.00131503535575));
#3410=CARTESIAN_POINT('',(0.00572114402882965,-0.0360228154335727,-0.00150000000000063));
#3411=CARTESIAN_POINT('',(0.00588038475772893,-0.0360228154335729,-0.00150000000000096));
#3412=CARTESIAN_POINT('',(0.00588038475772934,-0.0364267392222174,-0.0013));
#3413=CARTESIAN_POINT('',(0.00588038475772934,-0.00362473922221737,-0.0013));
#3414=CARTESIAN_POINT('',(0.00588038475772934,-0.00575391882896743,-0.0013));
#3415=CARTESIAN_POINT('',(-0.00588038475772934,-0.0364267392222174,-0.0013));
#3416=CARTESIAN_POINT('',(-0.00588038475772934,-0.00709555961546731,-0.0013));
#3417=CARTESIAN_POINT('',(-0.00570717967697245,-0.00709555961546731,-0.0012));
#3418=CARTESIAN_POINT('',(-0.00570717967697245,-0.0364267392222174,-0.0012));
#3419=CARTESIAN_POINT('',(-0.00570717967697245,-0.0358247392222173,-0.0012));
#3420=CARTESIAN_POINT('',(-0.00588038475772934,-0.0360228154335707,-0.0015));
#3421=CARTESIAN_POINT('',(-0.00572174975489656,-0.0360228154335707,-0.0015));
#3422=CARTESIAN_POINT('',(-0.00564092686073227,-0.0359108041551216,-0.0013147532438723));
#3423=CARTESIAN_POINT('',(-0.00570717967697233,-0.0358247392222173,-0.00119999999999996));
#3424=CARTESIAN_POINT('',(-0.00588038475772934,-0.0364267392222174,-0.0013));
#3425=CARTESIAN_POINT('',(-0.00588038475772934,-0.00362473922221737,-0.0013));
#3426=CARTESIAN_POINT('',(-0.00570717967697245,-0.00362473922221737,-0.0012));
#3427=CARTESIAN_POINT('',(-0.00570717967697245,-0.0364267392222174,-0.0012));
#3428=CARTESIAN_POINT('',(-0.00570717967697245,-0.00575391882896743,-0.0012));
#3429=CARTESIAN_POINT('',(-0.00588038475772934,-0.00575391882896743,-0.0013));
#3430=CARTESIAN_POINT('',(0.00915358983848622,-0.0364267392222174,-0.0013));
#3431=CARTESIAN_POINT('',(0.00915358983848622,-0.00709555961546731,-0.0013));
#3432=CARTESIAN_POINT('',(0.00915358983848622,-0.0360228154335707,-0.0015));
#3433=CARTESIAN_POINT('',(0.009312224841319,-0.0360228154335707,-0.0015));
#3434=CARTESIAN_POINT('',(0.0093930477354833,-0.0359108041551216,-0.00131475324387231));
#3435=CARTESIAN_POINT('',(0.00932679491924324,-0.0358247392222173,-0.00119999999999996));
#3436=CARTESIAN_POINT('',(0.00915358983848622,-0.0364267392222174,-0.0013));
#3437=CARTESIAN_POINT('',(0.00915358983848622,-0.00362473922221737,-0.0013));
#3438=CARTESIAN_POINT('',(0.00915358983848622,-0.00575391882896743,-0.0013));
#3439=CARTESIAN_POINT('',(-0.00915358983848622,-0.0364267392222174,-0.0013));
#3440=CARTESIAN_POINT('',(-0.00932679491924311,-0.0364267392222174,-0.0012));
#3441=CARTESIAN_POINT('',(-0.00932679491924311,-0.00709555961546731,-0.0012));
#3442=CARTESIAN_POINT('',(-0.00932679491924311,-0.0358247392222173,-0.0012));
#3443=CARTESIAN_POINT('',(-0.00915358983848622,-0.00709555961546731,-0.0013));
#3444=CARTESIAN_POINT('',(-0.00932679491924311,-0.0358247392222173,-0.0012));
#3445=CARTESIAN_POINT('',(-0.0093932106128517,-0.0359110157390299,-0.00131503535575001));
#3446=CARTESIAN_POINT('',(-0.00931283056738591,-0.0360228154335727,-0.00150000000000063));
#3447=CARTESIAN_POINT('',(-0.00915358983848663,-0.0360228154335729,-0.00150000000000095));
#3448=CARTESIAN_POINT('',(-0.00915358983848622,-0.0364267392222174,-0.0013));
#3449=CARTESIAN_POINT('',(-0.00915358983848622,-0.00362473922221737,-0.0013));
#3450=CARTESIAN_POINT('',(-0.00932679491924311,-0.00362473922221737,-0.0012));
#3451=CARTESIAN_POINT('',(-0.00915358983848622,-0.00575391882896743,-0.0013));
#3452=CARTESIAN_POINT('',(-0.00932679491924311,-0.00575391882896743,-0.0012));
#3453=CARTESIAN_POINT('',(-0.00932679491924311,-0.0364267392222174,-0.0012));
#3454=CARTESIAN_POINT('',(0.011002,-0.0189247392222174,0.009));
#3455=CARTESIAN_POINT('',(-0.0108,-0.0364247392222174,0.009));
#3456=CARTESIAN_POINT('',(-0.0108,-0.00162473922221737,0.009));
#3457=CARTESIAN_POINT('',(-0.0108,-0.0344247392222174,0.009));
#3458=CARTESIAN_POINT('',(0.011002,-0.0344247392222174,0.009));
#3459=CARTESIAN_POINT('',(0.0108,-0.0344247392222174,0.009));
#3460=CARTESIAN_POINT('',(0.0108,-0.0189247392222174,0.009));
#3461=CARTESIAN_POINT('',(0.0108,-0.00162473922221737,0.009));
#3462=CARTESIAN_POINT('',(0.011002,-0.00162473922221737,0.009));
#3463=CARTESIAN_POINT('',(-0.0095,-0.0263747392222174,0.009));
#3464=CARTESIAN_POINT('',(0.0095,-0.0263747392222174,0.009));
#3465=CARTESIAN_POINT('',(-0.00885,-0.259742360357549,0.00685));
#3466=CARTESIAN_POINT('',(-0.0082,-0.00162473922221739,0.0075));
#3467=CARTESIAN_POINT('',(-0.00825857864376269,-0.00162473922221739,0.00744142135623731));
#3468=CARTESIAN_POINT('',(-0.00825857864376269,-0.0349247392222174,0.00744142135623731));
#3469=CARTESIAN_POINT('',(-0.0041,-0.259742360357549,0.0075));
#3470=CARTESIAN_POINT('',(-0.00811715728752538,-0.00142473922221736,0.0075));
#3471=CARTESIAN_POINT('',(-0.00811715728752538,-0.00162473922221739,0.0075));
#3472=CARTESIAN_POINT('',(0.0082,-0.00162473922221739,0.0075));
#3473=CARTESIAN_POINT('',(0.00811715728752538,-0.00162473922221739,0.0075));
#3474=CARTESIAN_POINT('',(0.00811715728752538,-0.259742360357549,0.0075));
#3475=CARTESIAN_POINT('',(0.00885,-0.259742360357549,0.00685));
#3476=CARTESIAN_POINT('',(0.00825857864376269,-0.259742360357549,0.00744142135623728));
#3477=CARTESIAN_POINT('',(0.00825857864376269,-0.00162473922221737,0.00744142135623731));
#3478=CARTESIAN_POINT('',(0.00885,-0.00162473922221739,0.00685));
#3479=CARTESIAN_POINT('',(0.00811715728752538,-0.259742360357549,0.0073));
#3480=CARTESIAN_POINT('',(0.00811715728752538,-0.00162473922221739,0.0073));
#3481=CARTESIAN_POINT('',(-0.00811715728752538,-0.259742360357549,0.0073));
#3482=CARTESIAN_POINT('',(-0.00811715728752538,-0.00162473922221739,0.0073));
#3483=CARTESIAN_POINT('',(0.011002,-0.0174247392222174,0.));
#3484=CARTESIAN_POINT('',(0.0108,-0.0174247392222174,0.));
#3485=CARTESIAN_POINT('',(0.0108,-0.0334247392222174,-8.67361737988404E-19));
#3486=CARTESIAN_POINT('',(0.011002,-0.0334247392222174,-8.67361737988404E-19));
#3487=CARTESIAN_POINT('',(0.00863397459621556,-0.00342473922221737,-2.40933816107891E-20));
#3488=CARTESIAN_POINT('',(0.011002,-0.0334247392222174,-0.003));
#3489=CARTESIAN_POINT('',(-0.00466794919243112,-0.0334247392222174,-0.003));
#3490=CARTESIAN_POINT('',(-0.00638453495104229,-0.0338247392222174,-2.67862505362983E-5));
#3491=CARTESIAN_POINT('',(-0.00638453495104229,-0.0338247392222174,-2.67862505362991E-5));
#3492=CARTESIAN_POINT('',(-0.00636302427311443,-0.0341016761476351,-6.40438376125983E-5));
#3493=CARTESIAN_POINT('',(-0.00604295452345926,-0.0345737420343449,-0.000208971140345552));
#3494=CARTESIAN_POINT('',(-0.00555129171091692,-0.0348119141593648,-0.000338929347121191));
#3495=CARTESIAN_POINT('',(-0.00528304367904078,-0.0348771079770452,-0.000375));
#3496=CARTESIAN_POINT('',(-0.00528304367904078,-0.0348771079770452,-0.000375));
#3497=CARTESIAN_POINT('',(0.011002,-0.0348771079770452,-0.000375));
#3498=CARTESIAN_POINT('',(0.00528304367904079,-0.0348771079770452,-0.000375));
#3499=CARTESIAN_POINT('',(0.00528304367904079,-0.0348771079770452,-0.000375));
#3500=CARTESIAN_POINT('',(0.00555147243759243,-0.0348118702363513,-0.000338905045249774));
#3501=CARTESIAN_POINT('',(0.00604147167466889,-0.0345747647361173,-0.000209429443312583));
#3502=CARTESIAN_POINT('',(0.00636299054657774,-0.0341021103563294,-6.41022536877153E-5));
#3503=CARTESIAN_POINT('',(0.00638453495104229,-0.0338247392222174,-2.67862505362995E-5));
#3504=CARTESIAN_POINT('',(0.0108,-0.0334247392222174,-0.003));
#3505=CARTESIAN_POINT('',(0.0108,-0.0360497392222174,-0.00154763124517222));
#3506=CARTESIAN_POINT('',(0.011002,-0.0360497392222174,-0.00154763124517222));
#3507=CARTESIAN_POINT('',(-0.0108,-0.0360497392222174,-0.00154763124517222));
#3508=CARTESIAN_POINT('',(-0.0108,-0.0334247392222174,-0.003));
#3509=CARTESIAN_POINT('',(-0.0108,-0.0334247392222174,-8.67361737988404E-19));
#3510=CARTESIAN_POINT('',(0.011002,-0.0334247392222174,-8.67361737988404E-19));
#3511=CARTESIAN_POINT('',(-0.00863397459621556,-0.0334247392222174,1.56606980470128E-18));
#3512=CARTESIAN_POINT('',(-0.0103660254037844,-0.0334247392222174,-0.003));
#3513=CARTESIAN_POINT('',(0.011002,-0.0364247392222174,0.003));
#3514=CARTESIAN_POINT('',(0.0108,-0.0364247392222174,0.003));
#3515=CARTESIAN_POINT('',(0.0108,-0.0364247392222174,-0.00145080666151704));
#3516=CARTESIAN_POINT('',(0.0108,-0.0364247392222174,0.007));
#3517=CARTESIAN_POINT('',(0.011002,-0.0364247392222174,0.007));
#3518=CARTESIAN_POINT('',(-0.0108,-0.0364247392222174,0.007));
#3519=CARTESIAN_POINT('',(-0.0108,-0.0364247392222174,-0.003));
#3520=CARTESIAN_POINT('',(-0.0108,-0.0364247392222174,-0.00145080666151704));
#3521=CARTESIAN_POINT('',(0.011002,-0.0364247392222174,-0.00145080666151704));
#3522=CARTESIAN_POINT('',(0.011002,-0.0174247392222174,0.));
#3523=CARTESIAN_POINT('',(-0.00863397459621556,-0.00342473922221737,-1.27092587996912E-18));
#3524=CARTESIAN_POINT('',(-0.00863397459621556,-0.00362473922221737,-2.1924977265818E-18));
#3525=CARTESIAN_POINT('',(-0.00863397459621556,-0.0364267392222174,1.20442814672334E-18));
#3526=CARTESIAN_POINT('',(-0.0108,-0.00142473922221737,0.));
#3527=CARTESIAN_POINT('',(-0.0095,-0.259742360357549,0.00465));
#3528=CARTESIAN_POINT('',(-0.0095000000000005,-0.0342042461296375,0.00310000000370114));
#3529=CARTESIAN_POINT('',(-0.0095000000000005,-0.0340788338725921,0.00307760367429272));
#3530=CARTESIAN_POINT('',(-0.0095,-0.0339516889618772,0.0030656854249493));
#3531=CARTESIAN_POINT('',(-0.0095,-0.0338247392222174,0.00306568542494924));
#3532=CARTESIAN_POINT('',(-0.0095,-0.0342042461302983,0.0031));
#3533=CARTESIAN_POINT('',(-0.0095,-0.0338247392222174,0.00306568542494923));
#3534=CARTESIAN_POINT('',(-0.0095,-0.259742360357549,0.00306568542494921));
#3535=CARTESIAN_POINT('',(-0.0095,-0.00162473922221739,0.00306568542494924));
#3536=CARTESIAN_POINT('',(-0.0095,-0.0016247392222174,0.00306568542494925));
#3537=CARTESIAN_POINT('',(-0.0095,-0.00156207726550328,0.00306568542494925));
#3538=CARTESIAN_POINT('',(-0.0095,-0.00151080554393517,0.00302133164702437));
#3539=CARTESIAN_POINT('',(-0.0095,-0.00146289551190793,0.00298281607691659));
#3540=CARTESIAN_POINT('',(-0.0095,-0.00162473922221739,0.00318284271247463));
#3541=CARTESIAN_POINT('',(-0.0095,-0.00156394711652605,0.00312204908696299));
#3542=CARTESIAN_POINT('',(-0.0095,-0.00150184037170793,0.0030594729163451));
#3543=CARTESIAN_POINT('',(-0.0095,-0.00146270471475539,0.00298295729424159));
#3544=CARTESIAN_POINT('',(-0.0095,-0.00162473922221739,0.00318284271247463));
#3545=CARTESIAN_POINT('',(-0.0095,-0.0016247392222174,0.0062));
#3546=CARTESIAN_POINT('',(-0.0095,-0.0354247392222174,0.0062));
#3547=CARTESIAN_POINT('',(-0.0095,-0.0354247392222174,0.0062));
#3548=CARTESIAN_POINT('',(-0.0095,-0.0354247392222174,0.0062));
#3549=CARTESIAN_POINT('',(-0.0095,-0.0354247392222174,0.00465));
#3550=CARTESIAN_POINT('',(-0.0095,-0.0354247392222174,0.0031));
#3551=CARTESIAN_POINT('',(-0.0095,-0.0354247392222174,0.0031));
#3552=CARTESIAN_POINT('',(-0.00885,-0.259742360357549,0.00685));
#3553=CARTESIAN_POINT('',(-0.00825857864376269,-0.0349247392222174,0.00744142135623731));
#3554=CARTESIAN_POINT('',(-0.0041,-0.259742360357549,0.0075));
#3555=CARTESIAN_POINT('',(0.00811715728752538,-0.259742360357549,0.0075));
#3556=CARTESIAN_POINT('',(0.00811715728752538,-0.0338247392222174,0.0075));
#3557=CARTESIAN_POINT('',(-0.00811715728752538,-0.0338247392222174,0.0075));
#3558=CARTESIAN_POINT('',(-0.00811715728752538,-0.0338247392222174,0.0075));
#3559=CARTESIAN_POINT('',(-0.00811715728752538,-0.00142473922221736,0.0075));
#3560=CARTESIAN_POINT('',(0.00885,-0.259742360357549,0.00685));
#3561=CARTESIAN_POINT('',(0.00825857864376269,-0.259742360357549,0.00744142135623728));
#3562=CARTESIAN_POINT('',(0.0095,-0.259742360357549,0.00465));
#3563=CARTESIAN_POINT('',(0.0095,-0.00162473922221739,0.00318284271247462));
#3564=CARTESIAN_POINT('',(0.0095,-0.00156394711656757,0.0031220490870045));
#3565=CARTESIAN_POINT('',(0.0095,-0.00150184037179418,0.00305947291643356));
#3566=CARTESIAN_POINT('',(0.0095,-0.00146270471483557,0.00298295729439835));
#3567=CARTESIAN_POINT('',(0.0095,-0.00162473922221739,0.00318284271247462));
#3568=CARTESIAN_POINT('',(0.0095,-0.00162473922221738,0.00306568542494924));
#3569=CARTESIAN_POINT('',(0.0095,-0.00156207726557429,0.00306568542494923));
#3570=CARTESIAN_POINT('',(0.0095,-0.00151080554405087,0.00302133164710372));
#3571=CARTESIAN_POINT('',(0.0095,-0.00146289551207083,0.00298281607704755));
#3572=CARTESIAN_POINT('',(0.0095,-0.00162473922221739,0.00306568542494924));
#3573=CARTESIAN_POINT('',(0.0095,-0.259742360357549,0.00306568542494921));
#3574=CARTESIAN_POINT('',(0.0095,-0.0338247392222174,0.00306568542494923));
#3575=CARTESIAN_POINT('',(0.00950000000000048,-0.0342042461296397,0.00310000000370113));
#3576=CARTESIAN_POINT('',(0.00950000000000048,-0.0340788338725935,0.00307760367429303));
#3577=CARTESIAN_POINT('',(0.0095,-0.033951688961878,0.00306568542494933));
#3578=CARTESIAN_POINT('',(0.0095,-0.0338247392222174,0.00306568542494924));
#3579=CARTESIAN_POINT('',(0.0095,-0.0342042461303005,0.0031));
#3580=CARTESIAN_POINT('',(0.0095,-0.0354247392222174,0.0031));
#3581=CARTESIAN_POINT('',(0.0095,-0.0354247392222174,0.0031));
#3582=CARTESIAN_POINT('',(0.0095,-0.0354247392222174,0.00465));
#3583=CARTESIAN_POINT('',(0.0095,-0.0354247392222174,0.0062));
#3584=CARTESIAN_POINT('',(0.0095,-0.0354247392222174,0.0062));
#3585=CARTESIAN_POINT('',(0.0095,-0.0354247392222174,0.0062));
#3586=CARTESIAN_POINT('',(0.0095,-0.00154524181951372,0.0062));
#3587=CARTESIAN_POINT('',(0.0095,-0.00162473922221739,0.00611715728752538));
#3588=CARTESIAN_POINT('',(0.0095,-0.00159770405540676,0.00614419313022309));
#3589=CARTESIAN_POINT('',(0.0095,-0.00157055591709998,0.00617134577695286));
#3590=CARTESIAN_POINT('',(0.0095,-0.00154524181951372,0.0062));
#3591=CARTESIAN_POINT('',(0.0095,-0.00162473922221737,0.00611715728752538));
#3592=CARTESIAN_POINT('',(0.0095,-0.00162473922221739,0.00465));
#3593=CARTESIAN_POINT('',(0.011002,-0.0349247392222174,0.003));
#3594=CARTESIAN_POINT('',(-0.00866360389693211,-0.0349247392222174,0.00381923881554251));
#3595=CARTESIAN_POINT('',(-0.00564080101545565,-0.0349247392222174,0.000796435934066048));
#3596=CARTESIAN_POINT('',(-0.0077443650813896,-0.0349247392222174,0.0029));
#3597=CARTESIAN_POINT('',(0.011002,-0.0349247392222174,0.0029));
#3598=CARTESIAN_POINT('',(0.00774436508138637,-0.0349247392222174,0.00289999999999676));
#3599=CARTESIAN_POINT('',(0.0094231825406948,-0.0349247392222174,0.0045788174593052));
#3600=CARTESIAN_POINT('',(0.00564080101545564,-0.0349247392222174,0.000796435934066043));
#3601=CARTESIAN_POINT('',(0.00656003983099815,-0.0349247392222174,-0.00012280288147647));
#3602=CARTESIAN_POINT('',(0.00543420680607838,-0.0349247392222174,0.000527197118523532));
#3603=CARTESIAN_POINT('',(0.00789691016151378,-0.0349247392222174,0.00479272445410799));
#3604=CARTESIAN_POINT('',(0.00512628196924806,-0.0349247392222174,-6.14434377893438E-6));
#3605=CARTESIAN_POINT('',(0.,-0.0349247392222174,-6.14434377893438E-6));
#3606=CARTESIAN_POINT('',(-0.00512628196924807,-0.0349247392222174,-6.14434377893438E-6));
#3607=CARTESIAN_POINT('',(-0.00546008871058864,-0.0349247392222174,0.000572025892131943));
#3608=CARTESIAN_POINT('',(-0.00543420680607839,-0.0349247392222174,0.00052719711852354));
#3609=CARTESIAN_POINT('',(-0.00656003983099816,-0.0349247392222174,-0.000122802881476461));
#3610=CARTESIAN_POINT('',(-0.00596698729810779,-0.0364267392222174,-0.00075));
#3611=CARTESIAN_POINT('',(-0.00639673627629656,-0.0338247392222174,-5.65293527623139E-6));
#3612=CARTESIAN_POINT('',(-0.00559170962313453,-0.00642473922221737,-0.0014));
#3613=CARTESIAN_POINT('',(-0.00642379763209583,-0.00362473922221737,4.12187078897949E-5));
#3614=CARTESIAN_POINT('',(-0.00906698729810778,-0.0364267392222174,-0.00075));
#3615=CARTESIAN_POINT('',(-0.00485168331506585,-0.00362473922221737,0.00655112066797609));
#3616=CARTESIAN_POINT('',(-0.00944226497308104,-0.00642473922221737,-0.0014));
#3617=CARTESIAN_POINT('',(0.00811715728752538,-0.259742360357549,0.0073));
#3618=CARTESIAN_POINT('',(0.00811715728752538,-0.0338247392222174,0.0073));
#3619=CARTESIAN_POINT('',(-0.00811715728752538,-0.259742360357549,0.0073));
#3620=CARTESIAN_POINT('',(-0.00811715728752538,-0.0338247392222174,0.0073));
#3621=CARTESIAN_POINT('',(-0.0041,-0.00162473922221739,0.0077));
#3622=CARTESIAN_POINT('',(-0.00811715728752538,-0.00162473922221737,0.0077));
#3623=CARTESIAN_POINT('',(0.00811715728752538,-0.00162473922221739,0.0077));
#3624=CARTESIAN_POINT('',(0.00811715728752538,-0.00162473922221739,0.0073));
#3625=CARTESIAN_POINT('',(0.0084,-0.00162473922221737,0.00758284271247462));
#3626=CARTESIAN_POINT('',(-0.00811715728752538,-0.00162473922221739,0.0073));
#3627=CARTESIAN_POINT('',(-0.0084,-0.00162473922221739,0.00758284271247462));
#3628=CARTESIAN_POINT('',(0.0112424213562373,-0.00162473922221737,0.00474042135623731));
#3629=CARTESIAN_POINT('',(0.00958284271247462,-0.00162473922221737,0.0064));
#3630=CARTESIAN_POINT('',(-0.00899142135623731,-0.00162473922221739,0.00699142135623732));
#3631=CARTESIAN_POINT('',(0.0093,-0.00162473922221739,0.00611715728752538));
#3632=CARTESIAN_POINT('',(0.00950000000000003,-0.00154524181951374,0.0062));
#3633=CARTESIAN_POINT('',(0.00948843187897822,-0.00156991427201656,0.0062));
#3634=CARTESIAN_POINT('',(0.00948203594422496,-0.00159735277771424,0.0062));
#3635=CARTESIAN_POINT('',(0.00948203594422495,-0.00162473922221735,0.0062));
#3636=CARTESIAN_POINT('',(0.0097,-0.00162473922221737,0.00611715728752538));
#3637=CARTESIAN_POINT('',(0.0097,-0.00162473922221737,0.0045));
#3638=CARTESIAN_POINT('',(0.0097,-0.00162473922221737,0.00318284271247462));
#3639=CARTESIAN_POINT('',(-0.0097,-0.00162473922221739,0.00465));
#3640=CARTESIAN_POINT('',(-0.0097,-0.00162473922221737,0.00318284271247463));
#3641=CARTESIAN_POINT('',(0.0093,-0.00162473922221739,0.00318284271247462));
#3642=CARTESIAN_POINT('',(-0.0093,-0.00162473922221739,0.00318284271247463));
#3643=CARTESIAN_POINT('',(0.0108,-0.00162473922221737,0.0045));
#3644=CARTESIAN_POINT('',(0.0108,-0.00162473922221737,0.0002));
#3645=CARTESIAN_POINT('',(0.0108,-0.00162473922221737,0.0088));
#3646=CARTESIAN_POINT('',(-0.0108,-0.00162473922221737,0.000466348775623805));
#3647=CARTESIAN_POINT('',(-0.0108,-0.00162473922221737,0.0088));
#3648=CARTESIAN_POINT('',(-0.0108,-0.00162473922221737,0.0002));
#3649=CARTESIAN_POINT('',(0.011002,-0.00162473922221737,0.0088));
#3650=CARTESIAN_POINT('',(0.0108,-0.00162473922221737,0.0088));
#3651=CARTESIAN_POINT('',(-0.0108,-0.00162473922221737,0.0088));
#3652=CARTESIAN_POINT('',(0.0108,-0.00162473922221737,0.0088));
#3653=CARTESIAN_POINT('',(0.0108,-0.00162473922221737,0.0088));
#3654=CARTESIAN_POINT('',(0.0108,-0.00162473922221737,0.0002));
#3655=CARTESIAN_POINT('',(0.0108,-0.00162473922221737,0.0002));
#3656=CARTESIAN_POINT('',(-0.0108,-0.00162473922221737,0.0002));
#3657=CARTESIAN_POINT('',(-0.0108,-0.00162473922221737,0.0002));
#3658=CARTESIAN_POINT('',(-0.0108,-0.00162473922221737,0.0088));
#3659=CARTESIAN_POINT('',(-0.0108,-0.00162473922221737,0.0088));
#3660=CARTESIAN_POINT('',(0.0108,-0.0189247392222174,0.0088));
#3661=CARTESIAN_POINT('',(0.0108,-0.0344247392222174,0.0088));
#3662=CARTESIAN_POINT('',(0.0108,-0.0174247392222174,0.0002));
#3663=CARTESIAN_POINT('',(0.0108,-0.0334247392222174,0.0002));
#3664=CARTESIAN_POINT('',(-0.0108,-0.0169623696111087,0.0002));
#3665=CARTESIAN_POINT('',(-0.0108,-0.0334247392222174,0.0002));
#3666=CARTESIAN_POINT('',(-0.0108,-0.0169623696111087,0.0088));
#3667=CARTESIAN_POINT('',(-0.0108,-0.0344247392222174,0.0088));
#3668=CARTESIAN_POINT('',(0.0108,-0.0362247392222174,0.003));
#3669=CARTESIAN_POINT('',(0.0108,-0.0362247392222174,0.007));
#3670=CARTESIAN_POINT('',(0.0108,-0.0362247392222174,-0.00145080666151704));
#3671=CARTESIAN_POINT('',(0.0108,-0.0334247392222174,-0.003));
#3672=CARTESIAN_POINT('',(0.0108,-0.0362247392222174,-0.00145080666151704));
#3673=CARTESIAN_POINT('',(-0.0108,-0.0334247392222174,-0.003));
#3674=CARTESIAN_POINT('',(-0.0108,-0.0362247392222174,-0.00145080666151704));
#3675=CARTESIAN_POINT('',(-0.0108,-0.0362247392222174,0.000466348775623803));
#3676=CARTESIAN_POINT('',(-0.0108,-0.0362247392222174,0.007));
#3677=CARTESIAN_POINT('',(-0.0108,-0.0362247392222174,-0.00145080666151704));
#3678=CARTESIAN_POINT('',(0.0108,-0.0362247392222174,-0.00145080666151704));
#3679=CARTESIAN_POINT('',(0.0108,-0.0362247392222174,-0.00145080666151704));
#3680=CARTESIAN_POINT('',(-0.0108,-0.0362247392222174,-0.00145080666151704));
#3681=CARTESIAN_POINT('',(-0.0108,-0.0362247392222174,-0.00145080666151704));
#3682=CARTESIAN_POINT('',(0.011002,-0.0362247392222174,-0.00145080666151704));
#3683=CARTESIAN_POINT('',(0.011002,-0.0349739325607003,-0.0002));
#3684=CARTESIAN_POINT('',(-0.00528304367904078,-0.0348771079770452,-0.000375));
#3685=CARTESIAN_POINT('',(-0.00537307389691014,-0.0348552274302674,-0.000362893858103424));
#3686=CARTESIAN_POINT('',(-0.00549848030803822,-0.0348151568319167,-0.000332676224968245));
#3687=CARTESIAN_POINT('',(-0.00566514752220943,-0.034760758195135,-0.000228432476082554));
#3688=CARTESIAN_POINT('',(-0.00567661141465864,-0.0348025533523159,-7.18636546477662E-5));
#3689=CARTESIAN_POINT('',(-0.00553395376369875,-0.034865767953869,-3.12412592317446E-5));
#3690=CARTESIAN_POINT('',(-0.00536208768096124,-0.0349105074417389,-7.59426298387775E-6));
#3691=CARTESIAN_POINT('',(-0.00521962601446915,-0.0349247392222174,-6.14434377879093E-6));
#3692=CARTESIAN_POINT('',(-0.00512628196924808,-0.0349247392222174,-6.14434377879213E-6));
#3693=CARTESIAN_POINT('',(0.00512628196924806,-0.0349247392222174,-6.14434377893463E-6));
#3694=CARTESIAN_POINT('',(0.00521945875301172,-0.0349247392222174,-6.14434377893452E-6));
#3695=CARTESIAN_POINT('',(0.00535902901870712,-0.0349109792612001,-7.44180083860939E-6));
#3696=CARTESIAN_POINT('',(0.00553183794885016,-0.0348664817862874,-3.08742426294309E-5));
#3697=CARTESIAN_POINT('',(0.0056751056564734,-0.0348036474238955,-7.0479422648769E-5));
#3698=CARTESIAN_POINT('',(0.00566660599673205,-0.0347604334723481,-0.000227045351803365));
#3699=CARTESIAN_POINT('',(0.00549932448673426,-0.0348148121226547,-0.000332567606713505));
#3700=CARTESIAN_POINT('',(0.00537341230826587,-0.0348551451842652,-0.00036284835276101));
#3701=CARTESIAN_POINT('',(0.00528304367904079,-0.0348771079770452,-0.000375));
#3702=CARTESIAN_POINT('',(0.011002,-0.00642473922221737,-0.0015));
#3703=CARTESIAN_POINT('',(0.011002,-0.00594558179846742,-0.00135714285714285));
#3704=CARTESIAN_POINT('',(-0.00915358983848622,-0.00594558179846742,-0.00135714285714285));
#3705=CARTESIAN_POINT('',(-0.00588038475772934,-0.00594558179846742,-0.00135714285714285));
#3706=CARTESIAN_POINT('',(-0.00576491470389141,-0.00642473922221737,-0.0015));
#3707=CARTESIAN_POINT('',(-0.00588038475772934,-0.00690389664596733,-0.00135714285714285));
#3708=CARTESIAN_POINT('',(0.011002,-0.00690389664596733,-0.00135714285714285));
#3709=CARTESIAN_POINT('',(-0.00915358983848622,-0.00690389664596733,-0.00135714285714285));
#3710=CARTESIAN_POINT('',(-0.00926905989232415,-0.00642473922221737,-0.0015));
#3711=CARTESIAN_POINT('',(0.011002,-0.00642473922221737,-0.0015));
#3712=CARTESIAN_POINT('',(0.011002,-0.00690389664596733,-0.00135714285714285));
#3713=CARTESIAN_POINT('',(0.00915358983848622,-0.00690389664596733,-0.00135714285714285));
#3714=CARTESIAN_POINT('',(0.00588038475772934,-0.00690389664596733,-0.00135714285714285));
#3715=CARTESIAN_POINT('',(0.00576491470389142,-0.00642473922221737,-0.0015));
#3716=CARTESIAN_POINT('',(0.00588038475772934,-0.00594558179846742,-0.00135714285714285));
#3717=CARTESIAN_POINT('',(0.011002,-0.00594558179846742,-0.00135714285714285));
#3718=CARTESIAN_POINT('',(0.00915358983848622,-0.00594558179846742,-0.00135714285714285));
#3719=CARTESIAN_POINT('',(0.00926905989232415,-0.00642473922221737,-0.0015));
#3720=CARTESIAN_POINT('',(-0.00915358983848622,-0.00575391882896744,-0.0013));
#3721=CARTESIAN_POINT('',(-0.00915358983848622,-0.00575391882896744,-0.0013));
#3722=CARTESIAN_POINT('',(-0.00915358983848622,-0.00575391882896744,-0.0013));
#3723=CARTESIAN_POINT('',(-0.00915358983848623,-0.00594558179846741,-0.00135714285714286));
#3724=CARTESIAN_POINT('',(-0.00935566243270259,-0.00597752562671741,-0.00125));
#3725=CARTESIAN_POINT('',(-0.00932679491924311,-0.00575391882896743,-0.0012));
#3726=CARTESIAN_POINT('',(-0.00907089872043382,-0.00597608287686193,-0.00125483913012707));
#3727=CARTESIAN_POINT('',(-0.00929337226521727,-0.00603618229110096,-0.00114211026510393));
#3728=CARTESIAN_POINT('',(-0.00924410380119079,-0.0057966203387895,-0.00105677478219871));
#3729=CARTESIAN_POINT('',(-0.0089221390026449,-0.00610477968051211,-0.00107079670919919));
#3730=CARTESIAN_POINT('',(-0.00921077927470952,-0.00623323437438947,-0.000999055009194696));
#3731=CARTESIAN_POINT('',(-0.00909534408340174,-0.00597679586380011,-0.000799115392868462));
#3732=CARTESIAN_POINT('',(-0.00883630255451467,-0.00642473922221737,-0.000964601645400407));
#3733=CARTESIAN_POINT('',(-0.00921162896130554,-0.00642473922221736,-0.00100052670954993));
#3734=CARTESIAN_POINT('',(-0.00900950763527158,-0.00642473922221737,-0.000650442303565769));
#3735=CARTESIAN_POINT('',(-0.0089221390026449,-0.00674469876392263,-0.00107079670919918));
#3736=CARTESIAN_POINT('',(-0.00921077927470953,-0.00661624407004528,-0.000999055009194693));
#3737=CARTESIAN_POINT('',(-0.00909534408340174,-0.00687268258063464,-0.000799115392868461));
#3738=CARTESIAN_POINT('',(-0.0090708987204338,-0.00687339556757281,-0.00125483913012709));
#3739=CARTESIAN_POINT('',(-0.00929337226521726,-0.00681329615333377,-0.00114211026510393));
#3740=CARTESIAN_POINT('',(-0.00924410380119079,-0.00705285810564523,-0.00105677478219871));
#3741=CARTESIAN_POINT('',(-0.00915358983848623,-0.00690389664596733,-0.00135714285714286));
#3742=CARTESIAN_POINT('',(-0.00935566243270259,-0.00687195281771733,-0.00125));
#3743=CARTESIAN_POINT('',(-0.00932679491924311,-0.00709555961546731,-0.0012));
#3744=CARTESIAN_POINT('',(-0.00915358983848622,-0.00709555961546731,-0.0013));
#3745=CARTESIAN_POINT('',(0.011002,-0.00575391882896744,-0.0013));
#3746=CARTESIAN_POINT('',(-0.00588038475772934,-0.00575391882896744,-0.0013));
#3747=CARTESIAN_POINT('',(-0.00915358983848622,-0.00709555961546731,-0.0013));
#3748=CARTESIAN_POINT('',(-0.00915358983848622,-0.00709555961546731,-0.0013));
#3749=CARTESIAN_POINT('',(-0.00588038475772934,-0.00575391882896744,-0.0013));
#3750=CARTESIAN_POINT('',(-0.00588038475772934,-0.00575391882896744,-0.0013));
#3751=CARTESIAN_POINT('',(0.011002,-0.00709555961546731,-0.0013));
#3752=CARTESIAN_POINT('',(-0.00588038475772934,-0.00709555961546731,-0.0013));
#3753=CARTESIAN_POINT('',(-0.00588038475772933,-0.00690389664596733,-0.00135714285714286));
#3754=CARTESIAN_POINT('',(-0.00567831216351296,-0.00687195281771733,-0.00125));
#3755=CARTESIAN_POINT('',(-0.00570717967697245,-0.00709555961546731,-0.0012));
#3756=CARTESIAN_POINT('',(-0.00596307587578176,-0.00687339556757281,-0.00125483913012709));
#3757=CARTESIAN_POINT('',(-0.00574060233099812,-0.00681329615333258,-0.00114211026510358));
#3758=CARTESIAN_POINT('',(-0.00578987079502476,-0.00705285810564523,-0.00105677478219871));
#3759=CARTESIAN_POINT('',(-0.00611183559357066,-0.00674469876392264,-0.00107079670919918));
#3760=CARTESIAN_POINT('',(-0.00582319532150608,-0.00661624407004603,-0.000999055009195013));
#3761=CARTESIAN_POINT('',(-0.00593863051281382,-0.00687268258063464,-0.000799115392868457));
#3762=CARTESIAN_POINT('',(-0.00619767204170086,-0.00642473922221737,-0.000964601645400404));
#3763=CARTESIAN_POINT('',(-0.00582234563490992,-0.00642473922221724,-0.0010005267095498));
#3764=CARTESIAN_POINT('',(-0.00602446696094397,-0.00642473922221737,-0.000650442303565789));
#3765=CARTESIAN_POINT('',(-0.00611183559357079,-0.0061047796805121,-0.0010707967091992));
#3766=CARTESIAN_POINT('',(-0.00582319532150636,-0.00623323437438909,-0.00099905500919486));
#3767=CARTESIAN_POINT('',(-0.00593863051281386,-0.0059767958638001,-0.00079911539286838));
#3768=CARTESIAN_POINT('',(-0.00596307587578146,-0.00597608287686194,-0.00125483913012706));
#3769=CARTESIAN_POINT('',(-0.00574060233099761,-0.00603618229110167,-0.00114211026510377));
#3770=CARTESIAN_POINT('',(-0.00578987079502466,-0.00579662033878951,-0.00105677478219888));
#3771=CARTESIAN_POINT('',(-0.00588038475772934,-0.00594558179846741,-0.00135714285714286));
#3772=CARTESIAN_POINT('',(-0.00567831216351297,-0.00597752562671741,-0.00125));
#3773=CARTESIAN_POINT('',(-0.00570717967697245,-0.00575391882896743,-0.0012));
#3774=CARTESIAN_POINT('',(-0.00588038475772934,-0.00709555961546731,-0.0013));
#3775=CARTESIAN_POINT('',(-0.00588038475772934,-0.00709555961546731,-0.0013));
#3776=CARTESIAN_POINT('',(0.00915358983848622,-0.00575391882896744,-0.0013));
#3777=CARTESIAN_POINT('',(0.00915358983848622,-0.00575391882896744,-0.0013));
#3778=CARTESIAN_POINT('',(0.00915358983848622,-0.00575391882896744,-0.0013));
#3779=CARTESIAN_POINT('',(0.011002,-0.00575391882896744,-0.0013));
#3780=CARTESIAN_POINT('',(0.00588038475772934,-0.00575391882896744,-0.0013));
#3781=CARTESIAN_POINT('',(0.00932679491924311,-0.00575391882896743,-0.0012));
#3782=CARTESIAN_POINT('',(0.00935566243270259,-0.00597752562671741,-0.00125));
#3783=CARTESIAN_POINT('',(0.00915358983848623,-0.00594558179846741,-0.00135714285714286));
#3784=CARTESIAN_POINT('',(0.00924410380119083,-0.00579662033878973,-0.00105677478219876));
#3785=CARTESIAN_POINT('',(0.00929337226521763,-0.00603618229110145,-0.00114211026510398));
#3786=CARTESIAN_POINT('',(0.0090708987204338,-0.00597608287686192,-0.0012548391301271));
#3787=CARTESIAN_POINT('',(0.00909534408340173,-0.0059767958638,-0.000799115392868439));
#3788=CARTESIAN_POINT('',(0.00921077927470932,-0.00623323437438922,-0.000999055009194665));
#3789=CARTESIAN_POINT('',(0.00892213900264491,-0.0061047796805121,-0.00107079670919918));
#3790=CARTESIAN_POINT('',(0.00900950763527158,-0.00642473922221737,-0.000650442303565777));
#3791=CARTESIAN_POINT('',(0.00921162896130565,-0.00642473922221737,-0.00100052670954996));
#3792=CARTESIAN_POINT('',(0.00883630255451466,-0.00642473922221737,-0.000964601645400401));
#3793=CARTESIAN_POINT('',(0.00909534408340174,-0.00687268258063476,-0.000799115392868453));
#3794=CARTESIAN_POINT('',(0.00921077927470931,-0.00661624407004553,-0.000999055009194627));
#3795=CARTESIAN_POINT('',(0.0089221390026449,-0.00674469876392264,-0.00107079670919921));
#3796=CARTESIAN_POINT('',(0.0092441038011908,-0.00705285810564493,-0.00105677478219872));
#3797=CARTESIAN_POINT('',(0.00929337226521765,-0.00681329615333327,-0.00114211026510406));
#3798=CARTESIAN_POINT('',(0.0090708987204338,-0.00687339556757279,-0.00125483913012703));
#3799=CARTESIAN_POINT('',(0.00932679491924311,-0.00709555961546731,-0.0012));
#3800=CARTESIAN_POINT('',(0.00935566243270259,-0.00687195281771733,-0.00125));
#3801=CARTESIAN_POINT('',(0.00915358983848623,-0.00690389664596733,-0.00135714285714286));
#3802=CARTESIAN_POINT('',(0.00915358983848622,-0.00709555961546731,-0.0013));
#3803=CARTESIAN_POINT('',(0.00588038475772934,-0.00575391882896744,-0.0013));
#3804=CARTESIAN_POINT('',(0.00588038475772934,-0.00575391882896744,-0.0013));
#3805=CARTESIAN_POINT('',(0.00915358983848622,-0.00709555961546731,-0.0013));
#3806=CARTESIAN_POINT('',(0.00915358983848622,-0.00709555961546731,-0.0013));
#3807=CARTESIAN_POINT('',(0.00570717967697246,-0.00709555961546731,-0.0012));
#3808=CARTESIAN_POINT('',(0.00567831216351297,-0.00687195281771733,-0.00125));
#3809=CARTESIAN_POINT('',(0.00588038475772934,-0.00690389664596733,-0.00135714285714286));
#3810=CARTESIAN_POINT('',(0.00578987079502474,-0.00705285810564502,-0.00105677478219877));
#3811=CARTESIAN_POINT('',(0.00574060233099878,-0.00681329615333444,-0.00114211026510441));
#3812=CARTESIAN_POINT('',(0.00596307587578146,-0.00687339556757283,-0.00125483913012714));
#3813=CARTESIAN_POINT('',(0.00593863051281384,-0.00687268258063473,-0.000799115392868439));
#3814=CARTESIAN_POINT('',(0.0058231953215059,-0.00661624407004466,-0.000999055009194313));
#3815=CARTESIAN_POINT('',(0.00611183559357082,-0.00674469876392263,-0.00107079670919916));
#3816=CARTESIAN_POINT('',(0.00602446696094399,-0.00642473922221737,-0.000650442303565776));
#3817=CARTESIAN_POINT('',(0.00582234563490999,-0.00642473922221778,-0.00100052670954996));
#3818=CARTESIAN_POINT('',(0.00619767204170083,-0.00642473922221737,-0.000964601645400417));
#3819=CARTESIAN_POINT('',(0.00593863051281383,-0.00597679586380001,-0.000799115392868454));
#3820=CARTESIAN_POINT('',(0.00582319532150635,-0.00623323437438898,-0.000999055009194974));
#3821=CARTESIAN_POINT('',(0.00611183559357081,-0.00610477968051211,-0.00107079670919917));
#3822=CARTESIAN_POINT('',(0.00578987079502476,-0.00579662033878973,-0.00105677478219873));
#3823=CARTESIAN_POINT('',(0.00574060233099754,-0.00603618229110134,-0.00114211026510363));
#3824=CARTESIAN_POINT('',(0.00596307587578147,-0.00597608287686192,-0.00125483913012711));
#3825=CARTESIAN_POINT('',(0.00570717967697246,-0.00575391882896743,-0.0012));
#3826=CARTESIAN_POINT('',(0.00567831216351298,-0.00597752562671741,-0.00125));
#3827=CARTESIAN_POINT('',(0.00588038475772934,-0.00594558179846741,-0.00135714285714286));
#3828=CARTESIAN_POINT('',(0.00588038475772934,-0.00709555961546731,-0.0013));
#3829=CARTESIAN_POINT('',(0.011002,-0.00709555961546731,-0.0013));
#3830=CARTESIAN_POINT('',(0.00588038475772934,-0.00709555961546731,-0.0013));
#3831=CARTESIAN_POINT('',(0.00588038475772934,-0.00709555961546731,-0.0013));
#3832=CARTESIAN_POINT('',(-0.00801698729810778,-0.00342473922221737,0.0005));
#3833=CARTESIAN_POINT('',(-0.00158821123990263,-0.00362473922221737,0.00570981232346386));
#3834=CARTESIAN_POINT('',(0.,-0.00362473922221737,0.00375));
#3835=CARTESIAN_POINT('',(0.00801698729810778,-0.00342473922221737,0.0005));
#3836=CARTESIAN_POINT('',(0.00158821123990262,-0.00362473922221737,0.00570981232346385));
#3837=CARTESIAN_POINT('',(0.,-0.00362473922221737,0.00375));
#3838=CARTESIAN_POINT('',(0.00789691016151378,-0.0338247392222174,0.00479272445410799));
#3839=CARTESIAN_POINT('',(0.00543420680607838,-0.0338247392222174,0.000527197118523531));
#3840=CARTESIAN_POINT('',(0.00656003983099815,-0.0338247392222174,-0.00012280288147647));
#3841=CARTESIAN_POINT('',(0.00564080101545564,-0.0338247392222174,0.000796435934066042));
#3842=CARTESIAN_POINT('',(0.00717218254069479,-0.0338247392222174,0.00232781745930519));
#3843=CARTESIAN_POINT('',(0.00774436507577574,-0.0349247392222174,0.00289999999953044));
#3844=CARTESIAN_POINT('',(0.00803812182079972,-0.0349247392228471,0.0029244797282453));
#3845=CARTESIAN_POINT('',(0.00841427147100523,-0.0348503176152365,0.00295075443660044));
#3846=CARTESIAN_POINT('',(0.00871623191066189,-0.0347292395509373,0.00297861493677273));
#3847=CARTESIAN_POINT('',(0.00886108120277239,-0.0346532668580164,0.00299209474489083));
#3848=CARTESIAN_POINT('',(0.00893167887579084,-0.0346123129407319,0.00299831494439936));
#3849=CARTESIAN_POINT('',(0.00906605137734167,-0.0345173466656783,0.00300870887941158));
#3850=CARTESIAN_POINT('',(0.00919663428736374,-0.0343990508958118,0.00301897201310317));
#3851=CARTESIAN_POINT('',(0.00938249760973814,-0.0341678924324551,0.00303424089313503));
#3852=CARTESIAN_POINT('',(0.00944142133610848,-0.0339592518501882,0.00304142133610847));
#3853=CARTESIAN_POINT('',(0.00944142135623732,-0.0338247392222174,0.00304142135623731));
#3854=CARTESIAN_POINT('',(0.0077443650813896,-0.0349247392222174,0.0064));
#3855=CARTESIAN_POINT('',(0.0077443650813896,-0.0349247392222174,0.0064));
#3856=CARTESIAN_POINT('',(0.0077443650813896,-0.0349247392222174,0.0064));
#3857=CARTESIAN_POINT('',(0.00787898592450358,-0.0349247392222174,0.00667264356927161));
#3858=CARTESIAN_POINT('',(0.00786047392368058,-0.0349247392220721,0.0066803115417703));
#3859=CARTESIAN_POINT('',(0.00784196188701387,-0.0349247392222174,0.00668797942773322));
#3860=CARTESIAN_POINT('',(0.00814715567249835,-0.0346863844182849,0.00721575974339325));
#3861=CARTESIAN_POINT('',(0.00810025872267537,-0.0346882365402045,0.00725920325555427));
#3862=CARTESIAN_POINT('',(0.00803637836939044,-0.0346863844182849,0.00726164520474379));
#3863=CARTESIAN_POINT('',(0.00825857864378656,-0.0341127186673032,0.00744142135621345));
#3864=CARTESIAN_POINT('',(0.00819999999997301,-0.0341217021688024,0.0074999999999353));
#3865=CARTESIAN_POINT('',(0.00811715728749208,-0.0341127186673032,0.0075));
#3866=CARTESIAN_POINT('',(0.0082585786437627,-0.0338247392222174,0.00744142135623731));
#3867=CARTESIAN_POINT('',(0.00820000000000001,-0.0338247392222174,0.0075));
#3868=CARTESIAN_POINT('',(0.00811715728752539,-0.0338247392222174,0.0075));
#3869=CARTESIAN_POINT('',(0.0077443650813896,-0.0338247392222174,0.0064));
#3870=CARTESIAN_POINT('',(0.011002,-0.0338247392222174,0.0064));
#3871=CARTESIAN_POINT('',(-0.00774436508138959,-0.0338247392222174,0.0064));
#3872=CARTESIAN_POINT('',(-0.00774436508138959,-0.0349247392222174,0.0064));
#3873=CARTESIAN_POINT('',(-0.00774436508138959,-0.0349247392222174,0.0064));
#3874=CARTESIAN_POINT('',(-0.00774436508138959,-0.0349247392222174,0.0064));
#3875=CARTESIAN_POINT('',(-0.00784196188701386,-0.0349247392222174,0.00668797942773355));
#3876=CARTESIAN_POINT('',(-0.00786047392368079,-0.0349247392220721,0.00668031154177063));
#3877=CARTESIAN_POINT('',(-0.00787898592450313,-0.0349247392222174,0.00667264356927161));
#3878=CARTESIAN_POINT('',(-0.00803637836939053,-0.0346863844182849,0.00726164520474363));
#3879=CARTESIAN_POINT('',(-0.00810025872267529,-0.0346882365402035,0.00725920325555407));
#3880=CARTESIAN_POINT('',(-0.00814715567249868,-0.0346863844182849,0.00721575974339313));
#3881=CARTESIAN_POINT('',(-0.00811715728749186,-0.0341127186673032,0.0075));
#3882=CARTESIAN_POINT('',(-0.0081999999999729,-0.0341217021688048,0.00749999999993527));
#3883=CARTESIAN_POINT('',(-0.00825857864378629,-0.0341127186673032,0.00744142135621371));
#3884=CARTESIAN_POINT('',(-0.00811715728752537,-0.0338247392222174,0.0075));
#3885=CARTESIAN_POINT('',(-0.00819999999999999,-0.0338247392222174,0.0075));
#3886=CARTESIAN_POINT('',(-0.00825857864376268,-0.0338247392222174,0.00744142135623731));
#3887=CARTESIAN_POINT('',(0.0015788174593052,-0.0338247392222174,-0.0064231825406948));
#3888=CARTESIAN_POINT('',(-0.0094414213562373,-0.0338247392222174,0.00304142135623731));
#3889=CARTESIAN_POINT('',(-0.00944142133611279,-0.0339592192724497,0.00304142133611279));
#3890=CARTESIAN_POINT('',(-0.00938251248949665,-0.034167836004133,0.00303422783230471));
#3891=CARTESIAN_POINT('',(-0.00919664809135376,-0.0343990165109196,0.0030189557839071));
#3892=CARTESIAN_POINT('',(-0.00906606621506309,-0.0345173266086501,0.00300869828582661));
#3893=CARTESIAN_POINT('',(-0.00893166265879373,-0.0346123244147268,0.00299831494275531));
#3894=CARTESIAN_POINT('',(-0.00886113123304277,-0.0346532410190602,0.00299210534504893));
#3895=CARTESIAN_POINT('',(-0.00871631882593558,-0.0347292039087432,0.00297863159873451));
#3896=CARTESIAN_POINT('',(-0.00841440052596982,-0.0348502813090684,0.00295076932621363));
#3897=CARTESIAN_POINT('',(-0.00803819663834856,-0.0349247392228472,0.0029244859630409));
#3898=CARTESIAN_POINT('',(-0.00774436507577572,-0.0349247392222174,0.00289999999953045));
#3899=CARTESIAN_POINT('',(-0.00564080101545565,-0.0338247392222174,0.00079643593406605));
#3900=CARTESIAN_POINT('',(-0.00656003983099816,-0.0338247392222174,-0.000122802881476461));
#3901=CARTESIAN_POINT('',(-0.00543420680607839,-0.0338247392222174,0.00052719711852354));
#3902=CARTESIAN_POINT('',(-0.00239591016151378,-0.0338247392222174,-0.00473528703832841));
#3903=CARTESIAN_POINT('',(0.0108,-0.0344247392222174,0.007));
#3904=CARTESIAN_POINT('',(0.0108,-0.0344247392222174,0.007));
#3905=CARTESIAN_POINT('',(0.011002,-0.0344247392222174,0.007));
#3906=CARTESIAN_POINT('',(-0.0108,-0.0344247392222174,0.007));
#3907=CARTESIAN_POINT('',(-0.0108,-0.0344247392222174,0.007));
#3908=CARTESIAN_POINT('',(-3.46944695195361E-18,-0.0354247392222174,0.00448319133970992));
#3909=CARTESIAN_POINT('',(0.,-0.0354247392222174,0.0031));
#3910=CARTESIAN_POINT('',(0.,-0.0354247392222174,0.0062));
#3911=CARTESIAN_POINT('',(0.,-0.0354247392222174,0.0062));
#3912=CARTESIAN_POINT('',(0.,-0.0354247392222174,0.0031));
#3913=CARTESIAN_POINT('',(0.,-0.0351247392222174,0.0031));
#3914=CARTESIAN_POINT('',(0.00774436507774553,-0.0351247340072308,0.0031));
#3915=CARTESIAN_POINT('',(-0.00774436507410146,-0.0351247287922443,0.0031));
#3916=CARTESIAN_POINT('',(-0.00774436507410146,-0.0351247287922443,0.0031));
#3917=CARTESIAN_POINT('',(-0.00856115800227905,-0.0351241580424929,0.0031));
#3918=CARTESIAN_POINT('',(-0.00925833586432674,-0.0347506034849683,0.0031));
#3919=CARTESIAN_POINT('',(-0.00949999999054092,-0.0342042461302983,0.0031));
#3920=CARTESIAN_POINT('',(0.00949999999054092,-0.0342042461303005,0.0031));
#3921=CARTESIAN_POINT('',(0.00925859986732528,-0.034750006623603,0.0031));
#3922=CARTESIAN_POINT('',(0.00856202423652119,-0.0351241574371934,0.0031));
#3923=CARTESIAN_POINT('',(0.00774436507410146,-0.0351247287922442,0.0031));
#3924=CARTESIAN_POINT('',(0.,-0.0354247392222174,0.0062));
#3925=CARTESIAN_POINT('',(0.,-0.0354247392222174,0.0062));
#3926=CARTESIAN_POINT('',(0.00944142135623731,-0.00162473922221737,0.00304142135623731));
#3927=CARTESIAN_POINT('',(0.00944142135623732,-0.00156474596988025,0.0030414213562373));
#3928=CARTESIAN_POINT('',(0.00946309964651986,-0.00150118904304288,0.00301974306595476));
#3929=CARTESIAN_POINT('',(0.00950067054517143,-0.00146222892740421,0.00298217216730319));
#3930=CARTESIAN_POINT('',(0.00950035147186257,-0.00162473922221738,0.00306583100936151));
#3931=CARTESIAN_POINT('',(0.00950035147186258,-0.00158974508876178,0.0030658310093615));
#3932=CARTESIAN_POINT('',(0.00951299644364997,-0.00155267225984967,0.00305318603757411));
#3933=CARTESIAN_POINT('',(0.00953491159227488,-0.0015299467793499,0.0030312708889492));
#3934=CARTESIAN_POINT('',(0.0095,-0.00162473922221745,0.00306568542494924));
#3935=CARTESIAN_POINT('',(0.00948047378541244,-0.00162473922221745,0.00305759740204526));
#3936=CARTESIAN_POINT('',(0.00946094757082488,-0.00162473922221745,0.00304950937914128));
#3937=CARTESIAN_POINT('',(0.00944142135623731,-0.00162473922221745,0.00304142135623731));
#3938=CARTESIAN_POINT('',(0.00944142135623731,-0.259742360357549,0.00304142135623727));
#3939=CARTESIAN_POINT('',(0.00944142135623731,-0.0338247392222175,0.0030414213562373));
#3940=CARTESIAN_POINT('',(0.00946094757082488,-0.0338247392222175,0.00304950937914128));
#3941=CARTESIAN_POINT('',(0.00948047378541244,-0.0338247392222175,0.00305759740204526));
#3942=CARTESIAN_POINT('',(0.0095,-0.0338247392222175,0.00306568542494923));
#3943=CARTESIAN_POINT('',(0.00958425692603699,-0.0338247392222174,0.00310058578643762));
#3944=CARTESIAN_POINT('',(0.00958425680742216,-0.0342915047413544,0.00310058578702774));
#3945=CARTESIAN_POINT('',(0.00921059313123094,-0.0347338308949991,0.0031008729991936));
#3946=CARTESIAN_POINT('',(0.00850961123904947,-0.0350142521216486,0.00310141180156968));
#3947=CARTESIAN_POINT('',(0.00835911080670185,-0.0350572592088896,0.0031015274821465));
#3948=CARTESIAN_POINT('',(0.00804522824563159,-0.035114321840926,0.00310176874468705));
#3949=CARTESIAN_POINT('',(0.00787572917063873,-0.0351283021740299,0.00310189902837107));
#3950=CARTESIAN_POINT('',(0.00763103108691901,-0.0351256708015499,0.00310208711298576));
#3951=CARTESIAN_POINT('',(0.00754564651760221,-0.0351209613008672,0.00310215273456192));
#3952=CARTESIAN_POINT('',(0.00746032465812773,-0.0351118553923182,0.00310221830629351));
#3953=CARTESIAN_POINT('',(0.00958284271247462,-0.0338247392222174,0.0031));
#3954=CARTESIAN_POINT('',(0.00958284259444992,-0.0342907877436342,0.0031));
#3955=CARTESIAN_POINT('',(0.00920946613042454,-0.0347324344408181,0.0031));
#3956=CARTESIAN_POINT('',(0.00850902304061916,-0.0350124249128934,0.0031));
#3957=CARTESIAN_POINT('',(0.00835863828884835,-0.0350553659370118,0.0031));
#3958=CARTESIAN_POINT('',(0.00804499699031864,-0.0351123409152533,0.0031));
#3959=CARTESIAN_POINT('',(0.0078756281990098,-0.0351262997731818,0.0031));
#3960=CARTESIAN_POINT('',(0.00763111819990477,-0.0351236724427493,0.0031));
#3961=CARTESIAN_POINT('',(0.00754579935987893,-0.0351189702168858,0.0031));
#3962=CARTESIAN_POINT('',(0.00746054320098078,-0.0351098783444277,0.0031));
#3963=CARTESIAN_POINT('',(0.00944142135623731,-0.0338247392222174,0.00304142135623731));
#3964=CARTESIAN_POINT('',(0.00944142129722589,-0.0342190879716178,0.00304142129722588));
#3965=CARTESIAN_POINT('',(0.00909676604978454,-0.0345927890227132,0.00301270008064026));
#3966=CARTESIAN_POINT('',(0.00845020319758775,-0.0348297040373695,0.00295881984303134));
#3967=CARTESIAN_POINT('',(0.00831138650349818,-0.0348660387492339,0.00294725178535024));
#3968=CARTESIAN_POINT('',(0.0080218714590236,-0.0349142483479803,0.00292312553129497));
#3969=CARTESIAN_POINT('',(0.00786553103611633,-0.0349260596883788,0.0029100971628934));
#3970=CARTESIAN_POINT('',(0.00763982949848031,-0.0349238365626885,0.00289128870142449));
#3971=CARTESIAN_POINT('',(0.00756108358755124,-0.034919861818743,0.00288472654380782));
#3972=CARTESIAN_POINT('',(0.00748239748628615,-0.0349121735553729,0.00287816937064894));
#3973=CARTESIAN_POINT('',(0.0077443650813896,-0.0351247366147241,0.0030999973925067));
#3974=CARTESIAN_POINT('',(0.0077443650813896,-0.0350580708172219,0.00303333159500446));
#3975=CARTESIAN_POINT('',(0.0077443650813896,-0.0349914050197196,0.00296666579750223));
#3976=CARTESIAN_POINT('',(0.0077443650813896,-0.0349247392222174,0.0029));
#3977=CARTESIAN_POINT('',(0.011002,-0.0349247392222174,0.0029));
#3978=CARTESIAN_POINT('',(-0.00774436507577572,-0.0349247392222174,0.0029));
#3979=CARTESIAN_POINT('',(-0.00774436507521763,-0.0349914041505552,0.00296666492833782));
#3980=CARTESIAN_POINT('',(-0.00774436507465954,-0.035058069078893,0.00303332985667563));
#3981=CARTESIAN_POINT('',(-0.00774436507410145,-0.0351247340072309,0.00309999478501345));
#3982=CARTESIAN_POINT('',(-0.00746054342073627,-0.0351098783678624,0.0031));
#3983=CARTESIAN_POINT('',(-0.00754579950650086,-0.035118970224967,0.0031));
#3984=CARTESIAN_POINT('',(-0.00763111827322605,-0.035123672443538,0.0031));
#3985=CARTESIAN_POINT('',(-0.00787562819904004,-0.0351262997731804,0.0031));
#3986=CARTESIAN_POINT('',(-0.00804499699034737,-0.0351123409152498,0.0031));
#3987=CARTESIAN_POINT('',(-0.00835863828887195,-0.0350553659370058,0.0031));
#3988=CARTESIAN_POINT('',(-0.00850902304064007,-0.0350124249128861,0.0031));
#3989=CARTESIAN_POINT('',(-0.00920946613043437,-0.0347324344408097,0.0031));
#3990=CARTESIAN_POINT('',(-0.00958284259444732,-0.0342907877436278,0.0031));
#3991=CARTESIAN_POINT('',(-0.00958284271247462,-0.0338247392222174,0.0031));
#3992=CARTESIAN_POINT('',(-0.00748239768910648,-0.03491217357519,0.00287816938755115));
#3993=CARTESIAN_POINT('',(-0.00756108372287726,-0.0349198618255741,0.00288472655508524));
#3994=CARTESIAN_POINT('',(-0.00763982956616134,-0.034923836563356,0.00289128870706462));
#3995=CARTESIAN_POINT('',(-0.00786553103614453,-0.0349260596883775,0.00291009716289568));
#3996=CARTESIAN_POINT('',(-0.00802187145905008,-0.0349142483479774,0.00292312553129709));
#3997=CARTESIAN_POINT('',(-0.00831138650352,-0.0348660387492288,0.00294725178535215));
#3998=CARTESIAN_POINT('',(-0.0084502031976068,-0.0348297040373639,0.0029588198430333));
#3999=CARTESIAN_POINT('',(-0.00909676604979463,-0.0345927890227038,0.00301270008063962));
#4000=CARTESIAN_POINT('',(-0.00944142129722426,-0.0342190879716142,0.00304142129722426));
#4001=CARTESIAN_POINT('',(-0.00944142135623731,-0.0338247392222174,0.00304142135623731));
#4002=CARTESIAN_POINT('',(-0.0095,-0.0338247392222175,0.00306568542494927));
#4003=CARTESIAN_POINT('',(-0.00948047378541243,-0.0338247392222175,0.00305759740204529));
#4004=CARTESIAN_POINT('',(-0.00946094757082487,-0.0338247392222175,0.00304950937914131));
#4005=CARTESIAN_POINT('',(-0.00944142135623731,-0.0338247392222175,0.00304142135623734));
#4006=CARTESIAN_POINT('',(-0.00958284271247462,-0.259742360357549,0.0031));
#4007=CARTESIAN_POINT('',(-0.0095,-0.00162473922221745,0.00306568542494927));
#4008=CARTESIAN_POINT('',(-0.00948047378541244,-0.00162473922221745,0.00305759740204529));
#4009=CARTESIAN_POINT('',(-0.00946094757082488,-0.00162473922221745,0.00304950937914132));
#4010=CARTESIAN_POINT('',(-0.00944142135623731,-0.00162473922221745,0.00304142135623734));
#4011=CARTESIAN_POINT('',(-0.00950067054528114,-0.00146222892729045,0.00298217216719349));
#4012=CARTESIAN_POINT('',(-0.00946309964656205,-0.00150118904291917,0.00301974306591257));
#4013=CARTESIAN_POINT('',(-0.00944142135623731,-0.00156474596982188,0.00304142135623732));
#4014=CARTESIAN_POINT('',(-0.00944142135623731,-0.00162473922221739,0.00304142135623731));
#4015=CARTESIAN_POINT('',(-0.00953491159233888,-0.00152994677928355,0.00303127088888522));
#4016=CARTESIAN_POINT('',(-0.00951299644367458,-0.00155267225977752,0.00305318603754951));
#4017=CARTESIAN_POINT('',(-0.00950035147186258,-0.00158974508872773,0.00306583100936151));
#4018=CARTESIAN_POINT('',(-0.00950035147186258,-0.00162473922221739,0.00306583100936151));
#4019=MECHANICAL_DESIGN_GEOMETRIC_PRESENTATION_REPRESENTATION('',(#2154),
#4020);
#4020=(
GEOMETRIC_REPRESENTATION_CONTEXT(3)
GLOBAL_UNCERTAINTY_ASSIGNED_CONTEXT((#4021))
GLOBAL_UNIT_ASSIGNED_CONTEXT((#4024,#4023,#4022))
REPRESENTATION_CONTEXT('Part PCB case','TOP_LEVEL_ASSEMBLY_PART')
);
#4021=UNCERTAINTY_MEASURE_WITH_UNIT(LENGTH_MEASURE(2.E-5),#4024,
'DISTANCE_ACCURACY_VALUE','Maximum Tolerance applied to model');
#4022=(
NAMED_UNIT(*)
SI_UNIT($,.STERADIAN.)
SOLID_ANGLE_UNIT()
);
#4023=(
NAMED_UNIT(*)
PLANE_ANGLE_UNIT()
SI_UNIT($,.RADIAN.)
);
#4024=(
LENGTH_UNIT()
NAMED_UNIT(*)
SI_UNIT($,.METRE.)
);
#4025=PRODUCT_DEFINITION_SHAPE('','',#4026);
#4026=PRODUCT_DEFINITION('','',#4028,#4027);
#4027=PRODUCT_DEFINITION_CONTEXT('',#4034,'design');
#4028=PRODUCT_DEFINITION_FORMATION_WITH_SPECIFIED_SOURCE('','',#4030,
 .NOT_KNOWN.);
#4029=PRODUCT_RELATED_PRODUCT_CATEGORY('','',(#4030));
#4030=PRODUCT('Part PCB case','Part PCB case','Part PCB case',(#4032));
#4031=PRODUCT_CATEGORY('','');
#4032=PRODUCT_CONTEXT('',#4034,'mechanical');
#4033=APPLICATION_PROTOCOL_DEFINITION('international standard',
'ap242_managed_model_based_3d_engineering',2020,#4034);
#4034=APPLICATION_CONTEXT('managed model based 3d engineering');
ENDSEC;
END-ISO-10303-21;
